:0200000460009A
:100000004643464200000156000000000103030081
:1000100000000000000000000000000000000000E0
:1000200000000000000000000000000000000000D0
:1000300000000000000000000000000000000000C0
:1000400000000000010408000000000000000000A3
:100050000000800000000000000000000000000020
:100060000000000000000000000000000000000090
:100070000000000000000000000000000000000080
:10008000EB04180A063204260000000000000000FD
:10009000050404240000000000000000000000002F
:1000A0000000000000000000000000000000000050
:1000B0000604000000000000000000000000000036
:1000C0000000000000000000000000000000000030
:1000D00020041808000000000000000000000000DC
:1000E0000000000000000000000000000000000010
:1000F0000000000000000000000000000000000000
:10010000D8041808000000000000000000000000F3
:100110000204180804200000000000000000000095
:1001200000000000000000000000000000000000CF
:10013000600400000000000000000000000000005B
:1001400000000000000000000000000000000000AF
:10015000000000000000000000000000000000009F
:10016000000000000000000000000000000000008F
:10017000000000000000000000000000000000007F
:10018000000000000000000000000000000000006F
:10019000000000000000000000000000000000005F
:1001A000000000000000000000000000000000004F
:1001B000000000000000000000000000000000003F
:1001C000000100000010000001000000000000001D
:1001D000000001000000000000000000000000001E
:1001E000000000000000000000000000000000000F
:1001F00000000000000000000000000000000000FF
:10020000FFFFFFFFFFFFFFFFFFFFFFFFFFFFFFFFFE
:10021000FFFFFFFFFFFFFFFFFFFFFFFFFFFFFFFFEE
:10022000FFFFFFFFFFFFFFFFFFFFFFFFFFFFFFFFDE
:10023000FFFFFFFFFFFFFFFFFFFFFFFFFFFFFFFFCE
:10024000FFFFFFFFFFFFFFFFFFFFFFFFFFFFFFFFBE
:10025000FFFFFFFFFFFFFFFFFFFFFFFFFFFFFFFFAE
:10026000FFFFFFFFFFFFFFFFFFFFFFFFFFFFFFFF9E
:10027000FFFFFFFFFFFFFFFFFFFFFFFFFFFFFFFF8E
:10028000FFFFFFFFFFFFFFFFFFFFFFFFFFFFFFFF7E
:10029000FFFFFFFFFFFFFFFFFFFFFFFFFFFFFFFF6E
:1002A000FFFFFFFFFFFFFFFFFFFFFFFFFFFFFFFF5E
:1002B000FFFFFFFFFFFFFFFFFFFFFFFFFFFFFFFF4E
:1002C000FFFFFFFFFFFFFFFFFFFFFFFFFFFFFFFF3E
:1002D000FFFFFFFFFFFFFFFFFFFFFFFFFFFFFFFF2E
:1002E000FFFFFFFFFFFFFFFFFFFFFFFFFFFFFFFF1E
:1002F000FFFFFFFFFFFFFFFFFFFFFFFFFFFFFFFF0E
:10030000FFFFFFFFFFFFFFFFFFFFFFFFFFFFFFFFFD
:10031000FFFFFFFFFFFFFFFFFFFFFFFFFFFFFFFFED
:10032000FFFFFFFFFFFFFFFFFFFFFFFFFFFFFFFFDD
:10033000FFFFFFFFFFFFFFFFFFFFFFFFFFFFFFFFCD
:10034000FFFFFFFFFFFFFFFFFFFFFFFFFFFFFFFFBD
:10035000FFFFFFFFFFFFFFFFFFFFFFFFFFFFFFFFAD
:10036000FFFFFFFFFFFFFFFFFFFFFFFFFFFFFFFF9D
:10037000FFFFFFFFFFFFFFFFFFFFFFFFFFFFFFFF8D
:10038000FFFFFFFFFFFFFFFFFFFFFFFFFFFFFFFF7D
:10039000FFFFFFFFFFFFFFFFFFFFFFFFFFFFFFFF6D
:1003A000FFFFFFFFFFFFFFFFFFFFFFFFFFFFFFFF5D
:1003B000FFFFFFFFFFFFFFFFFFFFFFFFFFFFFFFF4D
:1003C000FFFFFFFFFFFFFFFFFFFFFFFFFFFFFFFF3D
:1003D000FFFFFFFFFFFFFFFFFFFFFFFFFFFFFFFF2D
:1003E000FFFFFFFFFFFFFFFFFFFFFFFFFFFFFFFF1D
:1003F000FFFFFFFFFFFFFFFFFFFFFFFFFFFFFFFF0D
:10040000FFFFFFFFFFFFFFFFFFFFFFFFFFFFFFFFFC
:10041000FFFFFFFFFFFFFFFFFFFFFFFFFFFFFFFFEC
:10042000FFFFFFFFFFFFFFFFFFFFFFFFFFFFFFFFDC
:10043000FFFFFFFFFFFFFFFFFFFFFFFFFFFFFFFFCC
:10044000FFFFFFFFFFFFFFFFFFFFFFFFFFFFFFFFBC
:10045000FFFFFFFFFFFFFFFFFFFFFFFFFFFFFFFFAC
:10046000FFFFFFFFFFFFFFFFFFFFFFFFFFFFFFFF9C
:10047000FFFFFFFFFFFFFFFFFFFFFFFFFFFFFFFF8C
:10048000FFFFFFFFFFFFFFFFFFFFFFFFFFFFFFFF7C
:10049000FFFFFFFFFFFFFFFFFFFFFFFFFFFFFFFF6C
:1004A000FFFFFFFFFFFFFFFFFFFFFFFFFFFFFFFF5C
:1004B000FFFFFFFFFFFFFFFFFFFFFFFFFFFFFFFF4C
:1004C000FFFFFFFFFFFFFFFFFFFFFFFFFFFFFFFF3C
:1004D000FFFFFFFFFFFFFFFFFFFFFFFFFFFFFFFF2C
:1004E000FFFFFFFFFFFFFFFFFFFFFFFFFFFFFFFF1C
:1004F000FFFFFFFFFFFFFFFFFFFFFFFFFFFFFFFF0C
:10050000FFFFFFFFFFFFFFFFFFFFFFFFFFFFFFFFFB
:10051000FFFFFFFFFFFFFFFFFFFFFFFFFFFFFFFFEB
:10052000FFFFFFFFFFFFFFFFFFFFFFFFFFFFFFFFDB
:10053000FFFFFFFFFFFFFFFFFFFFFFFFFFFFFFFFCB
:10054000FFFFFFFFFFFFFFFFFFFFFFFFFFFFFFFFBB
:10055000FFFFFFFFFFFFFFFFFFFFFFFFFFFFFFFFAB
:10056000FFFFFFFFFFFFFFFFFFFFFFFFFFFFFFFF9B
:10057000FFFFFFFFFFFFFFFFFFFFFFFFFFFFFFFF8B
:10058000FFFFFFFFFFFFFFFFFFFFFFFFFFFFFFFF7B
:10059000FFFFFFFFFFFFFFFFFFFFFFFFFFFFFFFF6B
:1005A000FFFFFFFFFFFFFFFFFFFFFFFFFFFFFFFF5B
:1005B000FFFFFFFFFFFFFFFFFFFFFFFFFFFFFFFF4B
:1005C000FFFFFFFFFFFFFFFFFFFFFFFFFFFFFFFF3B
:1005D000FFFFFFFFFFFFFFFFFFFFFFFFFFFFFFFF2B
:1005E000FFFFFFFFFFFFFFFFFFFFFFFFFFFFFFFF1B
:1005F000FFFFFFFFFFFFFFFFFFFFFFFFFFFFFFFF0B
:10060000FFFFFFFFFFFFFFFFFFFFFFFFFFFFFFFFFA
:10061000FFFFFFFFFFFFFFFFFFFFFFFFFFFFFFFFEA
:10062000FFFFFFFFFFFFFFFFFFFFFFFFFFFFFFFFDA
:10063000FFFFFFFFFFFFFFFFFFFFFFFFFFFFFFFFCA
:10064000FFFFFFFFFFFFFFFFFFFFFFFFFFFFFFFFBA
:10065000FFFFFFFFFFFFFFFFFFFFFFFFFFFFFFFFAA
:10066000FFFFFFFFFFFFFFFFFFFFFFFFFFFFFFFF9A
:10067000FFFFFFFFFFFFFFFFFFFFFFFFFFFFFFFF8A
:10068000FFFFFFFFFFFFFFFFFFFFFFFFFFFFFFFF7A
:10069000FFFFFFFFFFFFFFFFFFFFFFFFFFFFFFFF6A
:1006A000FFFFFFFFFFFFFFFFFFFFFFFFFFFFFFFF5A
:1006B000FFFFFFFFFFFFFFFFFFFFFFFFFFFFFFFF4A
:1006C000FFFFFFFFFFFFFFFFFFFFFFFFFFFFFFFF3A
:1006D000FFFFFFFFFFFFFFFFFFFFFFFFFFFFFFFF2A
:1006E000FFFFFFFFFFFFFFFFFFFFFFFFFFFFFFFF1A
:1006F000FFFFFFFFFFFFFFFFFFFFFFFFFFFFFFFF0A
:10070000FFFFFFFFFFFFFFFFFFFFFFFFFFFFFFFFF9
:10071000FFFFFFFFFFFFFFFFFFFFFFFFFFFFFFFFE9
:10072000FFFFFFFFFFFFFFFFFFFFFFFFFFFFFFFFD9
:10073000FFFFFFFFFFFFFFFFFFFFFFFFFFFFFFFFC9
:10074000FFFFFFFFFFFFFFFFFFFFFFFFFFFFFFFFB9
:10075000FFFFFFFFFFFFFFFFFFFFFFFFFFFFFFFFA9
:10076000FFFFFFFFFFFFFFFFFFFFFFFFFFFFFFFF99
:10077000FFFFFFFFFFFFFFFFFFFFFFFFFFFFFFFF89
:10078000FFFFFFFFFFFFFFFFFFFFFFFFFFFFFFFF79
:10079000FFFFFFFFFFFFFFFFFFFFFFFFFFFFFFFF69
:1007A000FFFFFFFFFFFFFFFFFFFFFFFFFFFFFFFF59
:1007B000FFFFFFFFFFFFFFFFFFFFFFFFFFFFFFFF49
:1007C000FFFFFFFFFFFFFFFFFFFFFFFFFFFFFFFF39
:1007D000FFFFFFFFFFFFFFFFFFFFFFFFFFFFFFFF29
:1007E000FFFFFFFFFFFFFFFFFFFFFFFFFFFFFFFF19
:1007F000FFFFFFFFFFFFFFFFFFFFFFFFFFFFFFFF09
:10080000FFFFFFFFFFFFFFFFFFFFFFFFFFFFFFFFF8
:10081000FFFFFFFFFFFFFFFFFFFFFFFFFFFFFFFFE8
:10082000FFFFFFFFFFFFFFFFFFFFFFFFFFFFFFFFD8
:10083000FFFFFFFFFFFFFFFFFFFFFFFFFFFFFFFFC8
:10084000FFFFFFFFFFFFFFFFFFFFFFFFFFFFFFFFB8
:10085000FFFFFFFFFFFFFFFFFFFFFFFFFFFFFFFFA8
:10086000FFFFFFFFFFFFFFFFFFFFFFFFFFFFFFFF98
:10087000FFFFFFFFFFFFFFFFFFFFFFFFFFFFFFFF88
:10088000FFFFFFFFFFFFFFFFFFFFFFFFFFFFFFFF78
:10089000FFFFFFFFFFFFFFFFFFFFFFFFFFFFFFFF68
:1008A000FFFFFFFFFFFFFFFFFFFFFFFFFFFFFFFF58
:1008B000FFFFFFFFFFFFFFFFFFFFFFFFFFFFFFFF48
:1008C000FFFFFFFFFFFFFFFFFFFFFFFFFFFFFFFF38
:1008D000FFFFFFFFFFFFFFFFFFFFFFFFFFFFFFFF28
:1008E000FFFFFFFFFFFFFFFFFFFFFFFFFFFFFFFF18
:1008F000FFFFFFFFFFFFFFFFFFFFFFFFFFFFFFFF08
:10090000FFFFFFFFFFFFFFFFFFFFFFFFFFFFFFFFF7
:10091000FFFFFFFFFFFFFFFFFFFFFFFFFFFFFFFFE7
:10092000FFFFFFFFFFFFFFFFFFFFFFFFFFFFFFFFD7
:10093000FFFFFFFFFFFFFFFFFFFFFFFFFFFFFFFFC7
:10094000FFFFFFFFFFFFFFFFFFFFFFFFFFFFFFFFB7
:10095000FFFFFFFFFFFFFFFFFFFFFFFFFFFFFFFFA7
:10096000FFFFFFFFFFFFFFFFFFFFFFFFFFFFFFFF97
:10097000FFFFFFFFFFFFFFFFFFFFFFFFFFFFFFFF87
:10098000FFFFFFFFFFFFFFFFFFFFFFFFFFFFFFFF77
:10099000FFFFFFFFFFFFFFFFFFFFFFFFFFFFFFFF67
:1009A000FFFFFFFFFFFFFFFFFFFFFFFFFFFFFFFF57
:1009B000FFFFFFFFFFFFFFFFFFFFFFFFFFFFFFFF47
:1009C000FFFFFFFFFFFFFFFFFFFFFFFFFFFFFFFF37
:1009D000FFFFFFFFFFFFFFFFFFFFFFFFFFFFFFFF27
:1009E000FFFFFFFFFFFFFFFFFFFFFFFFFFFFFFFF17
:1009F000FFFFFFFFFFFFFFFFFFFFFFFFFFFFFFFF07
:100A0000FFFFFFFFFFFFFFFFFFFFFFFFFFFFFFFFF6
:100A1000FFFFFFFFFFFFFFFFFFFFFFFFFFFFFFFFE6
:100A2000FFFFFFFFFFFFFFFFFFFFFFFFFFFFFFFFD6
:100A3000FFFFFFFFFFFFFFFFFFFFFFFFFFFFFFFFC6
:100A4000FFFFFFFFFFFFFFFFFFFFFFFFFFFFFFFFB6
:100A5000FFFFFFFFFFFFFFFFFFFFFFFFFFFFFFFFA6
:100A6000FFFFFFFFFFFFFFFFFFFFFFFFFFFFFFFF96
:100A7000FFFFFFFFFFFFFFFFFFFFFFFFFFFFFFFF86
:100A8000FFFFFFFFFFFFFFFFFFFFFFFFFFFFFFFF76
:100A9000FFFFFFFFFFFFFFFFFFFFFFFFFFFFFFFF66
:100AA000FFFFFFFFFFFFFFFFFFFFFFFFFFFFFFFF56
:100AB000FFFFFFFFFFFFFFFFFFFFFFFFFFFFFFFF46
:100AC000FFFFFFFFFFFFFFFFFFFFFFFFFFFFFFFF36
:100AD000FFFFFFFFFFFFFFFFFFFFFFFFFFFFFFFF26
:100AE000FFFFFFFFFFFFFFFFFFFFFFFFFFFFFFFF16
:100AF000FFFFFFFFFFFFFFFFFFFFFFFFFFFFFFFF06
:100B0000FFFFFFFFFFFFFFFFFFFFFFFFFFFFFFFFF5
:100B1000FFFFFFFFFFFFFFFFFFFFFFFFFFFFFFFFE5
:100B2000FFFFFFFFFFFFFFFFFFFFFFFFFFFFFFFFD5
:100B3000FFFFFFFFFFFFFFFFFFFFFFFFFFFFFFFFC5
:100B4000FFFFFFFFFFFFFFFFFFFFFFFFFFFFFFFFB5
:100B5000FFFFFFFFFFFFFFFFFFFFFFFFFFFFFFFFA5
:100B6000FFFFFFFFFFFFFFFFFFFFFFFFFFFFFFFF95
:100B7000FFFFFFFFFFFFFFFFFFFFFFFFFFFFFFFF85
:100B8000FFFFFFFFFFFFFFFFFFFFFFFFFFFFFFFF75
:100B9000FFFFFFFFFFFFFFFFFFFFFFFFFFFFFFFF65
:100BA000FFFFFFFFFFFFFFFFFFFFFFFFFFFFFFFF55
:100BB000FFFFFFFFFFFFFFFFFFFFFFFFFFFFFFFF45
:100BC000FFFFFFFFFFFFFFFFFFFFFFFFFFFFFFFF35
:100BD000FFFFFFFFFFFFFFFFFFFFFFFFFFFFFFFF25
:100BE000FFFFFFFFFFFFFFFFFFFFFFFFFFFFFFFF15
:100BF000FFFFFFFFFFFFFFFFFFFFFFFFFFFFFFFF05
:100C0000FFFFFFFFFFFFFFFFFFFFFFFFFFFFFFFFF4
:100C1000FFFFFFFFFFFFFFFFFFFFFFFFFFFFFFFFE4
:100C2000FFFFFFFFFFFFFFFFFFFFFFFFFFFFFFFFD4
:100C3000FFFFFFFFFFFFFFFFFFFFFFFFFFFFFFFFC4
:100C4000FFFFFFFFFFFFFFFFFFFFFFFFFFFFFFFFB4
:100C5000FFFFFFFFFFFFFFFFFFFFFFFFFFFFFFFFA4
:100C6000FFFFFFFFFFFFFFFFFFFFFFFFFFFFFFFF94
:100C7000FFFFFFFFFFFFFFFFFFFFFFFFFFFFFFFF84
:100C8000FFFFFFFFFFFFFFFFFFFFFFFFFFFFFFFF74
:100C9000FFFFFFFFFFFFFFFFFFFFFFFFFFFFFFFF64
:100CA000FFFFFFFFFFFFFFFFFFFFFFFFFFFFFFFF54
:100CB000FFFFFFFFFFFFFFFFFFFFFFFFFFFFFFFF44
:100CC000FFFFFFFFFFFFFFFFFFFFFFFFFFFFFFFF34
:100CD000FFFFFFFFFFFFFFFFFFFFFFFFFFFFFFFF24
:100CE000FFFFFFFFFFFFFFFFFFFFFFFFFFFFFFFF14
:100CF000FFFFFFFFFFFFFFFFFFFFFFFFFFFFFFFF04
:100D0000FFFFFFFFFFFFFFFFFFFFFFFFFFFFFFFFF3
:100D1000FFFFFFFFFFFFFFFFFFFFFFFFFFFFFFFFE3
:100D2000FFFFFFFFFFFFFFFFFFFFFFFFFFFFFFFFD3
:100D3000FFFFFFFFFFFFFFFFFFFFFFFFFFFFFFFFC3
:100D4000FFFFFFFFFFFFFFFFFFFFFFFFFFFFFFFFB3
:100D5000FFFFFFFFFFFFFFFFFFFFFFFFFFFFFFFFA3
:100D6000FFFFFFFFFFFFFFFFFFFFFFFFFFFFFFFF93
:100D7000FFFFFFFFFFFFFFFFFFFFFFFFFFFFFFFF83
:100D8000FFFFFFFFFFFFFFFFFFFFFFFFFFFFFFFF73
:100D9000FFFFFFFFFFFFFFFFFFFFFFFFFFFFFFFF63
:100DA000FFFFFFFFFFFFFFFFFFFFFFFFFFFFFFFF53
:100DB000FFFFFFFFFFFFFFFFFFFFFFFFFFFFFFFF43
:100DC000FFFFFFFFFFFFFFFFFFFFFFFFFFFFFFFF33
:100DD000FFFFFFFFFFFFFFFFFFFFFFFFFFFFFFFF23
:100DE000FFFFFFFFFFFFFFFFFFFFFFFFFFFFFFFF13
:100DF000FFFFFFFFFFFFFFFFFFFFFFFFFFFFFFFF03
:100E0000FFFFFFFFFFFFFFFFFFFFFFFFFFFFFFFFF2
:100E1000FFFFFFFFFFFFFFFFFFFFFFFFFFFFFFFFE2
:100E2000FFFFFFFFFFFFFFFFFFFFFFFFFFFFFFFFD2
:100E3000FFFFFFFFFFFFFFFFFFFFFFFFFFFFFFFFC2
:100E4000FFFFFFFFFFFFFFFFFFFFFFFFFFFFFFFFB2
:100E5000FFFFFFFFFFFFFFFFFFFFFFFFFFFFFFFFA2
:100E6000FFFFFFFFFFFFFFFFFFFFFFFFFFFFFFFF92
:100E7000FFFFFFFFFFFFFFFFFFFFFFFFFFFFFFFF82
:100E8000FFFFFFFFFFFFFFFFFFFFFFFFFFFFFFFF72
:100E9000FFFFFFFFFFFFFFFFFFFFFFFFFFFFFFFF62
:100EA000FFFFFFFFFFFFFFFFFFFFFFFFFFFFFFFF52
:100EB000FFFFFFFFFFFFFFFFFFFFFFFFFFFFFFFF42
:100EC000FFFFFFFFFFFFFFFFFFFFFFFFFFFFFFFF32
:100ED000FFFFFFFFFFFFFFFFFFFFFFFFFFFFFFFF22
:100EE000FFFFFFFFFFFFFFFFFFFFFFFFFFFFFFFF12
:100EF000FFFFFFFFFFFFFFFFFFFFFFFFFFFFFFFF02
:100F0000FFFFFFFFFFFFFFFFFFFFFFFFFFFFFFFFF1
:100F1000FFFFFFFFFFFFFFFFFFFFFFFFFFFFFFFFE1
:100F2000FFFFFFFFFFFFFFFFFFFFFFFFFFFFFFFFD1
:100F3000FFFFFFFFFFFFFFFFFFFFFFFFFFFFFFFFC1
:100F4000FFFFFFFFFFFFFFFFFFFFFFFFFFFFFFFFB1
:100F5000FFFFFFFFFFFFFFFFFFFFFFFFFFFFFFFFA1
:100F6000FFFFFFFFFFFFFFFFFFFFFFFFFFFFFFFF91
:100F7000FFFFFFFFFFFFFFFFFFFFFFFFFFFFFFFF81
:100F8000FFFFFFFFFFFFFFFFFFFFFFFFFFFFFFFF71
:100F9000FFFFFFFFFFFFFFFFFFFFFFFFFFFFFFFF61
:100FA000FFFFFFFFFFFFFFFFFFFFFFFFFFFFFFFF51
:100FB000FFFFFFFFFFFFFFFFFFFFFFFFFFFFFFFF41
:100FC000FFFFFFFFFFFFFFFFFFFFFFFFFFFFFFFF31
:100FD000FFFFFFFFFFFFFFFFFFFFFFFFFFFFFFFF21
:100FE000FFFFFFFFFFFFFFFFFFFFFFFFFFFFFFFF11
:100FF000FFFFFFFFFFFFFFFFFFFFFFFFFFFFFFFF01
:10100000D10020432914006000000000000000000F
:101010002010006000100060003805600000000033
:10102000000000600044050000000000FFFFFFFF1B
:10103000FFFFFFFFFFFFFFFFFFFFFFFFFFFFFFFFC0
:10104000FFFFFFFFFFFFFFFFFFFFFFFFFFFFFFFFB0
:10105000FFFFFFFFFFFFFFFFFFFFFFFFFFFFFFFFA0
:10106000FFFFFFFFFFFFFFFFFFFFFFFFFFFFFFFF90
:10107000FFFFFFFFFFFFFFFFFFFFFFFFFFFFFFFF80
:10108000FFFFFFFFFFFFFFFFFFFFFFFFFFFFFFFF70
:10109000FFFFFFFFFFFFFFFFFFFFFFFFFFFFFFFF60
:1010A000FFFFFFFFFFFFFFFFFFFFFFFFFFFFFFFF50
:1010B000FFFFFFFFFFFFFFFFFFFFFFFFFFFFFFFF40
:1010C000FFFFFFFFFFFFFFFFFFFFFFFFFFFFFFFF30
:1010D000FFFFFFFFFFFFFFFFFFFFFFFFFFFFFFFF20
:1010E000FFFFFFFFFFFFFFFFFFFFFFFFFFFFFFFF10
:1010F000FFFFFFFFFFFFFFFFFFFFFFFFFFFFFFFF00
:10110000FFFFFFFFFFFFFFFFFFFFFFFFFFFFFFFFEF
:10111000FFFFFFFFFFFFFFFFFFFFFFFFFFFFFFFFDF
:10112000FFFFFFFFFFFFFFFFFFFFFFFFFFFFFFFFCF
:10113000FFFFFFFFFFFFFFFFFFFFFFFFFFFFFFFFBF
:10114000FFFFFFFFFFFFFFFFFFFFFFFFFFFFFFFFAF
:10115000FFFFFFFFFFFFFFFFFFFFFFFFFFFFFFFF9F
:10116000FFFFFFFFFFFFFFFFFFFFFFFFFFFFFFFF8F
:10117000FFFFFFFFFFFFFFFFFFFFFFFFFFFFFFFF7F
:10118000FFFFFFFFFFFFFFFFFFFFFFFFFFFFFFFF6F
:10119000FFFFFFFFFFFFFFFFFFFFFFFFFFFFFFFF5F
:1011A000FFFFFFFFFFFFFFFFFFFFFFFFFFFFFFFF4F
:1011B000FFFFFFFFFFFFFFFFFFFFFFFFFFFFFFFF3F
:1011C000FFFFFFFFFFFFFFFFFFFFFFFFFFFFFFFF2F
:1011D000FFFFFFFFFFFFFFFFFFFFFFFFFFFFFFFF1F
:1011E000FFFFFFFFFFFFFFFFFFFFFFFFFFFFFFFF0F
:1011F000FFFFFFFFFFFFFFFFFFFFFFFFFFFFFFFFFF
:10120000FFFFFFFFFFFFFFFFFFFFFFFFFFFFFFFFEE
:10121000FFFFFFFFFFFFFFFFFFFFFFFFFFFFFFFFDE
:10122000FFFFFFFFFFFFFFFFFFFFFFFFFFFFFFFFCE
:10123000FFFFFFFFFFFFFFFFFFFFFFFFFFFFFFFFBE
:10124000FFFFFFFFFFFFFFFFFFFFFFFFFFFFFFFFAE
:10125000FFFFFFFFFFFFFFFFFFFFFFFFFFFFFFFF9E
:10126000FFFFFFFFFFFFFFFFFFFFFFFFFFFFFFFF8E
:10127000FFFFFFFFFFFFFFFFFFFFFFFFFFFFFFFF7E
:10128000FFFFFFFFFFFFFFFFFFFFFFFFFFFFFFFF6E
:10129000FFFFFFFFFFFFFFFFFFFFFFFFFFFFFFFF5E
:1012A000FFFFFFFFFFFFFFFFFFFFFFFFFFFFFFFF4E
:1012B000FFFFFFFFFFFFFFFFFFFFFFFFFFFFFFFF3E
:1012C000FFFFFFFFFFFFFFFFFFFFFFFFFFFFFFFF2E
:1012D000FFFFFFFFFFFFFFFFFFFFFFFFFFFFFFFF1E
:1012E000FFFFFFFFFFFFFFFFFFFFFFFFFFFFFFFF0E
:1012F000FFFFFFFFFFFFFFFFFFFFFFFFFFFFFFFFFE
:10130000FFFFFFFFFFFFFFFFFFFFFFFFFFFFFFFFED
:10131000FFFFFFFFFFFFFFFFFFFFFFFFFFFFFFFFDD
:10132000FFFFFFFFFFFFFFFFFFFFFFFFFFFFFFFFCD
:10133000FFFFFFFFFFFFFFFFFFFFFFFFFFFFFFFFBD
:10134000FFFFFFFFFFFFFFFFFFFFFFFFFFFFFFFFAD
:10135000FFFFFFFFFFFFFFFFFFFFFFFFFFFFFFFF9D
:10136000FFFFFFFFFFFFFFFFFFFFFFFFFFFFFFFF8D
:10137000FFFFFFFFFFFFFFFFFFFFFFFFFFFFFFFF7D
:10138000FFFFFFFFFFFFFFFFFFFFFFFFFFFFFFFF6D
:10139000FFFFFFFFFFFFFFFFFFFFFFFFFFFFFFFF5D
:1013A000FFFFFFFFFFFFFFFFFFFFFFFFFFFFFFFF4D
:1013B000FFFFFFFFFFFFFFFFFFFFFFFFFFFFFFFF3D
:1013C000FFFFFFFFFFFFFFFFFFFFFFFFFFFFFFFF2D
:1013D000FFFFFFFFFFFFFFFFFFFFFFFFFFFFFFFF1D
:1013E000FFFFFFFFFFFFFFFFFFFFFFFFFFFFFFFF0D
:1013F000FFFFFFFFFFFFFFFFFFFFFFFFFFFFFFFFFD
:10140000884207D0904205D251F8043B40F8043B93
:101410008242F9D8704700BF884204D2002340F8C6
:10142000043B8142FBD87047664B4FF42A01664A61
:1014300066482DE9F0475A641864654A99639546F1
:10144000BFF34F8FBFF36F8F21F030F8614B08204F
:10145000614A6249C3F854016148FFF7D1FF614A0C
:1014600061496248FFF7CCFF61496248FFF7D4FF4A
:10147000614C62494FF470000023614A086044F8EF
:1014800023200133B02BFAD15E4B80215E4A03F852
:10149000011B9342FBD14F4D4FF080385B494FF019
:1014A000FF325B4B0026DFF8A4A1DFF8A4911C609B
:1014B000C5F80481C5F800A1C5F8F480C5F8F0901E
:1014C0000B68544F43F4E0230B60FB693D4923F064
:1014D0007F0343F04003FB617B6A23F07F0343F00B
:1014E00040037B628A66CA660A674A6720F0E4FFA7
:1014F000494A4A4B6320A2630321E363484A494BAC
:10150000106000F160401E6042F8041C00F6A170FB
:101510004549464AC3F8082D0B68454A43F0807395
:101520000B601368434943F00103136003680B60C9
:1015300021F012FAC5F804813F48C5F800A1C5F8AA
:10154000F480C5F8F09021F09FFBF96E3B4A41F41E
:1015500040513B4BF9661660C2F80861C2F8186149
:10156000C2F82861C2F838619A6BD20708D442F6F3
:101570001562344959651A659A6B42F001029A6303
:101580002F4A314C936843F00113936021F006F821
:1015900020F060FF21F070FB21F010FA20F088FFAE
:1015A0002368132BFCD921F097FA2368B3F5967FB3
:1015B000FBD320F07FFF21F07BFB21F045FB30BF08
:1015C000FDE700BF00C00A40FFAAAAAA070020004A
:1015D0000000062000800D4098A7010004F802607A
:1015E00000000000C06E0020A09F046000000020EA
:1015F000A0BA0020DC940020006C002088ED00E000
:10160000FD0B010000E400E0A0E400E024ED00E0B8
:1016100008ED00E000C00F40E9E60000EDE6000044
:1016200014E000E018E000E0FCED00E00000202005
:10163000001000E058B800200046C32300400840D6
:1016400000400D400000C0565CB800201B10182060
:101650000C0D11134FF48C72002121F021BB00BF3F
:1016600018B14FF48C7110F079BA7047C02A2DE987
:10167000F0473AD0B2F5807F33D0802A03D06FF0A4
:101680001F00BDE8F0870A239846036000F10803B5
:101690008446520900274CF8043F01EB870E11F8ED
:1016A000275001379EF802609EF8014097424FEAAA
:1016B00006469EF803E046EA042444EA050444EAA8
:1016C0000E644CF8044FE8D3B8F10C0F11D0B8F108
:1016D0000E0F00F08180B8F10A0F47D00020BDE85E
:1016E000F0870E2303609846D0E70C2303609846EA
:1016F000CCE76B4AC8300121964601E05EF8041F32
:101700005E69183353F8184CC6F3072702EB166CC2
:1017100052FA86F517449CF8288095F828C097F867
:101720002850C6F3074745EA08451744654097F82F
:10173000288053F8147C85EA0C6453F8105C84EA22
:101740000824614053F8084C4F40196053F80C1CB2
:101750007D405F6069409D604C40D96066401C617F
:101760005E619842CAD10020BDE8F0874C4A00F182
:10177000A80C0121964601E05EF8041FD8681033DA
:1017800053F8104CC0F3072702EB106852FA80F5AB
:10179000C0F30746174498F828A095F828901644F7
:1017A00097F8285096F8288045EA0A4553F80C6CBB
:1017B00053F8087C654085EA096484EA082461409E
:1017C0004E40196077405E6078409F60D860634506
:1017D000D2D10020BDE8F087314AE8304FF001084F
:1017E000964601E05EF8048FDF69203353F8201C31
:1017F000C7F3072502EB176652FA87F4154496F8EB
:1018000028C094F8284095F82860C7F3074546EAB1
:101810000C461544714095F828C053F81C6C81EAB9
:10182000046153F8185C81EA0C2484EA080484EA11
:1018300006011C6053F80C6C81EA0504596053F8EA
:10184000141C9C60614053F8104C53F8085C52FA29
:1018500081FC02EB1169C1F30728D9609CF828C00C
:10186000C1F3074199F8289090448CEA040402EBF4
:10187000010C98F8281084EA09649CF828C084EACE
:10188000012484EA0C414E40196175405E616F404D
:101890009D61DF619842A5D10020BDE8F08700BFBF
:1018A000E82C02602DE9F04FC9B005460C461646FB
:1018B00000214FF48C7202A821F0F2F905F108031F
:1018C000324621466B6002A8FFF7D0FE0190002847
:1018D0006DD1DDF8089005F1180A039A4FEA09184E
:1018E00009F1FF3CC5F8009052F8083002EB080EF1
:1018F000BCF1000FAB60AEF1100BDEF80430EB6012
:10190000DEF808302B61DEF80C306B613FDDAEF1A4
:10191000140E14352A4805F11004714651F8043F9D
:1019200050FA83F700EB1366C3F30722C3F30743B0
:1019300097F8287096F82860024400EB8707034464
:1019400000EB860692F82820D7F82871D6F828658B
:1019500000EB820293F828307740D2F8282900EB78
:1019600083037A40D3F8283D534045F8043FAC4206
:10197000D4D1BCF1010CAEF1100E2546CBD14FEA0B
:101980000919A8F11003C9F110099A44CB44DBF8F6
:101990000030CAF80030DBF80430CAF80430DBF855
:1019A0000830CAF80830DBF80C30CAF80C3002A84E
:1019B0004FF48C7110F0D2F8019849B0BDE8F08F67
:1019C000E82C026003682DE9F04F5B1089B0D1F874
:1019D0000080059242681846079302F110041368CC
:1019E00001388D68069488EA0308044693680290DB
:1019F000D1F804E05D405068002CD368D1F80CA009
:101A00008EEA000E12698AEA030B019240F32B82E0
:101A1000069F7046DFF858A429465FFA88F2C0F3A3
:101A200007254FEA1B63C1F3074E0AEB82020AEB5C
:101A30008303166B0AEB8505D3F83024CBB25FFA2B
:101A40008BF40AEB830372400AEB8E0E1B6B060EBF
:101A50000AEB840403934FEA1169D5F830380AEB96
:101A60008605246B5FFA80FC82EA0306DEF8303CD0
:101A70000AEB8909C0F307407340FE68D9F8309437
:101A80004FEA18627440C8F307260AEB8000C1F3DE
:101A900007210AEB860684EA09040AEB8C0CD0F8CD
:101AA00030ECD6F830980AEB8202DCF830C00AEB52
:101AB0008101786884EA0909019EC8F30748D2F8D1
:101AC00030248CEA00005E40CBF307235040039A99
:101AD0000AEB8304BB68D5F83054CBF3074B534073
:101AE000D4F83048D1F830180AEB88080AEB8B0B91
:101AF0005D4089EA0E024140DBF830CC6540D8F801
:101B0000300C5FFA86FE81EA0C01130E6840C2F3C6
:101B1000074CCDB20196C0F3074B0AEB8E0E0AEBD1
:101B20008303C1F30729340EDEF830E0D3F83034F4
:101B30000AEB8B0B0AEB85050AEB8C0CDBF8306C9F
:101B40004FEA1168D5F830B08EEA030EC0F30725CE
:101B5000DCF8303C0AEB84045FFA80FC0396D4F88E
:101B600030440AEB88080AEB8C0C04930AEB8909D1
:101B70008BEA040B0AEB8505C1F30741D9F83098CD
:101B8000000ED5F830580AEB8101D8F830340AEB52
:101B900080007E69DCF83040C2F3072C8BEA060B2C
:101BA000D2B2BE695C403B690AEB8C0C74400AEB14
:101BB0008202019E8EEA0303D0F830048BEA050509
:101BC00083EA0909126BDCF83038C6F3072C42406F
:101BD000C6F307465C400AEB8C0CFB690AEB8606F1
:101BE000DCF830085A40D1F8303CD6F8301C42407E
:101BF000039E0498614082EA030B029B57F8204F32
:101C000089EA0608013B85EA0000019402937FF40B
:101C100004AF6FF07843079A86460D461A44134680
:101C2000069A02EB43130693069B5FFA8EF7C5F301
:101C300007244FEA186259682E0EEBB2C5F3074528
:101C40005FFA8BF0CBF3072C02950AEB82020AEBCA
:101C500087050AEB8000D2F830242D6B0AEB86064C
:101C6000076B4FEA1E605540D6F830645FFA88F281
:101C70007E404FEA1B670AEB8202694004960AEB3A
:101C80008000166B0AEB83030AEB8702D0F830540E
:101C90001B6BC8F30727D2F830240AEB840406989C
:101CA0005D400AEB8C0386EA020CCEF30722039117
:101CB000049ECBF30741D3F830B80AEB8203C26825
:101CC0000AEB8707CEF3074E0AEB8109724086685C
:101CD00001980AEB8E0E0399C8F30748D7F83078BD
:101CE0008CEA000CD4F830480AEB8808D3F83008A6
:101CF00085EA0603029D4C40DEF830EC7A40D9F8C4
:101D0000301C0AEB850582EA0E02D8F8307C61406F
:101D100083EA0B03D5F8304C8CEA000C83EA070009
:101D2000524B8CEA040CC2F30744C2F30728C1F3F8
:101D3000072E1C4453FA8CF69E4403EB126901945F
:101D400003EB08049EF828E0C0F30747039453FA16
:101D500082F41F4453FA80F80494C0F3072596F8E0
:101D6000282003EB1060069E53FA81FB99F8289017
:101D700003EB1C6A36691D440790724097F82800EF
:101D8000019C03EB116782EA0962CCF3072694F801
:101D90002840C1F3074182EA0E22CCF3074C02949B
:101DA000194482EA00429C441E44039B1446069A4E
:101DB00093F828E0506998F828800190019B906979
:101DC0009BF828B09AF828A088EA000097F82870B5
:101DD0008BEA030BD2F81C90049B8BEA0A6B079AE0
:101DE00080EA076095F8285092F8288080EA0E274C
:101DF000059A8BEA052B93F82830A646147000202C
:101E0000029C83EA090996F828608BEA04449CF84E
:101E1000285089EA086391F82810147187EA054769
:101E200083EA06231646724683EA01433772110A93
:101E3000150C3373120E7170210AB570F2703A0CE2
:101E40007171390A250CB272240E71721A0CB571B7
:101E5000190AF4713F0EB2731B0E7173F772F373AC
:101E600009B0BDE8F08FDFF808A0DDE6E82C0260DD
:101E7000E03D02602DE9F047089E984607461C6841
:101E8000DDF82490DDF828A0B1B182B10AF1FF3A63
:101E9000154654B3315D621C19F8013B013D83EADC
:101EA00001030AF8013F335502F00F04F1D1C8F8DD
:101EB00000400020BDE8F087002AF8D0154674B134
:101EC000335D611C19F8012B013D83EA02030AF816
:101ED000013B325501F00F04E9D0002CF0D132461D
:101EE00031463846FFF76EFDEAE73246314638465E
:101EF000FFF768FDCEE700BF002A45D02DE9F04787
:101F000086B01C46894682460F9B164603F101089F
:101F10000E9B5F1C19E017F8012C23788DF8142014
:101F2000534008F8013CDDF80500013EDDF80910DA
:101F300008F10108DDF80D2007F10107DDF8113087
:101F400020606160A260E3601AD0206801AD616822
:101F5000A268E3680FC5224621465046FFF732FDCE
:101F6000B9F1000FD7D02278B9F1010F17F8013C71
:101F700083EA020308F8013C08BF8DF81430D2E769
:101F8000002006B0BDE8F087002070472DE9F04F33
:101F9000156883B00F2DDDF830B0DDF83480DDF842
:101FA00038902AD81F460E468246019271B19DB1E3
:101FB0001BF80510013E18F8012B05F1010582EA16
:101FC000010205F00F0509F8012BF0D1019B00205B
:101FD0001D6003B0BDE8F08F5A4639465046FFF702
:101FE000F1FC07F1100212F8014D0134E4B2147053
:101FF000002CDDD19742F6D1DAE76FF02000E8E758
:102000002DE9F04F03688BB0D1F804805B10089283
:1020100042680993013B02F110041068029307948F
:102020001C465368D1F800E0002C88EA03038F684F
:102030008EEA000EC96890681E46D368126987EA66
:10204000000783EA0103019240F34082DDF81C900F
:10205000B446DFF884A41C465FFA8EF0C4F307216F
:102060004FEA1C62C7F30743FEB20AEB80000AEB9B
:102070008202D0F828010AEB8606D2F828250AEB5E
:1020800081015FFA8CF580EA020BD6F828010AEB91
:10209000830303900AEB8505D1F828094FEA1E61F6
:1020A000D3F8283D5FFA84F88BEA00000AEB81013F
:1020B000D5F828513A0E80EA030BD9F80430D1F84C
:1020C0002805CEF307215D40CEF307430AEB810ECE
:1020D000D9F80C100AEB8808C7F3072704910AEB1C
:1020E000820201990AEB8707D8F82881260E8BEA2D
:1020F000010B0499D2F82825C4F3074488EA0101AA
:10210000D7F828795540DEF828294840CCF3072E27
:102110006A400AEB8606039D0AEB8E0E7840D9F8DA
:102120000870DEF828190AEB840485EA070ED6F851
:102130002865D4F8284D0AEB83038EEA0606CCF313
:10214000074C6240D3F8285D0AEB8C0C7140130EEB
:102150006940DCF8287D5FFA8BF47840C1F3074CC6
:102160000AEB8303CBF307275FFA82FEC0F307284D
:10217000D3F828350AEB8C0C0AEB8404C0F307462D
:1021800003930AEB8E0EDCF8283D0AEB8808D4F89E
:1021900028410AEB8707DEF828C1050E0194C0B27A
:1021A000D8F828890AEB860604930AEB8505D7F848
:1021B0002879C2F30724D6F8286DC2F307420597A1
:1021C0000AEB8007039B0AEB840401980AEB820266
:1021D00006964340D5F82865D9F810000D0ED2F8C0
:1021E000282D43400AEB8505C8B2C1F30721D5F875
:1021F000285583EA08030AEB800E8CEA050C4FEAA7
:102200001B60DEF828510AEB81010AEB8000CBF35A
:10221000074B6E40049D0AEB8B0B83EA050ED9F841
:102220001450D4F828398CEA050CD9F81850D7F88E
:1022300028416E40059FD0F828558CEA070C5E4077
:10224000069B6C40D1F828098CEA030CD9F81C10C5
:1022500059F8203F4C40DBF8287D0193029B444015
:102260007740013B84EA020402937FF4F5AE6FF0FD
:10227000784209996646234611440A46079901EBBC
:10228000421207925FFA8EF5B146340EC7F3072863
:102290000AEB8505C3F3072CF0B2C7F30746390EE6
:1022A000CEF3072B0296FAB2D5F828611D0E0AEB81
:1022B0008404CEF307470AEB80000AEB8101D4F8CF
:1022C00028450AEB8202D0F828010AEB8505D1F8EF
:1022D0002815D2F828217440D5F8285541404FEAF6
:1022E0001E660397D8B26A40019D0AEB86060AEB88
:1022F0008000C3F307436C40079DD0F828710AEBB8
:102300008C00D6F828650AEB880E6D68C9F307487B
:1023100087EA060C029E0195C9F307250AEB86079A
:10232000079E0AEB8509019D0AEB8303D0F8280973
:102330006940B56801930AEB8B0B02950AEB88089C
:10234000029B4440DEF828595A40039BDBF8286979
:102350000AEB830E079BD7F8287D7140DB687C4031
:10236000D9F828B98CEA030C019B82EA0B02D3F856
:10237000280D8CEA0506D8F8283D4840C4F307210B
:102380005E40544BDEF828EDC0F307271944C6F32E
:10239000072A82EA0E0553FA80F211F8C81CDF19E9
:1023A00003EB156812F8C82C02919A44079953FA66
:1023B00084F918F8C88C03EB106C4969C6F3074B15
:1023C0000397C5F3074E4A4053FA85F703EB1661AE
:1023D0001AF8C8AC82EA0862C0F3074003EB14683D
:1023E000C5F30725C4F30744CDF804A0184419F831
:1023F000C8AC9B441CF8C89C9E4411F8C8CC1D4432
:10240000079953FA86F62344079C0490A46902981E
:1024100017F8C87C096982EA002267400398079C84
:102420008AEA010116F8C86C87EA0C6710F8C8AC94
:1024300081EA09610198E46987EA0A2A1BF8C8BCA5
:1024400081EA002118F8C88C6640049882EA0B42A1
:102450001EF8C8EC86EA086610F8C84C002081EA2D
:102460000E4E15F8C85C13F8C8CC089986EA052604
:102470008AEA0C4A0A710D4681F800E04FEA1E21F3
:1024800086EA044385F808A04FEA1E446970110AE1
:102490002B73AC70140C6971120E4FEA1A21AC71D7
:1024A0004FEA1E6EEA714FEA1A4469721A0C85F8F7
:1024B00003E0190AAC724FEA1A6AAA731B0E697319
:1024C00085F80BA0EB730BB0BDE8F08FDFF808A028
:1024D000D8E600BFD84E0260E82C026010B4012993
:1024E00014461A46214603D05DF8044BFFF788BD19
:1024F0005DF8044BFFF766BA2DE9F047160784B084
:102500000C9C0D9D59D1174680468A461E4669BBD4
:1025100042B303F1FF392068EE466168A268E368C0
:10252000AEE80F002B46002122464046FFF7D6FFBB
:102530006B1E494605F10F0E13F8010F11F8012F1C
:10254000734582EA00021A70F6D1EE46103F04F19C
:10255000100405F11005BEE80F0030607160B26034
:10256000F360D8D1002004B0BDE8F087002AF9D08C
:10257000013C03F1FF3949466A1E04F1100E14F8BC
:10258000010F11F8013F744583EA000302F8013F8F
:10259000F5D12B462A4651464046FFF79FFF286853
:1025A0006968103FAA6805F1100555F8043C3060D1
:1025B0007160B260F360DED1D4E76FF02100D2E742
:1025C000FFF700BAFFF71CBD2DE9F04FF7B000216F
:1025D000202283460DF1600A884620ACDFF8A891DE
:1025E000504620F05DFB30A84FF48C72414620F03D
:1025F00057FB4FEA680708F00106BD1CAD01BBF1AF
:10260000000F07D05A4A29465A48002E08BF4A46AA
:1026100020F056FB00232A46514630A82360636011
:10262000A360E36066BBFFF73DF9534B03EB07176D
:1026300010F1230F01D1C02D28D068B942F21075D6
:1026400002E0013D00F09D8123462246314630A83C
:10265000FFF744FF0028F4D00346BBF1000F04D07D
:102660004648049320F014FB049B30A84FF48C716F
:1026700004930FF073FA049B184677B0BDE8F08F0F
:10268000FEF7F4FF3E4B03EB0717D1E73D4820F080
:10269000FFFA08F10108B8F1060FAAD1BBF1000F4B
:1026A00040F05A8100230DF120090CAE0493049BE5
:1026B0005F1003F00108BD1CAD01BBF1000F09D094
:1026C0002B4A2946304B3148B8F1000F08BF1A4653
:1026D00020F0F6FA00232A46514630A8C9F8003007
:1026E000C9F80430C9F80830C9F80C303360736099
:1026F000B360F36023606360A360E360B8F1000F30
:102700002ED0FEF7B3FF224B03EB0713059310F116
:10271000230F01D1C02D41D000289DD142F2107568
:1027200014AFB8F1000F40F01F8101944B460094A4
:102730001022414630A8FFF7DFFE00288CD1013D72
:10274000EFD105991022204620F0A6FA002840F08B
:102750005781BBF1000F24D00E4820F099FA20E0F9
:10276000FFF7A0F80C4B03EB07130593CFE700BF6F
:10277000E8190020EC190020504F02605C1A00207C
:10278000804F0260041A0020E4190020141A00206F
:10279000E04F02600C1A0020B04F0260994820F010
:1027A00077FA049B0133062B049380D1BBF1000F11
:1027B00040F00D8100277D1007F0010605F10208A9
:1027C0004FEA8818BBF1000F08D08F4A41468F4B63
:1027D0008F48002E08BF1A4620F072FA8D4B0FCB9F
:1027E00089E80F008C4B4FEAD802504603EB4511A5
:1027F00020F032FA00234246514630A80793FEF7F4
:1028000035FF10F1230F03D1B8F1C00F00F0A880FD
:1028100000287FF421AF002E40F0C1807F4BA646F8
:1028200003EB851503F1380805F5D4750FCDAEE837
:102830000F000FCDAEE80F000FCDAEE80F0095E80A
:102840000F008EE80F0002943146019407ABCDF8DB
:102850000090402230A8FFF70DFB00287FF4FCAE6B
:1028600041464022204620F017FA002840F0C88058
:10287000BBF1000F40F0BC800137062F9BD1BBF1AC
:10288000000F40F0B980654B00260DF1400905931B
:10289000751006F00108BBF1000F08D05A495B4BD8
:1028A0005F48B8F1000F08BF194620F009FA4FEA57
:1028B000051E059B5B490022734407928E4403F575
:1028C0001A73A1F526770FCB89E80F009EE80F0059
:1028D0008AE80F008022514630A8FEF7C7FE034663
:1028E00000287FF4BAAE07EB8507204605EB4505C7
:1028F000D7F8C8723A46B8F1000F6CD12D014A4B97
:10290000591990331D4420F0A7F914AA4B4602949C
:102910003946009230A8019407AAFFF737FB034617
:1029200000287FF49AAE04903A462946204620F0CB
:10293000B3F9002864D1049BBBF1000F53D10136D9
:10294000062EA5D1BBF1000F3FF48FAE0A200493F1
:1029500020F06EF9049B88E60A2020F069F9A1E6D0
:10296000284820F095F987E796E80F0087E80F00E0
:1029700094E80F0086E80F0097E80F0084E80F0046
:10298000D3E639461022204620F086F9C0BBBBF1C1
:10299000000F3FF47EAE254820F07AF979E6DFF8A3
:1029A00090E0A446BEE80F00ACE80F00BEE80F00C0
:1029B000ACE80F00BEE80F00ACE80F000EF5A07801
:1029C0009EE80F0008EB85188CE80F003BE70A2013
:1029D00020F02EF9EEE62901134B5D1890331944CF
:1029E00020F03AF991E7114820F052F9049BA6E74C
:1029F0000E4820F04DF93FE70A2020F019F942E790
:102A000001232AE6041A0020E8190020E419002016
:102A10002C1A00201050026020500260D84E026034
:102A2000441A002070510260AC5102600C1A002060
:102A3000104F02600368F0B5CD1A002D43DD1C78FD
:102A4000260608D45E1C06601C781460891BA1420F
:102A500039D30020F0BD04F07F04013C032C35D8AD
:102A6000DFE804F02A201302042D2CDD9F785E1D80
:102A700093F801E03F041D79DC7847EA0E632B43AD
:102A800043EA042414600660E0E7032D1BDD9C7814
:102A90001E1D5D782402DB7844EA05441C43146063
:102AA0000660D3E7022D0EDD5C78DE1C9B7843EADE
:102AB000042414600660C9E7012D04D05C789E1CD4
:102AC00014600660C2E76FF05F00F0BD6FF0630056
:102AD000F0BD00BF70B404680E1B002E0BDD26781D
:102AE0009E4204D10134046070BCFFF7A3BF6FF0B5
:102AF000610070BC70476FF05F00FAE770B5056861
:102B000082B04C1B002C06DD2C78012C07D06FF016
:102B1000610002B070BD6FF05F0002B070BD0135A2
:102B2000164601AA04460560FFF784FF0028F0D18D
:102B3000019B012B09D1236813F8011B003118BF39
:102B400001213160236002B070BD6FF06300E0E7E7
:102B50000368F0B5CC1A83B0002C06DD1C78022C7B
:102B600007D06FF0610003B0F0BD6FF05F0003B0FD
:102B7000F0BD0133174601AA06460360FFF75AFF6E
:102B80000028F0D1019B013B032B13D8316891F948
:102B90000020002A0EDB04463860019311F8015B27
:102BA000013B45EA04245A1C01933C603160F5D195
:102BB00003B0F0BD6FF06300D5E700BFF8B5036860
:102BC000CF1A002F05DD1F78032F05D06FF06100AD
:102BD000F8BD6FF05F00F8BD013304460E46036098
:102BE000FFF728FF0028F3D113681546002BF0D01B
:102BF0002268013B2B601278072A2A710CD82268C0
:102C000001322260AA60226813449E4223600CBFF6
:102C100000206FF06500F8BD6FF06300F8BD00BFE5
:102C200070B505684C1B002C05DD2C78032C05D0F5
:102C30006FF0610070BD6FF05F0070BD013504463C
:102C40000560FFF7F7FE0028F4D113681646012B44
:102C500003F1FF32326005D923685A1C22601B78C9
:102C6000002BE7D06FF0670070BD00BF2DE9F04387
:102C700099460368164683B0CA1A002A08DD1A78F6
:102C8000302A0BD06FF06108404603B0BDE8F083F6
:102C90006FF05F08404603B0BDE8F083013301AA3E
:102CA00005460F460360FFF7C5FE80460028EBD1BE
:102CB0002A68019B13449F421FD19742A7EB02034E
:102CC00016D91178002B3160E2DD13789945D9D1FE
:102CD000541C3946321D28462C60FFF7ABFED8B98C
:102CE0002B687268B3602B681A4497422A6007D831
:102CF0000023F3602B689F42C6D06FF06508C3E7DE
:102D0000102101201FF0D8FFF060064608B12A68A4
:102D1000D3E76FF06908B7E78046B5E770B5056897
:102D200082B04C1B002C06DD2C78022C07D06FF0F3
:102D3000610002B070BD6FF05F0002B070BD013580
:102D4000164601AA04460560FFF774FE0028F0D17C
:102D5000019A3046216801F037F92268019B13443B
:102D6000236002B070BD00BF2DE9F041066882B05B
:102D7000C6EB010EBEF1000F0ADD96F800E0BEF1D1
:102D8000300F0BD06FF06106304602B0BDE8F08125
:102D90006FF05F06304602B0BDE8F0810136904624
:102DA00001AA044606600D461F46FFF743FE06468D
:102DB0000028E9D12368ED1A002DE9DD019D1A787C
:102DC000002DC8F80020E3DD1A78062ADAD11D4468
:102DD000013308F10402204623602946FFF72AFE4A
:102DE00006460028D0D12368D8F80420C8F8083057
:102DF00021688B189D4223601ED08E5C01333A46B9
:102E00002946204642F8046B2360FFF713FE70B991
:102E100022687B68BA60226813449D4223600CBF1D
:102E200000266FF06506304602B0BDE8F081064628
:102E3000304602B0BDE8F08138460C210EF08EFE1F
:102E4000A2E700BF10B584B0002401AB0294019446
:102E50000394FFF789FF48B9019B052B00D03BB9CC
:102E6000029B002B14BF6FF06700002004B010BD60
:102E70006FF06700FAE700BF70B5044670B10E4608
:102E8000154601E0A4694CB16368AB42FAD12A4609
:102E90003146A0681FF000FF0028F3D1204670BD26
:102EA00068B110B5044680681FF0BEFE60691FF06F
:102EB000BBFE20462021BDE810400EF04FBE7047FB
:102EC00038B504685CB10546A36920462B60FFF75E
:102ED000E7FF20461FF0A8FE2C68002CF4D138BD77
:102EE0007F2A0346F0B40AD80468611A00296ADD13
:102EF000611E0120196004F8012CF0BC7047FF2A04
:102F000010D80468611A01295DDD651E8121022047
:102F10001D6004F8012C1A68541E1C6002F8011C84
:102F2000F0BC7047B2F5803F1FD3B2F1807F28D24A
:102F30000468611A032946DD601E160A150C8321F8
:102F40001860042004F8012C1A68541E1C6002F852
:102F5000016C1A68541E1C6002F8015C1A68541E49
:102F60001C6002F8011CF0BC70470468611A022959
:102F700029DD661E150A822103201E6004F8012C3B
:102F8000E7E70068411A04291DDD441E160A150CE6
:102F900084211C60140E00F8012C05201A68571EAD
:102FA0001F6002F8016C1A68561E1E6002F8015C70
:102FB0001A68551E1D6002F8014C1A68541E1C60E8
:102FC00002F8011C99E76FF06B0096E70368591A45
:102FD000002909DD012110B45C1E0460084603F8D5
:102FE000012C5DF8044B70476FF06B010846704789
:102FF00038B505688D420CD36C1A9C4209D31C4627
:1030000003461146281B224618601FF025FE204665
:1030100038BD6FF06B0038BDF8B5054610460E465A
:10302000174600F0CBFF2968B1422ED38B1B044614
:1030300098422AD8091A02463846296000F0FAFF59
:10304000A0B93B68012B12D0224631462846FFF733
:1030500047FF00280ADB2B6801349E1B002E14DD7D
:10306000591E02222044296003F8012CF8BD2B6868
:1030700093F90020002AE7DA9A1B002A05DD5A1E80
:1030800001342A6003F8010CDEE76FF06B00F8BD35
:1030900002680346501A002812DD002010B4541EA6
:1030A0001C6002F8010C1A68511A81420BDD541E93
:1030B000052102201C6002F8011C5DF8044B7047DA
:1030C0006FF06B0070476FF06B005DF8044B70475A
:1030D000F8B50568A94202D86C1AA34203D96FF06B
:1030E0006B042046F8BD0746E81A1C460E463860B9
:1030F00011461A461FF0B0FD002CF2DB2246314685
:103100003846FFF7EDFE00280CDB3B680134991BC5
:103110000029E4DD591E062204443960204603F8E4
:10312000012CF8BD04462046F8BD00BFF8B5069D49
:103130008DB90468661A002E27DD661E066004F845
:10314000015C0468651A002D1FDD671E0526022537
:10315000076004F8016C0C460646FFF7B9FF00282B
:1031600015DB0544214630462A46FFF7B9FE002804
:103170000DDB336801351C1B002C06DD591E302287
:103180002844316003F8012CF8BD6FF06B00F8BDE6
:10319000F8B505686E1A002E1BDD131C05F1FF370C
:1031A0004FF00102044618BF012307600E465B4240
:1031B00005F8013CFFF794FE002809DB2368991B02
:1031C000002906DD591E01220230216003F8012C7E
:1031D000F8BD6FF06B00F8BD036870B55C1A002C89
:1031E0001EDD5C1E002A046003F8012C04DD036868
:1031F00093F90020002A16DB012632460C460546CC
:10320000FFF76EFE00280ADB2B680136191B002928
:1032100006DD591E02223044296003F8012C70BDDE
:103220006FF06B0070BD5A1A002AF9DD5C1E002297
:103230000226046003F8012CDFE700BFF8B505683B
:10324000A94202D86C1AA34203D96FF06B0420463E
:10325000F8BD0746E81A1C460E46386011461A4665
:103260001FF0FAFC002CF2DB224631463846FFF70D
:1032700037FE00280CDB3B680134991B0029E4DD94
:10328000591E132204443960204603F8012CF8BD6E
:1032900004462046F8BD00BFF8B50568A94202D82B
:1032A0006C1AA34203D96FF06B042046F8BD0746A1
:1032B000E81A1C460E46386011461A461FF0CCFC30
:1032C000002CF2DB224631463846FFF709FE002883
:1032D0000CDB3B680134991B0029E4DD591E1622E2
:1032E00004443960204603F8012CF8BD044620460A
:1032F000F8BD00BF2DE9F84313F00704066818BFB6
:1033000001248E4204EBD3042DD30F4604F10109AE
:10331000711A494527D38046301B11462246C8F80A
:1033200000001D461FF098FCD8F80060C5EBC403F0
:103330004A46751E39464046C8F8005006F8013C1A
:10334000FFF7CEFD00280CDBD8F800300234DF1B7D
:10335000002F08DD591E03222044C8F8001003F88E
:10336000012CBDE8F8836FF06B00BDE8F88300BF67
:10337000F8B50568A94202D86C1AA34203D96FF0C8
:103380006B042046F8BD0746E81A1C460E46386016
:1033900011461A461FF060FC002CF2DB2246314633
:1033A0003846FFF79DFD00280CDB3B680134991B74
:1033B0000029E4DD591E042204443960204603F844
:1033C000012CF8BD04462046F8BD00BF2DE9F047AA
:1033D00082B0074600681E46894690460A9DFFF760
:1033E0004BFDF0B1036904469D4209D8AEB12A46AF
:1033F000314660691FF030FC204602B0BDE8F0871E
:10340000294601201FF058FC074640B360691FF0B1
:103410000BFC67612561002EE9D1204602B0BDE8B2
:10342000F087202101201FF047FC0446B8B1C0F806
:103430000480414601201FF03FFC8246A06080B11D
:10344000424649461FF008FC2561294601201FF02D
:1034500033FC606150B13B683C60A361C6E700206B
:10346000CBE720461FF0E0FB5046C6E701905046F0
:103470001FF0DAFB20461FF0D7FB019B1846BCE784
:103480002DE9F04F099D4D4CA4FB0554099D64089E
:1034900004EB440B5D4518BF0134B4F1804F80F05C
:1034A0008580A400013400287BD08C4294BF002189
:1034B0000121002975D1BBF1000F6FD08946DD1CB9
:1034C000041D3F4915F803EC09F1030915F8027CC6
:1034D0002B4615F8016C4FEA0E184FEA870CCB45C6
:1034E00008F0300801EB961A0CF03C0C4FEAAE0ED7
:1034F00001EB171706F03F0611F80EE005F1030582
:1035000017F808708E5D1AF80C80A44604F8037C46
:1035100004F1040404F808EC04F8068C04F8056CC3
:10352000D0D8099949451FD909F10109099C197891
:103530004C4522D95B780E01214D89109C0006F084
:10354000300605EB13136F5C04F03C019C5D0CF13D
:103550000303695C8CF801408CF802108CF8007051
:103560003D2103F1010C1970C0EB0C000023106029
:1035700018468CF80030BDE8F08F0C01104D891012
:103580003D2604F030040CF103036F5C295D8CF8D8
:1035900000708CF801108CF80260E1E7D94684468F
:1035A000BFE714606FF02900BDE8F08F4FF0FF33E4
:1035B0006FF029001360BDE8F08F00BFABAAAAAA84
:1035C000CC52026030B4029C0CB130BC58E72046AB
:1035D000146030BC704700BF2DE9F047DDF820E0F3
:1035E0009146BEF1000F00F09E8000229C46DFF85D
:1035F0005CA1904617461CF807300CEB07053C46CB
:10360000202B04D07DE015F8016F202E04D1013469
:10361000A645A4EB0703F6D8A6451DD0C4EB0E05BE
:10362000012D1CF8045001D90D2D5BD00A2D0FD0AF
:10363000002B5ED13D2D60D02E065AD4554495F80E
:1036400040307F2B55D00AB13F2B52D908F10108E9
:10365000671CBE45CFD8BE46B8F1000F63D008F056
:1036600007034FEAD80803EB430308EB48085B0065
:10367000C2EB4808073308EBD30300285DD08B4228
:1036800094BF00210121002957D1BEF1000F52D073
:1036900007460326E6440C46DFF8B0802A4D0EE0CC
:1036A0004244013492F8403003F03F02402B08BFFF
:1036B000013E042C42EA811125D0E6450CD01CF8CD
:1036C000012BA2F10A03DBB2162BE9D825FA03F38A
:1036D000DB07E5D5E645F2D1381AC9F8000000202D
:1036E000BDE8F087671C1CF807600A2EB1D0002BDC
:1036F000A4D06FF02B00BDE8F0870132022A9DD9DB
:10370000F7E7002388E766B10B0C012E3B7007D06A
:103710000B0A022E7B700BD0B97000240337CCE764
:1037200001370024C9E70020C9F80000BDE8F08790
:1037300002370024C1E77046CFE7C9F800306FF0C8
:103740002900BDE8F08700BF09004000CC520260AC
:1037500010B54024A4B058B92B4B03AA04A8009478
:103760008021FFF78DFED8B10124204624B010BD82
:1037700026481FF0A5FA03AA04A80094224B802132
:10378000FFF77EFE28B9582204A921481FF084FAC9
:1037900000B301241F481FF07BFA204624B010BD5F
:1037A000582204A91A481FF077FA0028DCD15820C3
:1037B00003AA174B8021009004A8FFF70DFF0028F3
:1037C000D2D1224604A910481FF066FA0446002808
:1037D000CAD1CAE710481FF073FA582103AA0C4B4C
:1037E000009104A88021FFF7F7FE0028D1D12246DE
:1037F00004A905481FF050FA04460028C9D107481B
:103800001FF046FAB1E700BF8C530260641A002033
:10381000CC5302605C1A0020801A0020A01A0020FD
:1038200050B30023F0B5A1F1040E15461E462F68D3
:103830000136FC1A2C605EF8041F8C42A4EB0104D4
:103840002CBF4FF0000C4FF0010C45F8044B9F4289
:103850002CBF63460CF10103B042E8D102EB8002B9
:103860004BB111689942A1EB030134BF012300233E
:1038700042F8041BF5D3F0BD704700BFF0B5864693
:1038800087B00020BEF10F0F0391029201930590C3
:1038900040F2D080F446ACF1100C03980299059ADE
:1038A000019B50F8044B4FF000050E68E3FB042524
:1038B000B71845F1000241F8047B50F8044B4FF073
:1038C00000050E68E3FB0425B71845F1000241F836
:1038D000047B50F8044B4FF000050E68E3FB042511
:1038E000B71845F1000241F8047B50F8044B4FF043
:1038F00000050E68E3FB0425B71845F1000241F806
:10390000047B50F8044B4FF000050E68E3FB0425E0
:10391000B71845F1000241F8047B50F8044B4FF012
:1039200000050E68E3FB0425B71845F1000241F8D5
:10393000047B50F8044B4FF000050E68E3FB0425B0
:10394000B71845F1000241F8047B50F8044B4FF0E2
:1039500000050E68E3FB0425B71845F1000241F8A5
:10396000047B50F8044B4FF000050E68E3FB042580
:10397000B71845F1000241F8047B50F8044B4FF0B2
:1039800000050E68E3FB0425B71845F1000241F875
:10399000047B50F8044B4FF000050E68E3FB042550
:1039A000B71845F1000241F8047B50F8044B4FF082
:1039B00000050E68E3FB0425B71845F1000241F845
:1039C000047B50F8044B4FF000050E68E3FB042520
:1039D000B71845F1000241F8047B50F8044B4FF052
:1039E00000050E68E3FB0425B71845F1000241F815
:1039F000047B50F8044B4FF000050E68E3FB0425F0
:103A0000B71845F1000241F8047B50F8044B4FF021
:103A100000050E68E3FB0425B71845F1000241F8E4
:103A2000047B059202910390BCF10F0F3FF633AF78
:103A30000EF00F0EBEF1070F68D90EF0070E0398B7
:103A40000299059A019B50F8044B4FF000050E684F
:103A5000E3FB0425B71845F1000241F8047B50F858
:103A6000044B4FF000050E68E3FB0425B71845F141
:103A7000000241F8047B50F8044B4FF000050E683B
:103A8000E3FB0425B71845F1000241F8047B50F828
:103A9000044B4FF000050E68E3FB0425B71845F111
:103AA000000241F8047B50F8044B4FF000050E680B
:103AB000E3FB0425B71845F1000241F8047B50F8F8
:103AC000044B4FF000050E68E3FB0425B71845F1E1
:103AD000000241F8047B50F8044B4FF000050E68DB
:103AE000E3FB0425B71845F1000241F8047B50F8C8
:103AF000044B4FF000050E68E3FB0425B71845F1B1
:103B0000000241F8047B059202910390BEF1000F80
:103B100015D003980299059A019B50F8044B4FF079
:103B200000050E68E3FB0425B71845F1000241F8D3
:103B3000047B059202910390BEF1010EE9D1029936
:103B4000059A0B68134441F8043B059A934234BF2D
:103B5000012200220592F4D307B0F0BDF0B44E6804
:103B60001EB38F68002307EB860656F8044D250C1C
:103B7000B742A4B245EA0343B3FBF2F502FB1533A7
:103B800044EA0343B3FBF2F402FB1433EDD10968BA
:103B9000002903DB03600020F0BC7047002BF9D044
:103BA000D31AF0BC0360002070473346F2E700BF31
:103BB00020B100230122836080E80C00704700BF21
:103BC00080B110B50446806830B1616889000DF09D
:103BD000C5FFA0681FF028F800230122A36084E835
:103BE0000C0010BD704700BF42F21073994223D8F9
:103BF0002DE9F0414668B14202D80020BDE8F081CD
:103C00000C460546042120461FF056F88046B0B108
:103C1000AF685FB1B600394632461FF01DF838462E
:103C200031460DF09BFFA8681EF0FEFF6C6000207F
:103C3000C5F80880BDE8F0816FF00F0070476FF0A5
:103C40000F00BDE8F08100BF2DE9F04146688E42CB
:103C50002ED9731E05460C460CD081689A0051F887
:103C6000230048BB0A4403E052F8040D18B90B4680
:103C7000591EF9D101239C424FF0040138BF1C4664
:103C800020461FF019F88046C0B1AF6857B1A200B6
:103C900039461EF0E1FF3846B1000DF05FFFA8681D
:103CA0001EF0C2FF6C600020C5F80880BDE8F081FE
:103CB000BDE8F041FFF798BF3346DCE76FF00F0037
:103CC000BDE8F08188423AD08A68F0B50E4683B0EC
:103CD000002A36D04D6807466B1E0BD052F82310D1
:103CE0009C0041B9224403E052F8045D05BB234621
:103CF0005C1EF9D101257A683368AA423B600FD374
:103D0000521BB868AD000021920028441EF0C8FF85
:103D10002A46B168B8681EF09FFF002003B0F0BDCE
:103D200029463846FFF760FF0028F7D1AD00EFE7DE
:103D30001D467A683368AA423B60E1D2F0E7002072
:103D400070470192FFF73CFF019A1046E6E700BF7B
:103D5000F0B585B005460C46006801AB6968AA68F5
:103D60001E46D4F800C0D4F804E0A768C5F800C027
:103D7000C5F804E0AF6007C307CE20606160A260B1
:103D800005B0F0BD2DE9F0410C4649681646804665
:103D9000FFF72AFF98BB73422568D8F8001046EA5F
:103DA00003026368C2F3C012C2F1010705FB02F50A
:103DB00001FB0751C8F8001083B1A668D8F80810B5
:103DC000043E01EB830E56F8045F0C6805FB02F518
:103DD00004FB075441F8044B8E45F4D1D8F8041085
:103DE0008B420CD2D8F8082002EB830302EB81014E
:103DF0001A6807FB02F243F8042B9942F8D1BDE898
:103E0000F08100BF88423BD0F8B50C4649681546A2
:103E10000646FFF7E9FE00B1F8BD71682046FFF7DE
:103E2000E3FE0028F8D16A423168206815437368C0
:103E3000C5F3C015C5F1010705FB01FE07FB01F144
:103E400000FB05113160226802FB07E22260ABB182
:103E5000A268B168043A01EB83060B6852F8040FBC
:103E600007FB03F405FB03F300FB054041F8040BDB
:103E7000B142106800FB07331360EED10020F8BD9B
:103E80000020704770B50E4601210546FFF7ACFED5
:103E9000044688B96A680146A86892001EF000FFCF
:103EA000002E86EAE671AA68B4BF4FF0FF33012303
:103EB000A1EBE67111602B60204670BD4368B1EB49
:103EC000431F0AD283684A0901F01F0053F82230C9
:103ED00023FA00F000F0010070470020704700BF97
:103EE000012A22D8F8B5436805464F091646B1EBBA
:103EF000431F0C4602D392B91046F8BD04F01F01CF
:103F0000AD680124002055F8273006FA01F204FAC2
:103F100001F123EA01031A4345F82720F8BD791C73
:103F2000FFF762FE0028E9D0F8BD6FF0030070478C
:103F300003464068A0B170B49D680026043D314638
:103F400055F8044F002203E0202A01F1010108D0B6
:103F500024FA02F3013213F00103F5D0084670BCD5
:103F600070470136B042EBD11846F8E74368DBB141
:103F7000013B1ED080689A0050F82310B1B902446A
:103F800002E052F8041D89B9013BFAD101682023EF
:103F900000204FF0004202E00130202803D00A4206
:103FA0004FEA5202F8D01B1A184670475B012033C3
:103FB000EEE7826820231168EAE700BF08B5FFF743
:103FC000D5FF0730C00808BDF8B50C4612F0030154
:103FD0004368174618BF0121064601EB92059D4232
:103FE0000BD0FFF7EDFD0023012229463046736018
:103FF0003260B360FFF7F8FDD0B900213046FFF71B
:1040000041FFB0B99FB1B268E1190546EB0011F864
:10401000014DAE08013503F01803AF4204FA03F373
:1040200052F8264043EA040342F82630EED1F8BDA8
:10403000F8BDF8BDF8B514460D460746FFF796FFE4
:104040000730C608B44217D32246002128461EF086
:1040500027FE7EB12A1900239808B968DC000133D5
:1040600051F8205004F01804B34225FA04F402F881
:10407000014DF1D10020F8BD6FF00700F8BD00BF81
:10408000F8B50D460646FFF771FF72682B186C09EC
:1040900005F01F05B3EB421F34D8DCB173689C42B6
:1040A0003CD26FF04042B0681A4400EB840700EB4A
:1040B0008303121B00EB820252F8041943F8041D1B
:1040C000BB42F9D1234600EB8303002243F8042DC1
:1040D0009842FBD1A5B17068844211D2B268002128
:1040E000C5F1200602EB840302EB8004186800FA95
:1040F00005F20A4320FA06F143F8042B9C42F5D15D
:104100000020F8BD13F01F01304618BF012101EB5C
:104110005311FFF769FD0028BFD0F8BD002BD9D09F
:10412000B068D0E7F0B443684D099D4205D8CA068F
:1041300001F01F0605D09D4203D10021F0BCFFF71E
:10414000A1BECDB15A1B0BD08468214604EB850477
:1041500001EB820754F8045B41F8045BB942F9D1E2
:10416000934209D98168002401EB820201EB8301AB
:1041700042F8044B9142FBD18EB183B18468C6F101
:104180002005002004EB830353F8041D21FA06F2F6
:104190009C4242EA000201FA05F01A60F4D10020C4
:1041A000F0BC7047436870B473B16FF040448268EC
:1041B0001C4452F8245002EB84021DB11BE052F85B
:1041C000044DC4B9013BFAD14A68002A46D06FF0C9
:1041D00040448D68144455F8243005EB84011BB12C
:1041E0003EE051F8044D94B9013AFAD1181C18BFB9
:1041F000012070BC70474A684AB36FF040448D6834
:10420000144455F8246005EB8401002EECD09A424A
:104210001DD39A421ED8BBB16FF0404481681C4444
:10422000A20051F8240055F8244011442A44844245
:104230000DD307D90EE051F8044D52F8040D844215
:1042400005D807D3013BF6D1184670BC7047012052
:1042500070BC70474FF0FF3070BC70471046C8E725
:104260000023D6E72DE9F04F5C6887B00134119D3B
:10427000AC4272D8129C2668002E6ED01F460C46A7
:1042800093468246AA003046002102931EF008FDA4
:104290002368D7F80480129A4345126828BF434622
:1042A00004920393B8F1000F54D008F101030026E3
:1042B00015469B00019602EB03090593019E2A46D1
:1042C000DAF80830DBF8001053F8264033460F6860
:1042D0002E680133039807FB0467109E0193234661
:1042E000FFF7CCFA06FB07F702992A463B46404601
:1042F0008968FFF7C3FA002345F8044B49F8043FE7
:10430000019B9845DAD1059B049A043B1A44049218
:10431000059A0499DAF808001EF09EFC029C5046AB
:104320002146FFF73FFF002809DB4046DAF8082066
:10433000A168FFF775FA002007B0BDE8F08F129B67
:104340004046DAF808101A68FFF76AFA002007B04A
:10435000BDE8F08F04230593DAE76FF00300EBE785
:10436000436870B473B16FF0404482681C4452F8E3
:10437000245002EB84021DB11EE052F8044DDCB95A
:10438000013BFAD14A6882B16FF040448E68144410
:1043900056F8243006EB84041BB150E054F8045D59
:1043A000BDB9013AFAD11BB91A46104670BC704724
:1043B000026870BC104670474A68002AF8D06FF057
:1043C00040448E68144456F8245006EB8404002DB3
:1043D000E7D09A42ECD39A4225D802680968002AAD
:1043E00001DD002929DB002901DD002A22DB002B69
:1043F000DAD06FF0404480681C44A10050F824508B
:1044000056F8244008443144AC42CED307D90FE0DB
:1044100050F8045D51F8044DA542C6D808D3013BBD
:10442000F6D11A46C1E70A68524270BC104670477E
:104430005242BAE74FF0FF32B7E70122B5E7002357
:10444000C9E700BF0B4610B583EAE37284B0002BC6
:104450004FF00104A2EBE37201A9B4BF4FF0FF33A8
:10446000234602940092CDF80CD00193FFF778FF19
:1044700004B010BD90422DE9F041074664D0884257
:10448000144603D0FFF71EFC0646C8B90123656831
:104490003B6075B16FF04042A3682A4453F8221084
:1044A00003EB820319B10EE053F8041D59B9013D25
:1044B000FAD138460021BDE8F041FFF795BB06462A
:1044C0003046BDE8F08129463846FFF78DFB0646A9
:1044D0000028F5D1A068B6463446B968043800E033
:1044E000C6460B680EF1010850F8042FE418144476
:1044F0002CBF0123002341F8044BA24294BF1C4669
:104500005C1C45450A46EBD8002CD9D00EF10205BB
:104510004FEA88080BE01368013508F104082344CA
:10452000A34242F8043B34BF01240024C8D26B1ECE
:1045300079689942EFD829463846FFF755FB00289D
:10454000BDD1BA684244E6E70C469FE72DE9F04149
:10455000884684B00546114640461746FFF722FEBE
:10456000002838DB00230122AF4201AE0192029302
:10457000039325D0A84505D041462846FFF7A2FB66
:104580000446B0B9012378682B6010B36FF0404344
:10459000B968034451F8232001EB83031AB104E006
:1045A00053F8042D0AB90138FAD1AA680024FFF79C
:1045B00037F93046FFF704FB204604B0BDE8F08130
:1045C00039463046FFF77EFB04460028F1D13746D6
:1045D000D0E7B968E9E76FF00900EEE7F8B50E68D3
:1045E0000746136803FB06F3002B04DBFFF742FFCB
:1045F00000B93E60F8BD0D46114614462846FFF747
:10460000D1FD002807DB224629463846FFF79EFFEA
:104610000028EED0F8BD2A4621463846FFF796FF1F
:104620000028E7D176423E60F8BD00BFF8B50E68BD
:104630000746136803FB06F3002B0EDD0D461146FB
:1046400014462846FFF7AEFD00280CDB224629461B
:104650003846FFF77BFF20B1F8BDFFF70BFF0028BE
:10466000FAD13E60F8BD2A4621463846FFF76EFF74
:104670000028F1D176423E60F8BD00BF134630B548
:10468000002B85B083EAE3744FF0010501AACDF851
:104690000CD0A4EBE374B4BF4FF0FF332B4602956C
:1046A00000940193FFF79AFF05B030BD134630B573
:1046B000002B85B083EAE3744FF0010501AACDF821
:1046C0000CD0A4EBE374B4BF4FF0FF332B4602953C
:1046D00000940193FFF7AAFF05B030BD2DE9F04F1C
:1046E000074689B0002301208F4291460290059031
:1046F00003930493069307935ED002AB884601931D
:104700004F450DF1140B60D0D8F804507DB16FF017
:104710004042D8F808302A4453F8221003EB8203B1
:1047200019B104E053F8042D0AB9013DFAD1D9F8C2
:1047300004407CB16FF04042D9F80830224453F86D
:10474000221003EB820319B104E053F8042D0AB9D7
:10475000013CFAD129193846FFF746FA824648B19A
:104760005846FFF72DFA0198FFF72AFA504609B08C
:10477000BDE8F08F01463846FFF784FB82460028EB
:10478000EED18CB16FF040462644B600D9F808301F
:104790002846BA689B593244D8F80810FFF76EF8DB
:1047A000013CA6F10406F1D1D8F80020D9F8003078
:1047B00003FB02F33B60D3E702A80190FFF782FA04
:1047C000824658B9DDF804809AE739465846FFF723
:1047D00079FA82460028C3D1D94695E70DF1140B2A
:1047E000BEE700BF8B1E0E2B00F2D3802DE9F04FE9
:1047F0000C468BB04FF00009012605461046924644
:104800000F460496CDF81490CDF818901EF018FAC3
:10481000102C804632D049462846FFF733FB01462C
:1048200000283DD1B8F1000F00F0AD8083460DF1B6
:104830001009BBF1000F00F0AF801AF80B20A2F1B5
:104840003004A2F14101E0B2092888BFFF24052904
:10485000A2F1610198BFA2F13704052998BFA2F126
:104860005704A7421FD86FF0050148460191FFF792
:10487000A7F9019908460BB0BDE8F08FB0F1804F61
:1048800080F084808100284611F01C0F14BF33464D
:104890004B4603EB5111FFF7A7F90146002831D031
:1048A0000DF11009E1E703AB294607AA4846079630
:1048B000089609930397FFF711FF01460028D4D10A
:1048C0002B6807AA4946012B10D003AB2846039456
:1048D000079608960993FFF7A9FE01460028C4D160
:1048E0000BF1010BD845A4D10021BEE70793284660
:1048F000089303AB03940993FFF770FE0146002869
:10490000EED0B2E72846FFF7BDFA01460028C7D12E
:10491000B8F1000F37D00AEB080301938300B8F118
:10492000010F4FEAD00608F1FF3803F01C033CD01A
:10493000019A013012F801ED0192AEF13002AEF1B0
:104940004109AEF1610C5FFA82FBBBF1090F88BF30
:10495000FF22B9F1050F98BFAEF13702BCF1050F88
:1049600098BFAEF15702944202FA03F302D80DF158
:10497000100978E7AA6852F826703B4342F82630BF
:10498000B8F1000FCAD10DF11009ADE76FF00300C7
:1049900071E76FF0030070479AF800202D2A7FF42A
:1049A0004CAF4FF0FF322A609AE79AF800202D2A88
:1049B000BED14FF0FF330DF110092B6055E700BF5A
:1049C00000B585B00123009201AA01930293CDF8AE
:1049D0000CD0FFF783FE05B05DF804FB2DE9F04F26
:1049E000A7B04FF0010B0024814620AE019118467C
:1049F00023A91D4617462094CDF88CB0CDF890B071
:104A00002596FFF7ADFC00286FD029463846CDF833
:104A100050B015941694CDF85CB018941994CDF854
:104A200068B01B941C94CDF874B01E941F94CDF8FC
:104A300080B021942294FFF7B5FBA04220DB0DF15A
:104A4000500839460DF15C0A4046FFF73BF9044631
:104A500080B31AAB0DF1740B00934046FFF7B0F82A
:104A60005046FFF7ADF80098FFF7AAF85846FFF751
:104A7000A7F83046FFF7A4F8204627B0BDE8F08F2E
:104A8000B9F1000F05D021464846FFF7FBF904466F
:104A900038B9019B2BB339460198FFF713F9044647
:104AA000F8B11AAB0DF150080DF15C0A0DF1740B61
:104AB0000093D2E729465046FFF704F90446002840
:104AC000C7D11AAB7968CDF85CB0023118460093B3
:104AD000CDF850B0FFF788F8044648B10DF1740BDB
:104AE000BBE7002027B0BDE8F08F6FF00B00C4E7F4
:104AF00001460098FFF7C6F90DF1740B0446002833
:104B0000ABD102215846FFF76FF804460028A4D124
:104B100003213046FFF768F8044600289DD150462F
:104B2000FFF724FA00F01F001F2800F0C280C0F138
:104B30001F03404619460793FFF7A2FA04460028D0
:104B40008BD107995046FFF79BFA0446002884D181
:104B5000159B5046189A0293013B0392013A049325
:104B60009B1A05925A010A9311460692FFF788FA9A
:104B7000044600287FF471AF0A9B9B001C460BE0A3
:104B8000DDF870E05EF8043001334EF80430FFF7D2
:104B90004DFD002840F08F8051464046FFF7E0FB76
:104BA0000028524641464046EADA06995046FFF749
:104BB000B9FA044600287FF450AF05986FF04042E0
:104BC0006FF078438F4980000E94CDF83C900A90A6
:104BD000029810970244034401440A98119504383E
:104BE0008900CDF808A00C9003980391121A1B1AA3
:104BF00092005B0114460693049B059A934240F28F
:104C0000AE80039B16990433199A0A980D93125893
:104C1000CB581C9D9342C0F085804FF0FF332B5141
:104C20002B5913AF039A0133DDF83490043ADDF8C1
:104C300008A02B510B922DE0199B0C9A9A580A99B7
:104C4000026023AA5B5859461C9D436058462B5965
:104C500001252597239513932495FFF73FFD0146E2
:104C600058BB3046FFF70EF928BB049A229BAA4294
:104C7000169D01D00B9AA858039A314618605846E1
:104C8000AA585A6055F809209A60FFF769FB002876
:104C900015DD1C9D2B5900215846013B2B51FFF778
:104CA000F1F840B9059B1F98002BC5D1059A199BB7
:104CB000C5E707944CE70446CFE60446CDE61C9BC7
:104CC0000125514623AA1B595846CDF808A0239523
:104CD000139324952597FFF701FD002840F08D8060
:104CE00006995846FFF7CCF9002840F086805A46CE
:104CF00041464046FFF79AFC00287ED1139023A935
:104D00004046239524952597FFF72AFB00285FDB73
:104D1000049B043C013B0493069B203B06930B9BA6
:104D2000039369E703982F190858AAB10993002340
:104D30000893DDE9089A4B4649EA0009484651467E
:104D40001DF096FF00234FF0FF328B4208BF8242D6
:104D500000D21046386063E74FF0FF30FAE7DDF825
:104D60003C900E9C109F119DDDF808A0B9F1000F3A
:104D70000BD000994846FEF7A5FF00289BD12B6871
:104D80003A6803FB02F3C9F80030019B002B3FF4A3
:104D900064AE07994046FFF7C5F900288BD13B6800
:104DA0004146019F14933846FEF78CFF002882D1BC
:104DB000012513AB139023A93846239524952593F9
:104DC000FFF7CEFA00287FF448AE3D60044644E683
:104DD00002995846FEF776FF78B906995846FFF7CC
:104DE0004FF950B95A4641464046FFF7F7FB20B904
:104DF0001C9A1359013B13518AE7DDF808A00446B9
:104E00002BE600BFFEFFFF3F70B51C4684B00126B5
:104E100084EAE475002C01AB0296A5EBE475B4BFFF
:104E20004FF0FF343446CDF80CD000950194FFF7D5
:104E3000D5FD04B070BD00BF2DE9F04184B0002560
:104E4000012604468846104601A917460296CDF869
:104E50000CD08DE86000FFF783FAA8422ADB4246B7
:104E600028463B462146FFF7B9FD00BB054602E058
:104E7000FFF7B4FBD8B901A920460296CDF80CD0B3
:104E80008DE86000FFF76CFA00283A46214620467C
:104E9000EEDB02E0FFF7CAFB48B939462046FFF7D0
:104EA0005FFA00283A4621462046F3DA002004B093
:104EB000BDE8F0816FF00900F9E700BF131E15D0BF
:104EC00017DB012B30B4044604D0022B06D030BCD3
:104ED000FEF744BE0020206030BC70478B68002085
:104EE0001B6803F00103236030BC70476FF00B00B8
:104EF00070476FF0090070478B1E0E2B44D82DE9C8
:104F0000F04186B0164607460C460A46014601A8FF
:104F1000FFF7D4FF20BB4FF0010802AD014603AB01
:104F20003A4638460294CDF80C80CDF810800595AD
:104F3000FFF754FD034698B903A938460293CDF80C
:104F40000C80CDF810800595FFF70AFAA0B9019BF7
:104F5000092B08D9326837330020511C3160137097
:104F600006B0BDE8F081326830330020511C31605A
:104F7000137006B0BDE8F081214638463246FFF78F
:104F8000BBFF0028E3D0EBE76FF00300704700BFE2
:104F90002DE9F0438C1E85B00E2C00F282800C4669
:104FA00080461D461646FEF7E1FF032C25DC431C18
:104FB000033003F001031844A84275D8D8F8002044
:104FC000002301210096013202930191039360D0E6
:104FD000102C17D001AF41463846FEF773FE054648
:104FE00000283FD1019B013358D021466A463846FC
:104FF000FFF782FF054658B334E04008102C08BF85
:105000004008D4E7D8F8041009B36FF040400027F7
:10501000DFF8A0E00844800004235D1ED8F80820D3
:10502000CC184FEAC50C135823FA0CF303F00F0CFD
:1050300013F0FF034FEA23131BD1D7B9022C18D06A
:105040002B46002DE9D10139A0F10400E4D101AFD4
:10505000009B0022591C154600911A70009B9E1B54
:105060000C9B1E603846FEF7ABFD284605B0BDE838
:10507000F083009A01271EF8033002EB07091EF89F
:105080000C40CDF800901370009BDA1900921C7050
:10509000D6E772182D230092337099E7012301930C
:1050A000A3E76FF00300E1E70C9B18606FF00700C7
:1050B000DCE700BFA017002083681B68DB0729D549
:1050C0002DE9F04186B00546144F03240DF1080880
:1050D000012608E0FFF7F2FEA0B9019BABB157F83B
:1050E000044F002C0EDD03A9284602940396049673
:1050F000CDF81480FFF734F900282246294601A88C
:10510000E8DC012006B0BDE8F0816FF00D0006B0CC
:10511000BDE8F0816FF00D00704700BF28540260B9
:105120002DE9F04FA7B04FF0000801259A4617ACC3
:105130000590079118461AA90692CDF85C801A9539
:105140001B951C94FFF70CF94045309E40F3E88016
:10515000DAF808301F68FA0740F1E2801AA90698C9
:10516000CDF85C801A951B951C94FFF7F9F8002880
:10517000C0F2D680BD1C03236D0005F008053D4438
:1051800005FB07F2013BC2F1020202FB05F5F7D174
:105190004FF0010B194630221AA80F931DAC109343
:1051A0001293139315931693CDF838B0CDF844B0FD
:1051B000CDF850B01DF074FDDAF80430059803EB1B
:1051C0000B084146FEF710FD8146F0B111AF0DF11D
:1051D00050082046FEF7F4FC2046FEF7F1FC384666
:1051E000FEF7EEFC4046FEF7EBFC2EB1B3681BB1B8
:1051F000484627B0BDE8F08F0DF1380B5846FEF752
:10520000DFFC484627B0BDE8F08F41462046FEF758
:10521000EBFC11AF814610B10DF15008D9E74FEA10
:1052200048013846FEF7E0FC81460028F4D1079B90
:105230000DF150081B680893013374D0002E00F064
:10524000B980B368002B7BD00DF1380B30687168E2
:105250005B46B26807C3DDF81C9051464846FFF72D
:105260007FF80028C0F28180494652462046FFF769
:10527000E3FD81460028ACD16B42129813A91A466F
:1052800007930291534600920FA9019010AA20465D
:10529000FEF7E8FF814600289BD159460598FEF7A6
:1052A00011FD8146002894D113A926AA129B0DA8AE
:1052B000029101250799DDF814B0009118A942F870
:1052C000340D5846019353460B920D95179518953A
:1052D000FEF7C8FF814600287FF47BAF5A4603469D
:1052E00006980832406809925A46CB46A1460432D5
:1052F00004460A92BBF1000F00F097800BF1FF3BD0
:10530000069A926852F8245025FA0BF505F001052B
:1053100085F00102002B63D1002A61D00023E9E768
:105320006FF0030065E707994046FEF7CBFC814626
:1053300000287FF44EAFCDF81C80CDF850B07DE74B
:105340000DF1380B01215846FEF79CFD8146A8B1AE
:105350002046FEF735FC2046FEF732FC3846FEF7C5
:105360002FFC4046FEF72CFC40E707992046FEF74D
:10537000A9FC814600287FF42CAF7DE7DAF8041001
:1053800058468901FEF77CFE814600287FF421AF54
:10539000524659465846FFF74FFD814600287FF494
:1053A00018AF002E3FF457AF5B4607CB30607160FB
:1053B000B26050E70DF1380B01215846FEF762FD4F
:1053C00081460028DAD02046FEF7FAFB2046FEF799
:1053D000F7FB3846FEF7F4FB4046FEF7F1FB0DE71E
:1053E000012B00D132BB129813AA0799534602929F
:1053F00000910190099A0A990598FEF733FF38BB8E
:105400006900129A13AB0598294401921AAA079DC4
:105410000293534602EB8101009501F10802043129
:10542000FEF720FFA0B9012364E7A4B1013C4FF0CF
:105430001F0B65E7129813AA079953460292009131
:105440000190099A0A990598FEF70CFF0028EAD006
:105450004C468146BDE613A9129B4FF0010E0DADDF
:1054600002914C46079901935346009118A90B9A53
:1054700005981995CDF834E0CDF85CE0CDF860E002
:10548000FEF7F0FE814600287FF4A3AE089B0133AF
:105490007FF49FAE069A5368002B3FF49AAE936850
:1054A0001B68DB077FF595AE059A089910461160D9
:1054B0005146FFF793F881468BE600BFB1F5007FB8
:1054C0001BD870B5ADF5007D154606460A460C465C
:1054D00018466946A847054640B168464FF4007132
:1054E0000CF03CFB28460DF5007D70BD2246304691
:1054F0006946FEF769FD0546EFE76FF00300704768
:105500002DE9F04F00239BB00124054609938846FE
:105510000A9301460C9391460D9317AA0F9308A87E
:105520001093129313931593169307AB08940B944F
:105530000E94119414940794179418941993FFF7E8
:1055400075F88346002837D1099F8FB10A9E01461E
:10555000043E56F8044F002203E0202A01F1010125
:1055600025D024FA02F3013213F00103F5D00F46DF
:105570000BAE08A93046FEF7A5FB834618B314AB63
:1055800011AC0DF1380A029308A8FEF719FB30465A
:10559000FEF716FB5046FEF713FB2046FEF710FB06
:1055A0000298FEF70DFB58461BB0BDE8F08F0130A6
:1055B000B842CED11F46DBE714AB0BAE11AC0DF1F8
:1055C000380A0293E0E739463046FEF7ABFD8346E2
:1055D0000028D4D12846FEF7C9FC40F21353984264
:1055E00016D840F25133984200F2C88040F2892325
:1055F000984200F2C680B0F5AF7F80F0CD80F928E8
:1056000000F2CD80962834BF1B231223049301E0BF
:1056100002230493002311AC0397059369684B465A
:10562000424620468900FFF749FF8346002840F0A4
:105630009D8008A92046FEF793FE002810DB204637
:10564000FEF794FC824608A8FEF790FC0AF10101DF
:10565000091A2046FEF766FD8346002840F0868042
:10566000139A4FF0200A039F136843F0030313605B
:1056700069684B46424620468900FFF71FFF002815
:1056800073D12046FEF772FC834608A8FEF76EFC35
:10569000834563D8BAF1010A08A920466BD0FEF70A
:1056A0005FFE0028E4DA012317A920460793179329
:1056B000189307AB1993FEF753FE0028D8DD14ABFF
:1056C000039714AF3246009321462B46204602979B
:1056D000FFF726FD834600284AD108A92046FEF799
:1056E0003FFE002850D0012317A9204607931793A7
:1056F000189307AB1993FEF733FE002844D0039BA1
:10570000012B50D94FF0010A039F19E00EA8FEF7B4
:10571000E5FF2A460EA9002859D12046FFF78CFB49
:1057200017A9002853D101232046079317931893F4
:1057300007AB1993FEF714FE002833D0574531D03C
:105740000EAB08A920460AF1010A0393FEF708FEF2
:10575000224621460028D9D1039729E0C0EB0B014E
:105760002046FEF7DFFC002894D0834614AB02935A
:105770000DF1380A08E76FF00D0015E703230493D5
:1057800048E70423049345E7059B049A01339A42B2
:1057900005937FF443AFEBE7082304933AE70C2328
:1057A000049337E7039708A92046FEF7D9FD58B9B7
:1057B000012317A9204607931793189307AB199352
:1057C000FEF7CEFD0028DFD16FF00D0BD0E7DDF83E
:1057D0000CA08346D8E600BF2DE9F0478EB0002329
:1057E0000124074605A815460294059408940393DE
:1057F00004930693079309930A93FEF763FA70B133
:10580000824608AC02A8FEF7DBF905A8FEF7D8F936
:105810002046FEF7D5F950460EB0BDE8F08708AC3B
:1058200029462046FEF74EFA82460028EAD1DDF8E6
:1058300018E0BEF1000F00F0D780079E0146043E3D
:1058400056F8045F002204E0202A01F1010100F073
:105850009E8025FA02F3013213F00103F4D0099E71
:10586000C6B10A9B4FF0000CA3F1040E60465EF82F
:10587000045F002204E0202A00F1010000F08D8086
:1058800025FA02F3013213F00103F4D0814228BF5C
:1058900001460E46314605A8FEF744FC8246002824
:1058A000B0D131462046FEF73DFC82460028A9D102
:1058B000012381460DF104081D46089305930BA9A9
:1058C00005A8CDF804900B950C95CDF83480FEF723
:1058D00047FD00287AD00699A1B1079B4FF0000A36
:1058E000A3F1040C50465CF804EF002203E0202AE8
:1058F00000F1010040D02EFA02F3013213F001034F
:10590000F5D0014605A8FEF70DFC824600287FF47D
:1059100079AF099991B10A9B8646A3F1040A5AF816
:1059200004CF002203E0202A0EF1010E2AD02CFA27
:1059300002F3013213F00103F5D071462046FEF761
:10594000F1FB824600287FF45DAF214605A8FEF7F3
:1059500007FD002828DB05A922460846FEF7F6FDCC
:10596000824600287FF44EAF012105A8FEF7DAFB3E
:1059700082460028A3D045E70AF1010A5145B2D179
:105980001946BFE701308842C9D11946D6E7013030
:1059900086457FF455AF194661E70CF1010CB4451B
:1059A0007FF465AF1E4675E705AA21462046FEF73F
:1059B000CDFD824600287FF425AF01212046FEF769
:1059C000B1FB824600283FF47AAF1BE73146204600
:1059D000FEF756FB824600287FF414AF3846214676
:1059E000FEF770F982460DE7714638E72DE9F04F72
:1059F000A5B001270E4614461EAD009021A9104601
:105A00001E97219722972395FEF7AAFC002840F3C2
:105A1000148100232246314606A80A930B930D9366
:105A20000E93109311931393149307930893169363
:105A3000179319931A931C931D931F9320930997FF
:105A40000C970F9712970697159718971B971E9705
:105A5000FFF7C2FE034660B30DF1240A0CAE0DF150
:105A600054080DF160090FAA0DF1480B01921BAF0C
:105A700050460093FEF7A4F83046FEF7A1F80198CF
:105A8000FEF79EF85846FEF79BF806A8FEF798F832
:105A90004046FEF795F84846FEF792F83846FEF77E
:105AA0008FF82846FEF78CF8009B184625B0BDE815
:105AB000F08F05AB21A906A805972197229723937C
:105AC000FEF74EFC10B16FF00D03C5E70DF1240A8F
:105AD000314622460CAE5046FFF7AEF90346002889
:105AE000BDD151463046FEF7EDF80DF1540803469E
:105AF0000028B6D121464046FEF7E4F80DF16009D2
:105B000003460028AFD121464846FEF7DBF803469E
:105B10000028A8D10FAB39460DF1480B1846019368
:105B2000FEF7B0F903460028A1D101465846FEF71A
:105B3000A9F91BAF034600289AD101463846FEF763
:105B4000A1F90346002893D101212846FEF79AF9CE
:105B5000034600288CD10394019C02900E9B1B6885
:105B6000DA0726D46CE0FEF7DDFA42463946002813
:105B700061D11D9B38461B68DB0703D4209B1B6843
:105B8000DB070AD5FEF72AFD52462946002852D1E6
:105B90002846FEF74BFD00284DD101213846FEF77F
:105BA000C1FA0121002846D12846FEF7BBFA002899
:105BB00041D11A9B012148461B68DB07D3D54946D2
:105BC0003046FEF7CDFB002864DB4A4631463046BE
:105BD000FEF72CFD00282ED13A4621462046FEF73E
:105BE00025FD40BB2A4659465846FEF71FFD10BB0F
:105BF000029B21A93046059301232193229305ABF3
:105C00002393FEF7ADFB0028A8D1039C0290029BD2
:105C100021A93846059301232193229305AB2393B1
:105C2000FEF79EFB002822463946384624DAFEF766
:105C3000D5FC0028EBD003461AE76FF0030035E7E8
:105C400001213046FEF76EFA0028F4D1119B1B6843
:105C5000D80735D4149B1B68D90731D401212046BD
:105C6000FEF760FA0028E6D101215846FEF75AFAFD
:105C700000283FF473AFDEE721463846FEF770FB9D
:105C8000002822463946384629DBFEF7CFFC00289B
:105C9000F2D0D0E7324649464846FEF7C7FC002816
:105CA000C9D1224639463846FEF7C0FC0028C2D189
:105CB0005A4629462846FEF7B9FC002898D0BAE78C
:105CC000424621462046FEF789FC0028B3D15246C1
:105CD00059465846FEF7AAFC0028BFD0ABE700980B
:105CE000FDF7F0FF0346C3E62DE9F04188B04668B2
:105CF00080680124002301AD0F46049005A902A885
:105D00009046039602940594069401930795FEF736
:105D100027FB38B305A902A80194059406940795BA
:105D2000FEF71EFBF0B1022305A902A80594069414
:105D300007950193FEF714FB18B9002008B0BDE8E1
:105D4000F08102A8FFF7B8F920B10128F5D008B01A
:105D5000BDE8F0814246394602A8FFF7D1FB08B002
:105D6000BDE8F0816FF00D00E8E700BF2DE9F04FCE
:105D700040F6FD77A1F1030E8DB0BE45169E00F2F0
:105D8000C68011F01F0A02924FF001021D464FF02B
:105D90000003044618BF92468B4607930AEB511A3C
:105DA0000893DFF890914FEA8A0706924FEA4A1A61
:105DB000A7F104080197C1EB0A03039333462A466F
:105DC00001992046FFF77AFBB0B9A36853F8082081
:105DD0004A45F3D9D3451AD3D3F800E03246029F9F
:105DE00029464EF0010C2046C3F800C0BFB9FFF7AA
:105DF0007BFF10F10E0FE1D0034606AF384601934A
:105E0000FDF7DEFE019B18460DB0BDE8F08F03994B
:105E10002046FEF787F90028EED1A368DCE74EF0B4
:105E200003070322214604A81F60FDF797FE0346DF
:105E300000286AD1049B002B6CD0012B55D006AFF3
:105E400021463846FDF73EFF03460028D6D1012102
:105E50003846FEF767F903460028CFD14FF00C0A09
:105E60004FF001080DF1140922E013F10E0F09AAF9
:105E700021462046C2D1CDF814A0CDF82480CDF81B
:105E80002880CDF82C90FEF7A9FB03460028B5D159
:105E9000062309AA394638460593CDF82480CDF863
:105EA0002880CDF82C90FEF799FB03460028A5D159
:105EB0002046FFF701F903460028D6D13846FFF700
:105EC000FBF803460028D0D1324629462046FFF78A
:105ED00017FB03460028C8D1324629463846FFF74B
:105EE0000FFB03460028C0D188E74FF0040E05AF32
:105EF00009AA2146204609930A93CDF814E00B978E
:105F0000FEF76CFB0346002899D006AF76E76FF0EA
:105F1000030079E70820012305AF09AA059021466F
:105F2000204609930A930B97FEF758FB0346002877
:105F3000EBD184E733F304B52DE9F04F9FB0002394
:105F4000012482467E4A06A81021069409940C94E6
:105F50000F94129415941894079308930A930B9333
:105F60000D930E9310931193139314931693179309
:105F700019931A93FEF736FC20B3834609AC0CAD97
:105F80000FAE15AF0DF160080DF14809BAF1000F21
:105F90002AD106A8FDF714FE2046FDF711FE28467B
:105FA000FDF70EFE3046FDF70BFE4846FDF708FEF6
:105FB0003846FDF705FE4046FDF702FE58461FB085
:105FC000BDE8F08F09AC5F4A10210CAD2046FEF70A
:105FD00009FC834640B30FAE15AF0DF160080DF11B
:105FE0004809BAF1000FD4D0594657481CF068FE52
:105FF00006A8FDF7E5FD2046FDF7E2FD2846FDF782
:10600000DFFD3046FDF7DCFD4846FDF7D9FD38469B
:10601000FDF7D6FD4046FDF7D3FD0A201CF008FE33
:1060200058461FB0BDE8F08F484A102128460FAEF1
:10603000FEF7D8FB834628B115AF0DF160080DF1CE
:106040004809A3E72A4606A9304615AFFEF746FBE6
:10605000834620B10DF160080DF1480996E73C4AEE
:1060600010213846FEF7BEFB83460028F2D1BAF174
:10607000000F19D139463046FEF772F938B10DF1EB
:1060800060080DF1480906A84FF0010B82E70DF1F9
:1060900048092B4606AA30464946FEF79FFC834630
:1060A00020B30DF1600874E72A481CF009FE394658
:1060B0003046FEF755F948B10DF160080DF1480979
:1060C00025481CF0E5FD4FF0010B8DE70DF1480967
:1060D00022481CF0DDFD2B46494606AA3046FEF755
:1060E0007DFC834608B30DF160087DE71C4A102152
:1060F0003846FEF777FB83460028D2D10DF16008C1
:10610000184A10214046FEF76DFB834600287FF4B5
:106110003DAFBAF1000F40F0B18039463046FEF78E
:106120001FF908B34FF0010B33E70D4A1021384631
:10613000FEF758FB83460028E0D00DF1600825E704
:10614000A81A00202C1B0020F81D0020B01B0020E6
:10615000141C0020F41C00205C1A00200C1A0020E3
:10616000101D0020341D002041464846FEF7F8F877
:10617000002888D1CDF800A02B46224606A930463B
:10618000FEF7CEFF834600287FF403AF724A10214A
:106190003846FEF727FB834600287FF4FAAE3946DF
:1061A0003046FEF7DDF800287FF46DAF2A4606A9D9
:1061B0003046FFF71BFC834600287FF4EAAE674AAF
:1061C00010213846FEF70EFB834600287FF4E1AE2F
:1061D00039463046FEF7C4F800287FF454AF604BD0
:1061E0000022C346B8462F4625461C46029254F864
:1061F000081C3046FDF746FE0346002840F0A58007
:1062000054F8041C4846FDF73DFE4A460346314615
:10621000002840F09A8006A8FFF7DEFA1BA9034683
:10622000002840F0928022680123039006A882EAA9
:10623000E27E002A1C9305ABAEEBE27EB4BF4FF0CA
:10624000FF3201221D93CDF814E00C341B92FEF7AF
:1062500087F8039B00286BD1029A0132032A02922D
:10626000C5D12C463D464746D8469B46BAF1000F5D
:106270003FF48FAE3B481CF00BFDB9E63A481CF0EA
:106280001FFD39463046FEF76BF800287FF418AF43
:1062900041464846FEF764F8834600287FF410AF75
:1062A00030481CF0F5FCCDF800B02B46224606A97C
:1062B0003046FEF735FF834600287FF495AE264A28
:1062C00010213846FEF78EFA834600287FF45EAE32
:1062D00026481CF0F5FC39463046FEF741F8002808
:1062E0007FF4EEAE1F481CF0D3FC2A4606A93046C8
:1062F000FFF77CFB834600287FF476AE174A102117
:106300003846FEF76FFA834600287FF43FAE184800
:106310001CF0D6FC39463046FEF722F800287FF400
:10632000CFAE10481CF0B4FC12481CF0C9FC56E774
:106330002C463D464746D846BAF1000F3FF4A3AE7F
:1063400002990D481CF0BCFCBDE62C463D46474674
:10635000D8469B461AE600BF201E0020801E002063
:10636000D05602600C1A0020941D0020B01D0020A1
:10637000CC1D0020E41E0020E81D00202DE9F003C4
:106380000B680468496840686340214D4840C3F386
:10639000074705EB136155FA83F605EB10682F44A8
:1063A00091F80011C3F3072C96F8006298F80033B7
:1063B00055FA80F897F8009346EA0166C0F307277C
:1063C00098F80011C0F3074846EA09462F4441EA0D
:1063D000036115F8083015F80C0041EA034197F8FD
:1063E000003246EA0020146841EA032380EA336160
:1063F000506883EA314381EA3321634080EA010532
:1064000083EA312182E82200BDE8F003704700BF33
:10641000EC5602604FF48A7200211CF041BC00BFB0
:1064200018B14FF48A710BF099BB70472DE9F04F0A
:10643000C5B01646041D0746019240220D460021B4
:106440000DEB02001CF02CFC20464FF4887200215A
:106450001CF026FCC02E00F01B82B6F5807F00F0F9
:106460001782802E04D06FF0230045B0BDE8F08F76
:1064700003234FF004094FF0150810263B6000235A
:1064800002936A1E0DF13F010023013312F8010F40
:10649000B34201F8010FF8D3019BC02B00F0038237
:1064A000744904AD4FF0CC0C4FF07F0E66279E234D
:1064B0000020CDF80CC04FF08B0BF4464FF0900A43
:1064C000BE463B222F46A026054608461946CC2349
:1064D0000CE0067A0830417890F802E090F803C0AA
:1064E0000279437990F806A090F807B009040837BC
:1064F0001B0441EA066604A943EA026346EA0C0269
:1065000043EA0B0342EA0E2243EA0A2341F835200C
:10651000013547F8043C062DDBD14022002120A89C
:106520001FAD1CF0BDFB0DF161060DF141000378BC
:10653000043010F8051C1B0410F8022C43EA016318
:1065400010F8031CB04243EA020343EA012345F872
:10655000043FECD120A924A851F8043BCA68814229
:1065600083EA0203CB61F7D104A92AAA28A827ADA0
:10657000FFF704FF2AA806A928AAFFF7FFFE29466D
:106580002BA851F8042F51F8203C884283EA0203DB
:106590000B60F6D12AAA08A928A8FFF7EFFE28AABF
:1065A0002AA80AA9FFF7EAFE019B802B12D923A98A
:1065B00051F8042F0B698D4283EA02030B62F7D175
:1065C0000CA92EAA2CA8FFF7D9FE2CAA2EA80EA93A
:1065D000FFF7D4FE029B0121219A0DF1C00E4FEA74
:1065E000031A254B0D46319203EB0A07209B239A91
:1065F00076463093229B33923293C5EB05130135D7
:10660000E1B103F01F033199309AC3F120009A40A1
:10661000C1404A403261319A32999A40C1404A4061
:106620007261329A33999A40C1404A40B261309ABD
:106630003399C24001FA03F35340F361052D06F18B
:1066400010060AD017F8011FC5EB05130135002904
:10665000D7D1052D06F11006F4D1029943AF8B0076
:106660001A4603937346511800224FEA011B03494F
:10667000594407E0EC5A02601C5B02603C5B02601C
:1066800011F9012F561C02D0186844F822009F42CD
:1066900003F10403F4D1019B802B42D9249B0AF11E
:1066A000040C8649764630930F25269B8C44259A08
:1066B0003293279B3192339305F01F031CF8012B73
:1066C0000F35C3F12001C2B13098319A9840CA40C9
:1066D000424032613198329A9840CA4042407261D9
:1066E0003298339A9840CA404240B2613398309A07
:1066F00000FA03F3CA405340F3614B2D06F1100634
:10670000DAD10BF113016E4A44A87346114411F912
:10671000012F551C02D01D6844F8225004339842C2
:10672000F5D1289B0AF1090C644D0122299976467E
:106730002A98AC44309315462B9B31913393C5EB8B
:10674000051332900135E2B103F01F033199309AFD
:10675000C3F120009A40C1404A403261319A3299D7
:106760009A40C1404A407261329A33999A40C1407E
:106770004A40B261309A3399C24001FA03F3534060
:10678000F361052D06F110060AD01CF8012BC5EBAC
:1067900005130135002AD7D1052D06F11006F4D1D5
:1067A0000BF12802464973460A4401E012F9019FA1
:1067B000B9F1FF3F02D0196844F829109F4203F154
:1067C0000403F3D1019B802B43D92C9B0AF10C05C8
:1067D0003A4977462D9A0F260D4430932E992F9BD8
:1067E00031923291339306F01F0315F8012B0F36C7
:1067F000C3F12001C2B13098319A9840CA4042405A
:106800003A613198329A9840CA4042407A6132984F
:10681000339A9840CA404240BA613398309A00FA9D
:1068200003F3CA405340FB614B2E07F11007DAD146
:106830000BF13B02224B44A81A4412F9013F591CA8
:1068400003D0DEF8001044F823100EF1040E70455A
:10685000F3D10298039A430011461A4A03440144B3
:106860001B0102EB810203F1D0008033204423445A
:1068700001E012F9018FB8F1FF3F02D054F828105F
:10688000196004339842F4D1002045B0BDE8F08F80
:106890000423019A4FF0FF394FF019083B600123A0
:1068A000D6080293EDE50DF14F030DF1570113F8F2
:1068B000012FD2438B421A72F9D1F1E51C5B0260C1
:1068C0003C5B0260DC5B02602DE9F041C6B00C4627
:1068D000154600214FF48A72804601A81CF0E0F9A9
:1068E0002A46214601A8FFF7A1FD0746002842D10C
:1068F000019B02A808F1140E08F11C02A3F1040682
:10690000C8F80030B6FA86F67609F31CF6009B014B
:1069100006F1160100EB030CC358DCF80400ACF1DF
:106920000805C8F80430ACF11003C8F80800DCF81A
:106930000840DCF80C00C8F80C40C8F810009C684F
:106940000139D86802F1080242F8104CA3F108039B
:1069500042F80C0CF3D17342153605EBC3030EEB72
:10696000C606A3F1B800A83B07C853F8043CB060C2
:10697000F1603261736101A84FF48A710BF0EEF897
:10698000384646B0BDE8F0812DE9F04192F805C0E7
:106990001D4692F804E084B0547A4FEA0C4792F80E
:1069A000088000F1140647EA0E6C5178240492F82E
:1069B00007E0537B090444EA08674CEA0E0E947919
:1069C0001B0492F800C092F80C804EEA042E41EAB3
:1069D0000C6C8168D47A43EA08638EEA010ED17B9D
:1069E0003C43977A0B43D17844EA0724C7684CEAC2
:1069F000010192F80EC092787C4043EA0C230769AB
:106A000041EA022142687B40076881EA020CCDF826
:106A100004E002940393CDF800C0002F4BD034461D
:106A2000B84619E0206B40340099019A0840039B56
:106A300082EAF072019254F80C0C1043484002991B
:106A4000009054F8042C1A434A40029254F8081C4F
:106A50000A4083EAF273039302AA2146684608F1CA
:106A6000FF38FFF78BFC6A4604F1080102A8FFF724
:106A700085FC02AA04F110016846FFF77FFC6A4614
:106A800004F1180102A8FFF779FC02AA04F1200121
:106A90006846FFF773FC6A4604F1280102A8FFF775
:106AA0006DFCB8F1000FBDD106EB8716029C039B6D
:106AB000103E9DE800503268002084EA02070297E9
:106AC0003C0E726853400393B168F2688CEA01018E
:106AD000EB718EEA0202EF704FEA116EE9720E0C52
:106AE000EA73090A85F808E06E724FEA126E160C16
:106AF000A972120A85F80CE0190E6E73AA731E0CA7
:106B000029711B0A390C6E713A0AAB712C706970CD
:106B1000AA7004B0BDE8F0812DE9F047160784B0F3
:106B20000C9C0D9D59D1174680468A461E4669BB6E
:106B300042B303F1FF392068EE466168A268E3685A
:106B4000AEE80F002B46002122464046FFF71CFF0F
:106B50006B1E494605F10F0E13F8010F11F8012FB6
:106B6000734582EA00021A70F6D1EE46103F04F136
:106B7000100405F11005BEE80F0030607160B260CE
:106B8000F360D8D1002004B0BDE8F087002AF9D026
:106B9000013C03F1FF3949466A1E04F1100E14F856
:106BA000010F11F8013F744583EA000302F8013F29
:106BB000F5D12B462A4651464046FFF7E5FE2868A8
:106BC0006968103FAA6805F1100555F8043C30606B
:106BD0007160B260F360DED1D4E76FF02500D2E7D8
:106BE0002DE9F047089E9A4681461C68DDF824800E
:106BF0000A9FA9B17AB1013F15465CB3315D621CB1
:106C000018F8013B013D83EA010307F8013F3355C2
:106C100002F00F04F1D1CAF800400020BDE8F0876F
:106C2000002AF8D0154674B1335D611C18F8012BA9
:106C3000013D83EA020307F8013B325501F00F04DE
:106C4000E9D0002CF0D13346324601214846FFF707
:106C50009BFEE9E73346324601214846FFF794FEA2
:106C6000CCE700BF2DE9F84FDDF828909346146873
:106C70000B9FDDF8308089B182461E460D4694B1E7
:106C800019F80420013D17F8013B04F1010483EADF
:106C9000020304F00F0408F8013BF0D1CBF80040E8
:106CA0000020BDE8F88F32464B4601215046FFF7E1
:106CB0006BFE06F1100212F8013D0133DBB21370D6
:106CC000002BDDD19642F6D1DAE700BF2DE9F04F77
:106CD0004FF0000AFDB02022069051461FA80DF18A
:106CE0002C0B0DF13C091BF0DBFF4FEA6A06069BFB
:106CF0000AF00107B41C002B40F046814FEA8418CB
:106D0000E30000240593B04B03EB8615C03303EB7F
:106D100046130793059A29461FA81BF09DFF42467C
:106D20001FA937A8002F40F00C81FFF7CDFD079B6E
:106D3000DC46A64A234402EB040E186859684E4606
:106D40009A681034DB682035ACE80F00DEF80000EC
:106D5000DEF80410DEF80820DEF80C300FC65A46C4
:106D6000394627AB37A8FFF70FFE1022494627A860
:106D70001BF092FF002840F06181202CCAD1069BB5
:106D8000002B40F01C810AF1010ABAF1060FACD1C8
:106D9000069B002B40F0708100230893089B5C1039
:106DA00003F001030593A51C069B002B40F0FB801C
:106DB000AE01874B0FCB8BE80F00854B0FCB89E8DB
:106DC0000F00844BEA001FA803EB44111BF044FFA3
:106DD000059B32461FA937A8002B40F0E180FFF742
:106DE00073FD04EB440400267B4B03EB0413344691
:106DF00007937A4B5F46079A5D4603EB040C059BAD
:106E000002EB040A4E46CDF82490002B40F0A380FC
:106E100013AD9BE80F0085E80F00DAF80000DAF800
:106E20000410DAF80820DAF80C300FC7DCF800009C
:106E3000DCF80410DCF80820DCF80C300FC627ABB7
:106E40001022059937A8019313ABCDF800B0103488
:106E5000FFF762FE1022494627A81BF01DFF0028FD
:106E600040F0EC80302CC4D1069B0546002B40F04E
:106E7000EC80089B0133062B08938FD1069B002BD7
:106E800040F0068100274FF01009DFF878B13C464A
:106E90004E46DDF818A0059507F001085048013767
:106EA000BAF1000F07D04F494F4BB8F1000F08BFA0
:106EB00019461BF005FF250100224C490DF15C0E1F
:106EC0000BEB05030A920D4403F5F1630FCB8EE83B
:106ED0000F0095E80F001FAD85E80F00294604EB71
:106EE0004405802237A8FFF7A1FA414B2D01324615
:106EF00027A87C105919B8F1000F40F085801BF0CD
:106F0000ABFE27AB1BAA3146029337A8019317AB00
:106F100000920AAAFFF7A6FE364B324627A8591957
:106F20001BF0BAFE002840F08980BAF1000F40F053
:106F30009080062F0BEB840300F09380D3F8086950
:106F4000AAE742461FA937A8FFF770FA1F4BDC4695
:106F5000079A2344EFE699E80F0013AE86E80F0086
:106F6000DCF80000DCF80410DCF80820DCF80C3059
:106F70000FC5DAF800004D46DAF80410DAF80820F8
:106F8000DAF80C300FC55AE7174B4FEA8418154A48
:106F900041461948002F08BF1A461BF091FEAFE684
:106FA000FFF744FA1DE70599AE010F4B0D4A134850
:106FB000002908BF1A4631461BF082FEF9E6104848
:106FC0001BF066FEDFE600BF045C0260245D026029
:106FD000445D0260545D0260B45D0260445E026024
:106FE0003C1F0020E8190020E4190020A45E026084
:106FF000D45E0260645F0260041F0020201F002036
:107000000C1A0020EC560260234B324627A859196F
:107010001BF022FE27AB1BAA3146029337A801932F
:1070200017AB00920AAAFFF71DFE1C4B324627A899
:1070300059191BF031FE00283FF477AF069BFBB9CE
:10704000012528467DB0BDE8F08F15481BF020FED5
:107050000FE713481BF01CFE062F0BEB84037FF495
:107060006DAF069B059D002BEBD00A201BF0E0FDC9
:1070700028467DB0BDE8F08F0A201BF0D9FD8BE6D5
:10708000012508481BF004FE28467DB0BDE8F08FBE
:107090000A201BF0CDFDF5E6645F0260D45E02605D
:1070A0000C1A00205C1A00202DE9F04F9BB00793CA
:1070B0002A9B0390022BDDF89890289E00F099817E
:1070C000102B00F296812A9BDB0700F19281249B12
:1070D000073B062B00F28D81B9F57F4F00F28981C5
:1070E0002A9BB9F1000F9DF890409246A3F102024D
:1070F0008B4608BF0023C4F10E0118BF402352087D
:10710000C4F10F041AAF43EAC2030DF13900CAB249
:107110000799E4B215460992249A2B43C5F10F054D
:10712000089407F8303D04951BF096FD791912AAD2
:107130005346279D02F8013D8A424FEA1323F9D1B5
:107140002795002B40F055810DF137011A4612ACFE
:107150009E46084606910DF147011293139305913F
:107160001493159301E014F801EF10F8013F013278
:107170008EEA0303102A01F8013FF4D112AB0DA8E7
:10718000279500901946039800F0F4FC0446002867
:1071900040F00C81B9F1000F71D04B46C9F30728BC
:1071A0000E940DF13A000E2B7C60BC6028BF0E23BC
:1071B000FC6025991A460A938DF839908DF838802D
:1071C0001BF04AFD059B22463846279D194601E0E3
:1071D00010F8018F13F8014F013288EA0404102AD5
:1071E00001F8014FF4D10DAB2795039D009312AB2D
:1071F0002846194600F0BEFC002840F0D7800A9AC5
:10720000B9EB020319463AD01346259ACDF828B0B7
:1072100004461344CDF82CA028960DF15708994642
:10722000AB46DDF818A00E46102E354649463846C6
:1072300028BF10253C607C602A46BC60FC601BF0C7
:107240000BFD5046059911F8012F10F8013F4145FB
:1072500083EA02030B70F6D10DAB1022584600935F
:1072600012AB194600F086FC002840F09F80761B88
:10727000A944D9D1DDF828B0DDF82CA0289E9DF8CE
:1072800024300DF1680907990DF15900249A09F885
:10729000103D1BF0E1FC249B0021089A581C484437
:1072A0001BF0FEFC01238DF86730BAF1000F58D0B7
:1072B0000DF15708279D5446102C28BF1024BBF110
:1072C000000F21D1294622463846C7F800B0C7F83A
:1072D00004B0C7F808B0C7F80CB01BF0BDFC0698A6
:1072E000059911F8012F10F8013F414583EA020387
:1072F0000B70F6D10DAB10220398009312AB194618
:1073000000F038FC002851D10DAB102249460398FB
:1073100000933B4600F02EFC002847D103461AAAF2
:10732000295C1A44013312F8302CDBB24A409C42EB
:1073300032541846F3D8BBF1010F3AD0049B2644CF
:107340002544C4EB0A0A1AAA09EB030112F8013D0D
:107350000133DBB213700BB99142F7D1BAF1000FD0
:10736000A9D1049B00224B4419461AAB03F8012D06
:107370009942FBD10DAB49460398102200933B463E
:1073800000F0F8FB90B90DF15701059B069813F832
:10739000014F10F8012F994282EA04021A70F6D1C7
:1073A0002A9A12A929981BF057FC00201BB0BDE8AF
:1073B000F08F00233146224638463B607B60BB603D
:1073C000FB601BF049FC0698059911F8012F10F895
:1073D000013F414583EA02030B70F6D10DAB102249
:1073E0000398009312AB194600F0C4FB0028A5D007
:1073F000DCE76FF00C001BB0BDE8F08F40220021ED
:107400001BF04EBC2DE9F041054617460846012207
:1074100019461E4600F0A6FAA8B143690446102B8F
:1074200011D1284600F0B6FA2146284600F0C2FAEB
:1074300008B1BDE8F0813246394628460123BDE84F
:10744000F04100F0E3BA6FF00C00BDE8F08100BF3E
:1074500010B5044600F09EFA40212046BDE81040D9
:107460000AF07CBB30B589B0119D9DB106951C46D4
:107470000E9D13460A46109903950D9D05910295A0
:107480000F990C9D049100218DE83000FFF70CFE50
:1074900009B030BD6FF00C00FAE700BFF0B589B05D
:1074A0000F9E119C0E9F109D02960494139E129C99
:1074B000009313460A46002101970395059406960A
:1074C000FFF7F2FD09B0F0BD2DE9F0418CB0884620
:1074D0000121129F08AD139E159C01970296149FDF
:1074E000179E00931346059542460397049406960B
:1074F000169DFFF7D9FD80B996B1014603460CAA47
:10750000695C1A44013312F8102CDBB24A409E42E7
:10751000194640EA0200F2D820B90CB0BDE8F0816B
:107520003046FAE7204641460AF018FB6FF00E009D
:10753000F3E700BFF0B50A9C05AD95E8E0401CB14B
:10754000BDE8F040FFF7C0BF6FF00C00F0BD00BF1A
:107550002DE9F04FA5B040220021814614A81BF070
:107560009FFB14A88023534A0221FFF74BFF00BB67
:10757000514F082304264FF0010A089307F10C032A
:1075800007F130053446099307F118034FF0070B54
:10759000B8460A9307F124030B93B9F1000F67D1A2
:1075A00096B9B9F1000F7FD10124204625B0BDE87E
:1075B000F08FB9F1000FF7D0012440481BF080FB99
:1075C000204625B0BDE8F08F0CAF3D4B0899224610
:1075D00003933B19029114A83A49059301910021A4
:1075E0000696CDF800B00497374BFFF75DFD0028F5
:1075F000D7D1A219294638461BF04EFB0028D0D11E
:107600002A19089805965B462E4E2146019014A82B
:107610000492A6F12402039702950096FFF754FF07
:107620000028BED122463846A6F118011BF034FBD3
:1076300004460028B5D1B9F1000F31D1BAF1030FDA
:1076400005F120051BD0099B0AF1010A58F804BF77
:107650001A4652F8043F08930A9B099253F8044FC4
:107660000A930B9B53F8046F0B93B9F1000F97D05B
:10767000514616481BF024FB002E92D0A4E714A814
:1076800000F088F914A840210AF068FAB9F1000F57
:107690008BD00A201BF0CCFA204625B0BDE8F08F35
:1076A0000B481BF0F5FAC9E70A4801241BF0F0FA71
:1076B0007BE700BF0060026010600260581F00207E
:1076C000AC600260C4600260A06002606C1F0020B9
:1076D0000C1A00205C1A0020891A0BD030B4002448
:1076E000CDB2234601330444DBB2A55499421C4673
:1076F000F8D830BC704700BF48B3F0B4B2FA82F497
:10770000640934BB431813F8016CB6FA86F38F1B77
:107710005B091760B14238BF43F0010389B10138FA
:107720002246974210F8014F02F101028CBF00255A
:1077300001257440914214FB05F443EA0403DBB2D3
:10774000EFD1002B044808BF0020F0BC704703486D
:1077500070470248F9E700BF009EFFFF009FFFFF50
:10776000891A8023012983540BD930B401240025C0
:10777000234601330444DBB2A55499421C46F8D891
:1077800030BC704770B48D1A012D0AD90124013A1A
:107790000026234601330444DBB2A6549D421C4616
:1077A000F8D8084400F8015C70BC704740B3F0B4EE
:1077B000B2FA82F464092CBB4D1E475DB7FA87F319
:1077C000CE1B5B091660B9422CBF194643F001017C
:1077D00085B1013823469E4210F8014F03F10103A1
:1077E0008CBF002201229D4214FB02F241EA0201F9
:1077F000C9B2F0D10029044808BF0020F0BC70478E
:10780000024870470148F9E7009EFFFF009FFFFF15
:107810008A4206D202440144002302F8013B8A4214
:10782000FBD1704728B1B2FA82F0400908B9116063
:1078300070470148704700BF009FFFFF20B3F0B4BE
:10784000B2FA82F56D090DBB1560D9B146182F4605
:10785000802016F8014D0139002C0CBF3C4647F042
:10786000010484EA0703274601FB03F4254315605E
:10787000347814FB03F34340D8B20029E9D108B9A6
:10788000F0BC70470248FBE7024870470148F7E741
:10789000009EFFFF009FFFFFE0B170B4B2FA82F5D7
:1078A0006D09CDB9156091B108442E4610F8013D1F
:1078B000002B0CBF334646F0010383EA06041E4644
:1078C00001FB04F3013945EA03051560EED1002000
:1078D00070BC7047014870470048F9E7009FFFFF00
:1078E000094803686BB9094A094913782BB141F873
:1078F000043B12F8083F002BF9D1002201230A6053
:1079000003600348704700BF50B8002070A90260B0
:10791000A0B9002070B578B1084C656855B106462D
:1079200001E0656835B13146A86808341BF098F964
:107930000028F6D1284670BD0546FBE770A9026015
:10794000074B5A6852B11978814204D106E013F806
:10795000081F814202D0DA68002AF8D11046704729
:1079600070A9026030B4084C636853B19D69083453
:107970002D788542F8D15D688D42F5D15D789542CC
:10798000F2D1184630BC704770A902604022002135
:107990001BF086B968B110B50446C06B18B12368F6
:1079A0009B691B6A984720464021BDE810400AF0B9
:1079B000D5B87047E9B170B5B0FA80F406466409ED
:1079C000ACB90D46402221461BF06AF9AB69DB6970
:1079D0009847F06378B16B783560022B01D0204670
:1079E00070BD064A2046064BF260336170BD054803
:1079F00070BD04487047044870BD00BFD976006070
:107A0000F9760060009FFFFF809EFFFFF0B130B469
:107A10000468C4B12569AD0712D5012B4260037219
:107A200009D06578033D022D05D963B9A369C06B00
:107A30009B6930BC1847A369C06B5B6930BC1847B1
:107A400065689542E9D0024830BC704700487047ED
:107A5000009FFFFF0346002827D002685278022AC1
:107A600023D1042923D8DFE801F0080E141A0300FB
:107A70000020104AD8601A6170470F4900200F4A51
:107A8000D9601A6170470E4900200E4AD9601A6108
:107A900070470D4900200D4AD9601A6170470C49A2
:107AA00000200C4AD9601A6170470B4870470B4898
:107AB000704700BF25780060D9760060F9760060D5
:107AC000617700603D78006085770060AD77006089
:107AD0001178006099780060009FFFFF809FFFFF92
:107AE000C8B138B50368A3B199B1102A0FD81C6981
:107AF000E4070AD4DD68AA420BD304462A4628309C
:107B00001BF0AAF8A563002038BD1546F5E7034829
:107B100038BD034838BD0248704700BF809FFFFF53
:107B2000009FFFFF28B103681BB100234362184682
:107B300070470148704700BF009FFFFFB0B1036866
:107B4000A3B15B78062B01D00020704730B51546F5
:107B500083B00C46836B90F9081000F12802C06BCB
:107B60008DE8300005F03CFC03B030BD00487047A4
:107B7000009FFFFF2DE9F04F85B00E9D002800F01B
:107B800082800F4604460168002D7CD01646B1FA6B
:107B900081F25209002A76D148782A600128D1F86A
:107BA000149024D0062800F08780B9F1000F00F06F
:107BB000D0809F4298465ED0022826D0032800F04D
:107BC0008480052874D1896904F11402E06B04F102
:107BD0002803CDF808808DE8840004F124020C69A4
:107BE0003146A04700B92E6005B0BDE8F08F4E4584
:107BF0007ED189693A462E604D68E06B94F9081091
:107C0000AC4605B0BDE8F04F604794F90830002B52
:107C10003BD0012B606A03D1C0EB09039E423CD3E9
:107C2000002867D1002E45D0B6FBF9FA09FB1A6A85
:107C3000BAF1000F00F08480CAEB0606524604F148
:107C40001400B9191BF008F8636A53446362002EEC
:107C500030D094F90810226804F12803E06B94698D
:107C600032468DE88001A468A0470028BCD12B686B
:107C70001E442E60B8E7636A2BB9B6FBF9F309FB23
:107C80001363002B98D03448AEE7E368606A002B9A
:107C9000C2D0C0EB09039E42C2D8204432463946C6
:107CA00014301AF0D9FF636A00201E4466629BE715
:107CB0002A4899E7002097E73A463146E06B2E6064
:107CC00005B0BDE8F04F05F051BCD1F818E004F163
:107CD000280294F9081004F12403E06B8DE8840174
:107CE0003246DEF80C40A04700287FF47DAF7AE7EB
:107CF0001B4879E7C0EB090A204439465246143044
:107D00001AF0AAFFA64694F9081004F128035EF8B9
:107D100014CB4A46E06BDCF818C0CDF800E0CDF893
:107D20000480DCF808B0D84700287FF45DAF2B68EA
:107D3000C8445744CAEB06064B442B60606271E7A7
:107D400094F90810002986D1E368002B83D0CA4635
:107D500072E7044848E700BF009FFFFF809FFFFFD6
:107D6000809DFFFF809CFFFF002872D02DE9F0412D
:107D7000046882B0002A6ED0B4FA84F35B09002B49
:107D800069D165781360EB1E042B1DD9A5F1090399
:107D9000B3FA83F35B09BBB92678483E012E17D9A5
:107DA000012D3DD0022D52D10E4690F90810074604
:107DB000154601290ED06269436A9A4238D0C268DA
:107DC000002A42D1002B40D1002002B0BDE8F08152
:107DD0001846FAE7C3681BB3816B00F11408002949
:107DE00031D07A6A404698473B68F86B99695A697E
:107DF0008C6897F90810019607F12803CDF80080E8
:107E0000A0470028E1D197F90830BBB939683B6930
:107E100001B149692A46304602B0BDE8F041184731
:107E2000436A0E48002B08BF002002B0BDE8F08175
:107E3000A36907F11408C06B9C68DCE73B6803B1D9
:107E40005B692B60C0E7E168CBE70448BDE7044805
:107E5000BBE7044870470348B7E700BF809DFFFFBA
:107E6000809FFFFF009FFFFFB8B130B404688CB162
:107E7000B1FA81F35B096BB990F90850012D09D172
:107E80006478062C02D0184630BC7047C06B30BCFA
:107E900005F0E4BB024830BC70470148704700BFA2
:107EA000009FFFFF60B330B5046885B034B390F92C
:107EB00008501DBB6478062C02D0002005B030BDF0
:107EC000102A1BD80C46C06B6946154605F0C6FB48
:107ED0000028F3D1002DF0D021466C464A1911F844
:107EE000015B14F8013B914283EA050340EA030079
:107EF000C0B2F4D10028E0D00248DFE70248DDE755
:107F000001487047009DFFFF009FFFFF30B585B01F
:107F10001D460446FFF7E4FD60B9F4B12368E3B100
:107F20000A9B2946606220460093089A099BFFF746
:107F300021FE08B105B030BD0A9B204603AA19688E
:107F4000099B1944FFF710FF0028F3D10A9B1A6818
:107F5000039B13440A9A1360ECE7014805B030BD57
:107F6000009FFFFF2DE9F0431D4603689046079EE2
:107F70005B78089F062B099CDDF828E00B9ADDF85A
:107F800030C0DDF8349016D0082B11D1C06B4346B9
:107F900014600A46CDF830902146CDF82CC0CDF8BB
:107FA00028E0099708960795BDE8F043FFF75ABA0D
:107FB0000B48BDE8F083C06B0B46146001212246DC
:107FC000CDF834C0CDF83090CDF82CE00A97099662
:107FD0000895CDF81C80BDE8F04305F0CDBB00BF8F
:107FE000809FFFFF30B51C46036887B05B78062B87
:107FF0001ED0082B19D113460E9AC06B15460C9A49
:108000002A600A460D9D109903950B9D05910295D6
:108010000F990A9D04910C998DE83000FFF78AFAB8
:1080200010F10F0F1CD007B030BD0E4807B030BDA7
:1080300013460E9AC06B15460C9A2A600A46109D8C
:108040000D9903950F9D059102950B990A9D049139
:108050000C998DE8300005F0B7FB10F1120FE2D15A
:108060000148E0E7809FFFFF009DFFFFFAF736BA67
:1080700010B45DF8044BFAF73FBA00BF30B430BC1F
:10808000F9F7F8BE30B430BCF9F780BFF9F70ABC95
:10809000F9F7ECBA13460A46022105F0F1B800BF21
:1080A00013460A460221FFF7ADB900BFFEF76CBCCC
:1080B00010B45DF8044BFEF72FBD00BF30B430BCE8
:1080C000FEF78EBD30B430BCFEF7CCBDFEF7FCBB76
:1080D000FEF7ACB913460A46052105F0D1B800BF3A
:1080E00013460A460521FFF78DB900BF11461A460F
:1080F00000F0EEB811461A4600F062BA10B45DF80E
:10810000044B00F001BA00BF10B45DF8044B00F05E
:10811000A9BC00BF00F0BCBE00F0B4BE00F020BFA0
:1081200000F00EBF00F072BF00F060BF10B5044653
:1081300000F090F82046BDE810401AF075BD00BF71
:1081400010B5044600F07AF82046BDE810401AF059
:108150006BBD00BF10B50446FFF77AF92046BDE8B5
:1081600010401AF061BD00BF10B5044605F064FB75
:108170002046BDE810401AF057BD00BF10B50446B8
:10818000FEF74EF92046BDE810401AF04DBD00BF85
:1081900010B50446F9F764FA2046BDE810401AF01D
:1081A00043BD00BF10B54FF4C07101201AF084FD2B
:1081B000044608B100F048F8204610BD10B58021F3
:1081C00001201AF079FD044608B100F033F820468A
:1081D00010BD00BF10B5402101201AF06DFD04460E
:1081E00008B1FFF70BF9204610BD00BF10B54FF4E2
:1081F000C47101201AF060FD044608B105F03AF898
:10820000204610BD10B54FF48A7101201AF054FDBC
:10821000044608B1FEF7FEF8204610BD10B54FF435
:108220008C7101201AF048FD044608B1F9F712FAE2
:10823000204610BD802200211AF032BD10B18021ED
:1082400009F08CBC704700BF4FF4C07200211AF0D7
:1082500027BD00BF18B14FF4C07109F07FBC704753
:10826000431E0549073013F8012F520883428A5CE8
:108270001A70F8D1704700BFA4B0026010B4431E5A
:10828000084C073013F8012F5108615C914205D169
:108290009842F7D100205DF8044B704701205DF84B
:1082A000044B7047A4B0026070B5084C054604F159
:1082B000800608222046294614441AF0EDFC18B125
:1082C000B442F6D1002070BD012070BD24B102601F
:1082D0002DE9F04F91F805C000F110074D7890306E
:1082E0004FEA0C4691F800E02D0491F804C0CC79D7
:1082F00046EA0C6C8E7845EA0E6ECD784CEA0404A2
:1083000091F806C04EEA05057E4B44EA0C2C45EA7E
:1083100006258CEA151101F00F3185EA01148CEA6B
:10832000010C8CEA144189B28CEA010684EA01410D
:1083300081EA960C0CF0333C81EA0C0186EA8C0C45
:1083400081EA1C2404F0FF148CEA042C61404FEAFB
:10835000FC7581EA050C0CF0AA3C81EA0C0185EA67
:108360000C0C4FEAF17457F8101C103757F81C6CBE
:108370008CEA010E57F8185C86EA3C1657F8141C74
:108380000EF03F0BCEF3052906F03F0ACEF3054869
:1083900003EB8B0BCEF3056E03EB8A0AB842DBF8D6
:1083A00000B103EB8909DAF800A203EB8808D9F8D9
:1083B000009303EB8E0E8BEA0A0BD8F800A4C6F3E9
:1083C0000528DEF800E58BEA090BC6F3054903EB47
:1083D0008808C6F305668BEA0A0B03EB8909D8F80F
:1083E00000A603EB86068BEA0E0ED9F80087D6F8B6
:1083F00000688EEA0A0E8EEA080E8EEA060684EA05
:10840000060485EA040581EA3411C5F3052905F05F
:108410003F08C5F3054AC5F3056503EB890901F07B
:108420003F0E03EB8808C1F30526D9F8009303EB50
:108430008A0AD8F8008103EB8505DAF800A403EB7B
:108440008E0E89EA0808D5F80055C1F30549C1F335
:10845000056188EA0C0CDEF800E203EB81018CEA8E
:108460000A0803EB8606D1F800C803EB890988EAFD
:108470000508D6F80066D9F8005788EA0E0181EAA7
:10848000060181EA050181EA0C0C7FF46CAF4FEA2A
:108490007C0C002084EA0C0303F0AA3384EA030175
:1084A0008CEA030C4FEA71048CEA142303F0FF13E7
:1084B00084EA03218CEA030C8CEA910303F0333342
:1084C0008CEA030C81EA830383EA1C4189B28CEABB
:1084D00001444B4083EA141101F00F314B4084EA10
:1084E00001110C0ED1701E0ED3710D0C1470090AFF
:1084F00016711C0C55701B0A917054719371BDE874
:10850000F08F00BFA4B002602DE9F043560783B09E
:108510000A9C0B9D51D1012916460746994628D041
:108520001AB303F1FF3820686B4661682A4603C31B
:1085300021463846FFF7CCFE6A1E434605F1070E7A
:1085400012F8010F13F8011F724581EA0001117042
:10855000F6D16B46083E04F1080405F1080503CB8B
:10856000C9F80000C9F80410DDD1002003B0BDE84F
:10857000F083002AF9D0013C03F1FF3841466A1E1E
:1085800004F1080E14F8010F11F8013FA64583EA23
:10859000000302F8013FF5D12A462946384608353E
:1085A000FFF796FE55F8082C55F8043C083EC9F82C
:1085B0000020C9F80430E1D1D7E76FF03100D5E7EA
:1085C0002DE9F04F96464B794A7883B006460D78F0
:1085D000120401901B0400F1100A087942EA0565B3
:1085E000CA7806F1900C43EA0060CB792A438D7873
:1085F0000343887942EA0525AF4C43EA002383EA26
:10860000151101F00F314B4085EA011283EA124146
:1086100089B283EA010082EA014181EA900303F012
:108620003333594080EA830381EA132202F0FF12B8
:1086300083EA022351404FEAF37281EA020303F016
:10864000AA33594053404FEAF1715AF8100C0AF11D
:10865000100A5AF81C5C58405AF8186C85EA331511
:108660005AF8142C00F03F0BC0F3052705F03F0823
:10867000C0F3054904EB8B0BC0F3056004EB8808DD
:10868000D445DBF800B104EB8707D8F8008204EB8F
:108690008909D7F8007304EB80008BEA0808D9F841
:1086A00000B4C5F3052988EA0708D0F8007504EB83
:1086B000890988EA0B00C5F30548C5F3056580EA1A
:1086C000070004EB8808D9F8007604EB850580EAFA
:1086D0000700D8F80077D5F8005880EA070080EA4C
:1086E000050081EA000181EA06004FEA3115C0F376
:1086F000052800F03F06C0F3054782EA050204EBB7
:108700008808C0F3056004EB8606D8F8008304EB04
:108710008707D6F8006104EB8000D7F8009402F0D8
:108720003F0788EA0608D0F80005C2F3052604EBE7
:10873000870788EA0303C2F30548D7F8007204EB01
:10874000860683EA090304EB8808D6F80066C2F3BC
:10875000056283EA0003D8F8000704EB820283EA8B
:108760000703D2F8002883EA060383EA000383EABA
:1087700002037FF46AAF019A02F5887A01E04FEABA
:1087800031155CF80C2C0CF1100C5CF8200C5540E9
:108790005CF8186C48405CF8142C05F03F08E24582
:1087A00000F03F0BC0F3052704EB8808C0F3054930
:1087B00004EB8B0BC0F3056004EB8707D8F800824D
:1087C000DBF800B104EB8909D7F8007304EB8000F3
:1087D0008BEA0808D9F800B4C5F3052988EA070828
:1087E000D0F8007504EB890988EA0B00C5F3054849
:1087F000C5F3056580EA070004EB8808D9F8007620
:1088000004EB850580EA0700D8F80077D5F8005812
:1088100080EA070080EA050083EA000383EA060095
:108820004FEA3315C0F3052800F03F06C0F30547B3
:1088300082EA050204EB8808C0F3056004EB8606B3
:10884000D8F8008304EB8707D6F8006104EB8000BA
:10885000D7F8009402F03F0788EA0608D0F8000530
:10886000C2F3052604EB870788EA0101C2F3054835
:10887000D7F8007204EB860681EA090104EB880848
:10888000D6F80066C2F3056281EA0001D8F8000755
:1088900004EB820281EA0701D2F8002881EA06018E
:1088A00081EA000181EA02017FF469AF019A1E4664
:1088B00002F5C87004E000BFA4B002604FEA3615AC
:1088C0005AF80C3C0AF1100A5AF8207C5D405AF81C
:1088D000182C77405AF8143C05F03F09504507F032
:1088E0003F0BC7F3052804EB8909C7F3054C04EBDC
:1088F0008B0BC7F30567D9F8009204EB8808DBF807
:1089000000B104EB8C0CD8F8008304EB87078BEAEA
:10891000090BDCF80094C5F3052CD7F800758BEA39
:10892000080BC5F3054804EB8C0CC5F305658BEA11
:10893000090B04EB8808DCF800C604EB85098BEA18
:10894000070BD8F80057D9F800788BEA0C0888EAAA
:10895000050585EA070581EA050182EA010283EA45
:108960003113C2F3052802F03F0CC2F30549C2F3EC
:10897000056204EB880803F03F0704EB8C0CC3F39B
:108980000525D8F8008304EB8909DCF800C104EB65
:108990008202D9F8009404EB870788EA0C0CD2F81D
:1089A0000025C3F30548C3F305638CEA0606D7F830
:1089B000007204EB830386EA090C04EB8505D3F807
:1089C000006804EB88088CEA020CD5F80056D8F849
:1089D00000278CEA070383EA050383EA020386EA99
:1089E00003067FF46BAF4FEA7603002081EA0304AD
:1089F00004F0AA3461405C404FEA710284EA122319
:108A000003F0FF1382EA03215C4084EA910303F040
:108A100033335C4081EA830383EA144292B284EAEE
:108A20000241534083EA111202F00F32534081EAAF
:108A30000212110E8EF803201D0E8EF80730140C52
:108A40008EF80010120A8EF80450190C8EF80140AE
:108A50001B0A8EF802208EF805108EF8063003B03F
:108A6000BDE8F08F2DE9F043560783B00A9C0B9DBB
:108A700051D1012916460746994628D01AB303F169
:108A8000FF3820686B4661682A4603C32146384692
:108A9000FFF796FD6A1E434605F1070E12F8010F17
:108AA00013F8011F724581EA00011170F6D16B467F
:108AB000083E04F1080405F1080503CBC9F80000DD
:108AC000C9F80410DDD1002003B0BDE8F083002A0E
:108AD000F9D0013C03F1FF3841466A1E04F1080E4B
:108AE00014F8010F11F8013FA64583EA000302F8CC
:108AF000013FF5D12A46294638460835FFF760FD83
:108B000055F8082C55F8043C083EC9F80020C9F86F
:108B10000430E1D1D7E76FF03100D5E72DE9F04F10
:108B200091F801E008304A7900250F784FEA0E43AA
:108B30000C79120443EA076ECB79CF7842EA0462DB
:108B40008C794EEA07071A4391F802E042EA0424BE
:108B5000CB4E47EA0E2383EA141202F00F32534041
:108B600084EA021283EA020101F010314B405140C5
:108B7000C1F3436E0A0F03F00F04C3F3036C06EB5B
:108B8000820206EB8E0ED2F8408906EB840406EBD7
:108B90008C0CDEF840E95F0FD4F80099C1F3430272
:108BA000DCF8004906EB87074EEA081CC1F3432EA8
:108BB00006EB8208C3F3032244EAC904D7F80099FC
:108BC00006EB8E0ED8F8407944EA091406EB8202CF
:108BD000DEF84099C1F3434E4CEAC708D2F80029A9
:108BE000C3F3034C06EB8E0E44EA820748EA89047D
:108BF000DEF8408906EB8C02C1F3031EC3F3431C6D
:108C000044EA480406EB8E0ED2F80029DEF84089CB
:108C100047EA4202C1F3033E06EB8C07C3F3433C31
:108C2000C1F30351D7F80079C3F3435306EB8C0C1F
:108C300006EB8E0E42EAC717DCF8009906EB8303B9
:108C4000DEF8402944EAC81406EB8101D3F800C9D4
:108C500044EA821447EA8913D1F8402943EA4C13C5
:108C600044EA421223F0704322F07042082D18BFEC
:108C7000012D40F3FA800F2D00F0F7809C0E910E2D
:108C800044EA830341EA820223F0704322F07042F7
:108C9000D90302F400771E0102F480791C0701F069
:108CA000005C4FEA434B06F0105604F080544FEA44
:108CB000833A0BF0805B4FEA834826439C024BEAE1
:108CC0000C0C0AF0006A04F0006E46EA09094CEA4E
:108CD000070C9F0549EA0A0908F002784CEA0E0CD5
:108CE00007F080664FEA930E49EA08084FEA831AB4
:108CF0004CEA06070EF000794FEA432B5E000AF0BB
:108D0000807A47EA09074FEAC32C48EA0A0A06F0C4
:108D1000807E0BF400181E044FEA530B47EA0E0E38
:108D20004AEA080806F400160BF4801B04F48024B9
:108D30004EEA060E4FEAC30948EA0B0B0CF4801CFE
:108D40004FEA830801F400314BEA040B4EEA0C0CA5
:108D500008F4003609F4002E9F0A01354FEA9319F2
:108D60004BEA06084CEA0E0C07F48037560B09F460
:108D7000802948EA07074FEA12184CEA090906F465
:108D800000564FEA131C08F480583E4349EA01019B
:108D90000CF4803C4FEA821E970846EA08080EF45D
:108DA000006E41EA0C0107F400575608140248EA25
:108DB0000E0839434FEA923E06F4806604F480546C
:108DC00040F608090EF4007748EA06060C430EEA5E
:108DD00009094FEA52184FEA522C3E4344EA09016E
:108DE00008F02008970A0CF4806C4FEAC21E46EA8D
:108DF000080607F010074FEAD20941EA0C010EF409
:108E0000807E4FEAD21A46EA070841EA0E0E09F0C0
:108E10000806970C0AF0200A48EA060809F011092A
:108E200007F00407960E4EEA0A0E940048EA070778
:108E300006F002064EEA090E04F00404510D3E430A
:108E40004EEA0404C2F3006701F00201102D46EA65
:108E5000070600F1080041EA040140F8106C40F8F0
:108E60000C1C7FF403AFBDE8F08FDC0ED10E44EA9A
:108E7000430341EA420223F0704322F0704207E7C5
:108E8000A4B0026008B5FFF749FE002008BD00BF8E
:108E900038B50446FFF742FE04F140052046221D86
:108EA00023469C6F083052F8041C083B42F8044CDF
:108EB0000832D3F88440C3F8801050F8041C40F8FE
:108EC000044CA842C3F88410EBD1002038BD00BF89
:108ED000F8B515460C4607461146FFF71FFE05F18B
:108EE000080104F18000FFF719FE3B46A646214623
:108EF00038460022856FAEF1080E0838083344F872
:108F000022500831D0F8845041F8045CDEF800515A
:108F100053F8046C9D67DEF80451DD6757F8225062
:108F2000C3F8FC60C3F8F85054F82260023251F8DC
:108F3000045C202AC1F8F860C1F8FC50DAD1F8BD11
:108F400000B5E1B00A466946FFF7C2FF68464FF434
:108F5000C07108F003FE002061B05DF804FB00BFA3
:108F600000B5E1B00A4601466846FFF7B1FF684622
:108F70004FF4C07108F0F2FD002061B05DF804FB11
:108F800070B516460D4604461146FFF7C7FD05F1BC
:108F9000800006F10801FFF7C1FD06F1100104F59C
:108FA0008070FFF7BBFD29462046A4F180052346CB
:108FB0000A46D3F87841083B083908301460083273
:108FC000D3F8844142F8044CD1F800418467D1F8C9
:108FD0000441C467D3F88040C2F8F840D3F8844015
:108FE0009D42C2F8FC40E4D170BD00BF00B5E1B0C5
:108FF0000A466946FFF7C4FF68464FF4C07108F09F
:10900000ADFD002061B05DF804FB00BF00B5E1B02C
:109010000A4601466846FFF7B3FF68464FF4C07141
:1090200008F09CFD002061B05DF804FB0021802267
:109030002DE9F04FADF5697D0E468246DFF82C93A1
:1090400008A802ACDFF8288319F02AFE28A84FF4FC
:10905000C072314619F024FE771006F0010BBAF108
:10906000000F0FD07A1C002FBC48C2EBC2020CBF0D
:1090700020213321BBF1000F0CBF4B464346D200E9
:1090800019F01EFEB64A731E92E8030084E803003E
:10909000042B00F29080DFE813F089007D0071005E
:1090A0000500400188AD28A9AE4A2846FFF768FFB1
:1090B00028464FF4C07108F051FD42F2107503E0EC
:1090C000FFF706F9013D0BD02246214608A8002FE4
:1090D000F6D02246214628A8FFF772FA013DF3D1C7
:1090E000BBF1000F40F000819F490822204601EBB0
:1090F000C70119F0D1FD002840F00981BAF1000F35
:1091000040F0F4800136062EA6D1BAF1000F40F0EF
:1091100020814FF0000B0DF1180804AD4FEA6B07EA
:109120000BF00109BAF1000F10D07A1C002F8F4B01
:10913000C2EBC2028E4E0CBF202133218D48B9F103
:10914000000F18BF3346D20019F0BAFD8A4A0BF15E
:10915000FF3392E80300503A88E8030085E80300F3
:1091600092E8030084E80300042B00F2AC80DFE8FF
:1091700013F0A500AF0072002700E40088AD28A816
:10918000784A2946FFF7A4FE28464FF4C07108F03C
:10919000E5FC92E788AD28A9724A2846FFF798FEB9
:1091A00028464FF4C07108F0D9FC86E76D4908A83D
:1091B000FFF7B4FC81E76B4908A8FFF769FE7CE77D
:1091C00088AE28A9674A3046FFF7DAFE30464FF4EA
:1091D000C07108F0C3FCB9F1000F4AD142F2107619
:1091E00004E00094FFF790F9013E0FD043460822B7
:1091F000394608A80194002FF3D043460094082272
:10920000002128A8FFF72EFC013EEFD15B49082280
:10921000204601EBC70119F03FFD002877D1BAF1D4
:10922000000F40F086800BF1010BBBF1060F7FF4BD
:1092300075AFBAF1000F40F0A98008A8802108F0AE
:109240008DFC28A84FF4C07108F088FC50460DF53D
:10925000697DBDE8F08F88AE28A8424A3146FFF705
:1092600037FE30464FF4C07108F078FCB9F1000FBA
:10927000B4D042F2107988AE11E00094FFF744F9BF
:10928000B9F1010995E8030086E8030094E80300BA
:1092900085E8030096E8030084E803002AD04346EB
:1092A0000822012108A80194002FE6D0434600942B
:1092B0000822012128A8FFF7D5FBE1E7294908A8E2
:1092C000FFF72CFC87E7274908A8FFF7E1FD82E7B5
:1092D00088AE28A9234A3046FFF7FAFD30464FF4FE
:1092E000C07108F03BFC76E72549FEE6254819F0F9
:1092F000CFFC07E795E80300234B082284E803002E
:1093000003EBC701204619F0C7FC002887D0BAF14B
:10931000000F41D14FF0010A8FE788AD28A8114A0C
:109320002946FFF72DFE28464FF4C07108F016FCC1
:10933000C3E6144819F0ACFC75E788AE28A8094AC2
:109340003146FFF71DFE30464FF4C07108F006FCB1
:1093500041E70A2019F06CFCDBE600BF0822002080
:1093600024BA02602CBA026044BA0260E4190020F8
:10937000E81900202022002074BA026094BA02602A
:109380005CBA02600C1A00207CBA02600A204FF01E
:10939000000A19F04DFC50E702484FF0010A19F09D
:1093A00077FC4AE75C1A00200B6870B5D41A012CD0
:1093B00015DD1C789E1C5B78921B0E6043EA04242A
:1093C00094420CDC0D4622463146FAF7FDFD18B9F1
:1093D0002B681C442C6070BDA0F5445070BD014842
:1093E00070BD00BF80CFFFFF70B586B006460D464A
:1093F0006846FAF7DDFB03A8FAF7DAFB68460221B4
:10940000FAF740FD044640B16846FAF7D9FB03A8D5
:10941000FAF7D6FB204606B070BD2946022203A803
:10942000FBF744F904460028EED169463046FAF7C6
:1094300097FF002805DB304603A9FAF791FF0028C3
:10944000E2DD014CE0E700BF80CFFFFF7C2200217E
:1094500019F026BC2DE9F041061D05460C461746BD
:109460003046FFF7A1FF18B103461846BDE8F0816A
:109470003A46214605F11000FFF796FF0028F3D188
:1094800005F134083A4621464046FFF78DFF002893
:10949000EAD140463146FFF7A7FF044608B103462C
:1094A000E3E73046FAF78AFD23462860DDE700BF90
:1094B0002DE9F04F041D87B006468B46204600215B
:1094C00017469846FAF7BEFF00283DD006F11C0962
:1094D0004FF00C0A119B5946109A4846FBF7EEFFD5
:1094E00018B129E0FAF71EFE30BB21464846FAF7CC
:1094F00037FF00284FF001014846F3DABAF1010ABC
:1095000020D02146FFF770FF0028E3D106F14C037D
:1095100006F1280A06F1100B054600934A4650460C
:1095200059462346FBF7FCFD30B921465046FFF76C
:109530005BFF58B1054601E0A0F54655284607B047
:10954000BDE8F08F264DF9E7264DF7E7BB1C204616
:109550000293FAF733FD81465846FAF72FFD029041
:109560005046FAF72BFD4A460390B91C2046FAF7FD
:1095700061FD0028E0D1BB1C4FEA192287F8019059
:1095800058464B443A70029A991C05930491FAF795
:1095900051FD059B0028CFD10299BC1C0498039A69
:1095A00000EB010B090A504604F809100BF1020AFE
:1095B0009DF8084051465C70FAF73CFD0028BBD18D
:1095C000039802998244020A049BC7EB0A075A5483
:1095D0008BF80100C8F80070C6F80090AEE700BF35
:1095E00080CEFFFF80CFFFFF002A18BF0029F8B50B
:1095F0001AD0C8B1071D054616463846FAF762FB71
:10960000044618B1A4F556542046F8BD314605F17C
:109610001000FAF757FB04460028F3D13846FAF752
:10962000CDFC28602046F8BD004CEDE780CFFFFF61
:1096300068B162B110B50468A24206D83430FAF7B6
:10964000C3FC18B1A0F5485010BD024810BD014838
:10965000704700BF80CFFFFF2DE9F04F83B0002897
:1096600053D0B3FA83F46409002C4ED10568AB42A1
:109670004BD8051D06468846214628461F46934678
:10968000FAF7E0FE002840D006F11C044FF00C0968
:109690000D9B41460C9A2046FBF710FF18B12EE0B7
:1096A000FAF740FD58BB29462046FAF759FE002834
:1096B0004FF001012046F3DAB9F101092BD0294618
:1096C000FFF792FE82460028E2D106F14C0306F134
:1096D0002808224606F11001009340462B46FBF76E
:1096E0001FFD60B929464046FFF77EFE08B182465D
:1096F00007E03A4659464046FAF79CFC08B1A0F507
:109700004A5A504603B0BDE8F08FDFF810A050462B
:1097100003B0BDE8F08FDFF808A0F2E780CFFFFFCD
:1097200080CDFFFF2DE9F04F87B000286ED0046890
:1097300094426BD8061D00F1340904460F46484692
:1097400031469846FFF750FE20B10446204607B048
:10975000BDE8F08F03A8FAF72BFA109B002B00F05E
:10976000908004F11C0A04F1700550462946FAF76E
:10977000F7FD00283CD104F1580501212846FAF7ED
:1097800061FE002840F0A5804FF00C0B3046FAF740
:1097900015FC119B0146109A2846FBF78FFE18B165
:1097A0002BE0FAF7BFFC40BB31462846FAF7D8FD5C
:1097B00000284FF001012846F3DABBF1010B00F05D
:1097C000A880FAF73FFE0028E0DD04F1640B324682
:1097D00029465846FCF70AF978B904F14C0033469B
:1097E0005246594600905846FBF79AFC00B304E0F5
:1097F00028465146FAF766FA50B1A0F54C5403A832
:10980000FAF7DEF9204607B0BDE8F08F424C9DE73D
:1098100004F1580501212846FAF734FB0028ECD161
:1098200004F1640B01215846FAF72CFB0028E4D11F
:109830002A46494603A8FAF751FF0028DDD103A9BB
:1098400032460846FBF7F8FA0028D6D104F1400565
:109850004C34524633460094284603A9FBF760FC7B
:109860000028CAD15A4629462846FAF737FF002869
:10987000C3D1324629462846FBF7DEFA0028BCD180
:1098800013E0494603A8FAF71DFA0028B5D104F100
:109890004C0104F14005334604F11C0200912846B6
:1098A00003A9FBF73DFC0028A7D12846FAF786FB61
:1098B000024639462846C8F80020FAF7BBFB0446A2
:1098C00003A8FAF77DF9002C3FF440AFA4F54C54FF
:1098D0003CE72A4629462846FAF700FF00288CD1A3
:1098E000324629462846FBF7A7FA002885D104F11D
:1098F000640B5A4659465846FAF7F0FE00287FF4A2
:109900007CAF324659465846FBF796FA00288FD06E
:1099100073E7024C73E700BF80CFFFFFF2CCFFFF7D
:1099200010B504467030FAF74BF904F16400FAF709
:1099300047F904F15800FAF743F904F14C00FAF73B
:109940003FF904F14000FAF73BF904F13400FAF76B
:1099500037F904F12800FAF733F904F11C00FAF79B
:109960002FF904F11000FAF72BF9201DFAF728F966
:1099700020467C21BDE8104008F0F0B82DE9F04108
:109980008EB006460C4608A8059205F0B7FF05996B
:1099900019B1631813F8013C63B32144302306AABC
:1099A00007A80794F9F796F8B0B1A0F54E5508A8A6
:1099B00006F07AF94DB928460EB0BDE8F08110F5F1
:1099C000845F53D008A806F06FF93046FFF7A8FF70
:1099D00028460EB0BDE8F081079C371D069B07A8FE
:1099E0003A461C442146F9F799F9054698B1A5F580
:1099F0004E55DCE705AA0193009308A8029223467E
:109A00001B4A1C4905F080FF05460028D7D109995B
:109A1000089C0591C1E706F11002214607A8F9F755
:109A20007DF905460028E2D1079B9C4216D00BA881
:109A3000FAF7BEF80BAA214607A8F9F76FF9804696
:109A40000BA8FAF7BDF8B8F1000F02D0A8F54E55F3
:109A5000ADE7079B9C4201D0074DA8E73846FAF7CF
:109A6000ADFA306008A806F01FF9A4E7059994E75D
:109A700038220020542200201ACCFFFF10B5A0B0DD
:109A800004467C22002101A819F00AF96CB9FB22D6
:109A90000F4901A8FFF772FF041C18BF012401A899
:109AA000FFF73EFF204620B010BD0A4819F008F924
:109AB000FB22074901A8FFF761FF044620B10648D1
:109AC000012419F0E5F8EAE7044819F0E1F8E6E7BF
:109AD000ACBA0260742200205C1A0020A01A002098
:109AE00002F09EB92DE9F0418CB016460546884635
:109AF00003A81F4601F074F93146284601F0AAFD7B
:109B0000044630B103A801F093F920460CB0BDE83B
:109B1000F081139B2846129A03A9019333460092C1
:109B20003A4602F095F804460028EBD103A801F06C
:109B300043FC28B9404603A9FAF7C4F80446E1E714
:109B4000004CDFE780B0FFFF4FF49A72002119F05C
:109B5000A7B800BF08B310B5044601F079F904F1C5
:109B6000880001F065F904F1AC0001F061F904F13D
:109B7000E00001F05DF904F5827001F059F904F19B
:109B80007C00FAF71DF804F1D000FAF719F804F593
:109B90009470BDE81040FAF713B870472DE9F04310
:109BA00085B0002837D0856D0446002D33D000F1F4
:109BB000880699460D9B90460F463246009300F169
:109BC0007C010C9B02F02CF9054618B1284605B023
:109BD000BDE8F0834B46424602A9204601F014FD41
:109BE00020B10546284605B0BDE8F083029B31460A
:109BF000D4F8DC20204608EB0306C3EB090403ABD2
:109C00000194009601F0BCFC0028EAD1029A039B63
:109C100013443B60DAE7014DD8E700BF80B0FFFF97
:109C200070B515460A680C460646AA1A01F0C0FC33
:109C300000B170BD2368224606F1AC013046EB1A34
:109C4000BDE8704001F082BC70B5144605460E4672
:109C500001F058F948B9012C10D0BCB906F18801BF
:109C600005F1880001F036F900B170BD06F17C0104
:109C700005F17C00BDE87040FAF724B806F18801D0
:109C800005F1AC00BDE8704001F024B90048ECE7F4
:109C900080B0FFFF2DE9F04182B01E46DDF824E0E0
:109CA000089BE8B1876D0446D7B100F188071546D7
:109CB0008846CDF800E000F17C013A4602F0B0F8A9
:109CC00010B102B0BDE8F081D4F8DC20434639463B
:109CD00020460996089502B0BDE8F04101F050BC5D
:109CE0000048EEE780B0FFFF30B583B0019170B15E
:109CF00015460C46134600F1AC0101AA01F026FC02
:109D000018B90199091B8D4201D103B030BD01483A
:109D1000FBE700BF80B0FFFF2DE9F04182B0DDF826
:109D200020E0DDF824C040B300F1D0081D461746FE
:109D30000E46CDF804C000F17C03CDF800E04146AA
:109D400000F1AC020446FFF7CDFE10B102B0BDE851
:109D5000F0814046FAF732F9A8420ED8A26D394692
:109D6000404612F0070318BF012303EBD202326012
:109D700002B0BDE8F041FAF75DB90148E6E700BF7F
:109D800080B0FFFFF8B5C46D05460E46084607349F
:109D90001146E4089C4228BF1C462246FAF714F9F3
:109DA0000746C0B9E400E96D8C420DD84C35304609
:109DB0002946FAF7D5FA00280DDB2A463146304607
:109DC000BDE8F840FAF732BC611A3046FAF7AAF952
:109DD0000028EBD007463846F8BD00BF2DE9F04F0C
:109DE000456D97B0DDF88C80002D00F0CA800C46E0
:109DF00005460121184699469346FAF723FB0028A9
:109E000045DB05F14C0648463146FAF7A9FA002829
:109E10003DDA0C230DA8029300F0E2FF04A8F9F745
:109E2000C7FE07A8F9F7C4FE0AA8F9F7C1FECDF8E6
:109E30008C80B046239E0C2702E0FAF703FB50BB50
:109E40000DAA04A900962846229B01F0E9FF42468C
:109E50000DA9D0B92046FAF7EFFFB0B9013F01468E
:109E60002046EAD1484B0DA8029300F0E1FF04A878
:109E7000F9F7A6FE07A8F9F7A3FE0AA8F9F7A0FECE
:109E8000029B184617B0BDE8F08F0346EBE73F484A
:109E900017B0BDE8F08F219B07A9209A2846FFF74D
:109EA00071FF03460028DED14FF01F0AEF6D3346E5
:109EB000229A0AA80737FF083946FBF7FFFA00285D
:109EC000E3D1E96D0AA8C1EBC701FAF72BF901212B
:109ED0000028DAD1BAF1010A0AA850D0FAF7B2FA8A
:109EE000002841460AA8E1DBFAF73AFA0028DDDA51
:109EF0004A4621465846FAF7F1FB03460028B2D1FC
:109F000007A95A460846FAF769FB03460028AAD172
:109F100007A90AAA0846FAF7E1FB03460028A2D1DE
:109F200004A90AAA0846FAF7D9FB034600289AD1E1
:109F3000424604A95846FBF759FD0346002892D132
:109F400007AA59465846FAF7C9FB034600288AD1A2
:109F5000424659465846FAF76FFF0346002882D119
:109F6000029A013A02923FF47DAF014603905846AF
:109F7000FAF768FA039B00283FF45DAF73E70248E5
:109F800080E703487EE700BF00B3FFFF80B3FFFF19
:109F900080B0FFFF2DE9F047B8B0064688469146ED
:109FA0009DF808011F46F46D04F080F9002841D0A7
:109FB0000734824604A8E408F9F7FAFD1FA803F065
:109FC000C5FE07A922463846FAF734F8054648B1D7
:109FD0001FA804F013F804A8F9F7F2FD284638B0DA
:109FE000BDE8F087419B04A9409A3046FFF7CAFEBE
:109FF00005460028ECD107AB224604A81919FAF748
:10A0000019F805460028E3D1630007AA51461FA8A6
:10A0100003F0F4FE084C419A1FAB4099304603937D
:10A020003B4601924A46009141460294FFF7D6FE14
:10A030000546CDE70148D2E7E9DF006080B0FFFFC9
:10A040002DE9F04399B005461F4688460FA8914672
:10A0500000F0C6FE03A8F9F7ABFD06A8F9F7A8FDC6
:10A0600009A8F9F7A5FD0CA8F9F7A2FD6B6D002B67
:10A0700000F0878001212098FAF7E4F9002807DB37
:10A0800005F14C0620983146FAF76AF9002813DBEF
:10A090003D4C0FA800F0CCFE03A8F9F791FD06A8EF
:10A0A000F9F78EFD09A8F9F78BFD0CA8F9F788FDE3
:10A0B000204619B0BDE8F08301212198FAF7C2F9D2
:10A0C0000028E5DB31462198FAF74AF90028DFDA63
:10A0D0003946284601F0BEFA04460028D9D14B463D
:10A0E000424603A92846FFF74DFE04460028D0D17A
:10A0F0003246219906A8FBF779FC04460028C8D10E
:10A1000006AA03A909A8FAF7E9FA04460028C0D16B
:10A1100009A932460846FAF78FFE04460028B8D14E
:10A1200006AA20990CA8FAF7D9FA04460028B0D15B
:10A130000CA932460846FAF77FFE04460028A8D14B
:10A140000CAA019705F12803284600920FA909AA35
:10A1500001F0E2FD044600289BD10FA801F02CF984
:10A16000002895D10FA932460846FAF765FE044645
:10A1700000288ED120990FA8FAF7F2F8002888D08D
:10A1800086E7024895E700BF00B2FFFF80B0FFFFFF
:10A19000F0B5A7B004460F4615461E4605A8F9F7C8
:10A1A00007FD08A8F9F704FD04F17C032046029797
:10A1B000019608AA009505A9FFF7ECFE044640B1F8
:10A1C00005A8F9F7FDFC08A8F9F7FAFC204627B026
:10A1D000F0BD0DF1950326AD08AA0BA945F8883D01
:10A1E0002846F8F719FF061E21DB05AA0BA9284609
:10A1F000F8F712FF002818DB06440BA92846324660
:10A20000F8F76EFE071E14DB0BA928463022F8F77C
:10A21000DDFE031E0FDB3E4404992C981E4432469B
:10A2200018F01AFD2D9B1E60CAE70446C8E73446A5
:10A23000C6E73C46C4E71C46C2E700BF70B584B021
:10A2400000249DF82450089E009313460A46294690
:10A25000019603940294FFF79BFF04B070BD00BF0A
:10A26000F0B58BB004460E461746109D04A8029325
:10A270001D44F9F79DFC07A8F9F79AFC294602A8A6
:10A28000302303AAF8F726FC50B9029A039B134423
:10A290009D4210D104AA294602A8F8F73FFD60B1FB
:10A2A000A0F59F4404A8F9F78BFC07A8F9F788FCF0
:10A2B00020460BB0F0BD0E4CF4E702A807AA2946D1
:10A2C000F8F72CFD0028EBD107AB20463A46314683
:10A2D000019304AB009304F18803FFF7B1FE044639
:10A2E0000028DFD1029A034B954218BF1C46D9E7DC
:10A2F0001AB0FFFF00B4FFFF70B582B015461E46CE
:10A30000044602F06DFE10B1012002B070BD00964F
:10A310002B4604F1880204F17C01204601F080FD07
:10A32000003018BF012002B070BD00BF70B50546F7
:10A330000E4600F0E7FD044638B906F17C0105F150
:10A340007C00F9F7BFFC044620B1284600F0B2FDBE
:10A35000204670BD06F1880105F1880000F0BAFDC5
:10A3600004460028F1D1F3E700F050BD00F0A2BD93
:10A3700038B54B6E0446A3B303680D46002B29DBAA
:10A380002046F9F7F3FDAB6DB0EB430F27D86B6EAA
:10A3900020469847E8B9043508E0FAF753F82A460A
:10A3A000214660B12046FAF719F990B923680021D7
:10A3B00020468B42F1DB02E0FAF7C8F848B929469B
:10A3C0002046F9F7CDFF00282A4621462046F3DA39
:10A3D000002038BD0021FAF735F80028D0D0044815
:10A3E00038BD0A1D0146BDE83840FAF725BD00BF5B
:10A3F00080B0FFFF2DE9F0410E4686B007460021F0
:10A4000006F118052846FAF71DF810B906B0BDE8A0
:10A41000F0816846F9F7CCFB03A8F9F7C9FB684659
:10A420003A1D2946FBF7E2FA044648B16846F9F7B7
:10A43000C7FB03A8F9F7C4FB204606B0BDE8F081CE
:10A440006A46694603A8FAF749F904460028EDD19F
:10A45000394603A8FFF78CFF04460028E6D1DFF851
:10A46000948003AA31463046D8F800300133C8F84A
:10A470000030FAF733F904460028D7D13946304680
:10A48000FFF776FF04460028D0D1D8F800300C360C
:10A4900003AA013331463046C8F80030FAF71EF9F6
:10A4A00004460028C2D139463046FFF761FF044612
:10A4B0000028BBD1D8F800306A4631463046013317
:10A4C000C8F80030FAF70AF904460028AED1394638
:10A4D0003046FFF74DFF04460028A7D1D8F80030DA
:10A4E000012128460B44C8F80030F9F7CBFC04469C
:10A4F0009CE700BFACB3002070B584B0054601F105
:10A500000C04164601A8F9F753FB291D224601A8A1
:10A51000FAF78CF8054668B901462046F9F792FF2C
:10A5200001A900280CBF002206F001022046F9F71D
:10A5300029FC054601A8F9F743FB284604B070BD85
:10A540002DE9F04FBD4C8DB006468846236868461D
:10A55000154601332360F9F72BFB03A8F9F728FB15
:10A5600006A8F9F725FB09A8F9F722FBB369002B28
:10A5700000F0FA802A46294603A8FAF7AFF8044605
:10A5800078B16846F9F71CFB03A8F9F719FB06A890
:10A59000F9F716FB09A8F9F713FB20460DB0BDE843
:10A5A000F08F314603A8FFF7E3FE04460028E8D108
:10A5B000DFF88C92032203A96846D9F800300133F2
:10A5C000C9F80030FAF7FCF904460028D9D1371D44
:10A5D00004E0F9F7BBFF04460028D2D139466846AB
:10A5E000F9F7BEFE00283A4669466846F1DA06F1F8
:10A5F000100A00215046F9F725FF002840F032816B
:10A6000005F10C0A06A852465146FAF767F80446C7
:10A610000028B6D1314606A8FFF7AAFE0446002856
:10A62000AFD1D9F80030012106A80B44C9F8003099
:10A63000F9F726FD044628B1A3E7F9F787FF04469A
:10A6400000289ED1394606A8F9F78AFE06A90028F7
:10A650003A460846F1DA0A4603A82946FAF73EF8D0
:10A66000044600288DD1314603A8FFF781FE044639
:10A67000002886D1D9F80030012103A80B44C9F87D
:10A680000030F9F7FDFC044630B17AE7F9F75EFFD8
:10A69000044600287FF475AF394603A8F9F760FE39
:10A6A00003A900283A460846F0DA06AA09A8114686
:10A6B000FAF714F8044600287FF463AF314609A87E
:10A6C000FFF756FE044600287FF45BAFD9F8003050
:10A6D000012109A80B44C9F80030F9F7D1FC044660
:10A6E00030B14EE7F9F732FF044600287FF449AF56
:10A6F000394609A8F9F734FE09A900283A46084660
:10A70000F0DA6A46694606A8F9F7E8FF0446002829
:10A710007FF437AF314606A8FFF72AFE044600282B
:10A720007FF42FAFD9F8003006A903AA01330846F9
:10A73000C9F80030F9F77AFF044600287FF421AF0A
:10A74000069B002106A88B4280F2E980F9F77AFE89
:10A750003A4606A9002800F0E28006A8F9F73EFF75
:10A7600004460028ECD00CE705F1180203A81146B6
:10A77000F9F7B4FF044600287FF403AF314603A87D
:10A78000FFF7F6FD044600287FF4FBAEDFF8B0903B
:10A7900003AA294606A8D9F800300133C9F80030C9
:10A7A000F9F71CFF044600287FF4EBAE371D05E0E7
:10A7B000F9F7CCFE044600287FF4E3AE394606A83C
:10A7C000F9F7CEFD06A900283A460846F0DA03AAB2
:10A7D000294609A8F9F72AFF044660B1D1E6F9F73E
:10A7E00031FE3A4609A958B109A8F9F7F7FE04461F
:10A7F00000287FF4C6AE099B002109A88B42EEDB3E
:10A8000009AA06A903A8F9F769FF044600287FF4FE
:10A81000B8AE314603A8FFF7ABFD044600287FF42D
:10A82000B0AED9F80030032203A968460133C9F855
:10A830000030FAF7C5F8044650B1A2E6B8AB0020E4
:10A84000ACB30020F9F782FE044600287FF499AEED
:10A8500039466846F9F784FD00283A466946684655
:10A86000F0DACDE605F1180203A81146F9F736FF34
:10A87000044600287FF485AE314603A8FFF778FD33
:10A88000044600287FF47DAED9F8003003AA06A85C
:10A89000DFF8E0B101331146C9F80030F9F71EFFC7
:10A8A000044600287FF46DAE314606A8FFF760FD30
:10A8B000044600287FF465AEDBF80030524606A956
:10A8C00003A80133CBF80030F9F708FF044600284D
:10A8D0007FF457AE314603A8FFF74AFD044600282F
:10A8E0007FF44FAEDBF8003003AA694668460133B7
:10A8F000CBF80030F9F772FE044630B141E6F9F7C3
:10A9000025FE044600287FF43CAE39466846F9F738
:10A9100027FD00283A4669466846F0DA70E606A93F
:10A9200003AA0846F9F782FE044600287FF429AE00
:10A93000069B002106A88B420BDAF9F783FD3A4605
:10A9400006A930B106A8F9F749FE04460028EFD061
:10A9500017E603A906AA0846F9F768FE0446002888
:10A960007FF40FAE039B002103A88B420BDAF9F7AB
:10A9700069FD3A4603A930B103A8F9F72FFE044652
:10A980000028EFD0FDE503A96A460846F9F7A6FEC0
:10A99000044600287FF4F5AD314603A8FFF7E8FC34
:10A9A000044600287FF4EDADD9F8003003A909AAC8
:10A9B00001330846C9F80030F9F738FE044600288C
:10A9C0007FF4DFAD039B002103A88B420BDAF9F77C
:10A9D00039FD3A4603A930B103A8F9F7FFFD044653
:10A9E0000028EFD0CDE505F11802514609A8F9F786
:10A9F00075FE044600287FF4C4AD314609A8FFF770
:10AA0000B7FC044600287FF4BCADD9F80030012122
:10AA100009A80B44C9F80030F9F732FB04460028B6
:10AA20007FF4AFAD394609A8F9F79AFC09A90028C7
:10AA30003A46084605DBF9F789FD04460028F1D0BF
:10AA40009FE506A94046F9F73DF9044600287FF442
:10AA500098AD03A908F10C00F9F734F90446002871
:10AA60007FF48FAD08F1180009A9F9F72BF9044616
:10AA700087E500BFACB300202DE9F04F012A8DB06F
:10AA8000019140F2138180460C211046144618F0C3
:10AA900013F905460090002800F00E8103A8F9F78D
:10AAA00087F806A8F9F784F809A8F9F781F8019E54
:10AAB000284631681831F9F705F98346002840F037
:10AAC000DC8005F10C0A7D4F012556F8042FAAF110
:10AAD0000C01504601351832DFF8E091F9F7FEFD20
:10AAE00041468346002840F0C88050460AF10C0ACF
:10AAF000FFF73EFC8346002840F0BF803A68AC4236
:10AB000002F101023A60E0D104EB4405009B08F138
:10AB1000040203A8AD00A5F10C011944FAF766FF81
:10AB20008346002840F0A980A5F11806019A009BF1
:10AB3000671E02EB840A4D461E44002F00F09680EB
:10AB4000324603A906A8F9F7C9FD8346002840F05C
:10AB50009480414606A8FFF70BFC8346002840F08E
:10AB60008C80D9F8003003A95AF8042C0133084628
:10AB70001832C9F80030F9F7B1FD834600287CD1BE
:10AB8000414603A8FFF7F4FB8346002875D12B68E4
:10AB900001332B6006AA09A81146F9F79FFD8346E9
:10ABA00000286AD1414609A8FFF7E2FB8346002846
:10ABB00063D1D9F8003009AA5AF8041C01330846B9
:10ABC000C9F80030F9F78AFD8346002855D141467F
:10ABD0005AF8040CFFF7CCFB834600284DD15AF8F5
:10ABE000041C09AA2B680C31013308462B60F9F7C5
:10ABF00075FD8346002840D15AF8040C41460C30BC
:10AC0000FFF7B6FB8346002837D15AF8041C06AA82
:10AC10002B680C31013308462B60F9F75FFD834642
:10AC200058BB5AF8040C41460C30FFF7A1FB834691
:10AC300018BB2B68D8F8081001335AF8040C2B60A5
:10AC4000F9F702F88346C0B95AF8040CD8F808108E
:10AC50000C30F8F7F9FF834678B95AF8040D0C3E2A
:10AC60001830F8F7ADFF47B1013F66E703A906A822
:10AC7000F9F728F8834600288CD003A8009EF8F73F
:10AC80009FFF06A8F8F79CFF09A80025F8F798FF92
:10AC900001353046F8F794FF0C36AC42F8D10098F5
:10ACA00017F0C2FF58460DB0BDE8F08F0968FFF7F6
:10ACB000A1FB0DB0BDE8F08F0148F4E7ACB3002074
:10ACC00080B2FFFF2DE9F84F0E46994682461546A1
:10ACD000C3F3450701F10C084FF0000B5FFA8BF44A
:10ACE000294630460BF1010BE41BB4FA84F46409E5
:10ACF0002246F9F747F805F10C012246243570B9D0
:10AD00004046F9F73FF850B9BBF1020FE6D14FEAE0
:10AD1000D91231465046BDE8F84FFFF7EDBBBDE80C
:10AD2000F88F00BF00487047A8BB026070B40B4D9D
:10AD30002B6883B90A4E032204240A49304601E0F5
:10AD400014460A7B013300F8014B0C31002AF7D17D
:10AD50000121F2542960024870BC704764B200209F
:10AD600038AE0020A8BB026004280CD00323074A99
:10AD700002E0834205D0137B0C32002BF9D1184638
:10AD80007047104670470148704700BFA8BB02607B
:10AD900018280DD00322074B03E05A88824205D0C1
:10ADA0001A7B0C33002AF8D11046704718467047BA
:10ADB00000487047A8BB026038B50546064C0748F6
:10ADC00003E014F80C0F30B1A068294617F048FFD3
:10ADD0000028F6D1204638BDA8BB02608C22002096
:10ADE00068B110B50446F8F7E3FE04F10C00F8F77B
:10ADF000DFFE04F11800BDE81040F8F7D9BE704737
:10AE000018B17C22002117F04BBF704778B17C222B
:10AE1000002110B5044617F043FF04F17C00F8F759
:10AE2000C7FE04F18800BDE81040FFF7D9BF7047A6
:10AE300068B110B50446F8F7C3FE04F10C00F8F74A
:10AE4000BFFE04F11800BDE81040F8F7B9BE704726
:10AE500070B3036E012B70B5044612D00430F8F7BE
:10AE6000AFFE04F11000F8F7ABFE04F11C00F8F798
:10AE7000A7FE04F12800FFF7DBFF04F14C00F8F710
:10AE80009FFE606F70B1A36F53B100252E4628441A
:10AE90000136FFF7CDFFA36F2435606FB342F6D8BC
:10AEA00017F0C2FE20467C21BDE8704006F056BE79
:10AEB000704700BF68B110B50446FFF7C9FF04F141
:10AEC0007C00F8F77DFE04F18800BDE81040FFF734
:10AED000AFBF704738B504460D46F8F7F3FE00B132
:10AEE00038BD05F10C0104F10C00F8F7EBFE002869
:10AEF000F6D105F1180104F11800BDE83840F8F763
:10AF0000E1BE00BF097802F06BB800BF10B50121A7
:10AF10000446F8F7B7FF00B110BD012104F10C00A1
:10AF2000F8F7B0FF0028F7D1014604F11800BDE89A
:10AF30001040F8F7A7BF00BF2DE9F04FDFF874E429
:10AF4000164697B08046DEF8002006F118040F463A
:10AF50000021013220461D46CEF80020F9F772FA92
:10AF6000002847D02B6A83B105F118090021484613
:10AF7000F9F768FA002844D02B6A33B1484601211A
:10AF8000F9F760FA002840F0DB8001A8F8F710FE1E
:10AF900004A8F8F70DFE07A8F8F70AFE0AA8F8F7C4
:10AFA00007FE0DA8F8F704FE10A8F8F701FE13A895
:10AFB000F8F7FEFD2246214601A8F9F78FFB8246ED
:10AFC00030B301A8F8F7FCFD04A8F8F7F9FD07A8CD
:10AFD000F8F7F6FD0AA8F8F7F3FD0DA8F8F7F0FD6D
:10AFE00010A8F8F7EDFD13A8F8F7EAFD504617B0E2
:10AFF000BDE8F08F29463846FFF76CFF17B0BDE873
:10B00000F08F31463846FFF765FF17B0BDE8F08F87
:10B01000414601A8FFF7ACF982460028D1D1DFF8FC
:10B020009093224601A904A8D9F800300133C9F849
:10B030000030F9F753FB82460028C2D1414604A8EC
:10B04000FFF796F982460028BBD1D9F8003001A954
:10B050002A4601330846C9F80030F9F73FFB82461B
:10B060000028AED1414601A8FFF782F982460028A8
:10B07000A7D1D9F8003004A905F10C020133084624
:10B08000C9F80030F9F72AFB8246002899D14146D9
:10B0900004A8FFF76DF98246002892D1D9F8003054
:10B0A00001A9324601330846C9F80030F9F7BEFA63
:10B0B0008246002885D108F104050BE0F9F7C2F9B2
:10B0C0002A4601A958B101A8F9F788FA8246002852
:10B0D0007FF477AF019B002101A88B42EEDB04A92E
:10B0E00006F10C0508462A46F9F7A0FA8246002820
:10B0F0007FF467AF08F1040B0BE0F9F7A3F95A46A8
:10B1000004A958B104A8F9F769FA824600287FF427
:10B1100058AF049B002104A88B42EEDB002101A85C
:10B12000F9F790F9014668B904A8F9F78BF90028F6
:10B1300075D1324639464046FFF702FA824640E76B
:10B140009A4854E7214601AA13A8F9F7C7FA82469C
:10B1500000287FF436AF414613A8FFF709F982466D
:10B1600000287FF42EAFD9F8003001AA07A8904C30
:10B1700001331146C9F80030F9F7B0FA82460028C9
:10B180007FF41FAF414607A8FFF7F2F88246002878
:10B190007FF417AF236801AA07A90AA80133236027
:10B1A000F9F79CFA824600287FF40BAF41460AA8C3
:10B1B000FFF7DEF8824600287FF403AF236807A973
:10B1C0003246013308462360F9F788FA82460028A0
:10B1D0007FF4F7AE414607A8FFF7CAF88246002879
:10B1E0007FF4EFAE2368022207A901A80133236090
:10B1F000F9F7E6FB824600287FF4E3AE08F1040489
:10B20000214601A8F9F7ACF801A900282246084612
:10B210000ADBF9F79BF982460028F1D0D1E63846DF
:10B22000FFF774FE8246CCE604AA0DA81146F9F792
:10B2300055FA824600287FF4C4AE41460DA8FFF7B8
:10B2400097F8824600287FF4BCAED9F800300DA9EB
:10B2500001AA01330846C9F80030F9F7E7F9824638
:10B2600000287FF4AEAE0D9B00210DA88B420BDAB7
:10B27000F9F7E8F822460DA930B10DA8F9F7AEF9B3
:10B2800082460028EFD09CE60DA90AAA0846F9F7E5
:10B29000CDF9824600287FF494AE0D9B00210DA8C5
:10B2A0008B420BDAF9F7CEF822460DA930B10DA882
:10B2B000F9F794F982460028EFD082E607A90DAA93
:10B2C0000846F9F7B3F9824600287FF47AAE079B67
:10B2D000002107A88B420BDAF9F7B4F8224607A938
:10B2E00030B107A8F9F77AF982460028EFD068E66E
:10B2F00007A904AA0846F9F7F1F9824600287FF465
:10B3000060AE414607A8FFF733F8824600287FF475
:10B3100058AED9F800300AA92A46254D013308460F
:10B32000C9F80030F9F7DAF9824600287FF449AE0F
:10B3300041460AA8FFF71CF8824600287FF441AE78
:10B340002B680AAA07A910A801332B60F9F76EF938
:10B35000824600287FF435AE109B002110A88B4256
:10B360000BDAF9F76FF8224610A930B110A8F9F7F7
:10B3700035F982460028EFD023E60DA93846F8F7C4
:10B38000A1FC824600287FF41CAE10A907F10C0036
:10B39000F8F798FC824600287FF413AE07F11800F6
:10B3A00013A9F8F78FFC82460BE600BF80B0FFFFC1
:10B3B000ACB3002040AA002008B500211830F9F7EE
:10B3C00041F8B0FA80F0400908BD00BF38B5044626
:10B3D0000D46F8F7C5FF70B905F10C0104F10C003A
:10B3E000F8F7BEFF38B905F1180104F11800F8F7B5
:10B3F000B7FF00B938BD014838BD00BF80B0FFFFBE
:10B4000070B51E4604460D46F9F7ECF900B170BD63
:10B410003246294604F10C00F9F7E4F90028F6D188
:10B4200004F118000121BDE87040F8F72BBD00BF02
:10B43000012A2DE9F843089FDDF824802FD80D4616
:10B44000814600211E4605F118001446F8F7FAFF60
:10B4500038B9B8F1000F38D0012338703360BDE837
:10B46000F88309F10400F8F7A9FD8146D4B9430037
:10B4700001339845336028D30423394602462846D1
:10B4800001F8013BF8F7D6FD50B909F1010105F1CA
:10B490000C004A463944BDE8F843F8F7CBBD0C48E8
:10B4A000BDE8F883431C984533600ED3002105F1B5
:10B4B0000C00F8F703FD3946831C4A46284601F87C
:10B4C000013BBDE8F843F8F7B5BD0248BDE8F88395
:10B4D00080B0FFFF00B1FFFF83B3F8B5147834B933
:10B4E000012B19D10846BDE8F840FFF70FBD1546FE
:10B4F00004301C460E46F8F761FD2B780746042BF6
:10B500001ED1430001339C4206D10246691C3046DD
:10B51000F8F75AFD10B1F8BD0A48F8BD791C3A4653
:10B5200006F10C002944F8F74FFD0028F3D106F18D
:10B5300018000121BDE8F840F8F7A4BC01487047A5
:10B540000148E8E780B0FFFF80B1FFFF012B12D96F
:10B5500070B414681646621C3260257845B15C1ED2
:10B56000A54205D854192B46346070BCFFF7B4BF10
:10B57000024870BC70470148704700BF80B0FFFFB1
:10B58000F0B583B0099C089E74B1013C771C1D4640
:10B5900001940097FFF74CFF20B92B6833702B689C
:10B5A00001332B6003B0F0BD0048FBE780B0FFFF24
:10B5B000022A21D90A68531C0B601378032B1BD174
:10B5C00030B4941CD51C0C6054780D60927842EA1B
:10B5D0000424182C0CD01946084B03E05A88A242C8
:10B5E00007D0197B0C330029F8D1054830BC7047CF
:10B5F000042130BC01F0F4BC02487047A8BB0260D3
:10B6000080B1FFFF80B0FFFF30B40578042D0CD06F
:10B6100003200E4C02E0854208D0207B0C34002829
:10B62000F9D1A0F59F4030BC7047084C0320022B95
:10B63000086008D91070002063881B0A5370638863
:10B64000937030BC70470248FBE700BFA8BB0260A4
:10B6500000B1FFFF2DE9F0410C4686B006460121FE
:10B6600004F11800F8F7EEFEB8BB336BCBB3F36B05
:10B67000BBB3014605462046F8F7E4FE00282CDB64
:10B6800004F10C0729463846F8F7DCFE002824DBD5
:10B6900006F1040820464146F8F762FE00281CDA4D
:10B6A00041463846F8F75CFE002816DA6846F8F797
:10B6B0007FFA03A8F8F77CFA3A4639466846F9F764
:10B6C0000DF8054688B16846F8F77AFA03A8F8F746
:10B6D00077FA284606B0BDE8F081474806B0BDE8D5
:10B6E000F081464806B0BDE8F08131466846FEF775
:10B6F0003FFE05460028E6D1414F2246214603A8D9
:10B700003B6801333B60F8F7E9FF05460028DAD1D2
:10B71000314603A8FEF72CFE05460028D3D13B682E
:10B72000B26901333B60002A47D003A906F1100239
:10B730000846F8F753FF05460028C4D104E0F8F79F
:10B7400005FF05460028BED1414603A8F8F708FECC
:10B7500003A9002842460846F1DA03A92246084612
:10B76000F8F7BCFF05460028ADD1314603A8FEF727
:10B77000FFFD05460028A6D13B6803A906F11C027F
:10B78000013308463B60F8F729FF054600289AD1A7
:10B7900002E0F8F7DBFE68BB414603A8F8F7E0FDDE
:10B7A00003A9002842460846F3DA6846124DF8F726
:10B7B000D7FD002808BF002585E703A90322084616
:10B7C000F8F774FF054600287FF47DAF0CE0F8F72A
:10B7D00039FE424603A90028BFD003A8F8F7FEFEB1
:10B7E000054600287FF46FAF039B002103A88B421E
:10B7F000EDDBB2E7054666E780B3FFFF80B0FFFFF1
:10B80000ACB300202DE9F04F8846CBB019461E4658
:10B8100091460546FFF71EFF0446002840F095803C
:10B82000286B00284ED0E86B00284BD004A805F107
:10B830004C0AF8F7BDF907A8F8F7BAF921465046BF
:10B84000F8F73CFB012840F08480EF6D24210220B2
:10B85000013717F031FA834601907F0800287AD02B
:10B860003146FFF737FB044600287CD10BF1240654
:10B8700059463046FFF72EFB044678B9002F76D0A4
:10B88000834601E05F4572D03246314628460BF1CF
:10B89000010BFEF755FE0028F4D00446019D284612
:10B8A000FFF7C6FA3046FFF7C3FA284617F0BCF98F
:10B8B00004A8F8F785F907A8F8F782F94046FFF7DA
:10B8C000B7FA20464BB0BDE8F08FFEF739FE019A7B
:10B8D00010A9002840F02A811BF807302846FFF7FE
:10B8E000F1F910AB42464146002840F01F8128463E
:10B8F000FFF722FB002840F01981013F42464146F4
:10B9000028467B1CE1D110A8FFF792FA029A414623
:10B910002846FEF7F1FD04460028BFD141462846DF
:10B92000FEF768FD019D04462846FFF781FA304680
:10B93000FFF77EFA284617F077F904A8F8F740F9E0
:10B9400007A8F8F73DF9002CB8D120464BB0BDE868
:10B95000F08FAC48B6E704A8AB4CF8F731F907A86C
:10B96000F8F72EF9AAE7019B03F1240696E70DF5F7
:10B97000947B012228464BF8C46D5946FFF77CF8AA
:10B98000044600288AD13346019A31462846FFF7FB
:10B99000D3FA0446002881D1012259462846199637
:10B9A000FFF76AF8044600287FF478AF014648465E
:10B9B000F8F784FA4946029004A8F8F783F9044698
:10B9C00000287FF46BAF4A46514607A8F8F72EFED1
:10B9D000044600287FF462AF029B07A904A813F174
:10B9E000FF3318BF01231A460293F8F7CBF9044638
:10B9F00000287FF453AF01467A1C584617F050F9DF
:10BA0000002F3BD00395DA465D4695F8009021461D
:10BA100004A8F8F753FA40EA0909391901344FFA32
:10BA200089F904A8F8F74AFAA74249EA400005F85C
:10BA3000010BEAD1039D00234FF0010E9AF801108B
:10BA40000EF1010E9AF800C081EA03020B4077451F
:10BA500002F0010154B281F001001CFB00F14CEA3C
:10BA6000C0104AB204EA020182EA040243EA010376
:10BA70008AF801200AF8010BDBB2DFD210A8FFF729
:10BA8000AFF94AAB019A41463B44284613F8C43CFF
:10BA9000FFF718F9044618B110A8FFF7C9F9FDE639
:10BAA00008F1180901214846F8F7ECF90446002886
:10BAB000F2D1549B002B3FF420AFAB6D2A1D0AA896
:10BAC0004FF00C0A07330392DB081C46F8F770F8B6
:10BAD0000DA8F8F76DF8559B2146549A0AA8F9F776
:10BAE000EDFC18B120E0F8F71DFBE8B903990AA8AE
:10BAF000F8F736FC00284FF001010AA8F3DABAF192
:10BB0000010A7CD0F8F79EFC0028E4DD0AAA494629
:10BB10004846F8F7E3FD044650B10AA8F8F750F894
:10BB20000DA8F8F74DF8B7E70446F6E70446B3E783
:10BB300048462946FEF71CFC04460028EDD1DFF8F4
:10BB4000D0900AAA0DA8D9F8003011460133C9F8DF
:10BB50000030F8F7C3FD04460028DED129460DA8C1
:10BB6000FEF706FC04460028D7D1D9F800300DAA0C
:10BB7000414640460133C9F80030F8F7AFFD0446AE
:10BB80000028CAD129464046FEF7F2FB04460028A9
:10BB9000C3D1D9F800300DA90AAA01330846C9F863
:10BBA0000030F8F79BFD04460028B6D129460DA8C1
:10BBB000FEF7DEFB04460028AFD1D9F8003008F1CB
:10BBC0000C0A0DAA013351465046C9F80030F8F767
:10BBD00085FD04460028A0D150462946FEF7C8FB43
:10BBE0000446002899D1D9F800300AA80133C9F8D1
:10BBF0000030F7F7E5FF0DA8F7F7E2FF7DE6034C0D
:10BC00004AE700BF80B0FFFF80B2FFFF00B3FFFF35
:10BC1000ACB3002038B5036B93B1C36B83B10D4651
:10BC2000044601212846F8F70DFC00280ADB04F140
:10BC30004C012846F8F794FB002803DA002038BDB1
:10BC4000014838BD014838BD80B0FFFF80B3FFFF19
:10BC50002DE9F04705460F4603F1180001211C4667
:10BC60001646DDF82080DDF82490F8F7EBFB88B964
:10BC700031462846FFF7CEFF08B1BDE8F087CDF882
:10BC800024902346CDF82080324639462846BDE828
:10BC9000F047B7E50048F0E780B0FFFFF0B5074692
:10BCA00083B00D461046012114461E46F8F7CAFB24
:10BCB00058B34FF0FF312046F8F7C4FB78B14FF08E
:10BCC000000E2246334629463846CDF804E0CDF82A
:10BCD00000E0FFF7BDFF0446204603B0F0BD31464B
:10BCE0002846FFF7F7F804460028F5D10C35014641
:10BCF0002846F8F7A7FB0028EED0391D2A4628462B
:10BD000003B0BDE8F040F8F791BC3146284603B0D7
:10BD1000BDE8F040FFF7DEB8F0B5046B8BB0B4B10E
:10BD2000C46BA4B115461E46044601A80F46FFF792
:10BD300057F82A46334601A92046FFF7AFFF0546CC
:10BD400040B101A8FFF774F828460BB0F0BD0D48CC
:10BD50000BB0F0BD119B3946109A2046FFF79EFFAD
:10BD600005460028EDD13B4601AA39462046FFF79B
:10BD7000E3F805460028E4D139462046FEF73AFBB1
:10BD80000546DEE780B1FFFF2DE9F04F056B83B07C
:10BD9000DDF83080DDF83490B5B3C46BA4B3C76D63
:10BDA000144606461F25073700F14C0B0193FF0888
:10BDB00000914FEAC70A4B46424639462046F9F7FA
:10BDC0007DFB10BBF16D2046C1EB0A01F8F7AAF923
:10BDD0000121D0B9013D20461AD0F8F733FB0028E5
:10BDE00059462046E7DBF8F7BBFA0028E3DA009B68
:10BDF000224601993046CDF83490CDF8308003B01A
:10BE0000BDE8F04FFFF724BF034803B0BDE8F08F53
:10BE1000024803B0BDE8F08F80B0FFFF00B3FFFF22
:10BE200010B582B0049C009313460A4600F1280125
:10BE30000194FFF7A9FF02B010BD00BF70B50C461A
:10BE400082B00146154620461E4601F0C9F850B999
:10BE5000019604F18803009504F17C0204F12801A5
:10BE60002046FFF791FF02B070BD00BF0378002BA2
:10BE700044D00A789A4241D12DE9F04301F1880774
:10BE8000ABB00C46054639468830F8F769FA002809
:10BE90003DD104F1940805F194004146F8F760FAA9
:10BEA000002834D104F1A00905F1A0004946F8F7B3
:10BEB00057FA054658BB264602A8FEF791FF7C229A
:10BEC00029460BA816F0ECFE16F8281B0BA801F06B
:10BED00087F804F17C0233460195009502A90BA86E
:10BEE000FFF7B6FE044658B102A8FEF7A1FF0BA863
:10BEF000FEF7AEFF20462BB0BDE8F0830C4870473C
:10BF0000394602A8F8F72CFA28B1094CECE70848A2
:10BF10002BB0BDE8F083414605A8F8F721FA0028C8
:10BF2000F3D1494608A8F8F71BFA0028DCD0ECE763
:10BF300080B0FFFF2DE9F04FA24EC1B0054609AC1D
:10BF40000FCE0FC496E803007C2284E80300002192
:10BF500021A816F0A5FE0FA8FEF742FF18A8FEF7CD
:10BF60003FFF06A8F7F724FE21A8012101F038F8C9
:10BF70000446D0B9002D44D1022106A8F7F782FF6C
:10BF80000446002800F00F8121A8FEF761FF0FA8EA
:10BF9000FEF74EFF18A8FEF74BFF06A8F7F710FEB6
:10BFA000204641B0BDE8F08F0446002C17DAB5B149
:10BFB0002146854816F084FE21A8FEF749FF0FA808
:10BFC000FEF736FF18A8FEF733FF06A8F7F7F8FDCF
:10BFD0000A2016F02DFE204641B0BDE8F08F21A8C2
:10BFE000FEF736FF0FA8FEF723FF18A8FEF720FF85
:10BFF00006A8F7F7E5FD002DEAD1204641B0BDE8DF
:10C00000F08F724816F05CFE022106A8F7F73AFF9F
:10C0100004460028C9D12BAE0190009006AA3346F1
:10C0200018A921A8FFF714FE04460028BDD100235B
:10C03000DFF8A491DFF8A4811021654F06A8654AB6
:10C04000C9F80030C8F800303B60F8F7CBFB044675
:10C050000028AAD101903346009006AA0FA921A872
:10C06000FFF7F6FD044600289FD109ABD9F8002060
:10C070004FF0010A05939B4603923B68D8F80020D5
:10C080000493029200235BF8042F102106A8C9F83C
:10C090000030C8F800303B60F8F7A4FB3346044694
:10C0A00006AA0FA9002880D1019021A80094FFF7CB
:10C0B000CFFD044600287FF478AF474B039A1B68F6
:10C0C000934240F0B180454B029A1B68934240F086
:10C0D000AB803F4B049A1B68934240F0A5800AF165
:10C0E000010ABAF1060FCDD1002D7BD13A4B1021B8
:10C0F000384A06A81D60394B1D60354B1D60F8F7A6
:10C1000071FB044600287FF43FAF019518AB009502
:10C1100006AA0FA921A8FFF79BFD044600287FF47B
:10C1200033AFD9F800300126DFF8ACA00393D8F87C
:10C130000030DFF8A8B00293059C3B68049300230D
:10C1400054F8042F102106A8C9F80030C8F80030B0
:10C150003B60F8F747FB00287FF426AF019018AB4F
:10C16000009006AA0FA921A8FFF772FD00287FF40E
:10C170001BAFDAF80030039A93425ED1DBF800304F
:10C18000029A9A4259D1124B049A1B68934254D195
:10C190000136062ED3D10446002D3FF4F5AE1048EB
:10C1A00016F076FD08E72BAE0190009006AA334604
:10C1B00018A921A8FFF74CFD044600287FF4E4AE3F
:10C1C00035E700BFCC030020F81D00209822002096
:10C1D000ACB30020CC22002040AA0020B8AB002045
:10C1E0000C1A0020194816F053FD194816F068FD86
:10C1F000184B194A10211C6006A8184B1C60184BDC
:10C200001C60F8F7EFFA044600287FF4CEAE0190E8
:10C2100018AB009006AA0FA921A8FFF719FD044644
:10C2200000287FF4C2AE7CE70DB90124ACE651468C
:10C230000C4816F045FD0124BEE6002DF5D0314630
:10C24000084816F03DFD0124B6E600BF0C1A002098
:10C250001023002040AA0020CC220020B8AB0020F0
:10C26000ACB30020002300202DE9F8430C21044644
:10C27000F7F7BAFC002840F0C780A2680746646858
:10C2800002F1180C02F1200102EB8404664656F814
:10C29000185C043656F8043C7D191D442CBF012758
:10C2A000002746F81C5CAB4288BF01378E42EED1B6
:10C2B00002F1280502F1300E0023A84658F8286C38
:10C2C00008F1040858F8049C9B194B442CBF012624
:10C2D000002648F82C3C994594BF3346731CF04522
:10C2E000ECD13B4497684FF00008D668DB1997699A
:10C2F0002CBF4FF00109C1463B4419EB0606936081
:10C300002CBF4FF00109C146BB42D7692CBF0023A7
:10C3100001231E449E422CBF4B4609F101033E44BB
:10C32000BE4238BF0133D66051F8186C043151F861
:10C33000047C18EB06063E442CBF4FF001084FF07A
:10C34000000841F81C6CB74288BF08F101088D4213
:10C35000EAD19844A946002159F8207C09F1040942
:10C3600059F8043CC91919442CBF0126002649F884
:10C37000241C8B4294BF3146711CF145ECD11669E7
:10C380004144536902F110078919D2F820804FF017
:10C39000000E2CBF012600264144F31811612CBF6A
:10C3A0004FF001094FF000098845D2F8248094BF6E
:10C3B0000026012633449E4294BF494609F10101FB
:10C3C0004344434538BF013153613E6876443E6083
:10C3D0002B68334447F8043B55F8048B43452CBF86
:10C3E0000023012376452CBF9E4603F1010E6745CD
:10C3F000EBD102F11C0371449C42916104D90022EB
:10C4000043F8042B9C42FBD8BDE8F8832DE9F04F9C
:10C4100093B0064601250D2405AB0190342200217E
:10C42000184604930295039416F03AFC30461821FE
:10C43000F7F7DAFB0090002840F02A82B3681C6806
:10C44000D3F830A05D6D54441E6DD86DA24505EB48
:10C4500004015A6894BF002401248D4288BF01342E
:10C4600071182CBF4FF0010E4FF0000E0F1A7444DC
:10C470001F60884294BF2146611E4C1C00F00C8254
:10C4800052182CBF4FF0010E4FF0000E4FFA8EFEE7
:10C49000596B9C6D0A449F68914288BF0EF1010E52
:10C4A0002244944288BF0EF1010E0244904288BF9C
:10C4B0000EF1010ECAEB020C924594BF7246AEF12A
:10C4C0000102C6EB0C0E664588BF013AC3F804E0D2
:10C4D00052B2002AC0F25382BA182CBF4FF0010C9E
:10C4E0004FF0000C4FFA8CFCD3F83890DF684A44C8
:10C4F000914588BF0CF1010C0244904288BF0CF1B9
:10C50000010CC1EB020E914294BF6246ACF10102F4
:10C51000C5EB0E0C754588BF013AC3F808C052B28E
:10C52000002AC0F22282BA182CBF4FF0010E4FF041
:10C53000000E4FFA8EFED3F83CC01F69624494454A
:10C5400088BF0EF1010E5244924588BF0EF1010ED4
:10C550003244964288BF0EF1010E2A44954288BFAC
:10C560000EF1010EC9EB0208914594BF7246AEF17F
:10C570000102C4EB080E444588BF013AC0EB0E0827
:10C58000704588BF013AC3F80C8052B2002AC0F24D
:10C59000E381BA182CBF012700277FB22A44D3F8C1
:10C5A00040E0D3F81480954288BF01372A44954271
:10C5B00088BF01377244964588BF01370A449142CB
:10C5C00088BF01375244924594BFBA4607F1010A29
:10C5D0003244964288BF0AF1010A2244944288BF3D
:10C5E0000AF1010ACCEB020B944594BF5246AAF122
:10C5F0000102C0EB0B07584588BF013AC0EB070AA0
:10C60000B84288BF013AC3F810A052B2002AC0F263
:10C61000998118EB02022CBF4FF0010A4FF0000A7B
:10C620004FFA8AFA22445F6CD3F81880944288BF8C
:10C630000AF1010A2244944288BF0AF1010A3A44ED
:10C64000974288BF0AF1010A4A44914588BF0AF11E
:10C65000010A0A44914288BF0AF1010A2A4495421C
:10C6600094BF51460AF1010182182CBF4FF0010B13
:10C670004FF0000BCEEB020A5944C3F814A09645C4
:10C6800094BF0A464A1E52B2002AC0F2538118EBE8
:10C6900002022CBF0121002149B20244D3F8488094
:10C6A000D3F81CA0904288BF01310244904288BF59
:10C6B00001314244904588BF01316244944588BFAE
:10C6C00001314A44914588BF0131A2182CBF4FF077
:10C6D000010B4FF0000BC7EB02095944C3F8189047
:10C6E000974294BF0A464A1E52B2002AC0F21881ED
:10C6F0001AEB02022CBF4FF0010A4FF0000A4FFA6A
:10C700008AFAD96CD3F820900A44914288BF0AF182
:10C71000010A7244964588BF0AF1010A62449445B1
:10C7200094BFD4460AF1010C82182CBF4FF0010BC4
:10C730004FF0000BC8EB020ADC44C3F81CA0904584
:10C7400088BFACF1010C4FFA8CFCBCF1000FC0F2B9
:10C75000DD8019EB0C0C2CBF4FF001094FF00009E4
:10C760004FFA89F9B4445A6A664588BF09F101094C
:10C77000BC44674588BF09F101091EEB0C0E2CBFB4
:10C780004FF0010A4FF0000AC1EB0E0CD144C3F880
:10C7900020C0714594BFCE46A9F1010E4FFA8EFE1E
:10C7A000BEF1000FC0F2A78012EB0E0C2CBF0122CD
:10C7B00000224FFA82FEAC449A6A654588BF0EF1AA
:10C7C000010EC444E04588BF0EF1010E17EB0C07C3
:10C7D0002CBF4FF001094FF00009C6EB070CCE4407
:10C7E000C3F824C0BE4294BF7746AEF101077FB2C2
:10C7F000002F76DB12EB070E2CBF0122002252B273
:10C80000A644DF6A744588BF01328E44714588BFF3
:10C81000013218EB0E082CBF4FF0010C4FF0000C4A
:10C82000C5EB080E6244C3F828E0454594BF1546A1
:10C83000551E6DB2002D4BDB7A192CBF0127002746
:10C840007FB20244019D904294BF3846781C324426
:10C850006D68964294BF0646461C89182CBF01227B
:10C8600000220F1B1644DF628C4294BF3446741EB4
:10C870000D2D64B224EAE4721A6307D903EB85052F
:10C880000022343343F8042B9D42FBD1002C0BDBF8
:10C89000009813B0BDE8F08FB2FA82FE013A4FEA79
:10C8A0005E1ECEF1000EF3E5039A6FF04043019E49
:10C8B00064421344049D324602A9304645F82340A1
:10C8C000F7F744FE0028E3D14FF0FF333360DFE792
:10C8D000C5F1000EEA1977454FF0FF3728BF002752
:10C8E000AFE7C7F1000C07EB020E62454FF0FF32D5
:10C8F00028BF002284E7CEF100090EEB020C4FF0B6
:10C90000FF3E4A4528BF4FF0000E54E7CCF1000A25
:10C91000CC44D1454FF0FF3928BF4FF0000921E743
:10C92000C2F100095244CA454FF0FF3A28BF4FF008
:10C93000000AE6E65142424488454FF0FF3128BFE5
:10C940000021AAE6C2F1000A4244D0454FF0FF3A66
:10C9500028BF4FF0000A65E6C2F100083A44474597
:10C960004FF0FF3728BF002718E6C2F1000E3A4407
:10C9700077454FF0FF3E28BF4FF0000EDBE5C2F1D8
:10C98000000C3A4467454FF0FF3C28BF4FF0000CC5
:10C99000AAE500BF2DE9F04F8FB006460125082417
:10C9A00006AB20220021039518460593049416F047
:10C9B00077F930460E21F7F717F90746002840F0BF
:10C9C000C080B3681968D3F81C90DA6A4945C9EB8E
:10C9D000010458682CBF00210121A24288BF013107
:10C9E000A41A49421C6049B2002940F0AE803C467E
:10C9F000D3F82080196B804588BF013CC8EB00004C
:10CA00009D68814288BF013C401A64B25860002C86
:10CA100040F0D9802046D3F824C05C6BAC4588BF79
:10CA20000138CCEB0505D3F80CA0AC4288BF013827
:10CA30002D1B40B29D60002840F0BD800190D3F8CE
:10CA400028E0D3F810B0D645CEEB090598BF0020FA
:10CA5000554488BF0120A94594BF4042C0F1010060
:10CA600012EB0509019DC3F80C9045EB000040B2A4
:10CA70000028C0F297801BEB00002CBF4FF0010B89
:10CA80004FF0000B4FFA8BFB8242C2EB08095D6945
:10CA900094BF002201224844804594BFC2F100089F
:10CAA000C2F1010808184BEB080818614FFA88F822
:10CAB000B8F1000F6DDB15EB08082CBF0125002530
:10CAC0006DB2C1EB0C0041459A6994BF0021012170
:10CAD0008044C44594BFC1F1000CC1F1010C14EBBA
:10CAE000080045EB0C0C58614FFA8CFCBCF1000FB0
:10CAF00046DB12EB0C0C2CBF0120002040B2C4EB33
:10CB00000E0264457168624494BF002401249A6156
:10CB1000964594BFC4F1000EC4F1010E0829864465
:10CB20004FFA8EFE2EEAEE72DA6107D903EB81022C
:10CB30002033002143F8041B9342FBD1BEF1000FC8
:10CB40000ADB38460FB0BDE8F08F4C42A04234BF3C
:10CB5000FF24002408444BE7049A6FF04044CEF1D0
:10CB60000003059D144403A93246304645F824309D
:10CB7000F7F7ECFC0028E4D14FF0FF333360E0E737
:10CB8000CCF10000944482424FF0FF3028BF0020D7
:10CB9000B5E7C8F10002A84495424FF0FF3528BF21
:10CBA00000258EE745425844AB454FF0FF3B28BF78
:10CBB0004FF0000B68E74542AA4534BFFF2500252A
:10CBC000824401953BE76042854234BFFF2000204C
:10CBD000254420E72DE9F04F8FB0054601260924B2
:10CBE00005AB24220021029618460493039416F004
:10CBF00057F828461021F6F7F7FF0190002840F07B
:10CC00009881AB681A68D3F82090D3F824804A44FE
:10CC1000D3F82CE01F6B914508EB020C586B94BFC6
:10CC200000240124CEEB0C029E6BE04588BF01344A
:10CC3000D11BE64588BF013C974294BF2246621E45
:10CC40000C1A884288BF013AC6EB040CA64294BF76
:10CC50001146511EC3F800C05A680029C0F26D8108
:10CC600051182CBF0122002252B24144D3F828C0EF
:10CC7000DC6B884588BF01326144D3F808A08C453D
:10CC800088BF0132C7EB010B8F4294BF1146511E82
:10CC9000C0EB0B02584588BF0139C6EB020B964228
:10CCA00094BF0A464A1EC4EB0B015C4594BF9346F1
:10CCB000A2F1010B59604FFA8BFBBBF1000FC0F2E0
:10CCC00086811AEB0B0B2CBF0121002149B2E344F2
:10CCD000D3F80CA0DC4588BF0131F344DE4588BFA2
:10CCE0000131C0EB0B02584588BF0139C6EB020B7E
:10CCF000964294BF0A464A1EC4EB0B015C4594BFA2
:10CD00009346A2F1010B99604FFA8BFBBBF1000F28
:10CD1000C0F254811AEB0B0B2CBF0121002149B248
:10CD2000F344D3F810A0DE4588BF0131F344DE455B
:10CD300088BF0131BB445F4588BF0131BB445F45BB
:10CD400088BF01318344584588BF0131C4EB0B02D1
:10CD50005C4588BF0139C9EB020B914594BF0A4677
:10CD60004A1EC8EB0B01D84588BF013AD96052B2C0
:10CD7000002AC0F219811AEB02022CBF4FF0010BFE
:10CD80004FF0000B4FFA8BFB3A445969974288BF2A
:10CD90000BF1010B3A44974288BF0BF1010B02449F
:10CDA000904288BF0BF1010B0244904288BF0BF107
:10CDB000010B3244964288BF0BF1010BC8EB020A0B
:10CDC000904594BF5A46ABF10102CCEB0A0BD44517
:10CDD00088BF013AC3F810B052B2002AC0F2DB801B
:10CDE0008A182CBF0121002149B20244D3F818A0AF
:10CDF000904288BF01310244904288BF01313244E1
:10CE0000964288BF01313244964288BF01312244A4
:10CE1000944288BF0131CCEB020B944594BF0A4683
:10CE20004A1ECEEB0B01DE4588BF013A596152B272
:10CE3000002AC0F2A7801AEB02022CBF4FF0010AB1
:10CE40004FF0000A4FFA8AFA3244D969964288BFF5
:10CE50000AF1010A3244964288BF0AF1010A2244CB
:10CE6000944288BF0AF1010A2244944288BF0AF121
:10CE7000010A3244964294BF56460AF10106024422
:10CE8000904288BF0136C9EB020A914588BF013E36
:10CE9000C8EB0A02D04594BFB046A6F101089A61DA
:10CEA0004FFA88F8B8F1000F62DB11EB08022CBFD3
:10CEB0000121002149B222446E68944288BF0131A9
:10CEC0002244944288BF01312244944294BF0C46CC
:10CED0004C1C4A44914594BFA14604F10109CCEB96
:10CEE0000201944594BFCC46A9F1010CCEEB01049C
:10CEF0008E4594BFE646ACF1010EE11BA74294BFFC
:10CF00007746AEF101070A1A884294BF3846781E68
:10CF1000DA61092E40B220EAE0721A6207D903EB07
:10CF200086060022243343F8042B9E42FBD10028BE
:10CF30000BDB01980FB0BDE8F08F4C421144A242C8
:10CF40004FF0FF3228BF00228FE6039A6FF0404473
:10CF50004342049E144402A92A46284646F8243037
:10CF6000F7F7F4FA0028E4D14FF0FF332B60E0E745
:10CF7000C8F1000608EB0102B1424FF0FF3128BFB3
:10CF8000002198E7514252448A454FF0FF3A28BFAA
:10CF90004FF0000A58E7C2F1000B0A4459454FF020
:10CFA000FF3128BF002120E7C2F1000B5244DA45CF
:10CFB0004FF0FF3B28BF4FF0000BE5E6CBF100013F
:10CFC000D3448A454FF0FF3128BF0021A8E6CBF1BA
:10CFD0000001D3448A454FF0FF3128BF002176E697
:10CFE000F8B50D460446FDF733FF6B1E2570032B85
:10CFF00065D8DFE803F0573A2D02334B0125334E55
:10D000000C2203F1300103F1600003F19007E360AB
:10D01000C03361626065201D2D492763E363666646
:10D020006560E561E564A562656325646564A26089
:10D0300022622265E262A263A164F6F797FFA0650F
:10D0400004F14C00F6F792FF2566E0650020F8BD7C
:10D05000204B0125204E082203F1200103F140005E
:10D0600003F16007E3608033D3E71C4B01251C4FBD
:10D07000082603F1200203F13C0103F15800E360AC
:10D0800074336262616507222063201D1049E363E7
:10D0900067666560E561E564A5626563256465644E
:10D0A000A660C5E70F4B01250F4E062203F11801BC
:10D0B00003F1300003F14807E3606033A9E720463D
:10D0C000FDF7C6FE0948F8BD8CBD02600DC40060C6
:10D0D00018690020ECBC0260D5CB00605CBC02602B
:10D0E00095C90060E4BB026069C2006080B1FFFFC7
:10D0F0002DE9F04F8E460F2191B01EF80FCF0F9201
:10D100000CEA01044FEA1C1C00EBC404CDE900AB9F
:10D11000D4E93023D4E9104525E01EF801CD0E9A5C
:10D12000534B0CF00F04CDF828804FEA1C1C53F829
:10D13000323000EBC4041B04DDE904670B93D4E92F
:10D140003023D4E9104556405F4032463B465646B0
:10D150005F4666406F4034463D46DDE90A6756400B
:10D160005F4032463B4626094FF000081709013957
:10D17000009604F00F06069700EBCC0C009F2C09DC
:10D18000CDF830804FEA027947EA05770194CDF86F
:10D1900020800097364F57F83660069F47EA03779E
:10D1A0001B09069707933304DDE90645DCE9306780
:10D1B0000D9374407D4026462F46DDE90CABDDE93A
:10D1C00000238AEA060A8BEA070B42EA080243EACE
:10D1D000090356465F46DCE9104562404C1C4FEAA5
:10D1E000161483EA05034FEA067504944FEA1214F5
:10D1F0000995029402F00F04029D0E9445EA03750E
:10D200000295049D45EA0B7504954FEA13150395A5
:10D210004FEA1715DDE908AB0595DDE902454AEA55
:10D22000040A4BEA050B7FF478AF0F9C390E3D0CD6
:10D23000E7704FEA172E21702746300EE671310C49
:10D24000E372E273360A65701D0E84F802E01C0C6E
:10D250003871180A7971130C110EBE71120A3D72E1
:10D260007C72B87239737B73BA7311B0BDE8F08FFA
:10D2700080BE02604FF4C472002115F011BD00BFE2
:10D280002DE9F04F04468BB093460846012219461B
:10D290001D46FAF767FB002800F09C80D0F814A028
:10D2A0008046BAF1100F40F095802046FAF772FBE5
:10D2B00041462046FAF77EFB10B10BB0BDE8F08F77
:10D2C0002A46594601232046FAF7A0FB05460028C6
:10D2D000F3D105A906AB52462046009119460595A3
:10D2E0000695079508950995FAF744FC86460028A7
:10D2F0006CD1089B4FF0000A099D4FF0040E93FA81
:10D3000083FB079B95FA85FC069A1DBA5B4611BA0A
:10D310004FF0000B40EA0C0228434FF0030C04F5D9
:10D320008075C4E92023C5E90001C4E930ABC4E934
:10D3300010AB02F0010AC7075B084FEA3202490846
:10D340004FEA30004FEA4A1B002604EBCE053B4370
:10D35000CBEB0A0A32437040BCF1010C4FEA0A6978
:10D360004FEA6E0E81EA0901C5E91023C5E93001D3
:10D37000DFD1022704F1C00304F1400C4FF0030E8B
:10D380003D460293EA00029E604601230CEB020137
:10D3900032442F46D1E90089D2E900ABF6E90245D3
:10D3A000013384EA0A0485EA0B05BB42E2E902453F
:10D3B000F0E9024584EA080485EA0905E1E9024545
:10D3C000ECD1BEF1010E4FEA4305DBD170460BB044
:10D3D000BDE8F08F6FF013000BB0BDE8F08F00BF19
:10D3E0002DE9F04F00268DB00796DDF858A0DDF846
:10D3F0005C80002B00F0B68005461C4600F5B87B2B
:10D4000000F5B0730F469146002100F5A072002090
:10D41000C5F860610C2C5E609E60DE60C5F87061CE
:10D42000CBF80460CBF80860CBF80C60C5F88071CD
:10D43000C2E900012A46E2E95201039200F0848029
:10D44000E20005F25F11CDF814B09B46100E0F46B6
:10D450000491110C8DF82F20120ACDF85C80A8469B
:10D46000089609968DF82C008DF82D108DF82E2039
:10D470000A96102C26463D4609F1FF3028BF10269B
:10D48000394606F25F1EC64411F8012F10F8013F1D
:10D49000714583EA02030B70F6D15A46594640465D
:10D4A000B144FFF725FEA41BE3D12F465B4645465A
:10D4B000DDF814B0DDF85C8008AE0499204601E088
:10D4C00016F8014F11F8012F01306240102807F8BB
:10D4D000012FF5D11A46194628460493FFF708FE96
:10D4E000049B07A81946102205F5A873009028464A
:10D4F000FAF740FB28BB039BC5F848815860B8F198
:10D50000000F1DD005F26F14464623460AF1FF3185
:10D51000102E28BF102606F26F172F4413F8010FA4
:10D5200011F8012F9F4282EA00021A70F6D15A4682
:10D5300059462846B244FFF7DBFDB8EB0608E3D1B5
:10D5400000200DB0BDE8F08FD9F800400122D9F8D5
:10D550000400D9F80810C5F860415860996085F852
:10D560006F21BEE76FF01300EBE700BF2DE9F04F2E
:10D570009A4689B00023164692450546884603938D
:10D5800003D9C2EB0A038B4264D32C464FF00F0C35
:10D590006FF01F0BF4E9500110EB080241F100039A
:10D5A0009C4508BF934555D38B4208BF824251D357
:10D5B000C4E90023B8F1000F42D005F5B07B05F5B2
:10D5C000B87947464C4649461022102F28BF1027ED
:10D5D00011F8013D013A01330C2ADBB20B7001D97D
:10D5E000002BF5D003AB102259462846009304AB1C
:10D5F000FAF7C0FA28BB3146D5F880213E440DF138
:10D600000F0E0AF1FF301AB922780B7853402370BD
:10D610000B7801311EF8012F534000F8013FD5F877
:10D620008021012A10D0B14204F10104EBD14A4615
:10D6300049462846BA44FFF75BFDB8EB0708C0D15E
:10D64000002009B0BDE8F08F94F800C083EA0C0315
:10D650002370E8E76FF01300F3E700BF2DE9F04F08
:10D66000D0F84C31161FD0F8447187B04FEAC30888
:10D67000D0F84041FF00D0F848310C2E47EA5477EB
:10D6800048EA537875D88B464FEAC40900F5A8716B
:10D69000064658464FEAC30A154615F0DDFA59EA20
:10D6A000070306D15AEA080303D1002007B0BDE8FA
:10D6B000F08F4FEA184C8DF80B804FEA1A6E8DF8F8
:10D6C0000FA04FEA1A4206F26F144FEA18638DF862
:10D6D00013704FEA18288DF817904FEA1A2A8DF820
:10D6E00009C08DF80A804FEA176C4FEA17488DF889
:10D6F0000CE03F0A8DF80EA04FEA196E8DF80D2050
:10D700004FEA194A8DF810C04FEA192902A821469C
:10D7100001948DF808304FF0000C8DF811802246EE
:10D720008DF812708DF814E08DF815A08DF8169014
:10D7300001E010F8013F12F8017F0CF1010C7B4071
:10D74000BCF1100F01F8013FF3D106F5B872013DAD
:10D7500030461146FFF7CCFC0BF1FF30AB4410F81C
:10D76000012F14F8013F584583EA02030370F6D1F4
:10D770009BE76FF0130099E72DE9F04383B01E4655
:10D7800017460B9D32460C9C00950DAD0194044646
:10D790000A9BDDF8408095E86002FFF721FE10B19A
:10D7A00003B0BDE8F08333462A4639462046FFF7EA
:10D7B000DDFE0028F4D14A464146204603B0BDE8CC
:10D7C000F043FFF74BBF00BF2DE9F0418CB00E4690
:10D7D0000021139C0DF1200E129D159F01950294BE
:10D7E000169D179C009313460395324605970494A3
:10D7F000CDF818E0149DFFF7BFFF88B99FB107F17E
:10D80000FF386A1E0DF11F01454412F8017F11F81F
:10D81000013FAA4283EA070340EA0300F5D120B999
:10D820000CB0BDE8F0813846FAE72046314604F0F6
:10D8300095F96FF01100F3E710B50446FAF7AAF86E
:10D840004FF4C4712046BDE8104004F087B900BF12
:10D850002DE9F04FBF4BADF50D7D4FF0800A1393CE
:10D8600003F5907308901493CDF824A0099B00242D
:10D87000139AA3F1C003A2460A92B3FA83F35B0999
:10D880001593B54B1193149B98464FF4C472002125
:10D890002AA815F005FA089B002B40F0D481AF4B65
:10D8A00002212AA803EB44131A460B93099BFFF7A6
:10D8B000E7FC10F1230F034603D1159A002A40F02C
:10D8C000FA81002B40F0A381A54B16ACA5484FF080
:10D8D000100B53F82A7003F55273A34E4FEA8A09CE
:10D8E00053F82A1003F5D873069453F82A20A3F5A9
:10D8F000587300EB811100F5D87053F82A3000EB13
:10D900008212A0F5E47006EB831306F5527650F808
:10D910002A0056F82A600E9135460F961AAE1092DC
:10D920000D900191012103923A4600902AA8029598
:10D93000CDF814B004960C93FFF71EFF03460028A1
:10D9400040F0658112903A464146304615F0A4F900
:10D95000129B002840F0CC815A460A992046129327
:10D9600015F09AF9002840F0C3812AA8FAF712F8B6
:10D970004FF4C4712AA804F0F1F8089A002A40F084
:10D9800069814FF4C47208992AA815F089F9099B96
:10D9900002210B9A2AA8FFF773FC0346002840F0E7
:10D9A00036810F9A01460D9D4FF0100B0E980C9B7F
:10D9B00002923A4601902AA806940496CDF80C806B
:10D9C0000095CDF814B0FFF7D7FE0346002840F0CD
:10D9D0001E813A461099304615F05EF9002840F055
:10D9E00087815A460A99204615F056F98346002841
:10D9F00040F07E812AA8F9F7CDFF4FF4C4712AA820
:10DA000004F0ACF8089B002B40F035814FF4C47251
:10DA100008992AA815F044F9099B02210B9A2AA813
:10DA2000FFF72EFC0346002840F0F1800F9B0121F8
:10DA30000E9A2AA8019300920D9B0C9AFFF7D0FC36
:10DA40000346002840F0E380202F40F2D680109D4E
:10DA5000334620212AA82A46203FFFF787FD0346A8
:10DA6000002840F0D4802A4622AB39462AA820322A
:10DA7000FFF77CFD0346002840F0C98010222146B4
:10DA80002AA8FFF7EBFD0346002840F0C080344B86
:10DA90004146304653F809B05A4615F0FDF80028C3
:10DAA00040F0268110220A99204615F0F5F8074625
:10DAB000002840F01D812AA8F9F76CFF4FF4C471CB
:10DAC0002AA804F04BF8089B002B40F0E4804FF4A8
:10DAD000C47208992AA815F0E3F8119B02211F4D82
:10DAE0002AA81A68099B05EB4212FFF7C9FB0346F7
:10DAF000002840F08C8005F5816205F51C73014615
:10DB00002AA852F8097005F5227205F5846553F8C4
:10DB1000093002EB8717303A55F8095052F80920BE
:10DB20000097114F019507EB8212FFF759FC03464E
:10DB300000286CD1BBF1200F7BD93346424620210F
:10DB40002AA8FFF713FDABF12005034600285ED19C
:10DB50000CE000BF00BF026058CA0260A0C40260AF
:10DB600060C5026028C7026078C5026022AB294602
:10DB700008F120022AA8FFF7F9FC0346002846D145
:10DB8000102221462AA8FFF769FD034600283ED14E
:10DB90005E4B304653F80910A3F59F6353F80920F4
:10DBA00003F55E7303EB811115F076F8002840F061
:10DBB0009F80204610220A9915F06EF8002840F048
:10DBC00097802AA8F9F7E6FE4FF4C4712AA803F05B
:10DBD000C5FF089B002B40F08780119B0AF1010ACA
:10DBE0000A9A08F140080433BAF1060F02F1100254
:10DBF00011930A9262D01C6847E63346109A394660
:10DC00002AA8FFF7B3FC034600283FF437AF089A71
:10DC1000002A71D12AA80893F9F7BCFE2AA84FF46C
:10DC2000C47103F09BFF089B18460DF50D7DBDE800
:10DC3000F08F3346594642462AA8FFF797FC034621
:10DC400000289DD0E3E7324B52460999314815F040
:10DC500037F824E6304815F01BF8129B4FF4C472D5
:10DC60002AA8194615F01CF82C4B52460999294848
:10DC700015F026F88BE6284815F00AF859464FF4B7
:10DC8000C4722AA815F00CF8214B52460999244871
:10DC900015F016F8C0E6204814F0FAFF39464FF4A4
:10DCA000C4722AA814F0FCFF1C4B524609991C4868
:10DCB00015F006F811E71B4814F0EAFF139A099BC8
:10DCC000603240331392149AB3F5A07F099302F5A2
:10DCD000C07214927FF4CAAD089B9BB9002318460A
:10DCE0000DF50D7DBDE8F08F0B4814F0D1FF74E702
:10DCF000089A0123002A8DD00B48089314F0C8FF1E
:10DD0000089B87E70A2014F093FFE7E758CA0260F0
:10DD1000E81900206C2400200C1A0020E4190020CF
:10DD200088240020041A00205C1A002070B5064DDB
:10DD300014460B462E6834448119184614F08CFFA3
:10DD400000202C6070BD00BF60B80020642200215C
:10DD500014F0A6BF41657047016570478165704743
:10DD60002DE9F043884693B004460068914600F0E0
:10DD700009FB00230546B8F1000F3AD0B9F1000FB6
:10DD800037D002278DF8043004F10C0619E002A9FF
:10DD9000204600F0B9FB2A4602A9204600F02AFBE3
:10DDA0002A463146204600F09BFB3146204600F0D3
:10DDB000ABFB9DF804300133DBB2BB428DF804307D
:10DDC00014D2204600F0D6FB2A463146204600F009
:10DDD00087FB012201A9204600F082FB022FD6D149
:10DDE0004A464146204600F07BFBD0E713B0BDE831
:10DDF000F08301278DF80430C6E700BF2DE9F84312
:10DE000017460122984605460E4600F07BFA044666
:10DE1000B0B905F10C09304600F0B4FA02464946A3
:10DE2000284600F0E7FA304600F0ACFA012102463D
:10DE3000484614F035FF424639462846FFF790FF22
:10DE40002046BDE8F88300BFB2F5807F2DE9F041A0
:10DE5000E0B02BD8076DD319B3F5C07F26D80446A0
:10DE60000E46154600214FF4C072684614F018FFA4
:10DE70003A466946E36D206E98470746E0B9D4F804
:10DE8000508006B155B9424669462046FFF768FF03
:10DE90000123E364384660B0BDE8F0810DEB080073
:10DEA00031462A46A84414F0D7FEECE76FF0040789
:10DEB000384660B0BDE8F0816FF00807EAE700BFC0
:10DEC0002DE9F041904601221F4604460D4600F020
:10DED00019FA08B1BDE8F081284604F10C0500F0FC
:10DEE00051FA064629462046324600F083FA324669
:10DEF0002846012114F0D4FE42F21073142EC4F807
:10DF00005C802766A3650CD818231025236520465E
:10DF1000079A0699FFF798FF0028DBD12565BDE831
:10DF2000F0811C2E8BBF3023242320251825EDE7FC
:10DF30002DE9F84F1546064600680F469B46DDF86A
:10DF400028A000F01FFAB5F5806F49D8BAF5807F98
:10DF500042D8F36D814633B1736D012B34D0F26C2E
:10DF6000B36D9A4230DCBBF1000F07D0BAF1000F5D
:10DF700004D0524659463046FFF7F2FECDB106F1C5
:10DF80000C084D4530462C4628BF4C4600F0F2FAAE
:10DF90004A464146304600F0A3FA4146304600F07A
:10DFA000B3FA38462246414614F056FE2D1B27444C
:10DFB000E7D1304652465946FFF7D2FEF36C0020B7
:10DFC0000133F364BDE8F88F524659463046FFF7F7
:10DFD0003BFF18B98246D1E76FF00400BDE8F88F27
:10DFE0006FF00200BDE8F88F00B5002383B0009306
:10DFF000FFF79EFF03B05DF804FB00BF48B110B50A
:10E00000044600F065F964212046BDE8104003F0A5
:10E01000A5BD70472DE9F041B0B00446042000F0E2
:10E0200045F964220546002117A814F039FE7CB991
:10E03000694E2946019417A80094684B684A3460D9
:10E04000FFF73EFFE0B10125284630B0BDE8F08182
:10E0500000276448604E14F033FE2946019717A844
:10E0600000975E4B5E4A3760FFF72AFF00287FD09B
:10E0700001255D4814F00CFE284630B0BDE8F08163
:10E0800003AF4FF0010E009423463946502217A8E3
:10E09000CDF8B0E0FFF74CFF0028D4D10023502288
:10E0A000394617A80093FFF743FF00285DD150229F
:10E0B0004E49384614F0F0FD8046002855D117A887
:10E0C00000F006F9642117A803F048FD17A800F036
:10E0D000FFF8642117A803F041FD002C58D16422F9
:10E0E000214617A814F0DCFD019400942946404B0A
:10E0F00017A83B4A3460FFF7E3FE0028A3D122466D
:10E10000214617A8FFF7A0FE00289CD1002350222B
:10E11000394617A80093FFF70BFF034628BB009072
:10E120005022394617A8FFF703FFF0B938465022AE
:10E13000304914F0B1FD0546B8B917A800F0C8F889
:10E14000642117A803F00AFD17A800F0C1F817A86A
:10E15000642103F003FD002C3FF476AF264814F051
:10E1600097FD0A2014F064FD6EE7002C80D16AE769
:10E1700003AF4FF0010E009003463946502217A816
:10E18000CDF8B0E0FFF7D4FE00287FF471AF85E74B
:10E19000194814F07DFD194814F092FD642241469F
:10E1A00017A814F07DFDCDF80480CDF80080294635
:10E1B0000F4B17A80A4AC6F80080FFF781FE002817
:10E1C0007FF456AF0246014617A8FFF73DFE002830
:10E1D0007FF44EAF9AE700BF60B8002070CA0260BB
:10E1E0002DDD0060A82400205C1A0020A8CA02606F
:10E1F000F8CA026020CB02600C1A0020C424002060
:10E200000048704770CB0260002833D0014610B53B
:10E210000446194814F024FD20B32146174814F091
:10E220001FFDE8B12146164814F01AFDC0B1214681
:10E23000144814F015FDB8B12146134814F010FD30
:10E24000A0B12146114814F00BFD88B121461048B9
:10E2500014F006FD0F4C00280CBF2046002010BD16
:10E260000D4810BD0D4810BD0D4810BD0D4810BD26
:10E270000D4810BD704700BFE02400200826002094
:10E28000384100202C260020D4390020003A0020FC
:10E29000A426002050CE026010CF026040CF026062
:10E2A000E0CE0260B0CE026080CE02600338C0B221
:10E2B000052803D8024B53F8200070470020704710
:10E2C000800500200023036043608360704700BF27
:10E2D000B8B10368ABB110B50446406808B15B6AD9
:10E2E0009847A06838B12368D968490003F036FC24
:10E2F000A06814F099FC20460C21BDE8104003F002
:10E300002DBC7047C9B1C0B1F8B505460B6A0C46C3
:10E31000164698470746686088B116B92C600020F9
:10E32000F8BDE168022014F0C7FCA8600028F5D110
:10E330003846636A98470348F8BD03487047014868
:10E34000F8BD00BF80AEFFFF00AFFFFF0122FFF767
:10E35000D9BF00BF78B1026869B162B10B6853B12F
:10E3600010B5D41A18BF01243CB9936A49684068B3
:10E370009847204610BD02487047014810BD00BFB5
:10E3800000AFFFFF00B1007A704700BF00B1007816
:10E39000704700BF00B14068704700BF20B10368FC
:10E3A00013B11B69406818470048704700AFFFFF72
:10E3B00020B1036813B15B69406818470048704793
:10E3C00000AFFFFF20B1036813B19B694068184795
:10E3D0000048704700AFFFFF40B130B40C46C5693C
:10E3E00011461A4620462B4630BC18470048704755
:10E3F00000AFFFFF00286ED003682DE9F04305460B
:10E4000091B0002B65D08668002E62D09046DA6805
:10E41000894642450ED21B69406898470446002849
:10E420003ED06F463846402103F098FB204611B09D
:10E43000BDE8F08313466F461A4636213046F4187D
:10E4400014F02EFC2B6820465C21DA6814F028FCBE
:10E45000B8F1000F15D009F1FF31601E06EB08027C
:10E46000334693F800E011F8014F8EEA040403F8F4
:10E47000014B9A4210F801EF0C788EEA0404047004
:10E48000EFD12B6868681B69984704460028C9D1FA
:10E490002B68314668685C69DA68A0470446C1E7C2
:10E4A0002B684246494668685B696F469847044650
:10E4B0000028B7D12B68694668689B69984704466D
:10E4C0000028AFD12B68E946AE68D3F80880DB6836
:10E4D000B2E70248ABE70148704700BF00AFFFFF5B
:10E4E00068B103685BB110B4846824B15B694068AB
:10E4F0005DF8044B184703485DF8044B704701482A
:10E50000704700BF00AFFFFF00282FD00368002B2B
:10E510002CD0F0B5866891B0002E25D004460D466B
:10E520009A6969464068DF68904708B111B0F0BD4C
:10E53000236860681B6998470028F7D12368F119A0
:10E5400060685E69DA68B0470028EFD123686946E1
:10E5500060685E699A68B0470028E7D12368294659
:10E5600060689B699847E1E70148DFE7004870472A
:10E5700000AFFFFFA8B103689BB170B5856875B1A6
:10E5800004461B694068984700B170BD236829465E
:10E5900060685C69DA682346BDE870401847024845
:10E5A000F3E70148704700BF00AFFFFF002831D0FC
:10E5B000F0B585B0002416460D460122014601A89B
:10E5C000029401941F460394FFF79CFE044628B171
:10E5D00001A8FFF77DFE204605B0F0BD3246294672
:10E5E00001A8FFF707FF04460028F1D1019B7BB18A
:10E5F000039A6AB15B6939460A9A029898470446B9
:10E600000028E5D10B9901A8FFF77EFF0446DFE75C
:10E61000014CDDE70048704700AFFFFF20B1036801
:10E6200013B1DB6A406818470048704700AFFFFF2E
:10E630005822002114F034BB10B1582103F08EBAD7
:10E64000704700BF08B5582214F006FB08BD00BF94
:10E6500070B403460022064E064D1046064C07498C
:10E660009E60DD601C6159611A605A6070BC704721
:10E670000123456789ABCDEFFEDCBA9876543210A2
:10E680000369024600202DE9F04F1F4613465269E8
:10E6900095B08E46D34E11461A46DB6810911C4643
:10E6A000119287EA01039168DEF800200497234065
:10E6B00005922746049ACDF800E096466240109CE9
:10E6C000C94D2644009C12910D446468DFF888B35C
:10E6D0002146109C06EB010C009E6340C34CB668BB
:10E6E0000691744431462B44059E07910C440099D1
:10E6F0003344BF4DCE6807EB73633D443146009E03
:10E700001A4087EA030E366905EB010A0891019663
:10E710000199B84D0D4400994E6905EB0309314646
:10E72000049E009D7240B44EAD699444009A0295D7
:10E730000E4403EB3C5CD26909910EEA0C0E1146C3
:10E74000AE4D66448EEA070E029A0A918B44A644A7
:10E750000099154483EA0C020CEBFE3E009C1397D3
:10E7600002EA0E020F6A646A8CEA0E0839465340C8
:10E77000A34F7544009A534403940F440B91926A3B
:10E780000399A04C0C4411460EEBB3229E4B0C9106
:10E7900008EA02088EEA020A93440B4488EA0C084D
:10E7A0000099C844C96A02EB78680D910AEA080C1E
:10E7B00007EB080A8CEA0E0782EA080C3744934EEE
:10E7C00008EB37570E440CEA070E04EB070988EAFA
:10E7D00007048EEA02021544009A07EBF535116B27
:10E7E0002C4087EA050E03EB050C894B84EA0804EC
:10E7F00000910B4411465C44DFF860B205EBB42491
:10E800000EEA040806EB040E88EA070685EA040807
:10E81000576B56443A4604EB76660E9208EA0608B1
:10E820009F1988EA050384EA06087A4D4B44DFF80D
:10E8300030921544CA6B06EB33530F9208EA030873
:10E840001D4488EA040486EA0308A4448C6B03EBA5
:10E85000FC3C08EA0C0883EA0C0188EA0606B64488
:10E860006D4E0CEBBE2E264401EA0E018CEA0E081A
:10E8700066445940694B0F441344069A0EEB776780
:10E8800073449144029A08EA07088EEA0701B944E2
:10E8900088EA0C0C654407EB3555294087EA050CDE
:10E8A00081EA0E010E445E4905EBF63611440D9ADD
:10E8B0000CEA060C29448CEA070C5A4F63441744AF
:10E8C000059A06EBB32307EB060A574F86EA0308BF
:10E8D00017440E9A08EA050507EB0308099F7540DF
:10E8E000A944524D03EBF9693D4483EA090E0EEA4F
:10E8F000060605EB090E4E4D5E4031444D4E09EBC8
:10E90000F15189EA01071F400C9B87EA09071D4462
:10E91000574405EB010C0F9D01EBB74781EA070354
:10E9200003EA0909444B89EA01092B44019DC844C3
:10E9300003EB070A2E44414D07EB383887EA0803FA
:10E94000464419407940714408EBF16188EA0103BB
:10E950001F40039B87EA08071D44BC4405EB010EDA
:10E96000374D01EBFC5C089F254481EA0C0305EB65
:10E970000C0903EA08034B4053440CEBB3438CEA05
:10E98000030529402F4D81EA0C013D442E4F0E44D2
:10E9900005EB03080B9903EB36360F4483EA0605B3
:10E9A000374405EA0C055D40754406EBF56586EADB
:10E9B00005010B40254973401144079A994401EB26
:10E9C000050E234B05EBF9591344009A85EA09011A
:10E9D00003EB090C31401F4E6940414409EBB14142
:10E9E00040E000BF56B7C7E878A46AD7DB702024A0
:10E9F000EECEBDC1AF0F7CF52AC68747134630A8BF
:10EA0000D8988069AFF7448BB15BFFFFBED75C89B4
:10EA10002211906B937198FD8E4379A62108B44919
:10EA200040B340C0515A5E26AAC7B6E95D102FD642
:10EA300053144402C8FBD3E781E6A1D8E6CDE12117
:10EA4000D60737C3870DD5F4ED145A4505E9E3A978
:10EA5000F8A3EFFCD9026F67019546FD39D0D4D9F0
:10EA600062251EF689EA01031D400A9B85EA090515
:10EA70001E442F44D74D0E4401EB37371544099AF5
:10EA800081EA070305EB070803EA09034B407344D7
:10EA900007EBF36387EA03052940CF4D794015441E
:10EAA000019A8C4405EB030ECC4D03EBFC5C83EA2E
:10EAB0000C010F400B995F400D44C9493E44654429
:10EAC00021440CEBB647C74E8CEA070903EA090359
:10EAD00083EA0C0C0D9BE0441E44C34B07EB383813
:10EAE00006EB070A89EA080987EA08074144CE4489
:10EAF00008EB3E7E87EA0E0788EA0E082F44069D43
:10EB00000EEB77572B44B94D88EA070673448EEA1B
:10EB1000070E15445644059A3D4407EB36468EEAE7
:10EB2000060987EA060CB24F89440A9906EB79294F
:10EB30000F448CEA090C86EA090EB9190C9F9C4413
:10EB4000AC4B09EB3C7C3B44AB4F8EEA0C0E4B4488
:10EB500089EA0C09AE440E9D0CEB7E5E2F44A74D56
:10EB600089EA0E0967448CEA0E0C15448944A449CD
:10EB700075440EEB39498CEA090C8EEA09069C446F
:10EB8000089B09EB7C2C19449E4B86EA0C064944F1
:10EB900089EA0C093E44029F0CEB36763B4489EA35
:10EBA000060903EB0C07039B8CEA060C4D449B44BF
:10EBB00006EB7555B3448CEA050386EA050A009E08
:10EBC0000B449149DFF880C205EB334331448F4E4B
:10EBD0008AEA030A85EA030901EB050E0F9DBA4490
:10EBE0008B4916448B4F03EB7A2A2944079D89EA07
:10EBF0000A0983EA0A081944874BD9442B44874DF4
:10EC00000AEB3979534488EA09088AEA090A06EBCB
:10EC1000090B0A9EF0443544814E09EB78588AEA84
:10EC2000080A05EB080E89EA08098A447D49CDF8EF
:10EC300014E008EB3A4A2144099C01EB0A0E89EAE8
:10EC40000A092744784CCDF824E09944009A089B9F
:10EC50000AEB79291644754A9E4669EA0808134664
:10EC6000069A88EA0A08734407EB090E704FD844E5
:10EC70000893704B09EBB868CDF800E019460C9B7F
:10EC800068EA0A0ADFF8C4E11C440B460F998AEAD5
:10EC9000090A1344684ADFF8B8B1464406930B9B4F
:10ECA0001A44664B0B4466490D4602990F440E996F
:10ECB0004D1901990295634D4D190D998C44079991
:10ECC00001958E440599089D8A44039908EBBA5A28
:10ECD0008B4409996AEA0909554489EA0809894473
:10ECE00000990AEB794969EA08084C4488EA0A085D
:10ECF0008844069909EBF82868EA0A0A41448AEA36
:10ED0000090AB24408EBBA6A6AEA0909524489EA74
:10ED10000809A9440AEBB95969EA08084B4488EA8A
:10ED20000A08A04409EB784868EA0A0A47448AEAD4
:10ED3000090A8A44029908EBFA2A6AEA090901EBEE
:10ED40000A06019989EA08099144129A0AEBB969FD
:10ED500069EA080801EB090588EA0A08984409EB02
:10ED6000B85868EA0A0A0CEB08048AEA090ABA44A5
:10ED7000119F08EB7A4A6AEA09090EEB0A0189EA4F
:10ED800008094E440AEBF62666EA0808B34488EA06
:10ED90000A08454406EBB56565EA0A0A53198AEA8A
:10EDA000060ABB60109B544405EBB45464EA0606A3
:10EDB00023446E407B613144139E04EB714161EA50
:10EDC00005057218049E65403144AB44396102EB7D
:10EDD000FB233FE08A4C2A8D4239FAFF81F6718786
:10EDE0000C38E5FD22619D6D44EABEA4A9CFDE4B3F
:10EDF000604BBBF670BCBFBEC67E9B28FA27A1EA5B
:10EE00008530EFD4051D8804E599DBE6442229F41A
:10EE1000F87CA21F39A093FC6556ACC497FF2A4327
:10EE2000C3595B65A72394AB7DF4EFFF92CC0C8FA5
:10EE3000144301A3D15D84854F7EA86FE0E62CFECC
:10EE4000A111084E827E53F735F23ABDBBD2D72AC4
:10EE500091D386EBFB6015B0BDE8F08F2DE9F84348
:10EE60000368064614460D4603F03F0713449A42D2
:10EE7000C7F14008036002D9436801334360DFB142
:10EE8000A04519D806F118092946424609EB0700A2
:10EE900013F0E2FE49463046FFF7F2FB80B9C8EBBB
:10EEA0000404454407463F2C08D929463046403CD7
:10EEB0004035FFF7E5FB18B93F2CF6D814B92046CA
:10EEC000BDE8F88306F1180022462946384413F0BD
:10EED000C3FE0020BDE8F88302B1BFE710467047CB
:10EEE000F8B50446006880220D4600F03F0004F1AA
:10EEF00018062318013038281A764BD8C0F138028A
:10EF00000021304413F0CCFE236831466668204669
:10EF10005A0FDB0042EAC6021F0A84F85030160A74
:10EF200084F8542084F85170170C84F85560120E40
:10EF30001E0C84F856701B0E84F8572084F852601B
:10EF400084F85330FFF79CFB18BBA3682B70A368B1
:10EF50001B0A6B706389AB70E37AEB70E3682B710B
:10EF6000E3681B0A6B71E389AB71E37BEB71236987
:10EF70002B7223691B0A6B72638AAB72E37CEB72A0
:10EF800063692B7363691B0A6B73E38AAB73E37D5D
:10EF9000EB73F8BDC0F140020021304413F080FE55
:10EFA00031462046FFF76CFB0028F2D1014638229B
:10EFB000304613F075FEA7E730B40023054D064C2C
:10EFC0000649074A8560C46001614261036043608D
:10EFD00030BC70470123456789ABCDEFFEDCBA98A2
:10EFE0007654321002B9704738E700BFFFF778BF98
:10EFF000FFF746BB70B596B006460C461546002195
:10F000005822684613F04CFE0E480F490F4A104B29
:10F0100002900391049205935CB929466846FFF774
:10F020005FFF04466846582102F098FD204616B05E
:10F0300070BD224631466846FFF710FF044600289F
:10F04000F0D1EAE70123456789ABCDEFFEDCBA9842
:10F0500076543210FFF7CEBF2DE9F043DFF8A490CD
:10F06000804685B00125002409F11C0709F18C06B2
:10F07000B8F1000F1BD121466A4630465136FFF7E2
:10F08000B9FF394604461037102220BB684613F0FA
:10F0900003FE0446F0B9B8F1000F0DD1072D05F1BC
:10F0A000010510D059F8044FB8F1000FE3D02946FC
:10F0B000114813F005FEDEE7104813F0E9FD072DB7
:10F0C00005F10105EED1B8F1000F0ED1204605B0D3
:10F0D000BDE8F0830124B8F1000FF7D0084813F021
:10F0E000D7FD204605B0BDE8F0830A2013F0A0FD4F
:10F0F000204605B0BDE8F083E42400200C1A00206F
:10F100005C1A00208CCB0260FFF7A2BAFFF7E4BEC6
:10F11000FFF7E6BEFFF796BAFFF7B2BA05F0D8B828
:10F1200006F08ABA06F08CBA05F0CCB805F0ECB857
:10F13000012106F0F3BB00BF07F0C8B807F0CAB85A
:10F14000012307F0AFB900BF06F0E2BB06F02EBC0A
:10F15000002106F0E3BB00BF002307F0A3B900BF06
:10F16000012107F021BB00BF08F0C2BC08F0C4BCFD
:10F17000012308F00DBE00BF07F010BB07F0B8BBBD
:10F18000002107F011BB00BF002308F001BE00BF43
:10F1900010B50446FFF750FA2046BDE8104013F0C2
:10F1A00043BD00BF10B5044605F086F82046BDE813
:10F1B000104013F039BD00BF10B5044606F0A2FBA5
:10F1C0002046BDE8104013F02FBD00BF10B5044627
:10F1D00007F0DEFA2046BDE8104013F025BD00BF61
:10F1E00010B55821012013F067FD044608B1FFF760
:10F1F0001FFA204610BD00BF10B55C21012013F09E
:10F200005BFD044608B105F053F8204610BD00BF71
:10F2100010B56C21012013F04FFD044608B106F033
:10F220006DFB204610BD00BF10B5D821012013F0A2
:10F2300043FD044608B107F0A7FA204610BD00BF01
:10F2400098B1092270B506464568084C084803E0A5
:10F2500054F8140F40B16268AA42F9D1B16813F0B2
:10F260001BFD0028F4D1204670BD704770CF0260AE
:10F27000F82400202DE9F047566882B01EB93046C8
:10F2800002B0BDE8F087904692682A4B0746147892
:10F290008946294AA3FB04535B0903EB8305A4EBCE
:10F2A000C504E4B2009413F013FD002837DB814558
:10F2B0008CBF0024012494BBD8F804E00744C0EBC1
:10F2C0000906BEF1010FDBD9D8F808C0022512E00B
:10F2D00013F0FEFC0028074421DBB042A6EB000639
:10F2E00034BF00240124D4B9D8F804E075451BD2FA
:10F2F000D8F808C001350CEB050331460F4A3846F3
:10F3000013F8013C03F07F0A13F0800F0AEBC414DA
:10F310002346DDD0AE4507D914F07E4FEAD06FF01A
:10F320000A0002B0BDE8F087C6EB090002B0BDE8F4
:10F33000F08700BFCDCCCCCC042500200C250020CC
:10F34000C0B10322F8B5064645680F460B4C0C4881
:10F3500003E054F8140F50B16268AA42F9D1B168C1
:10F3600013F09AFC0028F4D123693B60F8BD6FF0DC
:10F370002D00F8BD6FF02D00704700BF88D00260EF
:10F3800010250020C0B10322F8B5064645680F4697
:10F390000B4C0C4803E054F8140F50B16268AA42B9
:10F3A000F9D1B16813F078FC0028F4D123693B60EF
:10F3B000F8BD6FF02D00F8BD6FF02D00704700BF55
:10F3C00000D1026014250020C0B10922F8B506461C
:10F3D00045680F460B4C0C4803E054F8140F50B12D
:10F3E0006268AA42F9D1B16813F056FC0028F4D142
:10F3F000237C3B70F8BD6FF02D00F8BD6FF02D0041
:10F40000704700BF90D2026018250020012870B418
:10F4100015D00C4C0C4D04E01E7C864209D05C6972
:10F420001D4605F11403002CF6D16FF02D0070BCC1
:10F430007047AB690C600020136070BC70470923F3
:10F44000024CF7E72425002090D202601825002006
:10F45000C0B10822F8B5064645680F460B4C0C486B
:10F4600003E054F8140F50B16268AA42F9D1B168B0
:10F4700013F012FC0028F4D1237C3B70F8BD6FF030
:10F480002D00F8BD6FF02D00704700BFE0D2026084
:10F490002C250020012870B415D00C4C0C4D04E034
:10F4A0001E7C864209D05C691D4605F11403002CC0
:10F4B000F6D16FF02D0070BC7047AB690C60002076
:10F4C000136070BC70470823024CF7E7E403002088
:10F4D000E0D202602C25002038B50D461446FFF717
:10F4E000AFFE30B10346027C00205B7C2A702370A3
:10F4F00038BD6FF02D0038BD10B50C46FFF7A0FEEB
:10F5000018B1C3680020236010BD6FF02D0010BD3E
:10F5100070B40B4C01260B4D03E054F8145F5DB141
:10F52000667CB042F9D1267C8E42F6D1616800201B
:10F530001560196070BC70476FF02D0070BC70478B
:10F5400070CF0260F8240020C0B10822F8B506464A
:10F5500045680F460B4C0C4803E054F8140F50B1AB
:10F560006268AA42F9D1B16813F096FB0028F4D181
:10F57000237C3B70F8BD6FF02D00F8BD6FF02D00BF
:10F58000704700BF44D3026038250020C0B1082274
:10F59000F8B5064645680F460B4C0C4803E054F896
:10F5A000140F50B16268AA42F9D1B16813F074FB2C
:10F5B0000028F4D1237C3B70F8BD6FF02D00F8BD1E
:10F5C0006FF02D00704700BFD0D3026044250020AB
:10F5D000C0B10822F8B5064645680F460B4C0C48EA
:10F5E00003E054F8100F50B16268AA42F9D1B16833
:10F5F00013F052FB0028F4D1E3683B60F8BD6FF0D4
:10F600002D00F8BD6FF02D00704700BF48D4026098
:10F6100050250020032870B415D00C4C0C4D04E08C
:10F620001E7C864209D05C691D4605F11403002C3E
:10F63000F6D16FF02D0070BC7047AB690C600020F4
:10F64000136070BC70470823024CF7E75C2500206C
:10F6500044D3026038250020C0B10522F8B5064623
:10F6600045680F460B4C0C4803E054F8140F50B19A
:10F670006268AA42F9D1B16813F00EFB0028F4D1F8
:10F68000237C3B70F8BD6FF02D00F8BD6FF02D00AE
:10F69000704700BFB8D4026064250020F8B12DE99E
:10F6A000F04106461746456888460A220D4C0E482A
:10F6B00003E054F8140F70B16268AA42F9D1B1683E
:10F6C00013F0EAFA0028F4D1227C637C88F8002049
:10F6D0003B70BDE8F0816FF02D00BDE8F0816FF068
:10F6E0002D007047F4D402606C250020F8B50C465C
:10F6F000164605460021204613F0D2FA5FEA460E70
:10F7000022D0AE4429460BE0A2F137034208C007DD
:10F71000A05C58BF1B01714543EA0003A35413D0FA
:10F72000481B11F8012BA2F13003A2F14107DEB210
:10F73000092EEBD9052FA2F16106A2F15703E3D9F7
:10F74000052EE3D90148F8BD0020F8BD00EEFFFF0B
:10F750002DE9F0439BB080468946174604A81E4613
:10F76000FEF766FF04A8FEF773FF60B104466D461E
:10F7700004A8FEF761FF2846102102F0EFF92046A9
:10F780001BB0BDE8F083229A314604A8FFF7A4FB22
:10F79000044608B16D46EBE70822394604A86D46D9
:10F7A000FFF79AFB04460028E2D104A86946FFF758
:10F7B00097FB04460028DBD1B9F1100F35D99DE83D
:10F7C0000F0088E80F0004A8FEF742FF0446002857
:10F7D000CED1102269460DEB0200FFF77DFB0446F7
:10F7E0000028C5D13146229A04A8FFF775FB0446CC
:10F7F0000028BDD13946082204A8FFF76DFB044656
:10F800000028B5D1694604A8FFF76AFB0446002822
:10F81000AED1B9F11F0F08F11000694694BFA9F1EC
:10F820001002102213F018FAA2E74A464046694631
:10F8300013F012FA9CE700BF2DE9F041E8B01C4636
:10F8400005460F466E9E08A89046F8F7FDFC234635
:10F8500000962A4602A81821FFF77AFF044650B105
:10F8600008A8F8F7F7FC02A8182102F077F920465B
:10F8700068B0BDE8F08102A908A8F9F7C7FB044603
:10F880000028EDD1014601972B460097424608A873
:10F89000F9F7E8F80446E3E72DE9F041D0B0064671
:10F8A0000D461746579C0AA89846F1F7D3FE0094D8
:10F8B0003246569B294602A8FFF74AFF044650B13C
:10F8C0000AA8F1F7CDFE02A8294602F047F9204622
:10F8D00050B0BDE8F081EA0002A90AA8F1F7E2FF02
:10F8E00004460028ECD10146019733460097424672
:10F8F0000AA8F2F701FE0446E2E700BF0023036016
:10F9000043608360704700BF002800F099812DE9B3
:10F91000F0478046AAB0184689461F46164613F09F
:10F92000D3F90546002800F015813146384613F01A
:10F93000CBF90446002800F00D81854280F00A8151
:10F94000484613F07DF92B5C0544202B00F0A6807F
:10F950000D2B00F0A0800A2B40F0FC8030466E1C7E
:10F9600013F06EF9235C2218202B00F09D800D2BE4
:10F9700000F097800A2BA4EB0603349908BF0132EC
:10F98000152BA2EB07020A6049DC0025A946A64216
:10F9900080F0E4800021A41B334603AA00940846AB
:10F9A000F3F71AFE2C3072D0DDF80CA0012051467E
:10F9B00013F082F90746002800F040810094334696
:10F9C00003AA5146F3F708FE0446002840F0CA8017
:10F9D000B9F1000F6BD0329B002B00F03381252D45
:10F9E00000F0E280212D00F0F880052D00F0C980A4
:10F9F000062D00F0E580072D00F00581039902290E
:10FA000005D93B78302B02D17B78832B50D93846EF
:10FA100002F0A4F8384613F007F9934838E01622AC
:10FA20009249304613F038F90028AED1EB7D0D2B0A
:10FA300046D005F117090A2B40F0908009F1010624
:10FA4000A71B162F40DD17228949304613F024F9F1
:10FA500000283BD109F11800231A0F2B40F3D9805D
:10FA6000082206A9FFF742FE002840F0D28009F1E3
:10FA700028062525A71B0D2F00F3ED8033780D2BCD
:10FA80007CD00A2B6AD101364FF001097FE7794813
:10FA90002AB0BDE8F0876B7801355CE76B780135FB
:10FAA00056E75378013265E7537801325FE70399EF
:10FAB0000020C8F80070C8F804102AB0BDE8F0872C
:10FAC00005F118092B7EB6E7112F16DD12226A49BF
:10FAD000304613F0E1F880B909F11300231A0F2B17
:10FAE00040F39780082206A9FFF700FE002840F0A7
:10FAF000908009F123062125BCE70D2F3CDD0E2265
:10FB00005E49304613F0C8F8002835D1152F33DD93
:10FB100016225B49304613F0BFF800284ED016225B
:10FB20005849304613F0B8F8002874D016225649C8
:10FB3000304613F0B1F8F8B9072506F11600231A7C
:10FB40001F2B66DD102206A9FFF7D0FD002860D12B
:10FB5000363693E74D482AB0BDE8F0874C482AB0C6
:10FB6000BDE8F0870399384601F0F8FF384613F0F6
:10FB70005BF8A4F588508BE7464889E7737801362F
:10FB80007FE733993A46039B019110213298009008
:10FB900006A8FFF781FE0446002C3FF42FAF38463D
:10FBA00013F042F8204673E7339906A8039A0091B0
:10FBB0003946329BFFF740FE0446EDE70525BCE7DA
:10FBC00033993A463298019118210090039B0DEB2E
:10FBD0000100FFF761FE0446DEE70AA8039DF8F77F
:10FBE00029FB339B06AA04A800930821329BFFF748
:10FBF000AFFD044688B10AA8F8F720FB04A8082145
:10FC000001F0ACFFC8E733993A46039B01912021EC
:10FC1000BCE721483CE706258FE704A90AA8F9F7C5
:10FC200037F904460028E6D1019706AB00972A462B
:10FC300000210AA8F8F768FC0446DCE7174827E724
:10FC4000174870470399384601F088FF384612F08C
:10FC5000EBFF14481CE70E220849304613F01CF84D
:10FC600000287FF40BAF51E780ECFFFFD02F00207E
:10FC7000E82F0020D4EEFFFF0030002014300020D9
:10FC8000243000203C3000205430002080EFFFFF63
:10FC900000EFFFFF80EDFFFF00EEFFFF80EEFFFFB4
:10FCA00080EBFFFF00EDFFFF10B50446006818B1C0
:10FCB000616801F053FF206812F0B6FFA06812F0EF
:10FCC000B3FF20460C21BDE8104001F047BF00BF44
:10FCD0002DE9F04F8A4685B000210646009317466D
:10FCE00008461D46134603AADDF838B0F3F76AFC50
:10FCF000304612F0A5FF8146504612F0A1FF039C4A
:10FD0000631C03EB941399440F9B484498425CD8BE
:10FD1000002C4AD1A146214600953B4603AA4846FD
:10FD2000F3F750FC0446002848D1304612F088FF13
:10FD300031460246584612F08FFF304612F080FFDF
:10FD4000039D0BEB0006ADB14F464FF00A08402D66
:10FD50002C463946304628BF402422462D1B12F03F
:10FD60007BFF3219631C2744039582F800801E44F0
:10FD7000002DECD15046002412F062FF514602469D
:10FD8000304612F069FF504612F05AFF02464846CC
:10FD9000531CB4541E44109BCBEB06061E6012F09D
:10FDA00043FF204605B0BDE8F08F2146012012F048
:10FDB00083FF81460028AED10648F3E7484612F09B
:10FDC00033FF204605B0BDE8F08F109B18606FF040
:10FDD0002900E7E780EEFFFF0138C0B2032803D80F
:10FDE000024B53F82000704700207047A805002000
:10FDF00010B1002303604360704700BF60B1036827
:10FE000053B19B6A10B504464068984708212046C4
:10FE1000BDE8104001F0A2BE704700BF70B169B1EB
:10FE200070B5056845B904464B6A0E469847606050
:10FE300030B12660284670BD024870BD0148704749
:10FE4000014870BD80C1FFFF80C0FFFFF0B12DE908
:10FE5000F0470568BDB9DFF8489004461F46904654
:10FE6000D9F824308A4698470646606080B1089BDE
:10FE70002846C4F80090C6F800A0C6F80480B76011
:10FE8000F360BDE8F0870448BDE8F087024870479A
:10FE90000248BDE8F08700BF80C1FFFF80C0FFFFC0
:10FEA00030D5026020B1036813B19B6840681847E1
:10FEB0000020704720B1036813B1DB68084618477B
:10FEC000002070472DE9F047DDF82080DDF8249010
:10FED000D8B104460068C0B10E46174663B1056943
:10FEE000B5B160683A46CDF824903146CDF820800F
:10FEF000AC46BDE8F04760470846FEF7D7F920B1A9
:10FF0000FEF740FA03462068E9E70348BDE8F087BA
:10FF10000248BDE8F08700BF80C1FFFF00C1FFFFBE
:10FF20002DE9F04F89B00DF14809DDF8548099E8CA
:10FF3000000ED2B11568C5B11F46EB681446079094
:10FF40000E469847002845D0079A062A11D066B970
:10FF500053464A4639462046CDF84C80CDF848B045
:10FF600009B0BDE8F04FFFF7ADBF1B4809B0BDE8D1
:10FF7000F08F002EF9D0236833B19B6860689847F2
:10FF80000730B8EBD00F23D360680023CDF814B04E
:10FF9000D6F804E01A4635781946CDF80890CDF821
:10FFA00004A00097CDF810E0039503F0DFF90028D6
:10FFB000DCD1206820B18368606898470730C008AA
:10FFC000064B80458CBF1846002009B0BDE8F08F75
:10FFD0000348CBE70348C9E780C1FFFF00C7FFFF25
:10FFE00080BCFFFF00C1FFFF2DE9F04F81B00DF194
:10FFF000280898E8000F00B304460068E8B10E46F0
:02000004600199
:1000000017468BB14569E5B160683A463146AC4662
:10001000CDF834B0CDF830A0CDF82C90CDF82880B4
:1000200001B0BDE8F04F60470846FEF73FF920B148
:10003000FEF7A8F903462068E4E7034801B0BDE8ED
:10004000F08F0248FAE700BF80C1FFFF00C1FFFF49
:10005000F0B5DDF820E050B1046844B1A46924B1E2
:10006000A4464068BDE8F04060470248F0BD024841
:10007000F0BD00BF00C1FFFF80C1FFFFF0B5DDF89C
:1000800020E050B1046844B1E46924B1A44640685A
:10009000BDE8F04060470248F0BD0248F0BD00BF37
:1000A00000C1FFFF80C1FFFFB8B10268AAB1A1B1D2
:1000B0000B6893B130B41C6A8CB11D78052D06D045
:1000C0009A4207D123464968406830BC18471378E4
:1000D000012BF7D0034830BC7047034870470248F3
:1000E000F9E700BF00C1FFFF80C1FFFF50B108B5B5
:1000F00003684BB1DB6A1BB140689847002008BD1C
:10010000024808BD02487047014808BD00C1FFFF12
:1001100080C1FFFF18B103680BB1586870470148F0
:10012000704700BF6C30002010B1006800B100784B
:10013000704700BF062818BF01280CBF012000200F
:10014000704700BF08B502F0C1F8C00008BD00BF8D
:100150002DE9F04385B00E4691461F460D9C804622
:1001600002F0B4F8A04215D800230C9A0546CDF849
:1001700008900392404601971A460096194603F0EC
:10018000F3F920B9A0F56450A54228BF002005B0BE
:10019000BDE8F0830048FAE780BCFFFF2DE9F04F8F
:1001A00081B0934606460C460AAFDDF834801D4602
:1001B00097E8800602F08AF8CDF830B05146C9F8C9
:1001C00000004246304601230D970B950A9401B07A
:1001D000BDE8F04F03F034B82DE9F04F144681B07C
:1001E0000F46994606460A9DDDF82CB0DDF83080B2
:1001F000DDF834A002F06AF8A0420ED15246414622
:1002000030460123CDF834B0CDF830900B970A95E5
:1002100001B0BDE8F04F02F09FBE024801B0BDE85A
:10022000F08F00BF80BFFFFF2DE9F04F81B08946FE
:1002300017469B460BAC0A9D064694E8100502F053
:1002400045F8A04228600DD852464146304600236A
:10025000CDF830B0CDF82C900A9701B0BDE8F04F42
:1002600002F0D4BC014801B0BDE8F08F00BCFFFF34
:1002700002F088B830B4012300F10804054D1430B1
:10028000054A4D608C6048610A610B700B7330BC8D
:10029000704700BF783000208030002002380228EC
:1002A0008CBF002001207047806D704710B582B070
:1002B00011461A46059C049B0094F9F7D1FF034BA5
:1002C00010F5984F08BF184602B010BD00C7FFFFD9
:1002D00070B470BCF9F75CBF70B5AEB0044615469B
:1002E0001E4603A8FAF740F8214603A8FAF71EF8BD
:1002F000044668B9339BA4F56454324629460093FA
:1003000003A8329BF9F7ACFF10F5984F18BF0446CD
:1003100003A8FAF72BF820462EB070BDF0B5B1B0A7
:1003200004460D46164605A81F46FAF71DF8214655
:1003300005A8F9F7FBFF30B1044605A8FAF716F84F
:10034000204631B0F0BD399B389A379936980393DF
:100350003B460292324601912946009005A8F9F7E2
:1003600017FF0446E9E700BFFBF780BD8830022293
:10037000024B88600A704B60704700BF88300020D5
:10038000023801288CBF002001207047A0F1040032
:10039000B0FA80F040097047A0F10100B0FA80F097
:1003A0004009704708B5C36800689847C00008BD99
:1003B0002DE9F04F83B0934604460D461E460E9934
:1003C000DDF83080DDF83490C36800680191DDF815
:1003D0003CA0984727680123CDF838B05246C9F8A9
:1003E00000003846CDF83C800D960C95A468019924
:1003F000A44603B0BDE8F04F604700BF2DE9F047C9
:10040000154604461E46C36800688946089FDDF805
:1004100024809847A8420BD120684B46CDF8248011
:100420003A46089601216468A446BDE8F047604753
:100430000148BDE8F08700BF80BFFFFF10B504464C
:1004400003F0D4F82046BDE8104012F0EDBB00BF29
:1004500010B50446FAF72EFD2046BDE8104012F014
:10046000E3BB00BF10B50446F9F780FF2046BDE8A6
:10047000104012F0D9BB00BF10B50446102101F0A6
:100480006DFB2046BDE8104012F0CEBB10B5AC218C
:10049000012012F011FC044618B10022114601F0AF
:1004A000C1FC204610BD00BF10B5AC21012012F0E8
:1004B00003FC044608B1FAF7A9FC204610BD00BFB2
:1004C00010B5AC21012012F0F7FB044608B1F9F792
:1004D0004BFF204610BD00BF1021012012F0ECBBE5
:1004E0002DE9F043CB68ADF50D7D074608680C4655
:1004F00098470546384601F0E9FEED00B5EBC00F20
:1005000028D104AD20222A2100262846904612F048
:10051000C7FBE368206898470CAA8146012320683E
:1005200031460295A46803923246CDF804800096C5
:10053000A04718B10DF50D7DBDE8F0830CAA01466A
:10054000CDF804904346009238462A46FFF700FE55
:100550000028EFD002480DF50D7DBDE8F08300BF07
:1005600000BEFFFF0048704700E1FFFF2DE9F04F9C
:10057000ADF51B7DDDF894B20390BBF1400F98BF41
:10058000402B029104929DF8980200F2F680802997
:10059000994694BF00240124002C40F0EE80FDF722
:1005A00085FE8046002800F0EA8007A8FDF78AFE55
:1005B0002246414607A8FDF7A5FE18B10DF51B7DA3
:1005C000BDE8F08F40463AADFDF7DCFE07469DF8EA
:1005D0009C121AA8212FAA4634BF402380231A4612
:1005E0001E46019312F05CFBB3455C465046A4994D
:1005F00028BF34462246A24412F02EFB361BF3D10C
:100600005AAC0597CA46DDF804B02746DDF81090CD
:10061000DA4556463846494628BF5E463246374494
:1006200012F01AFBBBEB060BF2D1029B0AAE059F40
:10063000002B00F0A6807AABDDF8A0B2049307A8E7
:10064000FDF7ACFE50BBDDF804901AA907A84A4696
:10065000FDF7AEFE10BB4A46294607A8FDF7A8FEE7
:10066000E0B94A46214607A8FDF7A2FEB0B93146D7
:1006700007A8FDF7A7FE88B9BBF1010F27D94FF0F6
:10068000010901E0D94522D033463A463146404679
:1006900009F10109FDF7A0FE0028F3D082462846A3
:1006A000802101F05BFA2046802101F057FA04987E
:1006B000802101F053FA3046402101F04FFA07A89B
:1006C000FDF706FE50460DF51B7DBDE8F08F029B41
:1006D0003146DDF80CE0BB4299467346704628BFB0
:1006E000B9464B444A46039312F0B6FA029BB3EB69
:1006F0000903029347D0049BCDF81480DDF804A0D1
:1007000098465745B9464046314628BFD1464A46E5
:10071000C84412F0A1FABAEB090AF2D1049A019B7B
:10072000DDF81480D0181946024600E039B112F8FD
:10073000013D01390133DBB21370002BF6D0019B70
:100740008646E918002311F801CD1EF8012D8D42CF
:10075000624413440B70C3F30723F4D1019BE118E7
:10076000002311F801ED10F8012D8C42724413445E
:100770000B70C3F30723F4D161E704481EE7044874
:100780001CE77AAB04934FF0000A88E780E0FFFF94
:1007900000E1FFFF2DE9F04F0027DBB005461046D2
:1007A00007919A460897659CF7F7CAF8002800F069
:1007B000C080802C0646D0F80480D0F80CB0099791
:1007C00000F2B58039464FF4817219A80A970B9749
:1007D00005F108090C9712F063FA2B68AF686A6894
:1007E000302B17445BD104230BAA39464846F2F755
:1007F00071F9002842D0A0F5F45000283BD15CB13B
:10080000649B5A1E19AB03EB440012F8011F02331C
:1008100003F8011C9842F8D10134099A4FEAD8082C
:10082000012765000B9C0492414601942B460C9CC9
:1008300011A8CDF808A019AA03970094FFF796FE17
:10084000C8B9BBF1000F2ED10DAF19A8F7F79EF86C
:10085000314619A8F7F7AEF80446002837D011A89A
:10086000202101F07BF93846102101F077F919A811
:10087000F7F790F820465BB0BDE8F08FA9684846CE
:100880000B9B09AA0C910B443946AB60F2F760F957
:100890000028B0D1AB689F42B1D02748EBE727488A
:1008A0005BB0BDE8F08F099802220DAF0B9C2B4680
:1008B0000C9D0490594603923846CDF808A019AA19
:1008C00001940095FFF752FE0028D4D1BDE79DF9B1
:1008D0001C3011A94FEAC80219A8F7F797F8044687
:1008E0000028BCD1F268394619A8F7F7F9F8044690
:1008F0000028B4D119A8F7F715F904460028AED19D
:1009000008AB66A919A800930EC9F7F733F9044696
:100910000028A4D10899A4F5F054689B08AA19A846
:100920001944F7F721FA002808BF002497E7044884
:10093000A1E704489FE700BF1AE1FFFF1EE1FFFFA8
:1009400080E0FFFF00E1FFFF2DE9F04FA5B0044676
:100950000068904601930F46DDF8BC90DDF8C0A01A
:10096000FDF710FD0022012303928DF80F30BAF13C
:10097000000F67D0431E14AA064602EB030B424643
:1009800039462046FDF736FD00285CD12E9A2046D8
:100990000199FDF7A5FD002855D1042203A92046A1
:1009A000FDF79EFD00284ED114A92046FDF7ACFDB1
:1009B000002848D1324614A904A812F04DF9B9F123
:1009C000010F23D90125424639462046FDF712FD85
:1009D000002838D1324604A92046FDF781FD90BB9E
:1009E00004A92046FDF790FD68BB66B10DF14F01EB
:1009F0000DF10F0011F8012F10F8013F594583EA5E
:100A000002030B70F6D10135A945DCD156453546B8
:100A100014A9319828BF55462A46C5EB0A0A12F098
:100A20001BF9319B04A804212B44319310F8013D9C
:100A300001390133DBB203700BB90029F6D1BAF1E9
:100A4000000F9CD1002025B0BDE8F08F2DE9F043C8
:100A50008568BDB000244FF00409089506940794FA
:100A600009948DF8169081C830282F4415D11D4661
:100A700014460E4610AB0AAA394608A8F2F774F9D4
:100A800030B90B9A092A0CD068483DB0BDE8F08314
:100A9000A0F53C503DB0BDE8F08365483DB0BDE8F1
:100AA000F0830C99634812F0F7F80028ECD1109A03
:100AB000129B1199302A249303EB0108EDD14B4688
:100AC00017AA414624A8F2F705F8002845D0A0F55A
:100AD0003C500028D9D19DF81600FDF7E7FB804671
:100AE0000028D1D0394608A813AB0DAAF2F73CF97B
:100AF0000028CDD10DA80DF11701FEF7ADFD00289E
:100B0000C2D19DF81700F6F71BFF81460028BBD025
:100B10004368139ADB08042A07934ED1149AC368DA
:100B20009A424AD119A8FDF7CDFB2CA8F6F72EFF63
:100B3000149A159924A812F08FF8414619A8012299
:100B4000FDF7E0FB0746002839D019A8FDF7C0FBE8
:100B50002CA8F6F71FFF384697E7249806AA179B9C
:100B600041461890034424A82493F1F7F1FF00288C
:100B7000ADD1249B9845AED007AA414624A8F1F7F1
:100B8000E7FF10F1620F01D00028A0D1249B984507
:100B9000A1D0414624A82CAAF2F754F9002896D1F6
:100BA0002CA80DF11601FEF7F1FC00287FF46CAFC4
:100BB000249B98458FD0204867E7204865E7079831
:100BC0002A462146069D179C0DF17008029019A82F
:100BD000189BCDF80C8001950094FFF7B5FE0746F1
:100BE0000028B2D149462CA8F6F7E4FE07460028B3
:100BF000ABD1079A73B241462CA8D200F6F706FF94
:100C000007460028A1D1469A09ABA7F5385724A971
:100C100001922CA8459A02930092449B149AF7F7EC
:100C200075F9002808BF00278FE700BF80D1FFFFBC
:100C30009ED0FFFFAC3000209AD0FFFF00D1FFFF15
:100C40002DE9F04F9FB083460BA8FDF73BFB042036
:100C5000FDF72CFB00285BD0014601220BA8FDF715
:100C600051FB002854D1DFF8EC8004464FF0140902
:100C7000012308F1180208F1600708F5907608F5DD
:100C8000F075059208F130024FF0040A069208F15F
:100C9000480207920822BBF1000F2DD10EA9019343
:100CA000CDF800A02B4603910BA83146CDF8089053
:100CB000FFF74AFE01342835203682464A460EA9FF
:100CC00018BB3846203711F0E7FFF0B9BBF1000F31
:100CD00027D1062C2AD0059B069953F804AF58F863
:100CE000042F059351F8043F0691079951F8049F8A
:100CF0000791BBF1000FD1D0214613480993089208
:100D000011F0DEFF099B089AC8E7BBF1000F14D170
:100D10004FF0010A0BA8FDF7DBFA50461FB0BDE803
:100D2000F08F0A4811F0B4FF062CD4D1BBF1000FAC
:100D3000F0D00A2011F07CFFECE705484FF0010AE3
:100D400011F0A6FFE6E700BFB83000200C1A002023
:100D50005C1A002020D602602DE9F0418AB090464E
:100D60003023054609AA0E46F1F7B4FE00284ED1FD
:100D70002A68099B13449E4245D1022309AA3146A1
:100D80002846F1F7A7FE044620B1A0F56C500AB042
:100D9000BDE8F08129680346099A40460694059407
:100DA0000494039402940194009401F081F80028C3
:100DB00032D12C6809AA09980223314604442846F6
:100DC0002C60F1F787FE10BB2C680346099F024692
:100DD00004900146039002900190009040460697CF
:100DE000059401F065F8B8B92A684046099B134498
:100DF0002B6001F097F878B9404601F069FA58B9CC
:100E00002B689E42C3D005480AB0BDE8F081A0F52A
:100E10006C500AB0BDE8F0810148B8E79AC4FFFF02
:100E200000C5FFFFF0B58FB00C46154606460BA86F
:100E3000F2F7BEFE611909AA0AA830230A94F1F755
:100E400049FE20B1A0F5745420460FB0F0BD0A9FB2
:100E500008AA099B0AA81F443946F1F779FE002821
:100E6000F0D1089C002C40F0D480022309AA394616
:100E70000AA8F1F72FFE054680B10BA8F2F7A0FEF5
:100E80004FF680732B4033B1654C304602F0AEFB19
:100E900020460FB0F0BDA5F57454F6E7034606955D
:100EA0000595304604950395029501950095099A9C
:100EB0000A9900F0FDFF05460028DED10A9D0223B5
:100EC000099809AA394605440AA80A95F1F702FECD
:100ED00005460028D1D12B4609980A9D06901A464E
:100EE00005951946049330460393029301930093AA
:100EF00000F0DEFF05460028BFD10A9D02230998B5
:100F000009AA394605440AA80A95F1F7E3FD054602
:100F10000028B2D12B4609980A9D04901A460395E1
:100F2000194606933046059302930193009300F00F
:100F3000BFFF05460028A0D10A9D0223099809AAEF
:100F4000394605440AA80A95F1F7C4FD054600286C
:100F500093D10022099D0A9B3046009511460692C6
:100F60000592049203920292019200F0A1FF0546BD
:100F7000002882D10A9D09AA09980223394605440E
:100F80000AA80A95F1F7A6FD054600287FF475AF7B
:100F90002B4609980A9D02901A4601951946069318
:100FA0003046059304930393009300F081FF0546B8
:100FB00000287FF462AF0A9A3046099B13440A93D3
:100FC00000F0B0FF054600287FF457AF0BAA394662
:100FD0000AA8F1F7A3FE054600287FF44EAF0BAA3E
:100FE00039460AA8F1F79AFE054600287FF445AF76
:100FF0000AA80BAA3946F1F791FE054600287FF4AE
:101000003CAF0A9B9F4206D00BA8054CF2F7D8FDD7
:101010003BE7044C18E70BA8F2F7D2FD14E700BF3A
:1010200000C3FFFF80C2FFFF0368062BF0B50D462B
:10103000C1B000F0A480044602A8F9F7E1FE6846BA
:10104000A36821AA666800931E443146F1F780FD2B
:10105000002833D1219B013B022B00F23D8130233C
:101060003146684601AAF1F735FD044628B102A8C9
:10107000F9F7EEFE204641B0F0BD01990623009F2E
:1010800001AA68460F443946F1F724FD04460028BA
:10109000EDD1019A072A40F02181009C9349204616
:1010A00011F0FAFD002840F01981073439466846EE
:1010B00003AA0094F1F732FE002879D0A0F5745409
:1010C000002CD4D121A8F9F79BFEF9F72FFE037865
:1010D000064623B945E016F8013F002B41D021A870
:1010E000F9F7B6FE317821A8FBF77AFF044600280D
:1010F00057D1189A379B9A42EDD1199A389B9A4248
:10110000E9D122A903A8F3F72BF90028E3D125A9F7
:1011100006A8F3F725F90028DDD128A909A8F3F7D7
:101120001FF90028D7D134A915A8F3F719F9002819
:10113000D1D12BA90CA8F3F713F90028CBD131A9F1
:1011400012A8F3F70DF904460028C4D101460FA8F0
:10115000F2F7B4FE074621462EA8F2F7AFFE87420B
:10116000B9D121A8F9F774FE33788DF804303378BB
:10117000002B00F0B98002A8F9F76AFE05E001A98A
:10118000FEF766F9002840F0AB802B789DF804103C
:1011900013B18B4240F09E802846FBF721FF41B0FF
:1011A000F0BD21A8F9F754FE33788DF804305EE7DE
:1011B00003A8F2F7DBFE009B18909F4240F092805C
:1011C000302301AA31466846F1F784FC0446002822
:1011D0007FF44DAF01990423009C68460DEB030298
:1011E0000C442146F1F776FC00287FF467AF019AA2
:1011F00006A80099F2F7E8FE00287FF45FAF009F91
:101200000423019821460DEB03020744684600972A
:10121000F1F760FC00287FF451AF019A09A800990A
:10122000F2F7D2FE00287FF449AF009F0323019814
:1012300001AA2146074468460097F1F74BFC18B90C
:101240009DE80C0013440093009B9C424AD101AAE4
:10125000042331466846F1F73DFC00287FF42EAFA9
:1012600002A80CA99DE80C00FAF736F908B310F5AE
:101270009D4F31D1009B1B78023B012B2CD803A83A
:10128000F2F79CFE019B411C0246994224D1009931
:101290000CA80131F2F798FEF0B9009B0FA819785D
:1012A0000239F2F7EFFDB8B9012112A8F2F7EAFD11
:1012B00090B9009A3146019B6846134415AA0093E1
:1012C000F1F72CFD00287FF4F9AE15A8F2F74EFED9
:1012D0001990F7E60648CEE6054CC8E6054CC6E68A
:1012E0000548C8E6054CC2E6054CC0E6D0300020F3
:1012F00000C3FFFF80C6FFFF00C6FFFF9AC2FFFFCB
:1013000080B1FFFF70B5002584B016461C461D60F5
:1013100001AA5D609D60F1F727FD18B1A0F56A5044
:1013200004B070BD01A83146FEF74EF868B93378B5
:10133000012BF5D12368052B00D043B9636805481C
:10134000002B08BF002004B070BD0348E8E7014847
:10135000E6E700BF80C5FFFF80C3FFFFF0B589B09F
:101360000C4605461144302303AA04A80494F1F75F
:10137000B1FB18B1A0F5745009B0F0BD049E02AAEB
:10138000039B04A81E443146F1F7E2FB0028F1D18B
:10139000029B012B4BD1042303AA314604A8F1F789
:1013A00099FB0028E6D105F17C07039A0499384699
:1013B000F2F70AFE044600283BD1049A039B13442B
:1013C0009E42049319D0A02303AA314604A8F1F742
:1013D00081FB044698B310F1620F2AD1049B9E4210
:1013E0000BD03146A12303AA04A8F1F773FB0446EE
:1013F000002845D010F1620F1BD105F188060024AA
:10140000314605F128033A46019428460094FAF73C
:101410001FFC044668B939462846FAF7FBFB044628
:101420000028A9D02846F9F745FD2046A4E72D4815
:10143000A2E72846F9F73EFDA4F574509CE7039A0D
:10144000049B002A03EB02044ADD1B78062B05935C
:1014500001D0302B42D106AA214604A8F1F73AFB6D
:1014600060BB049A069B079213449C4204932BD1C1
:10147000294605A8FFF7D8FD04460028AED0D1E7DD
:10148000049C03AA039B04A81C442146F1F7C8FB53
:1014900000287FF46FAF049A039B13449C4211D140
:1014A00005F18806A31A28463146FAF715F868B1FF
:1014B000049410F59D4FA2D00B485DE7B0F574542D
:1014C000B0D1D5E7094857E7084CABE73146284685
:1014D000FAF7C0F8049400289DD0EAE7044CA1E78D
:1014E000044C9FE780C2FFFF00C3FFFF9AC2FFFFCB
:1014F0009EC2FFFFA0C2FFFF70B50B4688B000245C
:1015000011440646049303AA04A830238DF807402B
:10151000F1F7E0FA20B1A0F57454204608B070BD90
:10152000049D02AA039B04A81D442946F1F710FB61
:101530000028F0D1029C1CB1264C204608B070BD9A
:101540000DF10702294604A805ABFFF7DBFE0028D2
:10155000E1D103AA294604A80423F1F7BBFA002825
:10156000D9D1039B3BB39DF80700FEF735FC00B3D0
:1015700001463046FEF752FCC8B99DF80730012BF2
:101580001BD0023B012B14D805A87168FFF74CFD56
:10159000034638B9039A04997068FFF7DFFE0346E3
:1015A0000028BAD030461C46FEF728FCB5E70446B2
:1015B000B3E7094CB1E7094CAFE7039A04997068A7
:1015C000FFF730FC044608B90024A6E73046FEF7D2
:1015D00015FCA2E780C2FFFF80C3FFFFA0C2FFFF90
:1015E000F0B591B0169C09911144002C2ED01E46E6
:1015F0000546302308AA09A8F1F76CFA18B1A0F53E
:10160000745011B0F0BD089A0DAB099F09A817449A
:101610000AAA3946F1F7A8FB0028F0D108AA3946F2
:1016200009A80423F1F756FA0028E8D10AA80DF119
:101630001E020DF11F01099FFEF730F840B10B9A11
:101640000A2A1AD0092A34D02548DAE72548D8E7EB
:1016500001940146089C0DA80096099E9DF81F3034
:101660009DF81E20049703940296FFF793F8D0B1DB
:1016700010F5F05FC5D11C48C3E70C991B4811F069
:101680000BFB01460028DFD123463246099C0DA8FA
:10169000089E02978DE85000FEF764FF0028B0D145
:1016A0003B78302BE7D139462846089AFFF724FFCC
:1016B000A7E70C990E4811F0EFFA01460028C3D1B4
:1016C00023463246099C0DA8089E02978DE85000DB
:1016D000FFF7BCF90028E6D010F5385F91D1CAE7D2
:1016E00080C6FFFF00C4FFFF80C4FFFFD83000208A
:1016F000E43000202DE9F04188B0144605460E463E
:1017000005A81F46FEF7FAF814B304F1FF3816F8DF
:1017100008300BB32146012011F0CEFA8046002894
:1017200079D02246314611F097FA0E9B2246414667
:10173000009328463B46FFF753FF214607464046A5
:1017400000F00CFA404611F06FFA67BB002000E091
:101750006E4808B0BDE8F0810E9B04AA009705A86A
:101760000193334602926A496A4AFEF7CDF800288F
:1017700053D10120FEF730FB01462846FEF74EFB11
:10178000044630B9069A05996868FFF74BFB044692
:1017900010B12846FEF732FB05A8FEF785FA204671
:1017A00008B0BDE8F0812846FEF728FB17F56E5F0C
:1017B0002FD0224631462846FFF79EFE0028C5D08E
:1017C0002846FEF71BFB0120FEF706FB01462846D4
:1017D000FEF724FB30B9224631466868FFF722FB4A
:1017E0000028B3D02846FEF709FB0220FEF7F4FAE2
:1017F00001462846FEF712FB30B92246314668689A
:10180000FFF7ACFD0028A1D02846FEF7F7FA3F48C5
:101810009FE741489DE741489BE710F59C5FF8D062
:1018200010F5985F26D010F5845F92D116F8083035
:10183000002B7FF46FAF04AB0E9A05A800970293BC
:10184000334601923649374AFEF75EF8A0B90220C6
:10185000FEF7C2FA01462846FEF7E0FA04460028E1
:1018600097D1069A05996868FFF778FD0446002825
:101870008FD191E72C486CE710F59C5FC9D010F52B
:10188000985FF7D010F5845F7FF463AF16F80820F7
:10189000002A7FF43FAF04AB0192009205A80293A7
:1018A0003346224A2249FEF72FF848B9069A2846BD
:1018B0000599FFF721FE044600283FF46DAF68E765
:1018C00010F5845F7FF445AF16F80820002A7FF4F6
:1018D00021AF04AB0192009205A802933346154A4A
:1018E0001549FEF711F860B90E9C3B46069A28464A
:1018F00000940599FFF774FE044600283FF44CAFAE
:1019000047E710F5845F7FF424AF03E700C3FFFFD0
:1019100010310020F030002080C4FFFF80C0FFFFA6
:10192000503100203031002000C4FFFF7031002012
:101930008C310020A8310020CC3100202DE9F0436B
:1019400087B000241646302302AA8DF807400546CA
:10195000F1F7C0F820B1A0F5745007B0BDE8F083EE
:1019600002990DF107022F6803AB28460F44394650
:10197000FFF7C8FC0028F0D102AA39462846F1F743
:101980004FF9E8B92A68029B13449F421BD19DF886
:101990000700FEF721FA002843D001463046FEF743
:1019A0003DFA0028D9D19DF80730012B0DD0023B1C
:1019B000012B17D91C4C3046FEF720FA2046CCE705
:1019C000A0F56C50C9E71948C7E772683946284640
:1019D000FFF7C2F904460028EDD12B689F421ED0C4
:1019E000124CE8E703A87168FFF71EFB04460028C5
:1019F000E1D1D6F804802A6808F188094046BB1A6C
:101A00004946F9F769FD044608B12F60D3E7494616
:101A10004046F9F71FFE2F6004460028CBD1002076
:101A20009BE7014899E700BF80C3FFFF9AC4FFFF0F
:101A30002DE9F0418AB0154606460F4607A8FDF786
:101A40005DFF85B907A8FEF72FF90120FEF7C4F95D
:101A500000283AD001463046FEF7E0F9002836D09B
:101A60000AB0BDE8F08105F1FF3817F80830002B07
:101A7000E8D106AA0193009307A802923B46314A97
:101A80003149FDF741FF044600283AD1079B012068
:101A90000593FEF7A1F9C0B101463046FEF7BEF945
:101AA0000028DDD1059905A8089B72681944FFF745
:101AB00053F9044610B13046FEF7A0F907A8FEF727
:101AC000F3F820460AB0BDE8F0812048C8E70DF1E0
:101AD00028083D44726848F8147D29464046FFF7BF
:101AE0003BF904460028ECD03046FEF787F9184B46
:101AF0009C42E6D13246294640460597FFF71EFF35
:101B0000AEE710F5845FD9D117F80820002A99D1E3
:101B100006AB0192009207A802933B460D4A0E497C
:101B2000FDF7F2FE044648B9079B3246089905A81E
:101B300005931944FFF702FF0446BFE710F5845FE1
:101B4000BCD17FE7F43100201432002080C3FFFFB6
:101B50009EC4FFFF3432002050320020024B0A4660
:101B600000211B68184700BF106900202DE9F04FC5
:101B700093B00F46044690461C9E02A840220021C6
:101B8000994611F08DF8002330680193FCF7FAFBB9
:101B9000A7B38246BA453046554628BF3D46FCF7B6
:101BA000FDFB834660BB4A4641463046FCF700FCDD
:101BB000834628BB042230460DEB0201FCF7F8FBFC
:101BC0008346E8B902A93046FCF7FCFB8346B8B966
:101BD00065B10DF10702601914F8011B12F8013FFD
:101BE000A04283EA010304F8013CF5D19DF80730D7
:101BF0007F1B03F101038DF80730CBD14FF0000BB1
:101C000002A84021FFF7AAFF584613B0BDE8F08FA5
:101C10002DE9F04F002683B091461C4600960546FC
:101C20000196DDF8308018BB8B420F4602D35C1A58
:101C30000A2C04D8444D284603B0BDE8F08F434633
:101C40004FF0010EE61EFF2103F8020B1846324644
:101C500088F801E011F024F80346A01E3A469D558D
:101C60004946184410F0F8FF284603B0BDE8F08F4D
:101C7000FCF71CFB06460028DCD028466A4601A972
:101C8000FDF7C8FC05460028D4D13046FCF77AFBA6
:101C9000009B0646034403F108027F2ACAD810F1CC
:101CA0000A01C7D203F10A029142C3D89442C1D3B8
:101CB000A4F10A07FF1A0A2FBCD9C346033F012328
:101CC000FF210BF8025B3A46584688F8013010F0C5
:101CD000E7FFDDF800A00BEB07034FF0300E0AF131
:101CE00008015FFA8AF20BF8075006203144DF1D25
:101CF0009A71043283F801E083F803E09970587117
:101D000038461A715246019910F0A6FF07EB0A03F4
:101D10004FF0040E0522494603EB0E0B07F80A208C
:101D2000DE7032465D70584683F802E05E4410F083
:101D300093FF08EB04039E423FF47DAF21464046EB
:101D4000FFF70CFF76E700BF80BFFFFF52B138B549
:101D50000C468D1810F0A8FF04F8010BAC42F9D125
:101D6000002038BD00207047F8B500F1080547682D
:101D700004460E462846F2F721F9874245D16368AA
:101D8000B3F5007F41D800212846F2F75BFB00281D
:101D90003BDD28460021F2F791F8B0B3BEB304F161
:101DA0002C0500212846F2F74DFB00282DDD2846A2
:101DB0000021F2F783F840B304F1380500212846EA
:101DC000F2F740FB002820DD28460021F2F776F8E4
:101DD000D8B1002104F11400F2F734FB002814DD1F
:101DE000002104F14400F2F72DFB00280DDD002155
:101DF00004F15000F2F726FB002806DD04F15C0038
:101E00000021F2F71FFB002808DC0548F8BD314629
:101E100004F11400F2F716FB0028F6DD0020F8BDEF
:101E200080BFFFFF70B504460E4615460021AC2268
:101E300010F036FFC4F8A460C4F8A85070BD00BF0D
:101E4000F8B5044615461E460F4619B10830F1F79D
:101E500039FF30BB2DB1294604F12C00F1F732FFD8
:101E6000F8B92EB1314604F13800F1F72BFFC0B9B3
:101E7000069B2BB1069904F12000F1F723FF80B9EE
:101E8000079B2BB1079904F11400F1F71BFF40B930
:101E90005FB104F10800F2F791F800216060084694
:101EA000F8BDA0F581410846F8BD3946FBE700BF03
:101EB00070B504461D4661B100F108063046F2F7E0
:101EC00083F810B1A0F5814070BD3046F2F776F886
:101ED00060603DB12946049A04F12C00F2F774F8D1
:101EE0000028EFD1059B3BB1069A04F13800059913
:101EF000F2F76AF80028E5D1079B3BB1089A04F194
:101F000020000799F2F760F80028DBD1099B3BB16C
:101F100004F114000A9A0999F2F756F80028D1D171
:101F2000002070BD2DE9F04F044600F1080A87B08B
:101F3000002104F1140300F12C0700F1380800F12E
:101F4000200950460293F2F77DFA021C04904FF0EC
:101F5000000118BF012238460592F2F773FA0021FA
:101F600003904046F2F76EFA002105464846F2F724
:101F700069FA061C4FF000018346029818BF01263B
:101F8000F2F760FA039A0030049B18BF0120002A80
:101F900018BF002D14BF012100211BD006EA00024A
:101FA0000025BBF1000F14BF002600F0010655EA22
:101FB000060000D17AB14FF0010B33BB29B3424682
:101FC00039465046F2F78AFBD8B1A0F5814007B0F8
:101FD000BDE8F08F1AB1254807B0BDE8F08F059A2B
:101FE000002AF8D0B5FA85F506406D09284035403D
:101FF000BBF1000F14BF002200F0010252BB1646D5
:10200000D5E75046F1F7DAFF6060C5B92EBBBBF1EA
:10201000000F0ED004F1500304F15C054A4641461E
:1020200038468DE8280004F1440301F075FF0028CC
:10203000CBD15946204607B0BDE8F04F94E6CDF825
:102040000080504602993B464A4601F0FFFD0028B9
:10205000DDD0BAE7AB460E46AFE7029A4B464146A3
:10206000384601F0F1FE0028D1D0AEE780BFFFFF77
:102070002DE9F04700F1080904468A460021484648
:1020800015461E46DDF82080099FF2F7DBF978BB84
:10209000B8F1000F08BF002E4BD1002D49D1BAF185
:1020A000000F04D049465046F1F70CFEF0B92DB1AF
:1020B000284604F12C01F1F705FEB0BB2EB13046E5
:1020C00004F13801F1F7FEFD88BBB8F1000F05D02F
:1020D000404604F12001F1F7F5FD68BB77B304F148
:1020E00014013846BDE8F047F1F7ECBDBDE8F087D4
:1020F000002104F12C00F2F7A5F90028C8D0002136
:1021000004F13800F2F79EF90028C1D0002104F153
:102110002000F2F797F90028BAD0002104F114004A
:10212000F2F790F90028B3D0B9E7BDE8F087BDE831
:10213000F0870448BDE8F087BDE8F0873846BDE881
:10214000F08700BF80BFFFFF2DE9F04F85B01D462F
:1021500000F108070446109B894638460021019388
:102160009246129BDDF838B00293139B0F9E0093AA
:10217000149BDDF844800393F2F764F9002838D10A
:10218000B8F1000F08BF002E50D1002D4ED1B9F18B
:10219000000F05D0524649463846F1F74BFF28BBA1
:1021A00035B15A46294604F12C00F1F743FFE8B94E
:1021B00036B1019A314604F13800F1F73BFFA8B976
:1021C000B8F1000F06D0029A414604F12000F1F761
:1021D00031FF58B9009B43B1039A04F114000099F0
:1021E00005B0BDE8F04FF1F725BF184605B0BDE8D2
:1021F000F08F002104F12C00F2F724F90028BFD061
:10220000002104F13800F2F71DF90028B8D00021B0
:1022100004F12000F2F716F90028B1D0002104F1F2
:102220001400F2F70FF90028AAD0B0E7014805B072
:10223000BDE8F08F80BFFFFFF8B504460D460830BB
:10224000002116461F46F2F7FDF808B91B48F8BDF5
:10225000002104F12C00F2F7F5F80028F6D0002157
:1022600004F13800F2F7EEF80028EFD0002104F175
:102270002000F2F7E7F80028E8D0002104F114006C
:10228000F2F7E0F80028E1D02DB1284604F144012E
:10229000F1F718FD78B92EB1304604F15001F1F78D
:1022A00011FD40B92FB104F15C013846F1F70AFD88
:1022B00008B90020F8BDA0F58140F8BD80BFFFFF40
:1022C000C0F8A410C0F8A820704700BF406870474D
:1022D00070B500210446FFF747FDD0B904F10806A8
:1022E00005463046F1F742FE7F2812D914342946BC
:1022F0002046F1F7E3FD60B12046F1F737FE0128F3
:1023000007D931462046F2F72BF8002801DA284693
:1023100070BD014D284670BD00BEFFFFF0B585B011
:102320000446FFF7D5FF40BB01212046FFF71CFD07
:1023300018BB04F12C0504F1380604F1200704F160
:10234000140E02902946019032463B46CDF800E03B
:1023500004F1080001F01EFE78B904F1500304F105
:102360005C0E3A46314628468DE8084004F14403A5
:1023700001F010FF08B905B0F0BD014805B0F0BD8F
:1023800000BEFFFF38B50C460546FFF7A1FF90B928
:102390002046FFF7C3FF70B904F1080105F10800FA
:1023A000F1F7DEFF38B904F1140105F11400F1F77B
:1023B000D7FF00B938BD014838BD00BF00BEFFFFE0
:1023C000F0B50E4687B0002117460546FFF7CCFC56
:1023D000D8B9044603A8F1F7EBFB314603A86A68B5
:1023E000F1F7F2FD38B1A0F5854403A8F1F7E8FB59
:1023F000204607B0F0BD05F1080603A83146F1F705
:10240000AFFF002803DB0F4CEFE70F4CF0E705F1BF
:10241000680003A905F114023346009008466D6870
:10242000F2F77EFE0028DED12A46394603A8F1F7EE
:1024300001FE054603A8F1F7C3FB002DD8D0A5F592
:102440008544D5E77CBDFFFF80BFFFFF2DE9F04F3E
:10245000ADB00E461D468346049101210592FFF75B
:1024600083FC002840F09D8004460EA8F1F7A0FBF5
:1024700011A8F1F79DFB14A8F1F79AFB17A8F1F743
:1024800097FB002E49D020AB0DF18C0A1AAF0DF14D
:10249000740818460393F1F78BFB5046F1F788FB5D
:1024A00026AE38460DF1A409F1F782FB4046F1F75C
:1024B0007FFB3046F1F77CFB4846F1F779FB294674
:1024C000DBF804200EA8F1F77FFD0546002800F098
:1024D000BB8011A8F1F774FB14A8F1F771FB17A8E2
:1024E000F1F76EFB0398F1F76BFB5046F1F768FBD1
:1024F0000EA8F1F765FB3846F1F762FB4046F1F7AD
:102500005FFB4846F1F75CFB3046F1F759FB002DC5
:1025100041D120462DB0BDE8F08F1AAF0DF17408FF
:1025200026AE0DF1A4093846F1F742FB4046F1F71B
:102530003FFB3046F1F73CFB4846F1F739FB2946B3
:10254000DBF804200EA8F1F73FFD0546002868D10E
:102550000BF108030EA819460693F1F701FF0028B6
:1025600021DB11A86FF00305F1F72AFB14A8F1F79E
:1025700027FB17A8F1F724FB0EA8F1F721FB38463B
:10258000F1F71EFB4046F1F71BFB4846F1F718FB3D
:102590003046F1F715FBA5F5864420462DB0BDE881
:1025A000F08F4D4CB5E70EA93046F1F78BFB054691
:1025B000002838D10BF1440307930BF15003089323
:1025C000049B93B1DBF8A030002B4AD00BF18C0AAE
:1025D000524651465046F2F781F8054600287FD012
:1025E00020AB03930DF18C0A73E70BF174000BF130
:1025F0002C03079A0EA9009038460993F2F790FD34
:10260000054670B90BF180000BF13803089A0EA94A
:10261000009040460593F2F783FD0546002800F040
:10262000008111A8A0E711A8F1F7CAFA14A8F1F7E0
:10263000C7FA17A8F1F7C4FA049B002B9CD020AB73
:102640000DF18C0A03934DE70BF108030EA8194610
:102650000693F1F785FE0028A5DB11A86FF00305AE
:1026600038E70BF198030B220BF18C010394CDF8A2
:10267000248014460A960D46CDF82C901E460C97E1
:10268000DDF81080DDF81490069F0D93DBF8041040
:1026900042464B4630460139AA46F2F70FFF3A460A
:1026A0003146002840F01C812846F3F795F80121B7
:1026B000002840F015812846F1F7C4FE002800F0FC
:1026C0001C81013CE2D1039CDDF824800A9EDDF8E8
:1026D0002C900C9F014D83E780BFFFFF80BBFFFF65
:1026E000069A51465046F2F7A7FB054600287FF4AC
:1026F00077AF0BF198031A46194618460393F1F782
:10270000EDFF039B054600287FF46AAF069A194641
:102710001846F2F791FB0546002D7FF461AF0EA934
:1027200052460846F1F7DAFF054600287FF458AF15
:102730000EA9069A0846F2F77FFB054600287FF4AB
:102740004FAF0BF12C03012211A819460993F1F7A1
:10275000ADFF054600287FF443AF0BF1380301229B
:1027600014A819460A93F1F7A1FF054600287FF443
:1027700037AF059B1C21049A17A8F2F79FFE20ABE8
:102780000546039300287FF42DAF17AA11A9184618
:10279000F1F7A4FF054600287FF424AF0398079AB9
:1027A0000146F1F71BFF054600287FF41BAF059B90
:1027B0001C21049A17A8F2F781FE0DF18C0A054638
:1027C00000287FF486AE17AA14A95046F1F786FFB9
:1027D000054600287FF47DAE089A51465046F1F731
:1027E000FDFE054600287FF474AE0BF17400099BD2
:1027F000039A0EA900903846F2F792FC054600288D
:102800007FF467AE0A9D0BF1800052460EA92B465D
:10281000009040460595F2F783FC054600287FF4BA
:1028200058AE424639460EA8F1F700FF054600288B
:102830007FF4F9AE0BF15C020EA93846F1F74EFFBA
:10284000054600287FF4EFAE099A39460EA8F2F744
:10285000F3FA054600287FF4E6AE059A0EA938463D
:10286000F1F73CFF054600287FF4DDAE3A464146CD
:102870000EA8F1F7B3FE054600287FF4D4AE049B02
:10288000002B66D00EA90BF198020846F1F726FF3F
:10289000054600287FF4A4AE0EA9069A0846F2F772
:1028A000CBFA054600287FF49BAE0BF16800069B2F
:1028B0000BF114020EA900904846F2F731FC0546D0
:1028C000002836D020AB11A80393F1F779F914A8AA
:1028D000F1F776F917A8F1F773F90DF18C0A01E613
:1028E00020AB039C0546DDF824800A9E0DF18C0A7E
:1028F000DDF82C900C9F0393EBE528460D99069A82
:10290000039CDDF824800A9EDDF82C900C9FF3F7E1
:102910006DF8054600287FF463AE0BF16800069B56
:102920000BF11402514600905046F2F7F9FB0546B0
:10293000F2E631464846F1F713FD00B311A81E4DEB
:10294000F1F73EF914A8F1F73BF917A8F1F738F9B8
:1029500075E60BF16800069B0BF114020EA90090BE
:102960004846F2F7DDFB054600287FF45AAE3146B3
:102970004846F1F7F5FC68B111A80F4DF4E520AB1E
:10298000DBF8042036990EA80393F1F753FB0546B4
:1029900011A89AE7DBF804200EA83699F1F74AFB54
:1029A000054611A8F1F70CF914A8F1F709F917A8D1
:1029B000F1F706F99CE500BF80BCFFFF2DE9F04F61
:1029C000012B83B0DDF830A0DDF834B0DDF83880BD
:1029D0006AD0BBF1000F18BF002969D0B8F1000F11
:1029E00066D044680AF10B07BC4261D3BA4594BF74
:1029F0004FF0000E4FF0010EBEF1000F58D1E71E50
:102A000016460D46019088F800E0CAEB070743BB65
:102A1000022208EB020988F8012097B1642403E040
:102A2000013C3CD000283AD1012249463046A84713
:102A300099F80020002AF3D088BB013F09F1010971
:102A4000ECD1484600235246594600F8013B10F0AD
:102A500003F942464146019803B0BDE8F04FFFF745
:102A6000AFBC012208F1020388F8012017B3D8197E
:102A7000FF2203F8012B8342FBD100235246594623
:102A800000F8013B10F0E8F8434632462946019829
:102A9000CDF8308003B0BDE8F04FFFF7D7BCA0F50C
:102AA000894003B0BDE8F08FD0F8A440002C90D04E
:102AB0000148F6E71846E0E780BFFFFF012B2DE94C
:102AC000F04F8BB066D0002968D0044690F8A8007B
:102AD00017460D460393FBF7E9FB029000285DD0F3
:102AE000D4F804A0FBF74EFC169B06B280460233D6
:102AF000760033449A4551D3169A9A4294BF4FF0C8
:102B000000094FF00109B9F1000F47D1189B524657
:102B10004946184603F1010B10F0C2F8189B5946BC
:102B2000424683F800903846A84720B1A0F5894076
:102B30000BB0BDE8F08F0BEB0803159A14990298BF
:102B40000493FBF749FC0028F2D1169B4FF0010ECD
:102B50000590AAF102001A461799C01A049B404436
:102B6000861B06EB0E0003F806E0184410F074F81C
:102B700007A8FBF7A7FB059B029907A81A46FBF7D6
:102B8000C1FB814670B107A8FBF7A2FB48460BB01A
:102B9000BDE8F08FD0F8A440012C94D01A480BB0B7
:102BA000BDE8F08F189A0AF1FF3A08F1010607AB69
:102BB000C8EB0A0A164400935A464346514630462B
:102BC000FEF7D4FF81460028DDD107AB32464146EF
:102BD000584600935346FEF7C9FF064607A8FBF781
:102BE00077FB7EB9039B3BB1189B3A4629462046AA
:102BF0000093FFF72BFC9BE7189A20461146FFF73E
:102C0000DFFB95E7304693E780BFFFFFF0B587B065
:102C1000D0F8A4400CADE0CD74B1012C02D00A482C
:102C200007B0F0BD00240497039602950194009428
:102C3000FFF744FF07B0F0BD0E970D960C9507B057
:102C4000BDE8F040FFF7BABE00BFFFFF012BF0B5B3
:102C5000ADF5037D50D04668A6F11004B4F5F87FB9
:102C600000F2998002AD002B3ED189992A46FFF7E8
:102C7000A7FB044678BB6B78A6F1020E95F800C05E
:102C8000002283F001030DF10901AE44174643EA27
:102C90000C0C11F8010FFF2818BF42F0010271451A
:102CA00082F0010057FA80F7F3D10DF10A01072FE6
:102CB00007F10102CB5D8CBF0024012411444CEAD2
:102CC00003031C4364B2002C5DD14A1B8B9BB21AD8
:102CD0009A425AD9314C28464FF40071FEF73EFF14
:102CE00020460DF5037DF0BD899B0095FFF7AEFBF7
:102CF00004460028EFD1BEE7D0F8A430002B4AD11B
:102D00004668A6F11003B3F5F87F44D802AD899B5D
:102D10000095FFF79BFB04460028DCD16B78A6F1F9
:102D2000020C95F800E0204683F002032746AC44ED
:102D30000DF1090143EA0E0E11F8013F5A428C458C
:102D400042EA0302C2F3C01282F0010240EA02002A
:102D5000C0B2C0F1000242EA0002C2F3C01282F027
:102D600001021744E8D10DF10A01072F07F1010212
:102D7000CB5D8CBF0024012411444EEA03031C43A5
:102D800064B2002CA1D0064CA5E7889B8A981A60F3
:102D90000FF062FF9FE70348A3E700BF00BCFFFFFF
:102DA00000BFFFFF80BFFFFF012B2DE9F04FADF506
:102DB000197D65D04768A7F11004B4F5F87F63D892
:102DC000044690F8A80016468B461D46FBF76EFA9F
:102DD0000390002858D0FBF7D5FA00F1010881468E
:102DE0004FEA480A57454FD3B5B918AD2046A599C3
:102DF0002A46FFF7E5FA0446CCB108AE28464FF460
:102E00000071FEF7ABFE30464021FEF7A7FE2046DC
:102E10000DF5197DBDE8F08F18AD204632465946B4
:102E20000095A59BFFF712FB0446002CE5D105A8F1
:102E3000FBF748FA2246039905A8FBF763FA044614
:102E4000C8B97E1E05ABA8440DF16100C9EB0606AA
:102E50000093424649463346FEF788FE044650B981
:102E600005AB314640460DF1610200934B46FEF73B
:102E70007DFE044668B105A808AEFBF729FABDE758
:102E8000D0F8A440012C95D030480DF5197DBDE84F
:102E9000F08F08AE05A8FBF71BFA03983346A39AF8
:102EA000A299FBF799FA04460028A7D10DF1610316
:102EB0002A7803EB0901B9F1000F11D009F1FF38AD
:102EC0000DF11F0001F1FF3EB04410F801CF1EF8D4
:102ED000013F40458CEA030342EA0302F5D149442D
:102EE000AAF10203FB1A022B2DD0033B4FF0000E78
:102EF00001F1FF3C0B44F0461CF8010F4EEA000EB6
:102F00006345CEF100004EEA0000C0F3C01080F02F
:102F100001008044F0D111F8083083F0010313431D
:102F200009D108F10108A79B41444A1BBA1A9A42E9
:102F300003D9074C62E7074C60E7A49BA6981A6088
:102F40000FF08AFE5AE74FF00008E4E780BFFFFF6A
:102F500000BCFFFF00BFFFFFF0B587B0D0F8A44072
:102F60000CAD95E8E04084B1012C02D00C4807B0CC
:102F7000F0BD0024CDF814E0049703960295019467
:102F80000094FFF711FF07B0F0BDCDF83CE00E97BD
:102F90000D960C9507B0BDE8F040FFF757BE00BF97
:102FA00000BFFFFF2DE9F04782B08846012B0546A0
:102FB0000BA991469DF8280046C90ED01C466B68A7
:102FC0000096FEF725FE80BB84B92846324631467E
:102FD00002B0BDE8F047FFF7F3B9D5F8A430002BF5
:102FE00048D16B680096FEF713FEF0B96C680120BB
:102FF00021460FF061FE074600283DD02146012002
:103000000FF05AFE8246002839D000974A464146C2
:1030100033462846FFF71AFA044648B138460FF0FF
:1030200003FE50460FF000FE204602B0BDE8F087D8
:10303000524639462846FFF7C3F904460028EDD129
:103040006A6892B15046751E0AEB020C234610F8CE
:1030500001EB15F8011F60458EEA010143EA010307
:10306000DBB2F4D10BB1094CD8E7304639460FF04A
:10307000F3FDD3E70648D8E76FF00F00D5E73846F1
:103080000FF0D2FD6FF00F00CFE700BF00BDFFFFD4
:1030900080BFFFFF2DE9F04F012B9BB09DF890E022
:1030A0002CD079B317460D46044699464668BEF1C2
:1030B000000F1BD194F8A800FBF7F8F8834608B37B
:1030C000FBF760F98046430002339E421AD3324632
:1030D000002127980FF0E4FD0AA942463846A84788
:1030E000A0B1A0F589401BB0BDE8F08F7046FBF79A
:1030F000DDF838B1FBF746F92590DBE7D0F8A440BE
:10310000012CCED04D481BB0BDE8F08F04F1080370
:10311000039018460493F0F729FF05900FFA88F002
:10312000279B4FF0010E4246A6EB40000AA900F192
:10313000FF3A18449A4400F802EC50460FF08CFD18
:1031400007A8FBF7BFF8039B594607A81A46FBF7E9
:10315000D9F8834630B107A8FBF7BAF858461BB038
:10316000BDE8F08F07A8FBF719F983460028F2D1D4
:103170000AEB0803082207A819460393FBF718F97E
:1031800083460028E7D1259A07A82699FBF710F96E
:1031900083460028DFD142460AA907A8FBF708F9B1
:1031A00083460028D7D1039907A8FBF70BF983467C
:1031B0000028D0D1059B07A8711E039A013B0090FF
:1031C000C8EB0101279813F0070F43460CBF4FF0DF
:1031D000010E4FF0000ECEEB01017044FEF7C6FC6D
:1031E00083460028B7D10498F0F7C0FEFF21C0EB5A
:1031F000C606279BBC220AA801361B7841FA06F6B0
:1032000040211E40279B1E700AF81820FEF7A6FCDE
:1032100007A8FBF75DF8B9F1000F09D0279B3A46E4
:10322000294620460093FFF711F91BB0BDE8F08F47
:10323000279A20461146FFF7C3F854E780BFFFFFE7
:10324000F0B5D0F8A44006AE9DF8145096E8C04002
:1032500064B1012C08D1CDF820E0079706960595BA
:10326000BDE8F040FFF716BF0548F0BDCDF820E0FF
:10327000079706960595BDE8F040FFF793BE00BF9F
:1032800000BFFFFF2DE9F04F012B83B045689DF88B
:10329000304058D08A4680462946012093469946B8
:1032A0000FF00AFD0646002848D0294601200FF0FD
:1032B00003FD074600283AD000902B4620460E9A80
:1032C0000D99FEF7A5FC0446F8B9B9F1000F40D1FD
:1032D000404632460F99FFF773F80446ACB9A5B1E2
:1032E00020463246791E06EB050E12F8014B11F806
:1032F000013F724583EA040340EA0300C0B2F4D1FF
:10330000002818480CBF0024044629463046FEF722
:1033100025FC30460FF088FC29463846FEF71EFC97
:1033200038460FF081FC204603B0BDE8F08F3046F0
:103330002946FEF713FC30460FF076FC6FF00F00C5
:1033400003B0BDE8F08FD0F8A460002EA2D00648EC
:10335000F6E700965A46514640460F9BFFF776F82F
:103360000446BBE780BCFFFF80BFFFFF2DE9F047AD
:10337000012BADF5187D07469DF880829DF88C9253
:1033800051D04468A4F11005B5F5F87F5FD8002B43
:1033900053D118ADA5992A46FFF712F800283ED15F
:1033A000661EAB5DBC2B40F08480B8F1000F07D0E7
:1033B0004046FAF77BFF002849D0FAF7E3FFA190D7
:1033C0004846FAF773FF8146002840D0FAF7DAFF43
:1033D0000023804607F1080003930493F0F7C6FD2D
:1033E000E300471E2A78C3F108033B4452FA03F373
:1033F0002DD1790728D02646AA4608F102039E421D
:1034000025D305A8FAF75EFF494605A80022FAF77A
:1034100079FF044600B305A8FAF75AFF20460DF5D8
:10342000187DBDE8F087D0F8A430012B0FD1446897
:10343000A4F11003B3F5F87F09D818ADA59B384661
:103440000095FFF703F8A9E70DF1610AD5E73648C3
:103450000DF5187DBDE8F0876FEA080105AB504611
:103460003144009343460AEB01094A46FEF77EFBCE
:1034700004460028CFD1C7EBC606FF272B7809F1F9
:10348000FF3147FA06F68A4506EA03062E709AF8D7
:10349000002047D212B145E09A4632B90AF1010341
:1034A0009AF801208B42F7D10B46012A03D01F4C1A
:1034B000B1E71E48B3E75D1CA49B5A1CC5EB090687
:1034C00001D0B342F3D105A8FAF768FF04460028FB
:1034D000A1D103A9082205A8FAF76AFF044600282B
:1034E00099D1A19A05A8A299FAF762FF044600288B
:1034F00091D13246294605A8FAF75AFF044600281A
:1035000089D105A808A9FAF75DFF0446002882D1F1
:10351000424608A948460FF0BFFB054B002818BFDC
:103520001C4678E75346C0E780BFFFFF00BFFFFFA0
:1035300080BCFFFFF0B5D0F8A84087B09DF83050B0
:103540000D9F7CB1E4B24FF0FF3E0F9E03940E9CA2
:1035500005960294CDF810E08DE8A000FFF706FF75
:1035600007B0F0BD2C46EEE72DE9F047D0F8A450A7
:1035700086B09DF838E0DDF83CC0DDF84080DDF82D
:10358000449015B3012D03D0174806B0BDE8F0876D
:103590009A46D0F8A83004460E46174613BB754627
:1035A00020464FF0FF3453463A463146CDF814904A
:1035B0000395CDF80880CDF804C0CDF800E0049460
:1035C000FFF7D4FE06B0BDE8F087CDF84490CDF803
:1035D0004080CDF83CC0CDF838E006B0BDE8F047FB
:1035E000FFF750BEDDB2DBE700BFFFFF10B50446BA
:1035F0008C30F0F7E5FA04F19800F0F7E1FA04F105
:103600006800F0F7DDFA04F12000F0F7D9FA04F1D0
:103610003800F0F7D5FA04F12C00F0F7D1FA04F1F4
:103620001400F0F7CDFA04F10800F0F7C9FA04F13C
:103630008000F0F7C5FA04F17400F0F7C1FA04F164
:103640005C00F0F7BDFA04F15000F0F7B9FA04F1AC
:103650004400BDE81040F0F7B3BA00BF2DE9F04FC9
:10366000002918BF7F2B91B01A9D40F2B680022D21
:1036700040F3B380DC0700F1B080174607AA03903F
:1036800000F1140B10460E461C46F0F791FA0AAAF8
:103690001046F0F78DFA0DAA1046F0F789FA294680
:1036A0005846F0F7EFFB024600287BD14FEA54085A
:1036B000C72C04F101030399A8F1630298BF4FF0EE
:1036C00000094FEA530301F12C0401F1380588BFCA
:1036D0009146049300973346002241462046F2F774
:1036E00045FB002872D102460097334641462846E2
:1036F000F2F73CFB002869D12A46214607A8F0F7DB
:1037000095FF002862D107A8F0F730FC8145E1D28F
:10371000079B002B5CDB012221462046F0F7C6FF09
:10372000002853D1012229462846F0F7BFFF002880
:103730004CD12A46214607A8F0F7D0FF002845D1F2
:1037400007AA59460AA8F2F747F800283ED10121F6
:103750000AA8F0F777FE82460028BBD12A46214608
:103760000AA8F2F739F8002830D101460AAB07AAB7
:103770000DA8F1F733F948BB039B0DAA5946203336
:1037800018460593F2F732F900BB0598F0F7EEFB07
:10379000049B98429ED9012221462046F0F76EFFF5
:1037A000024600B307A80492F0F70AFA0AA8F0F755
:1037B00007FA0DA8F0F704FA049A0398A2F5834AD1
:1037C000FFF714FF504611B0BDE8F08F0246E9E75D
:1037D00029462046F0F7BCFA9DE7DFF87CA050466A
:1037E00011B0BDE8F08F012229462846F0F746FFC8
:1037F00002460028D6D1039B2A46214603F108063B
:103800003046F0F76BFF02460028CBD13046F0F788
:10381000D5FB039F059A29463B46786007F1500681
:1038200020465C33009601933B46443300F074FB22
:1038300002460028B6D10398FEF770FD049007A851
:10384000F0F7BEF90AA8F0F7BBF90DA8F0F7B8F940
:10385000049A002AB6D0B0E780BFFFFF70B50D46CE
:103860000A68044608316B68083084E80C00F0F7F9
:1038700029FA064620B12046FFF7B8FE304670BD53
:1038800005F1140104F11400F0F71CFA06460028B3
:10389000F1D105F1200104F12000F0F713FA0646FA
:1038A0000028E8D105F12C0104F12C00F0F70AFA08
:1038B00006460028DFD105F1380104F13800F0F7A1
:1038C00001FA06460028D6D105F1440104F144006E
:1038D000F0F7F8F906460028CDD105F1500104F1C2
:1038E0005000F0F7EFF906460028C4D105F15C015D
:1038F00004F15C00F0F7E6F906460028BBD105F1BB
:10390000740104F17400F0F7DDF906460028B2D125
:1039100005F1800104F18000F0F7D4F90646002893
:10392000A9D105F1680104F16800F0F7CBF906466A
:103930000028A0D105F18C0104F18C00F0F7C2F948
:103940000646002897D105F1980104F19800F0F798
:10395000B9F9064600288ED1D5F8A420D5F8A830AC
:10396000C4F8A420C4F8A83088E700BF2DE9F047C8
:10397000E4B0054605A8F0F71BF9AC22002139A8F0
:103980000FF08EF905A8A34A1021F0F72BFF04468B
:1039900048B9019003460090024605A939A8FEF7F0
:1039A0004FFA044648B105A8F0F70AF939A8FFF71D
:1039B0001DFE204664B0BDE8F087974A102105A897
:1039C000F0F710FF04460028EDD105A944A8F0F750
:1039D00079F900283BD1914A102105A8F0F702FFA0
:1039E00004460028DFD105A947A8F0F76BF90028A5
:1039F00031D18B4A102105A8F0F7F4FE04460028C7
:103A0000D1D105A941A8F0F75DF910B1B0F5814415
:103A1000C9D1844A102105A8F0F7E4FE0446002825
:103A2000C1D105A93EA8F0F74DF910B1B0F5814418
:103A3000B9D139A8FEF776FA04460028B3D1002D93
:103A40004ED139A8FEF744FC48B10124ABE7B0F5EC
:103A50008144A8D1BFE7B0F58144A4D1C9E739A812
:103A6000FEF75CFC0028F0D10DF134096E4F0DF12A
:103A700064084FF0180A4E46CDF80490CDF808803F
:103A80000FCF0FC697E80300CDF800A02B462A46BB
:103A900086E80300654939A8FFF7B8F80028D4D1B3
:103AA00013AE04AFCDF80CA00123CDF8048022465C
:103AB000029639A800975D49FFF74EFA0028C4D155
:103AC0003A68304649460FF0E7F80028BDD108AE05
:103AD00051464846324601F04BFE68B1012069E785
:103AE00053480FF0EDF839A8FEF7F2FB00B3514848
:103AF00001240FF0CDF856E70427CDF80C8002968C
:103B00002A4601950123009739A84849FFF798FBF9
:103B100000289AD1CDF80C802346029622460194C3
:103B20002146009739A8FFF71FFD00288DD13AE7FD
:103B300039A8FEF7F3FB0028D9D10DF134083A4E2D
:103B40003D4819AF0FF0BCF84546CDF804804FF062
:103B500018090FCE0FC596E8030002972346CDF84B
:103B60000090224685E80300304939A8FFF74EF857
:103B70000028BCD113AD04AE30480FF0A1F8CDF849
:103B80000C900197012302952246009639A82749F7
:103B9000FFF7E2F90028AAD13268284641460FF023
:103BA0007BF80028A3D1264808AD0FF071F825480E
:103BB0000FF086F8494640462A4601F0D9FD20B16B
:103BC0001C480FF065F80120F4E6042603970295DF
:103BD000012301942246009639A81449FFF730FBCF
:103BE000002884D118480FF06BF8039702952346FC
:103BF000019422460096214639A8FFF7B5FC00281B
:103C00007FF475AF0E480FF043F80A200FF010F85C
:103C1000C9E600BF6C32002070330020F43300206E
:103C2000783400207C350020F40300204D1D016015
:103C3000843500205C1A0020BC3500209C35002013
:103C40000C1A0020DC350020F43500202DE9F04767
:103C50007C4C96B0864689469446984604F1300AD4
:103C60001E9F08AE2068103454F80C1C354654F8DA
:103C7000082C103654F8043C54450FC5F2D1206886
:103C8000A3883060B380B8F1000F3CD0002F3AD049
:103C9000D8F80830BBBBB968A9BB70466446764605
:103CA000F0F7D0FB00282EDD01212046F0F7CAFBFB
:103CB000002828DD31462046F0F752FB002822DAA2
:103CC00001214846F0F7BEFB00281CDD314648467E
:103CD000F0F746FB002816DA05A8EFF769FF02A8FF
:103CE000EFF766FF21464A4602A8F0F7F7FC0446C4
:103CF00070B105A8EFF764FF02A8EFF761FF204657
:103D000016B0BDE8F0876FF0030016B0BDE8F0878D
:103D100002A901220846F0F7C9FC04460028E8D1B0
:103D200002A8F0F705F91FFA80FABAF1000F02D1E4
:103D30006FF00304DDE7514602A8F0F7F3F90446FB
:103D40000028D6D1B3681B6803F00709A9F101095F
:103D5000B9FA89F94FEA591916AB05A84B4413F87B
:103D6000381CF0F78FF8324605A94046F1F734FDCC
:103D700004460028BDD101214046F0F763FB38B16D
:103D800009F101091FFA89F9B9F1360FE4D1CFE73A
:103D900005A90097334602AA0846F1F7C1F904467F
:103DA0000028A6D101251BE005A901220846F0F74D
:103DB0007DFC05AA0446114600289AD11046F0F76A
:103DC0008DFC3246044605A9002892D108460135EB
:103DD000F1F732F8044600288BD1ADB2AA452AD3B8
:103DE000012105A8F0F72EFB012205A918B305A8AB
:103DF000F0F744FC3246044605A900287FF479AF69
:103E00004046F1F7E9FC0121044600287FF471AF38
:103E10004046F0F717FB0128C6D131464046F0F77F
:103E20009FFA0130C0D12146434632463846F0F76A
:103E3000D5FD04465DE7012105A8F0F703FB002846
:103E40009ED075E710040020002B61D02DE9F041D1
:103E50000D4686B00446002118461F461646F0F768
:103E6000F1FA804638BB01212046F0F7EBFA002832
:103E700021DD01212846F0F7E5FA00281BDD414647
:103E80003046F0F7DFFAB0B16846EFF791FE03A8CD
:103E9000EFF78EFE214668460122F0F707FC044644
:103EA00070B16846EFF78CFE03A8EFF789FE204655
:103EB00006B0BDE8F0816FF0030006B0BDE8F08108
:103EC0002946012203A8F0F7F1FB04460028E8D1B7
:103ED00003AA69463846F1F77FFC04460028E0D182
:103EE00003AA69466846F0F7F9FB04460028D8D1D2
:103EF00001463B466A466846F0F770FD04460028D6
:103F0000CFD1314638466A46F1F770FD0446C8E71E
:103F10006FF00300704700BF2DE9F04184B01D46EB
:103F200006460F4601A89046EFF742FEADB10122CA
:103F3000314601A8F0F7BAFB044630B101A8EFF70B
:103F40003FFE204604B0BDE8F081284601AA414664
:103F5000F0F772FF04460028F0D10A9B7BB10122E2
:103F6000394601A8F0F7A2FB04460028E6D14146F5
:103F700001AA0A98F0F760FF04460028DED10B9BE7
:103F800033B1324639460B98F1F730FD0446D5E798
:103F90001C46D3E72DE9F04F87B00E468046174602
:103FA000DDF844A0684699461AF1000518BF0125BE
:103FB000EFF7FEFD16F1000B03A818BF4FF0010B41
:103FC000EFF7F6FD15B1BBF1000F28D13C1C18BF6F
:103FD00001240DB1002C34D118F1000A0BEA0404BD
:103FE00018BF4FF0010ABAF1000F3BD0002C39D0B6
:103FF0003A4631466846F0F771FB0546002859D02D
:104000006846EFF7DDFD03A8EFF7DAFD15F5844FFD
:1040100013D0A5F58445284607B0BDE8F08F129A65
:1040200051463046F1F760FE0028CFD0584D684623
:10403000EFF7C6FD03A8EFF7C3FD284607B0BDE8BC
:10404000F08F5146129A3846F1F74EFE0028EDD116
:1040500018F1000A0BEA040418BF4FF0010ABAF184
:10406000000FC3D1109B002B18BFB9F1000F14BF74
:1040700001250025BAF1000F18D0BDB10121484635
:10408000F0F7E0F90028D1DD01211098F0F7DAF916
:104090000028CBDD41464846F0F762F90028C5DA32
:1040A00041461098F0F75CF90028BFDA04B175B901
:1040B0000025BCE701214046F0F7C4F90028B5DD32
:1040C00041466846F0F74CF90028AFD1CAE7012114
:1040D0003046F0F7B7F90028A8DD01213846F0F79F
:1040E000B1F90028A2DD109A49466846F0F7F6FAC1
:1040F0000546002884D1012269466846F0F7D6FAC1
:10410000054600287FF47CAF3146012203A8F0F772
:10411000CDFA054600287FF473AF03AA69466846C6
:10412000F0F78AFE054600287FF46AAF014668462C
:10413000F0F788F900287FF479AF4946109A68466D
:10414000F0F7CCFA054600287FF45AAF0122694601
:104150006846F0F7ABFA054600287FF451AF3946C0
:10416000012203A8F0F7A2FA054600287FF448AF21
:1041700003AA69466846F0F75FFE054600287FF40B
:104180003FAF01466846F0F75DF9002890D04DE753
:1041900000BEFFFF2DE9F04186B01E4605460F46E2
:1041A00068469046EFF704FD03A8EFF701FD9EB3C4
:1041B000CDB1012229466846F0F778FA0446A0B14D
:1041C00014F5844F09D16846EFF7FAFC03A8EFF71E
:1041D000F7FC204606B0BDE8F08114F5814F02D00F
:1041E000A4F58444EFE7304CEDE73146424603A89E
:1041F000F0F71CFA04460028E2D103A96A460846F3
:10420000F0F71AFE04460028DAD1014603A8F0F7B9
:1042100019F908B1254CD6E70C9BFBB1002FE2D071
:10422000012239466846F0F741FA04460028C7D112
:1042300042460C9903A8F0F7F9F904460028BFD1CB
:1042400003A96A460846F0F7F7FD04460028B7D1EF
:10425000014603A8F0F7F6F80028DBD10D9B0BB35D
:10426000002DC0D0002FBED03A460D996846F0F719
:1042700035FA04460028A3D1012269466846F0F7C2
:1042800015FA044600289BD12A4669466846F0F78D
:10429000D3FD0446002893D101466846F0F7D2F8D2
:1042A0000028B7D100248EE780BFFFFF00BEFFFFCC
:1042B0005C2200210EF0F4BC10B15C21FDF74EBC75
:1042C000704700BF08B55C220EF0C6FC08BD00BFF9
:1042D000F0B403460022074F074E1046074D084C26
:1042E00008499F60DE601D615C6199611A605A60D7
:1042F000F0BC70470123456789ABCDEFFEDCBA986F
:1043000076543210F0E1D2C32DE9F04F4B789BB0D8
:104310000D781B0491F803E04C7943EA05658E782B
:1043200091F80480240445EA0E0591F807C04B7A01
:1043300044EA086445EA06224E7B8F7944EA0C0C75
:1043400091F808A0360491F80CE01B0491F80FB026
:104350004CEA072491F80B9043EA0A6346EA0E659B
:1043600091F80A800B9443EA090945EA0B064C7C54
:104370004D7D49EA082391F810A0240491F8148097
:104380002D048F7B44EA0A64069345EA0865CB7CDA
:1043900091F817A091F812E01C43049245EA0A0A2A
:1043A00046EA07228F7D4B7E44EA0E244AEA072E16
:1043B0000E7E0D921B047246019043EA066391F84B
:1043C0001B800F9202F1B54291F81AC043EA08032C
:1043D0004D7F02F51E320E9443EA0C230C7F2D0410
:1043E00002F29912CF7F45EA04648E7F14921A4636
:1043F00044EA070591F821E002F1B54791F820B0B1
:1044000091F8253045EA062607F51E374FEA0E4E8D
:1044100091F823901B0407F2991791F824A01092A9
:10442000324615974EEA0B6791F8295043EA0A6322
:1044300091F822C047EA090E91F827402D0491F81F
:1044400028604EEA0C2E119202F1B54291F82680B6
:10445000234391F82DC045EA066502F51E3291F816
:10446000316091F82C9043EA082891F8304002F22C
:1044700099124FEA0C4C91F82BB0360491F82A703F
:1044800091F82FA04CEA096C199246EA046672462C
:10449000CDF81C8091F82EE045EA0B0891F83330F6
:1044A0004CEA0A0C91F832B048EA07281E4391F80A
:1044B00035704CEA0E2E91F8345046EA0B2691F8EE
:1044C000369091F838A03F0491F83940002091F8D7
:1044D0003BC047EA056791F83C3091F83FB0CDF812
:1044E0002080CDF824E091F8378091F83AE00A96E0
:1044F00047EA080591F83D6091F83E1045EA092821
:10450000129336041391019902948F68029C3B46E2
:104510000F46C96824043D69169144EA0A6405956A
:104520007D6944EA0C04CDF808804FEAB3080C9585
:104530004FEAB105B96944EA0E2E179105990C9F0F
:1045400001F1B5498A464F40069909F51E39CDF863
:104550000CE00C9C8AEA050E09F299191893A24600
:104560000EEA030E8944169907EA010C1799DC4FED
:104570008CEA0404CF19049907EBF367129B12929B
:1045800046EA03662744059B5446DFF854A346EAEF
:104590000B0C8EEA030E0E46A2440C46069985EAE1
:1045A00008033C44D64486EA01070B9E13994FEA60
:1045B000B40A2340DFF828B34CEA012C0EEB0601C5
:1045C000DFF81CE36B4001EBF46188EA0A04AE44B7
:1045D000149DCDF810C099444FEAB10C05EB0A06C2
:1045E0000C400D9D09EBF163159984EA0804AE4473
:1045F0008AEA0C05C344A64488461D400E994FEA3A
:10460000B30457400EEBF36E8B44199B85EA0A09FD
:1046100002998CEA04059A46D9444FEABE0305EA9A
:104620000E0509EBFE694F4002F1B54E84EA030125
:104630000B9AE04401EA090185EA0C0594460D9ABB
:10464000A2444C408CEA020C079A354404EB080162
:1046500002F1B5444FEAB90605EBF9690EF51E3EC5
:1046600004F51E3483EA06054FEAB9080EF2991ED6
:1046700004F2991401EBF96105EA09058CEA020CD0
:1046800004EB060986EA0804089A5D400C400EEB2C
:10469000030B55444FEAB10384EA060E02F1B54616
:1046A00005EBF16588EA030A06F51E3609994FEA1B
:1046B000F777DE4406F299160AEA050B884C4FEAB2
:1046C000B50A0EEBF56E0B970C198BEA080706EB93
:1046D000080183EA0A064F444FEABE0906EA0E06BD
:1046E00004EB030B07EBFE678AEA090473400A9D9B
:1046F0003C404FEAB70E5E18029984EA0A0805F1B9
:10470000B54501F1B54106EBF76789EA0E03039E53
:1047100008EB0B0405F51E3501F51E31DFF8C0B1BD
:104720003B4005F2991501F29911B344069E4FEAF8
:10473000B708554483EA090301EB090AB1460E9E06
:1047400004EBF7648EEA0801F34489EA06095E196E
:10475000039B4FEAB40706EBF46621408CEA030C96
:10476000049C5F4B81EA0E0188EA07054FEAFC7C56
:10477000E3180B9C5144354004F1B54E4FEAB604A2
:1047800001EBF66103EB080A87EA040385EA0805F2
:104790000EF51E3E049E0B405D444FEAB10B0EF237
:1047A000991E7B4005EBF16584EA0B08774453447E
:1047B0004FEAB50108EA050889EA020903EBF56347
:1047C0000D9D6246DFF818A1AE460F9D89EA0609E5
:1047D00092448BEA01068EEA050C88EA0408099DDA
:1047E0001E404FEAF97EB8448CEA050C4FEAB30745
:1047F0000AEB04050B9C08EBF3680D9281EA0703B2
:1048000072468CEA040C86EA0B0E109C0E9E4FEA50
:10481000FC7CAE4403EA080574400A9B304E4FEA24
:10482000B8095C400F9B0E92961962469C46119BFC
:104830000EEBF86E0F9206EB0B088CEA030A85EA82
:1048400001030D9D87EA090C9346254A6C400CEA4A
:104850000E0C029D5A444FEAF474109E11448AEAE9
:10486000050A06948CEA070C0E9D4344129C8C4466
:104870008AEA050A069986EA04081A4D039C03EBA6
:10488000FE664D194FEABE0E0F9988EA040889EAC0
:104890000E034FEAFA7A88EA010811994FEAB60B3B
:1048A00052460CEBF66C8A46734007990D4E4FEA60
:1048B000F878049C8AEA010110929619129A6140D4
:1048C000CDF844803D449046089A069C8EEA0B073A
:1048D00088EA02081D44614006EB090304E000BFBA
:1048E0009979825AA1EBD96E0B9E4FEABC094FEA27
:1048F000F171119C87EA0C07DFF8E0A40A460799DA
:1049000088EA0608109E05EBFC65A2441F448C460D
:104910008BEA0903099988EA060807EBF5670D9EFB
:10492000D6448CEA010C6B404FEAB505DFF8ACA425
:104930004FEAF8788CEA060C734489EA0506CDF84C
:104940001C80924403EBF76311924FEAB708089A70
:104950007E40079FDA448CEA040C964607F1DD4B53
:104960000A9A4FEAFC7C12940BF5B30B0E9C8EEA6C
:10497000020E099A61468EEA040E0BF5D74B029C93
:10498000944685EA0807119A8CEA040C0BF1210B76
:104990000F9C8EEA020ECB4487EA03098CEA040CD2
:1049A000079C4FEAB3075644D9444FEAFE7E8CEA8F
:1049B000040CDFF828B40A9C724606EBF3668B44BD
:1049C00088EA0703A646039C5D4483EA060B069B20
:1049D0008EEA040E09EBF6694FEAFC7C029C4FEA72
:1049E000B6068EEA030302F1DD4ECDF820C04B403F
:1049F0000BEB050C0EF5B30E87EA060B049D0CEBD2
:104A0000F96C4FEAB90A0EF5D74E8BEA09096540F1
:104A10004FEAF373089CDFF8C4B30EF1210E029342
:104A2000A344109B039CF04414915D4086EA0A0164
:104A3000A6460B9C554015925F44029A8EEA0403E9
:104A400081EA0C0E1299C8444FEABC094B407744E6
:104A500002F1DD4E4FEAF572089D08EBFC680EF599
:104A6000B30E8AEA090B6B40049D0EF5D74E07EB97
:104A7000F8674FEAF373AC460D9D8BEA080B13936E
:104A80004FEAB808D54B8CEA050C119D0EF1210EAA
:104A9000D31812928CEA050C029A9A44139B89EA65
:104AA0000805764403F1DD438CEA020C4FEAB70EA9
:104AB0007D405E4403F5B303A3464FEAFC7C0E9CA5
:104AC00006EBF766AA4488EA0E0703F5D743CDF84C
:104AD0000CC08BEA040B079C4FEAB60577400AEB43
:104AE000F66A2133039E8BEA040B0D9C4B4406F1BE
:104AF000DD49129AA4460F9C09F5B3093B448CEAA0
:104B0000040C149C09F5D749139F8CEA040C8EEA17
:104B1000050609F1210903EBFA638CEA070C8BEA1D
:104B2000020B86EA0A07C8444FEABA0A0E9C4FEA0B
:104B3000FC7C069A85EA0A064FEAFB7BB844CDF86E
:104B400024C0CDF810B04FEAB30C08EBF36884EA48
:104B5000020B7340159A099E039C8BEA020B049F7B
:104B600006F1DD468BEA040B0F9C07F1DD4706F5E5
:104B7000B306A146109C07F5B30706F5D746089A79
:104B800089EA040921364FEAFB7B07F5D747069CE3
:104B9000CDF834B089EA020921373544049E4C40EF
:104BA000BE448AEA0C0789EA0609029E73440D9AFC
:104BB0007440099E4FEAB80B87EA080703EBF863D5
:104BC00074404FEAF979109EDFF810828CEA0B0EE0
:104BD0003D444F469044B146119E8EEA030EC244B6
:104BE00005EBF36589EA0609129E4FEAB303F24426
:104BF00089EA06098E46794E4FEAF47407990AEB62
:104C0000F56A0E97BE198EEA01088BEA030713991D
:104C100089EA02090F944FEAB50488EA01087D4049
:104C20001499B444119F4FEAF9790F9A83EA040E5C
:104C30004F406A4ECDF818908EEA0A0E39460E9F04
:104C400096194FEABA0988EA0708039F6544B344F6
:104C50007940069EDFF884C105EBFA6584EA09070E
:104C6000F344B44451400BEBF56B6F4063444FEA9F
:104C7000B5054FEAF171079E159A3B440B9189EAFD
:104C800005014FEAF87EDFF854A14FEABB0786EA38
:104C9000020803EBFB630B9A81EA0B0B0499CDF836
:104CA00028E0F24488EA01089646149954444B4A95
:104CB00085EA0706A3440A9C72448E4608995E4022
:104CC0004A440BEBF36B8EEA010C069932444FEA2F
:104CD000B30388EA01080999DFF8049102EBFB624B
:104CE0008CEA010C4FEAF87E4BEA03014FEABB085D
:104CF0008CEA040C7646159C39404FEAFC7E1096EF
:104D0000DFF8DCA00BEA030BCDF844E0A646029CDA
:104D1000B24442EA080641EA0B0B8EEA040E119CEB
:104D20000B995544A1440D9C06EA030A02EA0806C1
:104D30008EEA040E089C4AEA06064F44A446129CDA
:104D40008EEA010E0E998CEA040C37444FEAFE7E7F
:104D5000139C109E8CEA010C029905EBF265CDF8CC
:104D60001CE08CEA060C81EA040E079E1C495D4497
:104D70004FEAB20271184FEAFC7C0F9E4FEAB50968
:104D800007EBF567CDF808C005EA020B8EEA060EC0
:104D900045EA02066546DFF848C00B4406EA080605
:104DA0001299AC44039D03EBF76347EA090A4D40AF
:104DB00046EA0B01119E07EA090B1944079B8EEA8C
:104DC000060E069E0AEA020AE0447540049E4FEA77
:104DD000FE7EDFF80CC05D4004E000BFA1EBD96EA1
:104DE000DCBC1B8F84EA06030A9C4FEAB7074AEA39
:104DF0000B0AF4446340039C41EA0706D044624432
:104E0000A446099C08EBF168CDF848E006EA0906DB
:104E10004FEAB10E8CEA040C3940029C02EBF862B6
:104E200048EA0E0B634031430B9C0BEA070B11441D
:104E30004FEAF37208EA0E0A4FEAF57503928CEA1C
:104E4000040C049A4BEA0A0A0D9C4FEAB808139521
:104E500005F10F4582EA040B039A05F5DD15129B57
:104E600002F10F4241EA080605F5E6558CEA030C0B
:104E700002F5DD12109B1C354FEAFC7C02F5E65270
:104E800006EA0E064D44CDF810C01C324FEAB109B7
:104E90005544DFF8C4A31744099A05EBF165E244D1
:104EA00001EA080194460E9A8BEA030BD64445EAC0
:104EB00009038CEA020C46EA0102139907EBF56735
:104EC00005EA090603EA08038BEA010A11993A4444
:104ED000039F4FEAFA7A8CEA010C33434FEAB50696
:104EE000CDF824A05146DFF870A38CEA070B734479
:104EF00042EA06078A4421460F9C4FEAFB7E03EBF9
:104F0000F26307EA090781EA0405D3494FEAB20CC4
:104F100032407144CDF834E03A43D044089143EA3A
:104F20000C0A079903EA0C0B089F0AEA060A4D408F
:104F30000E994F4408EBF3688E4606994AEA0B0B2C
:104F400002EB080A8EEA0101BE46049F0BEB0E0934
:104F50007D40029F09EBFA694FEAF5727940099D9D
:104F600008920A9A81EA05074FEAB301BA4D129BEB
:104F700084EA0208089A88EA03084FEAF773551989
:104F80004FEABA024AEA0107069C354403F10F468C
:104F900049EA020B0AEA010A06F5DD160E930BEA4E
:104FA000010B09EA020306F5E65607EA0C0705EBD2
:104FB000F9654BEA03031C36A64647EA0A070B9C31
:104FC000B4440D9E2F448EEA040E88EA0606139C14
:104FD0009C44A14B4FEAF6758EEA040E089E4FEAF8
:104FE000B9090F95EB180A9D8EEA060E0B449A49F3
:104FF000A846109D4FEAFE7E88EA050647EA0905A5
:105000000CEBF76C71444FEAB70B154007EA090740
:10501000CDF828E006914CEA0B0803993D43069F22
:1050200008EA090A4E400B9C3A440E9F0CEA0B0812
:10503000A6467E40119C03EBFC63049F4FEAF67684
:105040008EEA04014AEA080805EB030A3346109D7C
:105050000F9E79400B9303F10F4381EA060E424401
:105060000799A84603F5DD1302EBFA624FEABC0686
:10507000099D4FEABA0788EA010803F5E6534FEAAB
:10508000FE7E88EA050C42EA07014AEA06051C335F
:10509000DFF8C4810AEA060ACDF818E0994405EA67
:1050A0000B0502EA0703F0443140A646029C09EBD7
:1050B000F26945EA0A0519438EEA040E0D9BD844AD
:1050C0000A9C8EEA030E05EB09030B9D01EB080A0F
:1050D0008CEA040C4FEAB2088EEA050B129A079983
:1050E0004FEAFC7C4FEAFB7B43EA080981EA0205B0
:1050F000089A59464FEAB30E0AEBF36A64465540E4
:10510000DFF854C101F10F4210944AEA0E0BA44497
:1051100002F5DD12029C1191B44406990BEA0806CF
:1051200002F5E652A346139C4D401C3209EA0709DA
:105130008BEA04010AEA0E0B3A4403EA08034FEA39
:10514000F57546EA0B0B0CEBFA6C49EA03032F46A4
:1051500093440E9D03EB0C09129A4FEABA0A109E73
:1051600069409446039D714012978CEA05060F9D95
:1051700049EA0A0307F10F426E402546049C09EAFA
:105180000A0702F5DD120BEBF96B65404FEAF1748B
:1051900003EA0E0102F5E65202944FEAB90C119CA3
:1051A0001C32029B4BEA0C0966400A9C424409EA05
:1051B0000A096540284C02EBFB621C1941EA07030F
:1051C0004FEAF671099E03EB02080BEA0C07079100
:1051D0007444129949EA070E204B4FEABB074D4031
:1051E0000399A6444FEAB8044E400B994FEAF57272
:1051F0008CEA07054E40029903920EEBF86E4E4082
:105200000499079A89464FEAF6760D991A4404964E
:1052100089EA0109069E02EB0A0185EA080289EA89
:105220000609099E0A440799B246089E89EA0109BF
:1052300010998AEA060A039D87EA04084FEABE0627
:105240008AEA010A02EBFE61049A1D4488EA0E080C
:105250009646039A654403E0DCBC1B8FD6C162CA44
:105260004FEAF97C8AEA020A0D9ACDF824C0A844D4
:105270009E4484EA060594460E9A0EEB070B4FEA0D
:10528000B10785EA010E8CEA0202099D08EBF16C78
:105290001199DE4405EB030B049D4A404FEAFA786E
:1052A000A3444FEABC016A40089DCDF8348086EAE9
:1052B0000708A94613920F9D0EEBFC6E0D9A88EA23
:1052C0000C0889EA050587EA010C02EB0309139A29
:1052D0008CEA0E0CC3444FEAF274129AB1444FEABE
:1052E000BE08089455400A9CCC440E9A0BEBFE6B0A
:1052F000089E81EA080E5440099AB1460D9E554019
:10530000029A99448EEA0B0E54404FEAF57A0B9AB2
:105310004F440F9D74400AEB030985EA02064FEAE9
:10532000F4750CEBFB620EEB070C0E954FEABB0B12
:10533000079D49444FEAB20788EA0B046E40089D76
:105340000CEBF26C54406E400A9D8BEA0702AE46AD
:105350004FEAF676069D82EA0C020A968EEA050E60
:10536000039E0E9D8EEA060E0B9E1D44B146109EB6
:10537000A844049D89EA06068EEA0A0E04EB010998
:105380000A996E400E9D4FEAFE7E19446E40069DBE
:1053900009EBFC69CDF82CE04244AE46119D8B44EC
:1053A0004FEAF6718EEA050E02EBF9654FEABC048E
:1053B0000F914FEAB50609990B9A87EA04088EEA1D
:1053C000010E06960A9E88EA09084FEAB909D11823
:1053D0008EEA060E109E84EA0902D844B446129E54
:1053E00008EBF5686A408CEA060C0D9D39444FEADB
:1053F000FE7E0F9F8CEA050C119D1144CDF840E014
:105400001F44AE46029D069E4FEAB80B8EEA050E7B
:105410003D190B9C89EA0606109A01EBF8618CEAAB
:10542000040C089C86EA080790468EEA040E069C47
:1054300098442F4484EA0B020F9C129DC1448EEACB
:10544000040E4A40079C4FEAFC7C4A4407EBF16794
:105450006540029E11924FEAB101109A85EA0A0551
:105460000CEB030AB1465540069A039E8BEA0104F1
:105470009244119A89EA06064FEAB70802EBF762EE
:105480007C404FEAFE7E81EA08070692A2440E9A0B
:105490000EEB0309069C56404FEAF572079D6740E4
:1054A0000292D9442A46049D4FEAB40B86EA0C06C0
:1054B00055400A9AB94455400AEBF462029C4FEAFF
:1054C000F67A85EA0E0E099EA44688EA0B04039D2F
:1054D00009EBF2699C44544075404FEAB2026144C2
:1054E0000AEB03078BEA02064FEAFE7E21444FEAED
:1054F000B904B8440EEB030C039182EA04070B993C
:10550000E3444D40039901EBF96186EA0909029EE3
:10551000C8444FEAB10C7540049E4F4008EBF1615E
:10552000029584EA0C080D9DBB44109F6E400F9DB0
:105530000BEBF16B6E40099DA946089D86EA0A06B1
:105540004FEABB0A89EA0509029D03EBF67603EBF5
:10555000F57589EA07092644154488EA010289EAB3
:105560000E094FEAB1011544189A8CEA010781EA45
:105570000A08134405EBFB6587EA0B0B019F03EB5D
:10558000F979059B88EA05085E4403EBB5040C9B9A
:10559000E14406EBF5651A46179B09EB080C3C61E4
:1055A0001944169B52442B440CEBF5657A61FB6061
:1055B000BD60B9611BB0BDE8F08F00BF2DE9F843B5
:1055C0000368064614460D4603F03F0713449A420B
:1055D000C7F14008036002D9436801334360DFB17B
:1055E000A04519D806F11C092946424609EB0700D7
:1055F0000DF032FB49463046FEF786FE80B9C8EB17
:105600000404454407463F2C08D929463046403C0F
:105610004035FEF779FE18B93F2CF6D814B920466C
:10562000BDE8F88306F11C002246294638440DF0F7
:1056300013FB0020BDE8F88302B1BFE710467047B6
:10564000F8B50446006880220D4600F03F0004F1E2
:105650001C062318013038281A7755D8C0F13802B3
:10566000002130440DF01CFB23683146666820465B
:105670005A0FDB0042EAC6021F0E84F85B30160E9A
:1056800084F8572084F85870170C84F85460120A74
:105690001E0C84F855701B0A84F8562084F8596053
:1056A00084F85A30FEF730FE00282CD1E37A2B70B4
:1056B00063896B70A3681B0AAB70A368EB70E37B14
:1056C0002B71E3896B71E3681B0AAB71E368EB71C3
:1056D000E37C2B72638A6B7223691B0AAB722369AA
:1056E000EB72E37D2B73E38A6B7363691B0AAB7305
:1056F0006369EB73E37E2B74638B6B74A3691B0A82
:10570000AB74A369EB74F8BDC0F1400200213044D2
:105710000DF0C6FA31462046FEF7F6FD0028F2D11C
:105720000146382230460DF0BBFA9DE770B40023E5
:10573000064E074D074C0849084A8660C56004615B
:10574000416182610360436070BC7047012345671B
:1057500089ABCDEFFEDCBA9876543210F0E1D2C3BB
:1057600002B970472AE700BFFFF76ABFFEF7CCBD5A
:1057700070B598B006460C46154600215C2201A87B
:105780000DF08EFA124B1348039303F1B9431249FB
:1057900003F55B23114A049003F6EF63059106922B
:1057A00007935CB9294601A8FFF74AFF044601A800
:1057B0005C21FCF7D3F9204618B070BD2246314673
:1057C00001A8FFF7FBFE04460028F0D1EAE700BF7E
:1057D0000123456789ABCDEFFEDCBA9876543210D1
:1057E000FFF7C6BF2DE9F04F0024ADF2744D394DDF
:1057F00007465C2205A82146DFF8F4B005F13C0815
:10580000DFF8F0A0DFF8F0900DF04AFA002F3CD15D
:10581000314A0023022CCDF81CB00A922F4ACDF851
:1058200020A0CDF824900B92059306933CD02C4BEE
:1058300053F82420E2B905A86946FFF701FF0646A0
:10584000E8B96846142229460DF026FA50BB0FBB72
:105850000134143508F13908032CD7D1F7B905A85C
:105860005C21FCF77BF930460DF2744DBDE8F08FFA
:10587000414605A8FFF7A2FE06460028DBD0002F10
:10588000EDD018480DF004FAE9E7611C16480DF058
:1058900017FABDE715480DF0FBF9D9E70A200DF01E
:1058A000C7F9DCE70126EAE74FF47A7361211CA807
:1058B0001A461E460DF0F4F902E0731E1E46BAD0D9
:1058C0004FF47A721CA905A8FFF778FE0028F4D0DF
:1058D0000646D4E7F0D8026076543210F0E1D2C325
:1058E000D8D902605C1A0020143600200C1A00205F
:1058F0000123456789ABCDEFFEDCBA986C2200210D
:105900000DF0CEB910B16C21FCF728B9704700BF7B
:1059100008B56C220DF0A0F908BD00BF0023F0B45B
:105920000360436099B1124A124B8260C360124F08
:10593000124E134D134C144A144B07614661856196
:10594000C4610262436281660020F0BC7047104B64
:10595000104AC360A3F1BF438260A3F5DC230E4F5E
:105960000E4E0F4DA3F5B6730E4C0F4AE5E700BF80
:10597000D89E05C107D57C3617DD703039590EF732
:10598000310BC0FF11155868A78FF964A44FFABEF8
:1059900085AE67BB67E6096A72F36E3C3AF54FA5C0
:1059A0007F520E518C68059BABD9831F2DE9F04FB8
:1059B000D7B0031D24300DAA0D9353F8044F834232
:1059C00042F8044FF9D1013115AD25AE0878043104
:1059D00011F8053C000411F8022C11F8034C40EAC0
:1059E0000363134343EA042345F8043FAE42EDD179
:1059F0000022CB4B16A8DFF85CA30092159A8646CE
:105A000006931446139A0A931746C64A149B0992A2
:105A1000C54A1D460F9B0892C44A1946CDF80CA0F2
:105A2000A2460792C24ADDF848800592C14ADDF8D5
:105A300038900492C04ADDF840B00292119BBF4AF0
:105A40000B90019287EA05004FEAF826009A0DF1C3
:105A5000580C86EAB81600EA08005CF822400832C2
:105A600086EA78666840009288EA070C3044019A1A
:105A70004FEA79360EF1200E20445EF81C4C86EA7F
:105A8000B906504449EA010A86EAB9562C44104442
:105A90000AEA0B0209EA010A034442EA0A0A0CEA8A
:105AA000030C4FEAF325B24483EA08068CEA070C9C
:105AB00085EAB31550440CEB040285EA73655EF881
:105AC000184C40EA090A4FEA703C2A442744039CD8
:105AD0000AEA010A00EA090522448CEAB00C5EF8E1
:105AE000144C4AEA050593448CEAB05C08EB040ABE
:105AF000AC4406EA0B044FEAFB265EF8105C9444C3
:105B000084EA080486EABB165D1940EA0C022744C1
:105B100086EA7B6600EA0C084FEA7C3402EA090256
:105B20003744019584EABC06029C83EA0B053C4499
:105B300086EABC5642EA08075EF8082C214437443E
:105B40005EF80C6C5E4427448C18029605EA010648
:105B50004FEAF125039473404CEA070685EAB11534
:105B600003EB0A044FEA773285EA716A06EA00031A
:105B7000049E82EAB70554440CEA070A8BEA010244
:105B800085EAB755344443EA0A085EF8046CA14438
:105B9000A844019D02EA090A4FEAF923A04409EB4F
:105BA00006048AEA0B0B83EAB913049447EA080A4D
:105BB000AB4483EA7963059C4FEA78365B440AEA92
:105BC0000C0AA34607EA080586EAB80681EA090234
:105BD0009B444AEA050586EAB85300EB0B0A2B44BE
:105BE00002EA0A024FEAFA205B4489EA0A045140B9
:105BF00080EABA10029A48EA030680EA7A60114401
:105C00004FEA733508EA03023E40014485EAB305D2
:105C10000798164385EAB35B01445E440CEB01052B
:105C200006EB010B03992C404FEAF52043EA0B0CDD
:105C30008AEA050684EA090980EAB5100CEA080C2C
:105C40004FEA7B3409EB010280EA756003EA0B013D
:105C500084EABB0402444CEA010C089984EABB5470
:105C60000A4404EB0C01049C174411443E404FEAE3
:105C7000F7224FEA71394BEA010086EA0A0682EA06
:105C8000B7120BEA010C1840264482EA776289EACF
:105C9000B10440EA0C001644099A84EAB15416444F
:105CA000009A2044102AB04400EB060940F0B98263
:105CB0002A461495224D00260B980C95A5F1D25535
:105CC000DFF894E0A5F50D25CDF808A0CDF854A097
:105CD000BA46A5F6FE65CDF840B0CDF848800B95E4
:105CE000184DCDF838900A95A5F1E455CDF800800F
:105CF000D846A5F53525CDF80490CDF814E09B469F
:105D0000A5F63B0504961193914609958E460E4DD6
:105D1000139708950D4D0F9107950D4D039531E0A3
:105D2000E4D90260D55E1CABA4823F92F111F15917
:105D30005BC25639A5DBB5E9CFFBC0B5982F8A42C7
:105D4000DA88F976AA84744ACCA10C24C69DC10FC6
:105D50008647BEEF91443771C1699BE4069A136C84
:105D600005931346526C194603921A469B6C07938F
:105D7000D36C126D08934B6D09920A938B6D0B9344
:105D8000CB6D0C9306990DF1580C009B20302031FF
:105D900050F81C4C42684FEAF32606914FEAB4478C
:105DA000816987EAF4174FEAF145049987EAD40735
:105DB0005CF8213081691344826985EA71458AEA79
:105DC000090150F818CC85EA9225009A2B4411401D
:105DD00086EAB2163B44049F86EA726681EA0902AB
:105DE00003620837C3693244C6694FEAF3458368E2
:105DF000049785EA76412344066AC46932444FEA2F
:105E0000BC4681EA9421029C86EAFC16019F22444A
:105E1000059C86EADC060B441444026A009933446C
:105E200002944FEAF244029A81EA0A05436202EBC5
:105E30000B01026AC36884EA72440D40426A4FEA69
:105E4000F1269C4485EA0A054A4486EAB116019B7C
:105E500047EA0E0986EA716615444FEA733307EA8A
:105E60000E02354450F8146C83EAB703076A4FEA10
:105E7000B64609EA080984EA9724039F49EA020220
:105E80000591BB46A444AB4450F8145C5F4686EAD7
:105E9000F516AB46019D83EAB5593B4686EADB061B
:105EA00043444A4466441D46009B86621C462E4677
:105EB0004FEAF5254C40029903960A442640816A30
:105EC0005E40019B01EB0A04039942EA03094FEA91
:105ED00072383444466A8C4685EAB1114FEAF64B73
:105EE000466A81EA7C6109EA0E098BEA764B50F832
:105EF000146C02EA030588EAB208334606690C44CA
:105F000088EAB25850F8101C49EA050503EB060967
:105F1000466A079B45448BEA962623444FEAB14ADA
:105F200006EB090BEC1903EB0E069C46059F8AEA6B
:105F3000F11A039B4FEAF62E8AEAD10A87EA03098F
:105F40002346019F1443029309EA06094FEA733876
:105F50000BEB0A0304EA070B059C029D8EEAB61EB2
:105F600089EA0409009C02EA050AC3621C19836AD3
:105F70008EEA766EA1444BEA0A044FEAF34ACE4415
:105F800088EAB5088AEA734A089B88EAB5589E44AD
:105F900050F80C3C44444FEAB34943690EEB070503
:105FA00064441944836A029F8AEA932850F80C3C9F
:105FB00089EAF31CB94608EB010A274649EA040BB3
:105FC0008CEAD30C4FEA743903990AEB0C0300975F
:105FD00089EAB409029C036381EA0608036B04EAB8
:105FE0000701059F08EA05082C464FEAF52C1F44D7
:105FF000039B0BEA020B009D88EA0308C36A8CEA44
:10600000B41A4BEA01014FEAF34CC36A89EAB55965
:1060100005948CEA734C50F8083C8AEA746A494447
:1060200050F80C4C47444FEAB349836957447144D4
:1060300003EB040B009C099B4FEA713E059D44EA6B
:1060400001081F4423468EEAB10E019103EA010ABA
:10605000C36A3A448EEAB15E8CEA932C50F8083C4D
:106060001446029A89EAF319DC4408EA020886EA2F
:10607000050289EAD30948EA0A088A460CEB0903B3
:1060800002EA0409039AF04443634FEAF42C1A44E9
:1060900008EB070B8CEAB41C50F8047C134689EA21
:1060A0000602016B8CEA746C1A44036B4FEA7B386E
:1060B0004FEAF34E3B4662444AEA0B078EEA714EC2
:1060C0000393C1694FEAB34C50F8083C0AEA0B0A43
:1060D00088EABB0819440A9B88EABB581A44009B0B
:1060E0001F40036B8EEA932E029B47EA0A07029435
:1060F0009946039B8E4429468CEAF31C91446540E3
:10610000B8448CEAD30C039C05EA09054FEAF92749
:10611000F44490444D40416B664487EAB912019BB8
:106120004BEA080E2E444FEAF14582EA79620BEA07
:10613000080A85EA7145016A16440EEA030E0C440A
:1061400001684FEA78374EEA0A0E4FEAB1420B99DE
:10615000234687EAB8070E44416B87EAB857C0F870
:1061600038C085EA91250099BE4431442B44029DF4
:10617000B6448A46016885EA090748EA0E0682EABB
:10618000F1124FEAFA2407EA0A0782EAD10206EA84
:106190000B066F4084EABA151344059A08EA0E010B
:1061A00085EA7A65D4184FEA7E320E430C993C4456
:1061B00082EABE02049F82EABE522C44302FC3639F
:1061C0000C441644019A2244009206EB0402019208
:1061D0007FF4C4AD5A464D46C346029B0D9C0EA9A2
:1061E00015930023119222461495CDF840B0CDF8B6
:1061F0004CA0CDF83CE09DE80003CDF8488048462F
:10620000CDF8389001E051F8040F52F8045F0133E3
:106210002844082B44F8040FF5D1002057B0BDE8FE
:10622000F08F0A9C226A0192626A0392A26A029229
:10623000E26A0492226B0592626B0792A26B08924B
:10624000E26B099204F120020A92FFF7FBBB00BF48
:106250002DE9F8430368064614460D4603F03F0750
:1062600013449A42C7F14008036002D943680133DE
:106270004360DFB1A04519D806F1280929464246F6
:1062800009EB07000CF0E8FC49463046FFF78EFBAF
:1062900080B9C8EB0404454407463F2C08D9294679
:1062A0003046403C4035FFF781FB18B93F2CF6D80B
:1062B00014B92046BDE8F88306F128002246294695
:1062C00038440CF0C9FC0020BDE8F88302B1BFE7F8
:1062D00010467047F8B50446006880220D4600F06D
:1062E0003F0004F1280623180130382883F82820BD
:1062F00075D8C0F13802002130440CF0D1FC23687D
:106300003146666820465A0FDB0042EAC6021F0E7D
:1063100084F86730160E84F8632084F86470170CD4
:1063200084F86060120A1E0C84F861701B0A84F8FD
:10633000622084F8656084F86630FFF737FB034617
:10634000002858D1E27A2A7062896A70A268120A1B
:10635000AA70A268EA70E27B2A71E2896A71E26837
:10636000120AAA71E268EA71E27C2A72628A6A728F
:106370002269120AAA722269EA72E27D2A73E28A0B
:106380006A736269120AAA736269EA73E27E2A7406
:10639000628B6A74A269120AAA74A269EA74E27F23
:1063A0002A75E28B6A75E269120AAA75E269EA75D2
:1063B00094F823202A76628C6A76226A120AAA76D8
:1063C000226AEA76A06EB0B994F827302B77E38C76
:1063D0006B77636A1B0AAB77636AEB77F8BDC0F132
:1063E0004002002130440CF05BFC31462046FFF7B0
:1063F000DDFA10B1F8BD1846F8BD01463822304626
:106400000CF04EFC7BE700BF0023F0B40360436058
:1064100091B1114A114B8260C360114F114E124D60
:10642000124C134A134B076146618561C4610262D5
:1064300043628166F0BC70470F4B104AC360A3F102
:10644000BF438260A3F5DC230D4F0E4E0E4DA3F526
:10645000B6730E4C0E4AE6E7D89E05C107D57C36CA
:1064600017DD703039590EF7310BC0FF1115586820
:10647000A78FF964A44FFABE85AE67BB67E6096AC9
:1064800072F36E3C3AF54FA57F520E518C68059B16
:10649000ABD9831F02B97047DAE600BFFFF71ABF16
:1064A000FFF784BAF0B59DB01C4607460D46164668
:1064B00001A86C2200210CF0F3FB14BB214B224AF3
:1064C0000493224B2249079303F12D63039203F5B2
:1064D0001E33204A0591069203F29A231E491F4A51
:1064E000089109920A931B9415BB314601A8FFF746
:1064F000F1FE044601A86C21FBF730FB20461DB0DD
:10650000F0BD1749174A184B059101F13721039245
:10651000049301F56701154A154BFA31069207936A
:10652000144A154B089109920A931B94002DDCD054
:106530002A46394601A8FFF78BFE04460028D9D128
:10654000D3E700BF85AE67BB67E6096A7F520E518D
:1065500072F36E3C3AF54FA58C68059BABD9831F4F
:1065600017DD7030D89E05C107D57C3639590EF736
:10657000310BC0FFA78FF964A44FFABEFFF792BF9B
:106580002DE9F04F0121A5B081464FF480600CF059
:1065900093FB002800F0B880002407466C2209A86D
:1065A0002146DFF8D881DFF8D8A10CF079FB8AFB0F
:1065B0000435022CA5EBE475CCBF0026012605EBC3
:1065C0004505651BB9F1000F40F081800023022CC6
:1065D00009930A9344DD5749022D574A574B0C91B2
:1065E000A1F1BF410B92A1F5DC21554A0D93554B0A
:1065F000A1F5B6710E920F93534A544B129110921B
:106600001193239649D0524B03EB8502D2F8C02157
:10661000002A64D109A801A9FFF75CFE834600287F
:106620004ED1C6F1080201A8414692000CF034FB9D
:10663000002879D1B9F1000F62D1013408F12008A6
:10664000062CB4D1B9F1000F65D109A86C21FBF774
:1066500085FA38460CF0E8FA584625B0BDE8F08FC8
:106660003C49022D3C4B0C9101F179413B4A01F52B
:1066700074010B933A4B01F501610E920F930D914A
:1066800001F13721374A01F56701374B119201F1CA
:10669000FA01129323961091B5D14FF47A756121C6
:1066A00038462A460CF0FCFA01E0013DB2D04FF426
:1066B0007A72394609A8FFF7CBFD0028F5D083464A
:1066C000B9F1000FC1D029480CF0E2FABDE7C6F1DC
:1066D00008016A1C264849010CF0F2FA76E7C5EB7E
:1066E000C50103F5E67309A805EBC1011944FFF7DD
:1066F000AFFD834600288DD0B9F1000FA5D0E2E7A9
:106700001C480CF0C5FA98E7B9F1000F07D1012039
:1067100025B0BDE8F08F0A200CF08AFA95E71648FC
:106720000CF0B6FA012098E74FF0010BB9F1000F19
:106730008BD0C8E785AE67BB67E6096A72F36E3C2B
:106740003AF54FA57F520E518C68059BABD9831F3C
:10675000E4D9026007D57C36D89E05C139590EF7B9
:10676000310BC0FFA78FF964A44FFABE5C1A00205A
:10677000443600200C1A002028360020E4DA02609B
:106780005655555500000000D82200210CF088BA5B
:1067900010B1D821FBF7E2B9704700BF08B5D82285
:1067A0000CF05AFA08BD00BF00220023F0B4C0E983
:1067B0000023C0E9022300292CD0C0F8D0102CA55A
:1067C000D5E900452CA3D3E900232DA7D7E900671D
:1067D000C0E90445C0E906232BA5D5E900452CA353
:1067E000D3E90023C0E90867C0E90A452AA7D7E929
:1067F00000672BA5D5E90045C0E90C232AA3D3E9FE
:106800000023C0E90E67C0E91045C0E91223F0BCBF
:106810000020704726A5D5E9004527A3D3E900232A
:1068200027A7D7E90067C0E90445C0E9062326A5E4
:10683000D5E9004526A3D3E90023C0E90867C0E9EC
:106840000A4525A7D7E9006725A5D5E90045C0E990
:106850000C2325A3D3E90023C0E90E67C0E9104546
:10686000C0E91223C0F8D0100020F0BC704700BF70
:10687000D89E05C15D9DBBCB07D57C362A299A627F
:1068800017DD70305A01599139590EF7D8EC2F1590
:10689000310BC0FF6726336711155868874AB48EDD
:1068A000A78FF9640D2E0CDBA44FFABE1D48B54727
:1068B00008C9BCF367E6096A3BA7CA8485AE67BB13
:1068C0002BF894FE72F36E3CF1361D5F3AF54FA53E
:1068D000D182E6AD7F520E511F6C3E2B8C68059B1A
:1068E0006BBD41FBABD9831F79217E1319CDE05BD2
:1068F0002DE9F04FADF2E44D4FF0000A0DF5167B97
:1069000093907491DE46CDF8D8B174994FF0000899
:10691000002301EBCA0711F83A20CDF838800AF1BC
:10692000010A78784FEA0269FC78BAF1100F4FEA51
:106930000041B878FA7943EA09030F914FEA002140
:10694000139442EA080211913C79CDF84080CDF8C9
:106950004880DDE90E0141EA030140EA02000B46EE
:106960004FEA142102464FEA04640B910A94DDE9D0
:106970001001DDE9124540EA020041EA0301024646
:10698000787945EA010544EA02044FEA00412246CB
:106990004FEA10440C910D94BC79DDE90A67DDE9FA
:1069A0000C0146EA020647EA05074FEA146C40EA82
:1069B000060041EA07014FEA042B41EA0C0340EAD2
:1069C0000B02EEE90223A0D10DF5187E0DF5287912
:1069D0000DF53678DDF8D8B10DF5327CCDF848E00C
:1069E000CDF82880CDF830905CF8081F0AF1010A34
:1069F0005EF8084FDCF804208B09CD0C0093D3001F
:106A000045EA42351E46C8000295D50C46EA517645
:106A1000DEF8043040EA5270059645EA4131009EA6
:106A200065084FEAD418049046EA826603919209F9
:106A3000009648EA4368019245EAC3724FEAD319C7
:106A40000692220A42EA0362DDE90467DDE90201F7
:106A500008925A081B0A7040794042EAC47243EA1D
:106A60000463079209930C9BDDE9005645404E40B4
:106A7000FBE9020137462E46F3E90245CDE90E0156
:106A80000C93DDE90801DDE9062342404B40DDE9D6
:106A90000E0182EA080283EA0903001969413546BA
:106AA0002D1847EB0106A81846EB03010A9BBAF123
:106AB000500FE3E902010A9396D1939AD2E9043484
:106AC0009946A24694ABC3E9009A1346D2E906124E
:106AD0008B46944696AAD3E90801C2E900BC86AA6F
:106AE000C2E90001194688A8D3E90A23D1E90C4577
:106AF000C0E900238AAB6246C3E90045D1E90E56DE
:106B00008CAB5446C3E90056D1E910678EABC3E99C
:106B10000067D1E9127890AB5946C3E900784B463B
:106B2000CDE9003486ABCDE90412D3E9000188AB8E
:106B30000022D3E900AB8AAB1092D3E900458CABBD
:106B4000CDE90A45D3E900568EABCDE90801CDE980
:106B500006562CA2D2E90012D3E9006784A890ABB4
:106B6000C0E90012CDE90C6728A2D2E90012D3E9EE
:106B7000007882A8224BCDE90E78C0E9001214A259
:106B8000D2E9001280A8C0E9001213A2D2E90012D3
:106B90007EA8C0E9001212A2D2E900127CA8C0E9C6
:106BA000001211A2D2E900127AA80FF24409D9E921
:106BB0000089C0E9001210A2D2E9001278A8CDE93C
:106BC00002ABC0E900121A46129BCDE9128949E0D6
:106BD00019D005B6F111F15938B548F35BC25639F1
:106BE000BCDB8981A5DBB5E92F3B4DECCFFBC0B504
:106BF00022AE28D7982F8A42CD65EF239144377172
:106C000060DC026018816DDAD55E1CAB9B4F19AF5A
:106C1000A4823F92D2E9100178AC4032CDE9120152
:106C2000D2E90201C4E90001D2E904017AACC4E965
:106C30000001D2E906017CACC4E90001D2E90801F7
:106C40007EACC4E90001D2E90A0180ACC4E90001CC
:106C5000D2E90C0182ACC4E90001D2E90E0184AC96
:106C6000C4E90001DDE90AABDDE90C8951460DF507
:106C7000EC7E46464F46880B4033890C40EA8B40F9
:106C8000DDE90645149074407D40109E5F460BEA96
:106C9000050B083641EA87315D46BB4610965646DD
:106CA0000AEA040A16915946B80B5446B2464646BB
:106CB0004F4640EA8A4066408C0CC9056F405546F5
:106CC000159041EA5A2144EA8A301991E905179052
:106CD00041EA5B21DDE91689DDE914451891594641
:106CE00084EA080485EA0905DDE906BCDDE90089D6
:106CF0008AEA0B0081EA0C01DDE918ABCEE900015C
:106D00008AEA040A8BEA050B1AEB060453E9100120
:106D10004BEB07050019444669414D46240FAF0768
:106D200044EA091EDDE90E56DDE904AB2D18CDF865
:106D300068E048EA0A044E4128464D4631462E0F87
:106D400049EA0B05DDE912AB1AEB000A4BEB010B2C
:106D500047EA98014746C8461D91DC46B907D34625
:106D6000BA4646EA071712911B97DDE90801CDE9FB
:106D70000EBC2040294074ACC4E90001DDE90201E9
:106D8000DDE9046710EB0B00C34641EB0C01044640
:106D90000BEA070940460D4676A90AEA06084FEABB
:106DA000943E4006CDE90245D1E90045DDE90267A0
:106DB00034403D402646129C2F4644EA9B011C91DC
:106DC00074A9D1E90045DDE906BC44EA080445EAB6
:106DD00009058CEA070C8BEA060BDDE90289CDE98F
:106DE000124541464F464EEA89454E46890CDA46E1
:106DF000BF0B209541EA89314D46B60C229147EAF6
:106E000088412191E90546EA883541EA58212395D0
:106E100025910299DDE91C78DDE91A56C9057D4006
:106E2000009F86EA0806A84640EAD7150398B146AF
:106E30001F957E0641EA5021019F2491DDE92045FE
:106E4000DDE922014D404440294646EAD7151E950A
:106E5000DDE9245665404E4028463146DDE91E45B1
:106E600053E90E6784EA080485EA0905A046A946A5
:106E7000DDE90C45A4197D4126462F46DDE9124582
:106E800014EB080445EB090516EB0A06A04647EB90
:106E90000C07A946DDE902BCDDE90A4584EA0B04DA
:106EA00085EA0C05DDE90EAB1AEB080A4BEB090B82
:106EB00080194FEA1A7EDC467941D3464EEA0C1E11
:106EC000DDE900784BEA07094CEA080A0DF5F0788D
:106ED0004E46D8E90089CDF898E018EB000849EB58
:106EE00001096146CDE90E89D846E14689074FEA96
:106EF000887E41EA98014EEA990E2991CDF8A0E0EA
:106F0000DDE904BCDDE900010BEA060B0CEA0A0C22
:106F1000DDE90E67CDE912BCDDE908AB4FEA197C6B
:106F200016EB0A064CEA081C47EB0B07B24646462E
:106F3000CDF89CC0BB464F4606400F404946304600
:106F400049060C913946DDE91267CDE908AB0643E5
:106F50000F430AEA040A0BEA050B30463946544649
:106F60005D46CDE91201DDE90A01DDE908AB6040CB
:106F7000694074AC5746C4E90001DDE9020176AC12
:106F8000BE0B80EA0A0081EA0B01BD0CC4E90001D6
:106F90000C9C414645EA8B3544EAD8142E952B9437
:106FA0004C0646EA8B4144EAD9142C912A945C465B
:106FB000DDE92801DDE92656CDE90C894E40454042
:106FC000D84637462E46A50BA40C45EA8A45DDE98E
:106FD0002A012D95794070400F4644EA8A310646D1
:106FE0005C462F91E405DDE912018019794157468D
:106FF000DDE90E9AFE0519EB00094AEB010A44EAA5
:107000005721DDE92C453191D346CA46DDE92E01F1
:107010004D4049464440080F46EA582130915946B0
:10702000DDE93089890788EA040840EA0B145846EC
:1070300089EA0509329441EA9A01040F50463591D4
:1070400044EA0A148507504633945C4645EA9B059A
:1070500064063495554644EADA14CDE90E89DDE933
:107060000C78379448EA0B08074341463846DDE977
:10707000006706400F40304639466E06DDE9067867
:1070800053E90C4546EADB1E3F1974ACCDF8D8E055
:107090000DF5F47E48EB0508DDE93456CDE90678B8
:1070A000DDE932786F4088EA06083E464746D4E973
:1070B0000089DDE90645CDE906AB14EB080445EB94
:1070C0000905DDE9368988EA060889EA070946469E
:1070D0004F46DDE90E8918EB040849EB05094446E3
:1070E000D0464D46D946DDE90CAB0BEA090B0AEA5E
:1070F000080AD946CC46DEE9008918EB040849EBBA
:10710000050944464AEA00084D464CEA0109404652
:107110004946DDE9048918EB040849EB05093618EE
:107120004FEA983E4F4176A94FEA984CD1E90001C9
:1071300000EA080001EA0901824630198B4647EB54
:10714000050105460E464EEA89414FEA993E3891BF
:10715000DDE902018AEA000A8BEA010B5046594632
:10716000CDE90E01CDE904890599DDE906AB4CEACC
:10717000813150464AEA05083A91594628404BEA7F
:1071800006093140CDE906560F460646DDE90C01F9
:10719000DDE9044500EA080001EA0901A046A94624
:1071A00040EA06044EEA884ECDE912AB4FEA954B11
:1071B000CDF8E4E04FEAC55A41EA070576A9C1E9EE
:1071C000004545464BEA8831DDE908783B914AEABB
:1071D00055216F4088EA09083D91E905BB464F46B5
:1071E000C44641EA5721DDE93A9ADDE938453C9148
:1071F00084EA090485EA0A05DDE9069A57464E46FF
:107200004846B907000FDDE93C9A40EA071E89EAC3
:1072100004098AEA050A74AC3D46CDF8F8E0C4E9F1
:10722000009A34463E0F41EA940146EA041E419119
:107230007906A007CDF8FCE041EAD41140EA950EAA
:10724000439140A9CDF800E14FEA446E42AC4EEACA
:10725000D515D1E90078DDE93E9A53E90A0189EABA
:1072600007098AEA080A42954E465746DDE90A9A16
:1072700019EB00094AEB010A48465146D4E9009A45
:1072800076AC89EA06098AEA070A4E46DDE90E89E4
:10729000D4E9004518EB000849EB0109A41945EBB6
:1072A0000A05264674AC2F46D4E9004514EB0804C1
:1072B00020467CAC45EB0905D4E9009A19EB00099E
:1072C0004AEB050A4846DDE9004514EB090445EBA5
:1072D0000A05A0463418A9460BEA080B47EB0A0535
:1072E00041460CEA090C880B890C40EA894E41EAB8
:1072F0008931CDF810E14FEA994E4691CDE900452C
:10730000DDE906675C466546DDE900BCDDE91201A2
:107310004BEA060B4CEA070C5E466746DDE908BC03
:10732000CDE90A678BEA040B8CEA050C4F4676AE72
:10733000DDE90645CDE90EBCDDE900ABCC46BF0B6F
:107340000AEA040A0BEA050B54465D46DDE90AAB7E
:1073500000EA0A0001EA0B01DDE904AB8AEA080A47
:107360008BEA090BC6E900AB41EA050A4E4674A94F
:1073700040EA0409F60544A848ACC1E9009A47EA86
:107380008841E14645914EEA8831479146EA5821C5
:10739000D0E90056499146A84146D0E900ABC9055D
:1073A00085EA0A0586EA0B0641EA5C2137464891E0
:1073B000DDE900ABCDE90A89594650468907000F3F
:1073C00041EA9A0140EA0B1E50464D915946CDF8CC
:1073D00028E180074906D4E900895C4641EADA11D0
:1073E00088EA050889EA0709240F4F914AA9464609
:1073F00044EA0A1E4F465D464EACCDF82CE140EA09
:107400009B0ED1E900894CA9CDF830E14FEA4A6ED4
:10741000D1E900AB53E9080188EA0A0889EA0B09B7
:107420004EEAD51EC246CB46CDF838E1DDE90289E9
:1074300018EB000849EB010940464946D4E90089A8
:1074400089EA0B0988EA0A084D464446DDE90E9AA6
:1074500019EB00094AEB010A19EB06007EAE4AEB74
:107460000701D6E90089DDE90C6718EB000849EB54
:10747000010916EB0806404647EB09074946B146A5
:1074800074AEBA46D6E900784FEA9A3E3F193C46B8
:107490004F4648EB0508BE0B271848EB0108494644
:1074A00046EA8A458C0C76A95095D1E900BCDDE905
:1074B00000560BEA090B0CEA0A0C3D4346EA0806A3
:1074C00058466146CDE902782F46B046DDE90456BC
:1074D00045404E4044EA8A31AB46B4465291DDE91C
:1074E0000256DDE9000128403140DDE90656CDE9CC
:1074F0000C013D40514606EA08068C0C28463146F0
:1075000076AE5546DDE90A78ED0587EA090788EA8F
:107510000A08C6E90078DDE90C67C846D14606438B
:107520000F4374A94EEA884E50A8CDF844E1C1E952
:10753000006744EA88314F464646539145EA582150
:10754000D0E9004552A85591F105D0E9009A41EAE9
:10755000572184EA090485EA0A055491DDE9028984
:10756000CDE90E6740464946000F890740EA091EEB
:1075700054A8CDF858E1D0E90067484666406F400E
:10758000000FCDE90C674746C84641EA970140EA3B
:10759000071E59914946BE07CDF85CE1490646EA07
:1075A000990E58AE41EAD711CDF860E14FEA476E27
:1075B0005B9156A94EEAD81ED6E9009AD1E900019E
:1075C000DDE9084580EA090081EA0A01CDF868E1B1
:1075D00006460F4653E90601DDE90C8924184D41A2
:1075E00020465AAC29461BEB000BD4E9004558460F
:1075F0004CEB010C74407D40264674ACD4E900ABE2
:1076000080AC1AEB060A4BEB050B564618EB00084C
:107610005F4649EB0C09D4E900ABDDE912451AEBF2
:10762000080A4BEB090B504614EB0A045946A246D4
:1076300045EB0B053418AB4647EB01055146274691
:107640005E468C0B76A9A846554644EA8B4ED1E996
:107650000001CDE90878284055463140CDF870E169
:10766000AD0C7495DDE90256CDE90CAB3D4346EA1D
:1076700008062F46B04676ADC5E90078DDE90A89EF
:107680005F4688EA000889EA0109BC0BCDE9128946
:10769000D146DA46DDE908BCDDE9026758466146B5
:1076A0004FEA9A4E06400F4030463946CDE9080170
:1076B000749840EA8A315E91D5E90001DDE900560F
:1076C00005400E40DDE90E012F4676AD80EA090047
:1076D00081EA0A01C5E90001384631465546DDE92F
:1076E0000867ED0506430F433046394674AEC6E9D8
:1076F000000144EA894160465D914EEA8931800784
:107700005F9145EA592161914946CE055CA9D1E9CD
:1077100000455EA946EA5A2E60AECDF880E140EA07
:107720009B0E6046CDF894E14FEA4B6E40064EEA60
:10773000DC1ED1E900785946CDF898E17C406746D7
:10774000090F85EA080541EA0C116291390FD6E963
:10775000006741EA0B1166406F40639166ACCDE96A
:1077600008675F46BE0746EA9C01649140EADB1168
:10777000679162A9D1E9006764A9D1E9009A53E948
:10778000040186EA090687EA0A07DDE9049A19EB8B
:1077900000094AEB010A48465146D4E9009ADDE95E
:1077A000124589EA06098AEA070A24184E4657460E
:1077B000204674AC4D41D4E9009A82AC19EB06091D
:1077C0004E464AEB070ADDE90889574618EB0008E0
:1077D00049EB05094946D4E9009ADDE9064519EB6C
:1077E00008094AEB010A484614EB09045146A14630
:1077F00045EB0A053418AA4647EB010549465646AB
:107800004FEA9A4E880B76A9CDE90445D1E9007874
:107810004D46494608EA0A0840EA8A402F40890C4A
:1078200045463C4641EA8A31CDE908BCCDE9069A95
:10783000DDE9047868904BEA070B4CEA080C6A9182
:1078400058466146DDE90E78DDE902BC674088EA0A
:107850000508B40B0BEA000B0CEA010C76A9CDE984
:107860001278DDE90856DDE904783D4006EA0806AD
:1078700037462E4655464BEA060B4CEA070CED05FB
:10788000C1E900BCDDE904BC59460F0F61468E0713
:1078900044EA894169914EEA89314FEAC95E6B91A8
:1078A00045EA59214EEA5A2E6D9168A9CDF8B0E10A
:1078B000D1E900456AA9D1E90001DDE90A8944401E
:1078C0004D40204647EA0C1429466E946446270F23
:1078D00046EA9B0447EA0B1E71945C46CDF8BCE176
:1078E0004FEA4B6EA507644645EA9C056406709511
:1078F0006CAD44EADB14D5E90056739445404E4024
:1079000074A9C1E900566EA9D1E9004570A9D1E971
:10791000000144404D404EEADC1126462F4672914C
:1079200072A953E9024518EB040849EB05094446DE
:107930004D46D1E90089DDE9120188EA060889EAA5
:1079400007090019694104460D4676A9D1E900BC32
:1079500074A91BEB080BD1E900014CEB090C0019D1
:1079600084AC6941D4E90045109E24184D4120465D
:107970002946DDE9004524184D41CDE90A451BEBB8
:1079800000044CEB0105502ECDE900457FF442A9DF
:1079900094ABDDE90012D3E90034DDE902AB5B18FA
:1079A0005441CDE9003496ABDDE90401D3E900236D
:1079B000DDE9084512184B41CDE9022386ABD3E936
:1079C000001288AB09196A41CDE90412D3E900011C
:1079D0008AAB10EB0A0041EB0B018246D3E9008928
:1079E0008B468CABDDE90A01D3E9006718EB000890
:1079F0008EAB49EB0109DDE90601D3E900453618F4
:107A000090AB4F41DDE90C0124184D41D3E9000151
:107A1000CDE90645DDE90E450019DDE9003469418F
:107A2000939DC5E90434DDE90223CDE90801C5E9E8
:107A30000623DDE904340020C5E90834DDE9062326
:107A4000C5E90AABC5E90C89C5E90E67C5E910238C
:107A5000DDE90834C5E912340DF2E44DBDE8F08FDC
:107A60002DE9F84314460D4600210646D0E90023CF
:107A700002F07F0712194B41C7F180088B4208BF03
:107A8000A242C0E9002306D2D0E90223013243F129
:107A90000003C0E90223DFB1A04519D806F150095F
:107AA0002946424609EB07000BF0D6F84946304616
:107AB000FEF71EFF80B9C8EB0404454407467F2C3F
:107AC00008D929463046803C8035FEF711FF18B9A9
:107AD0007F2CF6D814B92046BDE8F88306F1500093
:107AE0002246294638440BF0B7F80020BDE8F88359
:107AF00002B1B5E7104670472DE9F8430446006827
:107B000080220D4600F07F0004F15006231801305A
:107B1000702883F8502000F21A81C0F17002002111
:107B200030440BF0BDF8E1680023A0684FEAC109BA
:107B300067684FEAC008314649EA507926687A0FEB
:107B4000204643EA0903FF0042EA08024FEA136EA7
:107B500084F8C33047EA567784F8C7204FEA134CBD
:107B600084F8C0E04FEA132E84F8CB70130E84F82B
:107B7000C1C0F60084F8C2E084F8C4304FEA124E67
:107B80003B0E84F8CF60120A84F8C5E04FEA174C28
:107B900084F8C83084F8C620330C320E84F8C9C08B
:107BA0004FEA172E84F8CD30360A84F8CC2084F8BA
:107BB000CAE084F8CE60FEF79BFE0346002840F042
:107BC000D380E27D2A70E28A6A706269120AAA7022
:107BD0006269EA70E27C2A71628A6A712269120A19
:107BE000AA712269EA71E27F2A72E28B6A72E26903
:107BF000120AAA72E269EA72E27E2A73628B6A73DF
:107C0000A269120AAA73A269EA7394F827202A7457
:107C1000E28C6A74626A120AAA74626AEA7494F85C
:107C200023202A75628C6A75226A120AAA75226A52
:107C3000EA7594F82F202A76E28D6A76E26A120AB3
:107C4000AA76E26AEA7694F82B202A77628D6A7720
:107C5000A26A120AAA77A26AEA7794F8372085F80E
:107C60002020E28E85F82120626B120A85F82220FE
:107C7000626B85F8232094F8332085F82420628EE7
:107C800085F82520226B120A85F82620226B85F8BC
:107C9000272094F83F2085F82820E28F85F82920B6
:107CA000E26B120A85F82A20E26B85F82B2094F803
:107CB0003B2085F82C20628F85F82D20A26B120ABC
:107CC00085F82E20A26B85F82F20D4F8D00000284C
:107CD0004AD194F8473085F83030B4F8463085F80A
:107CE0003130636C1B0A85F83230636C85F83330B1
:107CF00094F8433085F83430B4F8423085F83530A4
:107D0000236C1B0A85F83630236C85F8373094F8DD
:107D10004F3085F83830B4F84E3085F83930E36CA0
:107D20001B0A85F83A30E36C85F83B3094F84B3009
:107D300085F83C30B4F84A3085F83D30A36C1B0A16
:107D400085F83E30A36C85F83F30BDE8F883C0F17C
:107D50008002002130440AF0A3FF31462046FEF79E
:107D6000C7FD20B1BDE8F8831846BDE8F883014699
:107D7000702230460AF094FFD5E600BFFEF714BD2E
:107D800002B970476CE600BFFFF7B6BEFEF7B0BDA4
:107D9000F0B5B7B01C4607460D4616460021D8225E
:107DA00068460AF07DFF21466846FEF7FDFC044662
:107DB00028B95DB931466846FFF79EFE044668461D
:107DC000D821F9F7CBFE204637B0F0BD2A46394618
:107DD0006846FFF745FE04460028F0D1EAE700BFF9
:107DE000FFF7D6BF2DE9F04F0121C7B081464FF410
:107DF00080600AF061FF00286BD00025DFF8448125
:107E0000DFF844A10746D82210A829460AF048FF07
:107E10008AFB0534022DA4EBE574CCBF00260126B5
:107E200004EB44042C1BB9F1000F33D1314610A8E8
:107E3000FEF7BAFC8346002840D1022C50D03B4BC1
:107E400003EB8403D3F8002462BB10A86946FFF754
:107E500053FE834690BBC6F10402684641461201B8
:107E60000AF01AFF00285BD1B9F1000F2DD10135BE
:107E700008F14008062DCBD1B9F1000F47D110A869
:107E8000D821F9F76BFE38460AF0CEFE584647B0C7
:107E9000BDE8F08FC6F10401621C2548C9010AF053
:107EA0000FFFC3E7C4EBC403224910A804EB03147B
:107EB0002144FFF7D5FD83460028C6D0B9F1000F55
:107EC000DDD01D480AF0E4FED9E71C480AF0E0FEC8
:107ED000CDE7B9F1000F1ED1012047B0BDE8F08F0A
:107EE0004FF47A746121384622460AF0D9FE01E047
:107EF000013CAAD04FF47A72394610A8FFF7B0FDC2
:107F000083460028F4D0B9F1000FB8D0D9E70A2091
:107F10000AF08EFEB3E70A480AF0BAFE0120B6E77F
:107F20004FF0010BB9F1000FA9D0CAE760DC026085
:107F3000443600206CE002605C1A00200C1A00201D
:107F400028360020E0DE026056555555DFF874C033
:107F5000DCF8003073BB4CF6A840F0B5164C4CF67C
:107F6000A945164E4CF2090704F5027EB84216D018
:107F70004CF20A03124903E083420CD0136A114603
:107F800001F12002002BF7D16DB174450BD22846C8
:107F900056F8045FEAE791F828302A2BF4D02060E5
:107FA0000434002DF1D10022012303482260CCF8D3
:107FB0000030F0BD0048704744B6002024F2026053
:107FC000C0E1026054B8002078B138B50546074CCE
:107FD000074803E054F8200F30B1606829460AF0E2
:107FE0003FFE0028F6D1204638BD7047C0E1026050
:107FF000583600204CF2090398420DD04CF20A0387
:10800000064A02E0834205D0136A2032002BF9D1E0
:10801000184670471046704700487047C0E102603C
:10802000837A0A2B0AD8012000FA03F313F08E0F8B
:1080300003D113F4C06F03D00220704700207047B3
:1080400013F0100F0CBF002004207047807A20B17D
:10805000032804D9042800D170470020704701206C
:10806000704700BF837A0A2B08D8012202FA03F373
:1080700013F4E36F14BF10460020704700207047D0
:10808000807A053803288CBF00200120704700BF8C
:108090004CF2090398420FD04CF20A03074903E05F
:1080A000984207D0136A114601F12002002BF7D144
:1080B00003487047486A704702487047C0E1026051
:1080C000803600205836002008B5FFF77DFF00B14C
:1080D000006808BDC36B10B5044693F88000F2F742
:1080E00043FE50B1E36B204693F8801006F006F88B
:1080F000003018BF0120404210BD014810BD00BF34
:108100000094FFFF2DE9F047446984B0C56B002C53
:1081100005F254450CBF4FF000084FF002081D4413
:1081200008EB0109B9F5205F56D8044600681746E8
:108130002B4690F8CC200E4690F8C910C2F34002AE
:1081400090F8C80006F04AF823682E22A91CD3F83C
:1081500018A0D869D04750BBA16B3022E36BC86D23
:10816000C3F81024002839D0BC300121F7F7A2FE53
:1081700080B32368C6F52050E26B2946C8EB0005A2
:10818000A06BD2F810E4DA69C06D03927246D3F89E
:1081900018E0BC30D4F8C030CDF808E000974B446C
:1081A0000195F7F76BFF10B9B8F1000F02D104B0D9
:1081B000BDE8F0873B68D4F8C0201B0A9355D4F87B
:1081C000C0103B680E4473703B6802333B6004B0E0
:1081D000BDE8F0870248EAE70248E8E70248E6E738
:1081E0000093FFFF0096FFFF0089FFFF4368102BFD
:1081F0002DE9F04F9DB000F0A684C36B0446002B20
:1082000000F0A18405F05EF9002840F0A680236804
:1082100093F8CC309D0705D5E36B93F8EC31012B37
:1082200000F00C8165680C2D00F09C80112D00F28F
:108230008A84DFE815F00A010D0134035C03610351
:108240008A03DF0352030F04120057030604880455
:108250000B047F0483048804A200E26C0023204600
:1082600015680B9304F0E2FE002876D1AB7A5A1F12
:10827000032A40F265830B2B00F06283D4F8D430DC
:10828000002B00F05D83E26B2168002A01F0FB8186
:10829000D2F8C031002B01F0F6811968002900F0F6
:1082A0004F835B68002B01F032840DF13008D2F867
:1082B00004342046414698476369032B01F06782E6
:1082C000E36B002B01F08782D3F8C031002B01F063
:1082D000828258680421F7F7EDFD002841F0C08143
:1082E0000646C446062124238146E06B2768002801
:1082F00001F0EB81D0F8C001002801F0E681406870
:10830000FA690DF12C0ED4F8C05003926246BF6991
:108310000D44314602978DE82040F7F765FEE0B93D
:10832000D4F8C03016250B9A0F214B442046120A70
:108330001A71D4F8C0300B9A4B445A710B9BD4F885
:10834000C0200633C4F8C4504B44C4F8C830117080
:1083500063680133636005F009F9054628461DB0DE
:10836000BDE8F08FE36BD3F8883623B9204607F0D9
:1083700023FC0546F2E711236360204607F016F957
:108380000028EAD1A36F162B40F05887236F1A7884
:10839000042A40F0B5872068D4F8A01090F8CC00EB
:1083A000800740F14984112940F2AA87587C03F1E3
:1083B0000C051E7C0C2293F80CB040EA062693F8BC
:1083C0000EA0587B93F80F900490B31D134499426C
:1083D00040F09687E26B4FF000080C23C2F88886C5
:1083E0006360002E00F02B83A36B996E586EF9F733
:1083F000B5FBA36B586E0AF017FCA76B3146012042
:10840000C7F86480C7F868800AF056FC0590002819
:1084100001F07583A91D32460AF01EFC049B4546F7
:10842000BE661A04059BC7F8088042EA0B627B66A9
:1084300042EA090242EA0A22FA668FE7204605F07C
:10844000CFFF00283FF4EEAE87E70123636085E7A6
:1084500021688B69002B01F06B82A3682BB991F81E
:10846000CA30236191F8CB30636191F8C8000028CD
:1084700000F0698391F8CC20D4F8C09091F8C9102D
:10848000C2F3400209F1040305F0A8FE2368E66B7D
:1084900093F8CC2006F21441900740F19B83D6F864
:1084A000DC21002A00F096830E684D688868CA684F
:1084B000C9F80660C9F80A50C9F80E00C9F81220B8
:1084C00088690E694D69CA69C9F81660C9F81A50F9
:1084D000C9F81E00C9F82220A16B8868A0F110031A
:1084E000102BA36800F28B83002B00F04D86002335
:1084F00009F1270589F82630236893F8CC209207E4
:1085000016D5E36BD3F8DC21002A00F0148793F82A
:10851000E0316E1C2B703046E36B93F8E021D3F80A
:10852000DC110AF099FBE26B236892F8E0513544C4
:108530006269AE1C53F822703868002801F0A080F0
:108540004FF00008FFF756FD236893F8C910C0B13B
:108550000269914215DB93F8CBE03146826996457A
:108560000FDC93F8CC309B0702D5037F5A0708D461
:108570003B6808F101081B1201F8023B3B6873706D
:108580000E4657F8040F0028DCD1A3683BB93246E9
:10859000FF2108F1010802F8023B717016462368BA
:1085A00093F8CE30DB0708D533465621002208F178
:1085B000010803F8021B72701E4601224FEAD8110F
:1085C0004FF0000B08FA02F3B04629706B70331DB0
:1085D00008F8022B86F801B01D46D4F8C070D4F814
:1085E000D800069307F52057002801F045800AF0CF
:1085F00027FBBD4282462B4605D800F10905FB1A30
:10860000AB4280F0F7855D460222A3684244012B0D
:1086100040F02385BA4294BF00230123002B40F091
:108620001C85D4F8EC10B81A0531884219D30127FB
:10863000FF219370501D117004F1F0015770D4F8B0
:10864000EC303B44D370D4F8EC301371D4F8EC2008
:108650000AF002FBD4F8EC30D4F8C070053307F50B
:108660002057D4F800E01D449EF8C930032B00F0D9
:10867000FA840022DEF878B015449BF80000002848
:1086800000F003844FF0000A04E01BF8010F0028FB
:1086900000F0FC830AF1020AF2F766FB0028F4D12D
:1086A00000232B44D4F8C0709A1C07F5205742448D
:1086B000BA4240F22E842568002095F8CD2002F0C1
:1086C000020103EB000E01F0FF03002900F0F1822C
:1086D0000EF1020095F8C9304044002B00F06C8583
:1086E000B84294BF00230123002B40F06585391A5E
:1086F000032940F2DE821622037083700421C370C6
:1087000042702568D4F8C07095F8CD2007F5205741
:1087100002F004020EEB010302F0FF0AEAB19A1C18
:1087200095F8C9104244002900F04285BA4294BF2E
:1087300000210121002940F03B85B81A032841F2AD
:1087400047801720117091704FF0040AD17050705B
:10875000D4F8C070256807F520575344D5F8A4A075
:1087600003F1020B049308EB0B030593BAF1000F1E
:1087700000F07F87DAF80010002900F0C5874FF07D
:10878000000B08460AF05CFA5AF8041FC0B2013028
:1087900083440029F5D10599B94200F261840BF1B7
:1087A00006027B1A9342C0F02285102300228D1D01
:1087B0000A704B702368D3F8A470386890B10AF03F
:1087C0003FFA2B465FFA80FA03F8010B184652462F
:1087D00039680AF041FA0AF1010A57F8040F5544C2
:1087E0000028ECD1059FEB1BDAB2981F191F951FCB
:1087F000000A043A090A38717D71FA70B970D4F828
:10880000C070256807F52057049A1A4495F8CD30B2
:10881000901CDB090492404400F02284B84294BFCB
:1088200000230123002B40F01B84A26B3F1A926EA1
:10883000151DAF42C0F07C8503702321130AC2705E
:1088400041708370A36B596E002A00F0EF860029F7
:1088500000F0EC8604300AF0FFF9049B5D1905D0A6
:10886000069BF5702B4498462B0AB370C9EB0800A1
:10887000D4F8C03001221621C4F8C800C4F8C410CE
:108880001A7094E80C000133636092F8CC309807BA
:1088900000F17584204604F069FE05465EE5204639
:1088A000266F06F083FE054600287FF457ADA36FC0
:1088B000162B00F00582A368012B40F0BF842268CC
:1088C000E368D2F8B4200133002AE360C0F2E68105
:1088D000934240F3E381BC4D40E5204605F05EFA4B
:1088E00005463BE5204605F0E5FA054636E5204617
:1088F00006F088FF054631E5E36C00201E680A900B
:10890000B37A012B00F0D081093B012B40F2A68104
:10891000204606F04BFE00287FF41FADA36F162BF8
:1089200040F08C84226F13780C2B00F0EE83B37A26
:1089300003F0FD03052B40F081840123C4F8A83027
:10894000636800250133636008E5E36C1B689B7A6C
:10895000013BDBB2092B00F20B81012540F20F3203
:1089600005FA03F31A40002A00F00281204606F0BF
:108970001DFE00287FF4F1ACA36F162B40F05E843F
:108980006368216F013363600B780D2B0CBF0123EB
:108990000023C4F8D43040F006842368D4F8A00043
:1089A00093F8CC3003F0020303F0FF05002B00F036
:1089B000A0840C2817D90A7B0C2313440333984254
:1089C00011D96369032B00F0C080002D00F0A08452
:1089D00011440C254B7B897B41EA032153182B441E
:1089E000033398422BD0204632220221774D05F0E6
:1089F000C7F8B3E4204606F0D9FD054600287FF409
:108A0000ADACA36F162B7FF466AF2268D4F8A0102C
:108A100092F8CC3013F0020F0CBF04230C239942C0
:108A200040F0D183236F1B780E2B40F0CC8363681A
:108A30000133636092F8CC309E0700F13C81002541
:108A40008CE4204605F00CFC054687E4204607F040
:108A50000BF982E4E36C1E68B37A022B00F0CA8241
:108A6000DA1E012A40F28980093B012B8CBF0025C8
:108A70000125002D40F081803046FFF701FB0028E2
:108A800000F0A5822368D3F89420002A01F03F80EB
:108A9000D3F89C20002A01F03A80D3F8A0309A1D28
:108AA0000C93B2F5205F00F2AA86D4F8C020190A10
:108AB0001171D4F8C02053712368D4F8C000D3F8E2
:108AC000A020D3F89C1006300AF0C6F82068B37ACC
:108AD000D0F8A020052B02F1060700F0BD85072B7A
:108AE00000F0E586062B00F02886082B40F0AE83C8
:108AF000C569C7F52053D4F8C0200CA90195856934
:108B00003A44E06B00958030F1F7C4F800287FF418
:108B100024ACB17A204605F0F7F900287FF41DACAB
:108B200016200C9BD4F8C0201021C4F8C4003B448C
:108B300020460AE40F23002563600FE42046002549
:108B400004F01CFA0AE4224D08E4002D00F04E86E1
:108B50008F184FF00C0E7E7BBB7B43EA0626D31C9E
:108B60007344334498427FF63EAF931C9A192CE726
:108B7000062300256360FFF7F1BB25684FF47A7385
:108B8000D4F8C0200CA9EE69E06B04320196AD69FF
:108B900080300095F1F77EF800287FF4DEAB256881
:108BA0004FF40073E06BEE6900F2544200F582610D
:108BB00001968030AD690095F1F7AEF800287FF49A
:108BC000CCAB0427ACE700BF0089FFFF8085FFFF27
:108BD000008FFFFF9D690422D869A84700287FF411
:108BE000BCAB236806F583611C229D69D869A84740
:108BF00000287FF4B2ABE16B01F2144154E4002B86
:108C00007FF475AC4B6E002B00F0408700208B6E1C
:108C1000002B40F00E8589F8260009F12705002871
:108C20003FF46AAC0023A26B1A440133127B8342E7
:108C300005F8012BF7D35FE4092940F26183587AE4
:108C40001D1D1E7A93F804B040EA0626587993F861
:108C500006A0049093F80790FFF7B7BBA36BD86DFD
:108C6000002800F00587BC300221F7F723F900281F
:108C700000F0B985A36B0122E06BDB6D8030D3F887
:108C8000C010F0F7E1FF002800F0A582054620465D
:108C90002822022104F074FFFFF760BB0123D34DAB
:108CA000C4F8A830FFF75ABB052305466360FFF7F9
:108CB00055BB19462CE5204605F06CFBFFF74EBB73
:108CC000236893F8CC2002F0020101F0FF00002994
:108CD00000F075823378032B00F09C85E36BD3F8AA
:108CE000DC0109F0A1FFE36B83F8E051C3F8DC512C
:108CF0002368D4F8A01093F8CC2002F0020202F00E
:108D0000FF00002A0CBF2A2232228A4200F2CA83C4
:108D10003278022A40F0C683002893F8CC2004F170
:108D2000140104F110000CBF4FF004084FF00C08C0
:108D3000C2F34002B044434605F05AFA2368226960
:108D400093F8CA108A42C0F2E284616993F8CB00BA
:108D50008142C0F2DC8493F8C800824200F3D784D9
:108D600093F8C930994200F3D2844346E76B53F835
:108D7000026F5D689868D968C7F83464C7F83854DA
:108D8000C7F83C04C7F840141E695D699869D96941
:108D9000C7F84464C7F84854C7F84C04C7F85014DF
:108DA00098F82260202E00F27D832368D4F8A0205A
:108DB00093F8CC30990740F1B48206F133039A421C
:108DC00000F2AD840C2306F126010B449A4240F0D8
:108DD0006983002708EB060393F8235093F82420B7
:108DE00093F8253042EA0525002B40F02F862846CF
:108DF000D4F84C90FFF7FEF8E36CC9F80000204669
:108E00001968002900F0488605F066F8D4F83C900F
:108E1000D9F87836002B00F02A82002E00F0278245
:108E2000A368002B40F02382A36B04931B689D4230
:108E300000F0818508F1230A63684FF0000E049A60
:108E40005146013302F10C0032466360049BC9F8BD
:108E500078E69E6083E8204009F0FEFE23686269A0
:108E600053F82230043B04E0A26B1268904200F0F9
:108E7000708253F8040F0028F6D120462F220221D9
:108E80005B4D04F07DFEFFF769BA824605F1020BE7
:108E900008EB0B03BB4204933FF602AC049A0AF1C1
:108EA000060ABF1A5745FFF4FBAB2368D3F878B026
:108EB0009BF8000000283FF4F3AB9246002700E047
:108EC0000F46F1F751FF4388B91C0AF1020A1B0A49
:108ED0008AF8043043888AF805301BF8010F00280F
:108EE000EED100293FF4DCABCAB207F1040E4FEA21
:108EF000112C049907F108034FEA1E2708700A2075
:108F00004A7102328F70CA7081F804C04870FFF74E
:108F1000C8BBB91A05294FF000010DD90B2702254E
:108F2000012011709170517106215770D570107128
:108F3000D4F8C07007F5205725680B44B5F8CC204D
:108F4000991C02F4E0724144002A00F0D585B94230
:108F500094BF00220122002A40F0CE85781A04280E
:108F600010D901200A708A7005224870C8702068E4
:108F7000B0F8CC00C0F382100871D4F8C070256836
:108F800007F52057134495F8CD20991C12F0400F97
:108F9000414400F0BF85B94294BF00200120002861
:108FA00040F0B885C1EB070EBEF1030F7FF687AB2B
:108FB000042208708870C87010464A702568D4F87A
:108FC000C07095F8CD2007F52057FFF778BBB37A2E
:108FD000012B40F03B8103460CAA04212046FFF7F9
:108FE00091F800283FF4EDADFFF7B7B90095FFFF0A
:108FF0008086FFFFE36BD4F8C0205B68190A0C93EE
:109000001171D4F8C0205371E66B06F10800EAF73D
:10901000D5FF2568D4F8C0200146EF69301D0C9BB0
:1090200006320197AD690095F0F716FB00287FF432
:1090300094A925684FF40972E06BEE6900F582632C
:1090400000F2544101960430AD690095F0F76AFBD7
:1090500000287FF482A9062762E50023FFF701BB01
:109060000025FFF7FABBDEF874A0DAF8000000284C
:1090700000F05B845246002352F8041F0433002999
:10908000FAD105F1020B08EB0B02BA420492114629
:1090900000F256810633BA1A9A42C0F00C830028B7
:1090A00000F0DC840F464FF0000B04F0F7FF4FF0A8
:1090B0000303B8710BF1040BFB710437DAF80000FD
:1090C00004F0ECFF4FF0010338717B715AF8040F84
:1090D0000028EAD1049F5FFA8BF30BF10201002014
:1090E0007B710233090A3870FB704FEA1B23B97099
:1090F0000D213B710BF106027970D4F8C070D4F8E1
:1091000000E007F52057FFF7B5BA2368D4F8A05060
:1091100093F8CC10B37A154411F0020FA3F1080EA6
:1091200003F0FD000CBF04210C21BEFA8EFE082BBB
:1091300018BF062B0A444FEA5E1E0A9200F089808F
:10914000052800F0868003F0FB02022A00F0DB8392
:10915000033B012B02D9BEF1000F77D0E06B2A460A
:109160000AA98030F0F75CFD002800F0AB832046B0
:109170002F220221CF4D04F003FDFFF7EFB8204668
:1091800005F050F8FFF786BBE36BD3F87836002B79
:109190003FF438AD4B6E002B7FF439AD89F82600D3
:1091A00009F127053EE5C4F8A8500546FFF7D6B8F3
:1091B0004FF0000AFFF7D1BA0021FFF7A9BAD4F89F
:1091C000A0102A22A1E5204632220221BA4D04F045
:1091D000D7FCFFF7C3B82046FEF77CFF0546002802
:1091E00040F0E283636801336360FFF7B7B80023A0
:1091F000FFF70ABB411DC2B2C31C86F804B0090ABE
:10920000571DD01C1B0AB1714FEA1A213273524606
:10921000F771707206F10D0086F805B086F80AB095
:109220003372F172D4F8D81009F016FDD4F8C0707A
:109230000AF10B0207F52057FFF7E7B920460A228B
:1092400002219E4D04F09CFCFFF788B89C4DFFF76F
:1092500085B8A91E8A428AD85178971C92F800C016
:1092600041EA0C22A91A8F4206D90A977FE7A36B1D
:1092700008F1230A0493DFE53A4405280A927FF4B3
:1092800062AF023B022B3FF65BAB2268636992F848
:10929000CC20D4F870A012F0020FDDF828800CBFAB
:1092A0004FF004094FF00C09032B00F0A883022BA8
:1092B000CCDC3046FEF7B4FE0428064600F09D8361
:1092C00000270A9BAA1E93420BD893F800B09A1C61
:1092D0005B780A9243EA0B2BCBEB0505AA4200F020
:1092E0006683204632220221724D04F049FCFFF7CA
:1092F00035B804287FF677AB0A790423FFF75DBB06
:109300002046322202216F4D04F03AFCFFF726B8C6
:10931000114404254E798B7943EA06231344FFF761
:109320005EBB06F12B039A4200F2D98104234AE581
:109330001D46FFF792BA2A7001352368FFF7F8B887
:10934000DEF878B09BF8000000287FF49BA9FFF7B7
:10935000A7B9FEF74FFE63691946069300283FF44C
:109360008CAD03699942FFF688AD836999423FF756
:1093700084AD236893F8CC309B0703D5037F5D074A
:109380003FF57BADA26B06F1280311460492002243
:1093900008EB03064A60002F00F09C82B578F17854
:1093A00018F8030041EA0521737801F1040943EA42
:1093B00000230D464F4575D3059204F1F002079244
:1093C00004F1FC020892102B00F0C6807EDD172B02
:1093D00000F0B38040F3A080232B00F0F5804FF61F
:1093E0000172934248D1A368002B00F05A81D4F84F
:1093F000ECC04FEA4C035A1CAA4240F085803279F7
:10940000934240F081804FF000038DF83030BCF182
:10941000000F00F03083079B06F1050E184603EBA2
:109420000C081EF8013B10F8012B9DF8301053403A
:10943000804543EA01038DF83030F2D19DF8303099
:10944000002B61D10CF1050E08988DF82C30844466
:10945000B6441EF8013B10F8012B9DF82C10534028
:10946000604543EA01038DF82C30F2D19DF82C3091
:10947000002B49D1012305937F1B4E447B1F043FE2
:10948000022B46D9002F00F02682F378B578327887
:1094900043EA0525737805F10409294643EA0223C6
:1094A000B94590D9204632220221074D04F068FBCD
:1094B000FEF754BF0085FFFF8084FFFF0089FFFF98
:1094C0000094FFFF0092FFFF8086FFFF042B00F057
:1094D0009F800B2B00F08480012BCDD12368B3F843
:1094E000CC3003F4E07232B1012904D1C3F382130A
:1094F00032799A42C0D0204628220221C14D04F080
:109500003FFBFEF72BBF5C4620462822022104F0D9
:1095100037FBBC4DFEF722BF162BADD1236893F865
:10952000CD309A07E7D5069B002BE4D00029E2D185
:10953000049B1A46012393679EE7236893F8CD3076
:109540005B07D8D5069B002BD5D00029D3D1E36B80
:109550000122C3F88C268FE72368D3F8A480B8F1E2
:10956000000FD1D0032940F39C813179AB1E727971
:1095700042EA01229A4240F0948196F806A0EB1E3E
:109580009A4540F08E81D8F800B0BBF1000FBBD0F7
:10959000F31D09955D46A3461C4603E058F8045F99
:1095A000002DB0D0284609F04BFB8245F6D152463B
:1095B0002946204609F070FB0028EFD15C46AB46F7
:1095C000099DC4F8DCB057E7236893F8CD30DB0978
:1095D00091D000298FD1E36B0122C3F888264BE795
:1095E000002900F05E8133795A1CAA4240F059816B
:1095F000711D002B88D07279012A6CD91944B31DD2
:1096000003E013F8012B012A65D99942F9D17BE7D0
:10961000236893F8CD3058067FF56DAF00297FF4AD
:109620006AAF049B1A460123536725E70425FFF719
:1096300014B923680C3120229D69D869A8470028F5
:109640007EF48BAE2023A26B09F1270593601846A8
:1096500089F82630FFF7E6BA0C951946FFF75ABA93
:109660000621142304260DF1400C4FF00009FEF7EB
:109670003CBE5346FFF7C8B805460222FEF7C5BFF9
:109680008046FEF782BF896E00293FF459A90B6816
:10969000002B3FF455A9002A40F0E3810B46FEF76A
:1096A00000BE01297FF430AF3379002B7FF42CAF5B
:1096B000C4F8E810DEE6DEF878B09BF80000002879
:1096C0007EF4E0AF8246FFF7E9BBB86E00283EF4B7
:1096D00017AEFEF714BEE36BC3F85C21CCE608EBD3
:1096E000060393F8271093F8267041EA0727791E9E
:1096F00002297FF6D7AE042106F128003844014440
:109700008A423FF469ABCDE68B46FFF744B820466A
:10971000462202213C4D04F033FAFEF71FBE08EB4F
:10972000060393F8271093F8267041EA0727791E5D
:1097300002297FF6B7AE0C21DEE7E36B5B68991C6C
:109740000C933944B1F5205F59D8D4F8C0101B0AE6
:10975000CB5502F10807D4F8C0100C9B0A44D37112
:10976000E56B05F10800EAF729FC23680146281D8E
:10977000DD69D4F8C02001959D693A440C9B0095A1
:10978000EFF76AFF00283FF4C4A9FEF7E6BDE36CDB
:109790001B685E7AD4F8C030072E00F0F9800422EE
:1097A00006261A71E36BD4F8C050002B00F0E98054
:1097B000D3F8C031002B00F0E480586804F03CFC82
:1097C0004FF00209C446687108210023FEF78DBDE1
:1097D0008A46FEF7C2BF23689B6E002B7EF479ADEC
:1097E0001846FEF777BD094DFFF751BA8F184FF0B5
:1097F000040E7E79BB7943EA0626FFF7B0B9044D23
:10980000FEF7ACBD8086FFFF8091FFFF0093FFFF56
:109810000096FFFF256F0CA9C2F340020BA805F1CB
:109820000C0304F0E5FC0B9902297FF770AF0C9B49
:10983000012B7FF76CAF226892F8C80081423FF796
:1098400066AF92F8C92093423FF761AF226F05F1EE
:109850000F08E36FAE7B1344C8EB0303B342FFF67C
:1098600021AEE36BD3F8DC0109F0DEF9E76B31469A
:10987000012009F021FAC7F8DC01002800F003817B
:109880004146324609F0E8F9012387F8E0612046B5
:109890006360002503F0B0FB204604F07BFDFEF77B
:1098A0005DBD20463222022104F06AF931E602232E
:1098B0000CAA39462046FEF725FC00283FF429A9CA
:1098C000FEF74BBD2046FEF705FC00287FF44FACA9
:1098D000B37AD6E40597D4F8E830002B5BD123683F
:1098E00093F8CC3003F03003202B3FF404AEA26891
:1098F000012A7FF4A4A8002B3FF4FDAD059B012BAA
:109900007FF49DA8F7E5E06B2A460AA90430EFF73B
:10991000A1FD00287FF42BACE26B23685268D3F8DA
:10992000C430B3EBC20FD3D921E40346FFF7A9BB80
:109930007A4DFEF713BD049B5B68002B7FF47AAA77
:10994000049B08F1230A9B689E427FF475AA049B3E
:109950003246514603F10C0009F09EF900287FF4CD
:109960006BAA0C232046636003F060FB05460028C9
:109970003FF474AA20465022022104F001F9FEF7B8
:10998000EDBC23689B6E002B7FF417AF184615E7DC
:1099900005221A7106E7A268012A7FF450A8059AE9
:1099A000002AACD0FFF74BB85D4DFFF770B90AEB5A
:1099B0000902C2EB08030DF13008002F00F091807E
:1099C000414620468DE8880013460BAA06F038FA77
:1099D00000287EF4C2ACA36BD86D002879D0314644
:1099E000BC30F6F767FA00285DD120462822022114
:1099F0004C4D04F0C5F8FEF7B1BC074661E408F130
:109A000002039D42FFF4B3AB98F8000004F03AFB68
:109A1000074600283FF4ABAB0A9B587804F02AFBBA
:109A2000834600283FF4A3AB3946204604F07AFB76
:109A300000287FF49CAB0A9B304602330A93FEF762
:109A4000EFFA58457FF493AB06463AE420462F22BE
:109A50000221354D04F094F8FEF780BC8346FFF7F1
:109A600039BBD2F8C031002B08BF0B46FEF719BC3A
:109A70002E4DFFF70CB99DF83030002B7FF444AD2C
:109A80008DF82C30F2E42A4DFEF768BC89F82630B8
:109A900009F12705FEF730BD50220221254D04F0C3
:109AA0006FF8FEF75BBCA36B42460A9D3946D86D42
:109AB0000B9BBC308DE82008F6F704FA0546002819
:109AC0003EF43EAF20463322022104F059F8FEF75F
:109AD00045BC204628220221144D04F051F8FEF71F
:109AE0003DBC2425414620460B9506F047F9002849
:109AF0003FF471AFFEF731BC0022FFF743BA2046B6
:109B0000502202210A4D04F03BF8FEF727BC0A4D13
:109B1000FEF724BC0020FEF7D2BD00BF008CFFFF83
:109B20000086FFFF0093FFFF808FFFFF0089FFFF8C
:109B30000081FFFF008FFFFF008AFFFF03682DE910
:109B4000F041DC6B82B0002C4DD00B68D41A012C94
:109B500058DD1D789E1C5C784FF6FE730E6044EA5B
:109B60000524651E9D424DD8931B9C424AD803682C
:109B70000F460546D3F83C80B8F1000F15D0186C9D
:109B8000324623462946C04740B128467322022167
:109B900003F0F6FF1C4802B0BDE8F0813E68344493
:109BA00000203C6002B0BDE8F081D3F8A0209442D0
:109BB000EBD1D3F89C1030468DF8078001EB040CF4
:109BC00011F8013B10F8012B9DF807E0614583EA8D
:109BD00002034EEA03038DF80730F1D19DF80730F8
:109BE000002BD2D1DBE7D3F894404CB1D3F89C40A2
:109BF00034B1D3F8A0401CB1D3F89830002BA4D1D5
:109C00000248C8E70248C6E78093FFFF008AFFFFCB
:109C10000084FFFF70B50D68AB1C934213D82E78FB
:109C20006C780B6044EA06241D19AA420BD3006825
:109C30000D46224619460430EFF7FAFC28B92B6886
:109C40001C442C6070BD024870BD024870BD00BF4E
:109C50000084FFFF8083FFFF2DE9F04704469EB09C
:109C6000FF209146E76B0D46984622688DF8490023
:109C70008DF84800002F00F09280D7F8C00100282E
:109C800000F08D8046680346002800F09480186834
:109C9000BC30F6F707F9636907304FEAD00A6BB1B9
:109CA000AB1C994579D3C0F3C7202A78824274D17E
:109CB00069785FFA8AF291426FD11D4605EB0A037B
:109CC00099456AD101213046F6F7F4F8002877D09B
:109CD0002368304629463025DE695246039605AE94
:109CE0009B690096029312AB0195F6F7B1F906460F
:109CF000226804ABE06B92F8CC20D0F88016C2F357
:109D00004002D0F87C0604F069FA20689DF84850BB
:109D100030229DF8103006A99DF849C09DF811E049
:109D200085EA03098369C0698CEA0E05DDF814A091
:109D3000984778BBB8F5097F44D8C8F509732F2B2D
:109D400040D949EA05058AF0300308F25341E26B35
:109D50002B43302539443343C2F810540DF1170614
:109D60000DF147055F421F43FF176FEA070E4FFAD9
:109D70008EFE16F8012F013015F8013F3A400EEA29
:109D80000303134301F8013FE36BD3F8103483421C
:109D9000EFD800201EB0BDE8F087104EA8E7916E06
:109DA00029B98FB1D7F8C0318BB10E466FE74E6835
:109DB00087B90B466BE7936E002B3FF469AF66E7FC
:109DC000074E95E70748E5E73E46384660E71E46FA
:109DD00018465DE7D7F8C00155E700BF0084FFFFD4
:109DE000008AFFFF0094FFFF41648264C3647047F0
:109DF000036893F8CC30DB0716D570B515460446DA
:109E0000D0F8E0000E4608F00FFF2946012008F0C8
:109E100053FFC4F8E00048B131462A4608F01CFF61
:109E2000C4F8E450002070BD01487047014870BD7F
:109E3000008FFFFF0081FFFF4368102B00F0E084DC
:109E4000C36B2DE9F04F0446AFB0002B00F06584E2
:109E500003F038FB002840F07C81226892F8CC3077
:109E6000980740F17981E16B91F8EC31012B00F01A
:109E700056846368122B00F25084DFE813F0DF0190
:109E8000D9010C04E301E70134033B025202E3026F
:109E90006702DF025602BD035A025E0262024E04EE
:109EA0004E04DD019369002B01F03084D4F8C050DA
:109EB00092F8CC2061692B1DC2F34002206904F0A6
:109EC0008DF9AF1D2368042239469E69D869B047D1
:109ED000002840F03E8123681C2205F10A019E699A
:109EE000D869B047002840F03481D5F80660D5F82D
:109EF0000A00D5F80E10D5F81220D4F83CE0CEF8C0
:109F00003464CEF83804CEF83C14CEF84024D5F8AA
:109F10002220D5F81660D5F81A00D5F81E10CEF814
:109F20004464CEF84804CEF84C14CEF85024E36BC9
:109F3000D3F87826002A41F0E480A268A66B8AB99B
:109F4000B2687AB12068026A62B13146806A90478D
:109F5000E36B002801F0D280D3F87826002A41F084
:109F6000D080A66B6268D3F8883601326260002B1D
:109F700001F07982002106F10C002022B16008F086
:109F80008FFEA36B05F127069B68304685F82630C7
:109F9000A16B8A680C3108F05FFEA26B13689268AF
:109FA0001B1206EB0209B354A36B09F1030709F175
:109FB00005081B6889F80130A36B5B6889F80230DB
:109FC000D4F8E820012A01F0868202200023A16B48
:109FD00091F87020002A01F04382391801220026EE
:109FE0004FF0050A3E548E704A70CA70A26B92F808
:109FF00070200A71A16B4A6F53444AB19A1C002029
:10A000000426B918B85432468870C8704E70A16BD7
:10A01000666903EB020A8A6FB6FA86F67609002AA9
:10A0200001F0DD81002E41F0DA810868FDF7E2FFE2
:10A0300038B1007AEDF784FC18B14378022B01F0B7
:10A04000DF8366690023B6FA86F67609E16B53442E
:10A05000D1F88C26002A01F00082002E41F0FD810B
:10A060009A1C1720B918BE548E70CE700426487002
:10A07000E16BD1F888261E445AB1B31C00204FF082
:10A08000230E0422F918F8548870C87081F801E092
:10A09000E16BD1F88436164413F0010310D0B31CE1
:10A0A00000214FF00B0C4FF0020EFA18F95401206A
:10A0B00006239170517182F801C082F803E010719B
:10A0C0001E44D4F8DC20B31C07EB030A002A01F07D
:10A0D000F88200211022F9548AF80120D4F8DC001B
:10A0E00008F0AEFD02460AF1070002F1070B02F18B
:10A0F000030E511C5FFA8BF34FEA1E2EA3F1040CE2
:10A10000090A8AF802E0A3F1060E073B8AF803C0A9
:10A110008AF805E08AF806308AF80410D4F8DC10D2
:10A1200008F09AFD16EB0B0606D0330A08EB06077B
:10A1300089F8046089F803307D1B1621D4F8C030FB
:10A140000222C4F8C8502046C4F8C4101A7003F0A4
:10A150000DFA2FB0BDE8F08F6368122B00F2DD829C
:10A1600001A151F823F000BF3DA2016031A20160BE
:10A17000A59E016045A201604DA20160E5A40160B9
:10A18000F5A2016023A3016045A401604DA3016015
:10A190003DA401602BA30160F7A5016033A301601A
:10A1A0003BA3016043A301601BA701601BA70160E3
:10A1B00039A201600521204604F02CFB0028C8D1FB
:10A1C000636E1A78162A40F0EA82226801330EA9DB
:10A1D0000DA892F8CC20C2F3400204F009F80D9BC0
:10A1E000022B40F3DC82236893F8CC30990740F1CE
:10A1F0001C83A368002B40F01A85236E1A78002A6E
:10A2000040F0CD825D78002D40F0C98253F8021FE6
:10A210002046D4F8B020C2F802109B88D38004F006
:10A22000D9FB002800F0FE82C4F88850C4F88050A2
:10A23000A368002BC4D1BDE7A8488AE7012300200A
:10A24000636086E7204603F0A9FD82E7E16C002207
:10A250000D680D92AE7A721ED2B2092A08D801207A
:10A2600040F2513100FA02F21140002940F09D8283
:10A270000423062EC4F8C83000F00185082E00F033
:10A28000FE84022E00F0DE84062E00F0DB84002720
:10A29000082E00F23E850123B34013F48C7F00F0BA
:10A2A000388522680023906F0F930178E9B1D4F8C4
:10A2B0003CE0DEF8B4713E68002E01F098823378FD
:10A2C000994201F066803A4603E01B788B4201F028
:10A2D000608052F8043F002BF7D110F8011F0029CD
:10A2E000EAD11368002B41F053807D480023C4F865
:10A2F000C8302EE7D4F8C0300E2204201621C4F84E
:10A30000C800C4F8C4101A7094E80C0001336360EC
:10A3100092F8CC309B0700F17782204603F026F9B3
:10A3200017E7204605F06EFA13E7204605F09CFC7F
:10A330000FE7204603F094FF0BE70F230020636034
:10A3400007E7204602F01AFE002002E7E36C1B68D4
:10A350009B7A5A1F032A40F224820B2B00F02182A1
:10A36000A36BDB6D002B00F01C82204604F02EFC5A
:10A3700010F5CB4FF9D000287FF4EBAE204604F067
:10A3800007FA10F5CD4FF0D010F5CB4FEDD00028E7
:10A390007FF4DFAE6368A26F0133162A636041F079
:10A3A000B080236F1A780F2A41F0AB802268616970
:10A3B00092F8CC2002F00202002A15BF0E250625D5
:10A3C0000C270427032901F0F580A36B0421D86D25
:10A3D000BC30F5F76FFD002841F08A8106464FF04A
:10A3E00024090DF13C08BD1CD4F8A0309D4201F2B7
:10A3F0008880226FD119D75D4A7842EA0727EA1987
:10A40000934241F07E80E36B0FA92046D3F80434D9
:10A410009847A26B216F4B46D06D42460D443146A2
:10A42000BC308DE8A000F5F74DFD054600287FF40F
:10A4300090AE204603F02CF828468AE6204605F028
:10A44000BBFB86E6E36C20461D6805F0AFF80028EC
:10A450007FF47FAE2268236F92F8CC20D4F8A060FE
:10A4600012F0020FA26F1E440CBF04210C21162A09
:10A4700019440F9140F04A841B78102B40F0468419
:10A48000AB7A022B00F05C87A3F10902012A40F2AB
:10A49000B183DA1E012A40F2AD83052B01F07580ED
:10A4A000072B01F0B280062B01F0E980082B01F0A8
:10A4B0000B81012B41F06680324600232046FFF7D6
:10A4C000CBFB00287FF445AE204602F0AFFD00280C
:10A4D0007FF43FAE6368013363603AE68095FFFF27
:10A4E000808CFFFFE16BD1F8C4310621E26C032BB5
:10A4F000D4F8C0701268616000F08A81927A511FAE
:10A500000B2A18BF032940F27D81B3FA83F35B095C
:10A51000002B40F0778102224FF0010A4021FE1DFE
:10A5200087F805A0B9713A716269032A00F066875D
:10A530004FF008084FF007092068B11C90F8CE30A2
:10A5400003F0020303F0FF02002B00F0B385E36B7E
:10A55000D3F8CC51002D01F0DF80AB69002B01F066
:10A560008A8107F5205B6E6C8B45C1F03B81C1EBA6
:10A570000B03B342C1F0368106F1020E4FF0000A20
:10A580009E450ED901F099B9AB69D3B18B456E6C7C
:10A5900017D3C1EB0B039E4213D806F1020E73458D
:10A5A0000FD30B46300A3246F24403F8020B18462A
:10A5B0004E70A96C08F050FBD5F830518119002D70
:10A5C000E2D1CAF307225FFA8AFAD4F8C030C91B75
:10A5D00016200D26C4F8C810C4F8C40020461E700A
:10A5E000D4F8C03003F80920D4F8C03003F808A02C
:10A5F00002F0BCFFADE5E16BD1F88836002B00F02E
:10A60000FB80D4F8C030162104220FAFC4F8C41068
:10A610000EAE1A702568D4F8C020A86DA16B02F5A3
:10A6200020530A328DE8C0002D6DA847002840F065
:10A63000DB820E9AC2F30726D1B20A320F9B0025A5
:10A64000D4F8C07020464FEA136E87F804E04FEA52
:10A65000134ED4F8C07087F805E04FEA132ED4F8F3
:10A66000C07087F806E0D4F8C070FB71D4F8C03031
:10A670001E72D4F8C0305972E36BC4F8C820C3F816
:10A68000885602F073FF64E5226892F8CC3099078F
:10A690007FF508ACE16B91F8E031002B3FF402ACA0
:10A6A000D4F8C0302069043361690F9392F8CC204C
:10A6B000C2F3400203F092FD0F9D2068AB1C0F9384
:10A6C000466C002E00F05E87D4F8AC7042F64D1256
:10A6D00005F103092EA93A44D4F8E47041F87C9DB1
:10A6E000D4F8E030C06C0097B04700287FF431AD5B
:10A6F0000F9B162703261221C9EB03032046AB70DC
:10A700000F9BD4F8C020C4F8C4709B1AC4F8C8309A
:10A710001670616002F02AFF1BE5404819E52046EB
:10A7200003F05EFE00287FF414AD6368122BF4D8AA
:10A7300001A252F823F000BF3DA2016031A20160E6
:10A7400089A6016045A201604DA20160E5A40160F7
:10A75000F5A2016023A3016045A401604DA301603F
:10A760003DA401602BA30160F7A5016033A3016044
:10A770003BA3016043A301601BA701601BA701600D
:10A7800039A20160099B53F8044F0993002C40F053
:10A79000D7863C4620467822022103F0F1F9204872
:10A7A000D7E40A2300206360D3E4A6F10902012A5A
:10A7B0001ED8E36B002B00F09284D3F8C031002B3D
:10A7C00000F08D8458680221F5F774FB78B1E36BD3
:10A7D00003F18000002B00F08A84D3F8C031002BF5
:10A7E00000F085845B6800225968EFF72DFA6368F2
:10A7F000013300206360ACE4204603F05BFBA8E477
:10A80000064870470020A4E4204603F00BFD84E5D1
:10A81000236893F8CC30C3F381036FE6008FFFFF0A
:10A820000087FFFF204604F043F9A26EA16810786C
:10A83000537843EA0023002940F0F981B3F5205F03
:10A84000ADDC22681F46204692F8CC3013F0020F90
:10A850000CBF05210D21394403F0DCFF00287FF4F3
:10A8600078AC236893F8CC3003F0020303F0FF02C6
:10A87000002B00F0858507F10D03C4F88830266FA2
:10A880003A46E36B20463146D3F8003498472568B2
:10A8900095F8CC3003F00203002B0CBF04220C22ED
:10A8A00003F0FF039742FFF47AAF3278012A7FF476
:10A8B00076AF7278002A7FF472AFB278002B40F046
:10A8C000F081F37843EA022304339F427FF467AFB9
:10A8D000331D05930423FF1A252F7FF660AF95F8EB
:10A8E000CC2004F11401059B04F11000C2F34002D6
:10A8F00003F07EFC22692368E16B6069C1F87C2665
:10A90000C1F8800693F8CA50AA42C0F2188793F89B
:10A91000CB50A842C0F2138793F8C850AA4240F324
:10A92000CC83256193F8C9306361DDF814C06346B8
:10A9300053F802EF5E689D68D868C1F814E4C1F866
:10A940001864C1F81C54C1F820049D69D3F810E0C4
:10A950005E69D869C1F824E4C1F82864C1F82C54B0
:10A96000C1F830049CF82250202D00F2638105F1DB
:10A9700024084745C0F05E81A06B2022002185603D
:10A980000C3008F08DF9A06B059E82680C3006F142
:10A99000230108F061F9206890F8CC309B0740F162
:10A9A00092832335725D1544EB1C9F42C0F0C08733
:10A9B000D0F848C0BCF1000F03D0A368002B00F012
:10A9C000A680002A7FF4EBAE6B1C08930598089DC7
:10A9D00003460646425D2B445B7843EA0223012B83
:10A9E00019460A9340F32681EB18DA1C9742C0F00F
:10A9F000218111F0010140F01D819A1C835C581ED9
:10AA00000F2800F2178113445A1C9742C0F012819C
:10AA1000A06B416040F27F83DD1CAF42C0F00A8131
:10AA200033443046B65C9B7843EA0626731E022BFD
:10AA300040F20081AB199F4240F0FC800544002E9B
:10AA400000F06983032E40F2F580EB7895F80290D0
:10AA50002A7843EA09296B7809F10407CB4643EACF
:10AA60000223BE42C0F0E68000220692079231E047
:10AA7000042B00F0048200F39180002B00F0708220
:10AA8000012B42D1B9F1010F40F021832B79042B26
:10AA900000F21D83A26B3D4482F87030CBEB0606BA
:10AAA000731F043E022B40F2C580002E00F0368357
:10AAB000032E40F2BF80EB7895F802B02A7843EA83
:10AAC0000B2B6B780BF10407D94643EA0223B742FC
:10AAD00000F2B0800D2B00F00F82C9DD172B00F0C3
:10AAE000D18226DC102B00F0D981162B0DD1B9F1C3
:10AAF000000F40F09F80206890F8CD309A0704D571
:10AB0000636913B1A36B01229A673D44C6E7059BB5
:10AB1000D4F8E46003EB0801D4F8E0300096C06C90
:10AB2000E047E36B002800F04A86012283F8E02129
:10AB30004AE7232B00F061814FF601729342E4D182
:10AB4000A368002B00F04E84D4F8EC305A1C5A4510
:10AB500040F0D5852A79934240F0D185002204F156
:10AB6000FC008DF8332083B105F1050E00EB030CDA
:10AB70001EF8013B10F8012B9DF83310534084451B
:10AB800043EA01038DF83330F2D19DF83330002BC6
:10AB900040F0B58501233D4406937FE70A2B00F082
:10ABA00021820B2BB1D1E06BD0F8843643F0010346
:10ABB000C0F88436B9F1000F3CD02B795A1C5A45A5
:10ABC00038D1691D002BA0D06A79012A40F258843F
:10ABD0001944AB1D04E013F8012B012A40F2508404
:10ABE0008B42F8D13D4459E700230A2219460E93BF
:10ABF0001E4623E5E06B721A8030EFF775F80028E7
:10AC000040F0738525684FF40073E06BEE6900F245
:10AC1000544200F5826101968030AD690095EFF7EE
:10AC20007BF800283FF450ACBC48FFF792BAD4F848
:10AC3000A07024E620463222022102F0A1FFB8488B
:10AC4000FFF787BA21680022D1F884300F92002BD9
:10AC500000F01B84D1F89030002B00F01684E06BDC
:10AC600001F188027C310430EEF7BEFC002800F0D0
:10AC70000F8410F5CA4F7FF439ABFFF76ABAD4F8E6
:10AC8000C03005210022C4F8C8101A71D4F8C830A9
:10AC9000D4F8C010581CC4F8C800CA54AE7AFFF7E4
:10ACA000F0BAF37843EA02230C339F427FF477AD86
:10ACB000A368206F012B00F0278401794379E26BB0
:10ACC00043EA0123591CC2F8D431C2F8D811837960
:10ACD000002B40F01E85C379002B40F01A85037AC3
:10ACE000002B40F0168500F109010322013007F026
:10ACF000D3FF002840F00D8595F8CC309A077FF5FA
:10AD0000E7AD06F10C0305930C23E4E58548FFF756
:10AD100020BAD4F8C030B21E022A47D8D4F8C820CE
:10AD20000021284613440E91C7EB0309FDF778F97B
:10AD300063698046032B00F0FB84A87A042800F0A6
:10AD40006E850FAE24254B463A46314620460E9579
:10AD500005F014F800288CD105466369032B00F038
:10AD6000B685E16B2768002900F09585D1F8C031E0
:10AD7000002B00F090855A68002A00F08085D4F8F6
:10AD8000C80032462946D4F8C060851C586873193B
:10AD9000FD6903950DADBE698DE868000E9BF5F762
:10ADA00023F900287FF465AFD4F8C0300D9ABAB10A
:10ADB000D4F8C810120A481CC4F8C8005A54D4F871
:10ADC000C830D4F8C020581C0D99C4F8C800D1541C
:10ADD0000D9AD4F8C810D4F8C0300A44C4F8C8207A
:10ADE00016210C222046C4F8C4101A70636801337F
:10ADF000636002F0BBFBFFF7ACB90FA801F0A2FD46
:10AE00002068D0F85480B8F1000F3FF47EAE036D97
:10AE1000002B3FF47AAEE36B0122C3F88826B9F128
:10AE2000000F3FF472AEA368002B7FF46EAE806D0E
:10AE30005B462A1D0FA9C047002840F0DB84D4F8E8
:10AE4000388012A83D44D8F8083008F10C011A46A1
:10AE5000119307F001FF404601F078FD7C220FA915
:10AE6000A06B07F0F9FE7C210FA8F6F777FEE36BE5
:10AE700000220121C3F88826C3F878160EE6B9F13E
:10AE8000000F7FF4D7AE206890F8CD3059067FF5DB
:10AE90003CAEA36B01223D445A67FFE52068D0F821
:10AEA000A4300993002B00F03F84B9F1030F1DDD9E
:10AEB0002979ABF102036A7942EA01229A4215D15B
:10AEC000AB1D2F44BB42184600F02E83EA1DAB7920
:10AED000B91A8B420AD8002B7DD013449F4200F050
:10AEE00023835A1C1B78B91A8B42F4D9204632228C
:10AEF000022102F045FE52E4B9F1010F2F44F5DDC5
:10AF00002A796B7943EA02239A1C5A45EED1D80775
:10AF1000ECD40635AF420BD8C8E000BF0083FFFF7A
:10AF20000087FFFF0084FFFF0235AF4240F2BE8082
:10AF3000687803F09FF880460028F5D0287803F061
:10AF4000A1F881460028EFD00146204603F0EAF838
:10AF50000028E9D14A464146E06B01F077FDE3E77E
:10AF60002068D0F82C80B8F1000F3FF4CEADB9F1D5
:10AF7000010FBBDD6B7995F804E043EA0E2E0EF16C
:10AF800002035B45B2D1BEF1020F05F106021EDDE0
:10AF9000E9792B7A43EA012303F1030CE645A5D3B3
:10AFA000A97961B943E35178937843EA012303F126
:10AFB000030CF4459AD81178002900F038836FF01B
:10AFC00002016244C91A8E44BEF1020FEBD8BEF1F1
:10AFD000000F3FF49AAD20462F22022102F0D0FD4F
:10AFE000FFF7DDBBB9F1010F7FF724AE6B7995F860
:10AFF000049043EA092909F102035B457FF41AAE84
:10B0000019F0010F7FF416AED4F83C80D8F8B431B3
:10B01000002B7FF40FAE4FEA590A04210AF1010A0E
:10B02000BAF10C0F28BF4FF00C0A504607F044FE4F
:10B03000002800F07584BAF1010FC8F8B4017FF65A
:10B0400064ADB9F1000F3FF460AD099405F1080853
:10B05000044602E0BAF1010F11D918F8020C18F8F1
:10B06000012C42EA0020EFF793FE18B120600AF1AC
:10B07000FF3A0434B9F1020908F10208EAD1099C47
:10B080003D440BE5B9F1000F7FF4D4AD206890F892
:10B09000CD305B077FF539AD6369002B3FF435ADEB
:10B0A000E36B01223D44C3F88C26F7E401233D46BF
:10B0B0000793F3E49246FFF788BA93F8C9309842B1
:10B0C000C8BF636131E405F1230308937EE42046A1
:10B0D0002F22022102F054FDAB48FFF73AB8236853
:10B0E0009B6E002B7FF46EAB1846FFF76CBB23689A
:10B0F0009B6E002B7FF476AB5B68FFDE0122C3F80A
:10B1000078260C232046636001F090FF00283EF46F
:10B1100038AFFFF71EB8002306930793089D002160
:10B12000059B02350A982B449E1C1D46334603E0BE
:10B130000231023388420ED913F8022C562AF7D175
:10B1400013F8017C002FF3D12068636990F8C910CF
:10B150008B42C0F2DE83079B002B00F0708300233C
:10B160000A9916F8022C22B916F8012CFF2A00F0D1
:10B17000EE82023302369942F3D8D4F8E820012A4D
:10B1800000F0BF83206890F8CC3003F03003202B10
:10B1900000F06983A168012900F05D83636950F8BC
:10B1A00023603068002800F080830A9B0021A046BD
:10B1B0005F1E6B1C47F0010705932F44059D03E0BC
:10B1C000BD427BD00235306815F8012CC0F307234F
:10B1D0009A42F5D12A78C3B29A42F1D1FCF70AFF1C
:10B1E0008146002800F0CE81D8F8143002699A42D6
:10B1F00000F38280826993427EDCD8F8003093F8B5
:10B20000CC309C0702D5037F580775D44846FCF71D
:10B2100029FF40B1D8F83C30D3F8B431002B6BD0C3
:10B220001B68002B68D04846FCF72AFF20B1D8F8ED
:10B230000030DA6B002A52D0D8F81430032B00F01B
:10B2400031824846FCF7ECFED8F83C308346D3F810
:10B25000C841002C00F0A982002800F00E824FF0B7
:10B26000000A20685946BC30F4F724FE002845D176
:10B27000A46853460CB19A46F3E7BAF1000F3BD0ED
:10B280004446D046E36BC3F8C08163683568A06B61
:10B2900001332268E16C0560C1F80090636092F8A8
:10B2A000CC3003F0020303F0FF00002B3EF451AF5B
:10B2B000204603F06FF80020FEF74BBF56F8040F4E
:10B2C00000287FF47BAF4446002900F0EE82404620
:10B2D0002822022102F054FC2C48FEF73ABFD3F892
:10B2E00094204AB1D3F89C2032B1D3F8A0201AB1EF
:10B2F000D3F89830002B9FD1012161E70FAB0122D9
:10B300004946206802F022FF0028B1D1BBF1040FAA
:10B3100000F09F81D8F81430022B00F39681236847
:10B3200093F82831042B00F09081BAF1000F14BF7C
:10B3300053462346A468002C9DD144469A46A0E774
:10B3400032460FA904F13C00FEF764FC00287EF4AD
:10B3500000AF0F9B9E427FF4D9AC25684FF4097271
:10B36000E06BEE6900F5826300F25441019604300F
:10B37000AD690095EEF7D6F900283FF4A5A853E48F
:10B38000C4F88020FFF77BBA0087FFFF8096FFFF9D
:10B3900019780EF18000F1F723FE00287FF469ACE4
:10B3A00020680FA9D4F8C820C669D4F8C070C2F5C7
:10B3B0002053019686693A44E06B00968030EEF7A0
:10B3C000EDFB00287FF455ACD4F8C8700F9AD4F880
:10B3D000C0303A44AE7A1F44C4F8C8209BE400232E
:10B3E000FEF734BEB9F1010F40F089812B79002BB3
:10B3F00040F08581C4F8E890FFF7CCBB2168D1F814
:10B400007480D8F80000E0B11D46914602E058F87B
:10B41000040FB8B102F042FE83460028F7D001467F
:10B42000204602F045FE0028F1D173192A1D83F849
:10B4300002B0154683F803A006F802B083F8059021
:10B44000E5E705462A0AAB1C3D7205F10909FA71C8
:10B450001E4405F10A08FFF76FB80026FEF709BE83
:10B460009246FEF7C8BD2368202206F10C01B260A7
:10B47000D8699E69B04700283EF483ADFEF769BEE7
:10B48000C0F85C213D44FFF709BBCF48FEF72EBF53
:10B49000E76B07F10800E8F791FD2668D4F8C0E0F3
:10B4A0000146F369381DD4F8C82001930FABB66983
:10B4B00072440096EDF7FCFF00287FF4DAABD4F875
:10B4C000C8700F9AD4F8C0303A44AE7A1F44C4F81A
:10B4D000C820FEF7DDBEFF2389F8062089F8053075
:10B4E000A168002940F03C8109F10A0389F807109E
:10B4F00089F8082089F80910C8EB0303981CFEF7A7
:10B5000066BDB248FEF725BEE16B90F804E04379D2
:10B51000D1F8D82143EA0E2393427FF440A90133A6
:10B52000C1F8D831FFF7D3BB099BD3F80090B9F12C
:10B53000000F3FF42FA90B963E4627464C46814606
:10B54000204607F07DFBB14582463FF41BA94D46DE
:10B5500003E04544AE423FF415A995F8008001355B
:10B56000C245F6D152462146284607F095FB0028F1
:10B57000EFD1A1463C4637460B9EC4F8DC903D46D1
:10B58000FFF78CBA9248FEF7E4BD32460FA9204679
:10B59000FEF7D4FA00287EF4DCAD0F9B9E427FF4C8
:10B5A000B5ABA97A204602F0AFFC00283EF48CAF80
:10B5B000FEF7CFBDD4F8A020AA42A2D3D85D02F0F6
:10B5C00061FD064600289CD0236F2046D95D02F01D
:10B5D0006FFD002895D1236F042E3B4414BF0DF15D
:10B5E0003C080DF14C08587802F044FD0146002853
:10B5F00087D0A36BD86DBC30F4F75CFC002880D0FA
:10B600002F464FF00009FEF7EEBE32460FA9204646
:10B61000FEF794FA00287EF49CAD324602230F997F
:10B620002046FEF719FB00287EF493ADB9E70332FC
:10B63000006B2146C04700283FF467AA20467022CD
:10B64000022102F09DFAFFF7AAB84346A0461C4625
:10B6500018E6D8F83C202368D2F8B421D3F8C010FB
:10B66000136809782BB903E652F8043F002B3FF426
:10B67000FFAD1B788B42F7D14CE6444605E63246D7
:10B6800020460FA9FEF75AFA00287EF462AD0FA9F2
:10B69000324604F13C00FEF7BDFA00283FF47DAFCE
:10B6A000FEF757BD4846FCF7D1FC014600283FF4A1
:10B6B000C8ADD8F83C0001F0BFF900287FF4C1AD57
:10B6C0001AE69346FEF72EBD32460FA92046FEF736
:10B6D00035FA00287EF43DAD0F99E06B721A803088
:10B6E000EEF702FB00283FF45CAF3A48FEF731BDAD
:10B6F00004264FF014090DF14C08FEF774BE2046E5
:10B700002822022102F03CFAFFF749B83248FEF73E
:10B7100020BD3248FEF71DBDC56E002D7EF41DAF65
:10B72000AA462A46FEF751BF2F443D46FFF7B6B959
:10B73000B8F1000F40F0A6802548FEF7D7BD20469F
:10B740004622022102F01CFA2548FEF702BDA3683A
:10B75000012B00F0888001232068C4F8E8301DE543
:10B76000002209F10A0304F1FC0189F807201846B8
:10B77000D4F8EC205200013289F80820D4F8EC20EB
:10B78000520089F80920D4F8EC2007F065FAD4F8C3
:10B79000EC20034604F1F0011344184607F05CFA6C
:10B7A000D4F8EC2003461344A6E600283FF465AF26
:10B7B000D8F800309C6E002C7FF451AD9CE583F8E6
:10B7C000E001FFF701B900BF008FFFFF8082FFFF9C
:10B7D0000094FFFF8083FFFF008CFFFF808FFFFF3F
:10B7E0008091FFFF4FF0000A5246FEF7EEBE3A4648
:10B7F000FEF773BD0FA83D4401F0A8F8FFF74EB95E
:10B800000AF102031621FA18FE5404239670D6702A
:10B8100051706669B6FA86F67609FEF717BC0546DA
:10B820000FAE0195CDF800903B4631460EAA20465A
:10B8300004F006FB00283FF490AAFFF71ABA04218F
:10B84000204602F06FFC0028E06B0CBF04210021B1
:10B8500001F00AF983E4002A7FF4A0AC1BB1069B37
:10B86000002B3FF49BAC20462822022102F088F9ED
:10B870003348FEF76EBC9A461A46FEF7A6BE31481C
:10B88000FEF734BD4146E06B01F0D6F805460028CE
:10B890003FF452AFC4E7BA6E002AF0D05368002BD1
:10B8A000EDD069B91346FFF76ABA20462822022173
:10B8B00002F066F92448FEF74CBC5246FEF785BEFE
:10B8C000D1F8C031002B08BF1346FFF758BAD4F89F
:10B8D000C8702846D4F8C0907B1CC4F8C83002F069
:10B8E000DDFB09F80700D4F8C8704046D4F8C080E2
:10B8F0007B1CC4F8C83002F0B1FB08F80700FFF762
:10B9000030BAA368012B02D1069B002BABD0206874
:10B9100044E42046022102F033F90948FEF719BC3D
:10B9200020465022022102F02BF90848FEF711BCF4
:10B9300020464622022102F023F90148FEF709BC05
:10B940000087FFFF008AFFFF808CFFFF0081FFFF61
:10B9500070B50446C06B0D46164600F50270F3F74D
:10B96000BBFAE06B3246294600F51870F9F764FE21
:10B97000E06B3246294600F52F70FAF7A7FCE06B22
:10B980003246294600F54A70BDE87040FCF7B0B871
:10B9900070B50446C06B0D46164600F50270F3F70D
:10B9A0009BFAE06B3246294600F51870BDE87040FE
:10B9B000F9F742BE30B5AFB005460C4601A8F2F724
:10B9C00037FE17A8F8F774FCE96B01A801F50271BE
:10B9D000F2F738FEE96B17A801F51871F8F772FC59
:10B9E000214601A8F3F77CFA04F1100117A8F9F732
:10B9F00027FE01A8F2F720FE17A8F8F75DFC2FB08C
:10BA000030BD00BF2DE9F043866BBBB004468846CD
:10BA10009146002E3BD00DA81E4DF2F709FE23A83B
:10BA2000F8F746FCE16B0DA8242701F50271F2F747
:10BA300009FEE16B23A801F51871F8F743FC164BDA
:10BA400004A90DA8B9F1000F08BF1D46F3F748FA85
:10BA500008A923A8F9F7F4FDE46B0C232A4630214A
:10BA6000CDF80480029306F12C0004AB0097D4F8C3
:10BA70000C44A0470DA8F2F7DFFD23A8F8F71CFC43
:10BA8000394604A8F6F76AF83BB0BDE8F083466B88
:10BA9000C1E700BFA049002090490020C06B00F51D
:10BAA0002F70FAF713BC00BF30B59DB005460C46A9
:10BAB00001A8F9F723FFE96B01A801F52F71F9F748
:10BAC00027FF214601A8FAF705FC01A8F9F71AFF9C
:10BAD0001DB030BD2DE9F043866BA9B00446884601
:10BAE00091465EB30DA8164DF9F708FFE16B0DA85E
:10BAF000202701F52F71F9F70BFF124B05A90DA8AF
:10BB0000B9F1000F08BF1D46FAF7E4FBE16B0C2307
:10BB10002A46CDF80480029306F12C0005AB00976D
:10BB2000D1F80C443021A0470DA8F9F7EBFE3946B7
:10BB300005A8F6F713F829B0BDE8F083466BD1E706
:10BB4000A049002090490020C06B00F54A70FBF727
:10BB5000CFBF00BF30B5B7B005460C466846FAF710
:10BB600013FEE96B684601F54A71FAF717FE2146A4
:10BB70006846FBF7C1FF6846FAF70AFE37B030BDEA
:10BB80002DE9F043876BC7B00446884691465FB302
:10BB900010A8164EFAF7F8FDE16B10A8302501F554
:10BBA0004A71FAF7FBFD124B04A910A8B9F1000F76
:10BBB00008BF1E46FBF7A0FFE16B0C233246CDF811
:10BBC0000480029307F12C0004AB0095D1F80C44DB
:10BBD0002946A04710A8FAF7DBFD294604A8F5F787
:10BBE000BDFF47B0BDE8F083476BD1E7A049002017
:10BBF0009049002000487047808FFFFF0048704741
:10BC0000808FFFFF70B504460E4601200C211546BB
:10BC100007F052F880B10023216806604560836018
:10BC200009B906E019468B68002BFBD188601846DD
:10BC300070BD2060084670BD004870BD0081FFFFE8
:10BC400060B138B504462068E56806F0EDFF20468F
:10BC500006F0EAFF2C46002DF5D138BD704700BF35
:10BC6000C26B0346416CD2F8FC01814226D0F0B48D
:10BC7000D3F8B05002F5007682B05864C2F8FC11D7
:10BC80006C46376828686A46696876682F606E6017
:10BC9000DD6B03C403CAC5F80002C5F804125A6C70
:10BCA0006AB1596901290ADDD1681269D3F8BC006B
:10BCB0008A1A0244C3F8C02002B0F0BC7047D3F81F
:10BCC000BC20C3F8C020F7E72DE9F04FB7B0044619
:10BCD0009346994603A80191429E439DF2F7F2FADA
:10BCE0002046F2F7E3FA002800F089808246F2F756
:10BCF00049FB0446484606F0A3FF419B04EB0008BD
:10BD000007464344802B73D816AB4946024603EBE3
:10BD10000409484606F0A0FF16AB419A03EB080061
:10BD2000409906F099FF5146012203A8F2F7EAFA7A
:10BD3000804610B137B0BDE8F08F419B5A4601995B
:10BD400003A81F44F2F756FB494603A83A46F2F708
:10BD5000C7FB16A903A8F2F7D7FB002D4CD0274448
:10BD60000DF118096FEA040A03A8F2F703FC3A463A
:10BD700016A903A8F2F7B4FB494603A8F2F7C4FBDF
:10BD800003A8F2F7F7FB224616A903A8F2F7A8FBCF
:10BD900016A903A8F2F7B8FB04EB080E754525D2E7
:10BDA000B5FBF4F104FB115171B108F1FF300AEB5E
:10BDB0000E030DF1170201443344701812F8011FED
:10BDC00003F8011F8342F9D17545F046CCD803A88A
:10BDD000F2F77EFA16A88021F5F7C0FE484640210A
:10BDE000F5F7BCFE002037B0BDE8F08F2146DBE759
:10BDF000044837B0BDE8F08F0DF11809E7E70248B5
:10BE000098E700BF008FFFFF0094FFFF70B584B07C
:10BE1000089E099D0A9C009313460A460146019616
:10BE2000062002950394FFF74FFF04B070BD00BFDA
:10BE300070B584B0089E099D0A9C009313460A467B
:10BE400001460196072002950394FFF73DFF04B0D9
:10BE500070BD00BF2DE9F04FADB090469A468B46BD
:10BE6000019004A8379D389CF2F72CFA404606F062
:10BE7000E7FE369B00EB030909F11406802E00F261
:10BE8000D88007460246414611A806F0E5FE0CABF5
:10BE900007F114005146369A184406F0DDFE0320DF
:10BEA000F2F704FA0146002800F0CC80012204A831
:10BEB000F2F728FA074618B138462DB0BDE8F08FE2
:10BEC0000BF1010A019904A84FEA5A031A4602939A
:10BED000F2F790FA11A94A4604A8F2F701FB0DA95E
:10BEE00004A8F2F711FBACB3BA4604F00F0309F152
:10BEF000100807AF039304A8F2F73CFB42460DA9D4
:10BF000004A8F2F7EDFA394604A8F2F7FDFA04A8FE
:10BF1000F2F730FB10220DA90DEB0200F2F7E0FA68
:10BF20000DA904A8F2F7F0FA0AF1100E7445C0F05A
:10BF3000848010200AF1FF320DF11B0100232A44F6
:10BF4000013311F801CF984202F801CFF8D87445B7
:10BF5000F246D0D804A8F2F7BBF90420F2F7A6F90C
:10BF6000014600286ED0012204A8F2F7CBF907465B
:10BF70000028A1D1029A04A8019BC2EB0B010B443B
:10BF80001946F2F737FA11A94A4604A8F2F7A8FAB7
:10BF90000CA904A8F2F7B8FA002C5AD02E4BB946D7
:10BFA00007AFA3FB04384FEA181808EB8808A4EB86
:10BFB000880804A8F2F7DEFA32460CA904A8F2F7C2
:10BFC0008FFA394604A8F2F79FFA04A8F2F7D2FADA
:10BFD00014220CA904A8F2F783FA0CA904A8F2F71A
:10BFE00093FA09F1140C64452ED34FF0140E09F1A5
:10BFF000FF320DF11B0000212A4412F8019F01318C
:10C0000010F8013F8E4589EA03031370F5D86445A3
:10C01000E146CED804A8F2F75BF90CA88021F5F729
:10C020009DFD38461421F5F799FD00202DB0BDE89F
:10C03000F08F0A482DB0BDE8F08F039B1846002B07
:10C0400085D077E7064838E7B8F1000FDFD0C6465D
:10C05000CDE707AFDEE700BFCDCCCCCC008FFFFF34
:10C060000094FFFF022906D049420238C9B2C043FA
:10C070005170107070470238FF21C043517010702A
:10C08000704700BF4FF48472002106F009BE00BF64
:10C0900090F8CC3061F3000380F8CC30704700BFDB
:10C0A00090F8CC3061F3410380F8CC30704700BF8A
:10C0B00090F8CC3061F3830380F8CC30704700BF38
:10C0C00041638263704700BF8161C261704700BFF6
:10C0D00001614261704700BF10B4019C81624462FB
:10C0E000C26103625DF8044B704700BFC0F8A8103E
:10C0F000704700BF83650165426542B1084610B4D0
:10C1000014460022234611465DF8044B1847704739
:10C110000165426583657047C1650266704700BF6F
:10C1200090F8CD3061F3C30380F8CD30704700BF85
:10C13000C0F8C010704700BFC0F8AC10C0F8B02005
:10C14000704700BF816202624362704701604160D4
:10C150008160C160704700BF032A03D1032B98BFE1
:10C1600040F82310704700BF41667047C166026700
:10C17000704700BF683045E5002B18BF00292DE946
:10C18000F047089E4BD0202A49D8340C47D1B6F549
:10C19000205F94BF4FF000084FF00108B8F1000F86
:10C1A0003DD10446D0F894001F468A46154658B142
:10C1B000D4F89810F5F7D2FCD4F8940006F034FDCA
:10C1C000C4F89480C4F89880D4F89C0030B106F08C
:10C1D0002BFD0023C4F89C30C4F8A0302946012070
:10C1E00006F06AFD8146C4F8940050B33146012040
:10C1F00006F062FD8046C4F89C0098B12A4651467C
:10C20000C4F898504846C4F8A06006F025FD3246B0
:10C210003946404606F020FD0020BDE8F0870A4878
:10C22000BDE8F0870546484606F0FEFC284606F0C5
:10C23000FBFC00230548C4F89430C4F89C30BDE8EA
:10C24000F087D4F89C50EEE7008FFFFF0081FFFFDE
:10C25000A1B32DE9F041C46B54B3202A94BF4FF031
:10C2600000084FF00108B8F1000F21D10646D4F8BC
:10C27000B8010F46154658B1D4F8BC11F5F76EFC5D
:10C28000F36BD3F8B80106F0CFFCF46BC4F8BC81B3
:10C290002946012006F010FDC4F8B80158B1C4F8D1
:10C2A000BC512A46394606F0D7FC0020BDE8F08193
:10C2B0000348BDE8F0810348BDE8F08100487047BD
:10C2C000008FFFFF0081FFFFC1630264704700BF62
:10C2D000F8B500F17C06044617460A4630461021A0
:10C2E000E8F780FA48B1054688343046E7F768FC3D
:10C2F0002046E7F765FC2846F8BD88343A46102109
:10C300002046E8F76FFA05460028EED12846F8BD2A
:10C31000F8B500F17C0604461F463046E7F754FEA8
:10C3200048B1054688343046E7F74AFC2046E7F72F
:10C3300047FC2846F8BD88343946069A2046E7F778
:10C3400043FE05460028EED12846F8BDF8B500F1B9
:10C350007C0604460F4604313046E7F7B3FC48B18B
:10C36000054688343046E7F72BFC2046E7F728FCE3
:10C370002846F8BD883407F110012046E7F7A2FCF3
:10C3800005460028EED12846F8BD00BFC0F8C4100D
:10C39000704700BF8167704741677047F8B5054631
:10C3A00019B308460E4606F04BFCFF2804462ED86B
:10C3B000D5F8D87057B1384606F042FC01463846E9
:10C3C000F5F7CCFBD5F8D80006F02EFC611C012057
:10C3D00006F072FC0746C5F8D800D0B131462246B7
:10C3E00006F03AFC00203855F8BDD0F8D84054B1DA
:10C3F000204606F025FC01462046F5F7AFFBD5F8B0
:10C40000D80006F011FC0020C5F8D800F8BD02489D
:10C41000F8BD0248F8BD00BF008FFFFF0081FFFF9D
:10C42000C06B00F5E470FFF7EDBB00BFC36BC3F852
:10C43000CC11C3F8D0217047C36BC3F8C411704747
:10C44000C1620263704700BF2DE9F0418046086871
:10C450000F4678B10D4600244FF6FF7606F0F0FB4C
:10C46000431E0444FE2B0AD8B44208D855F8040FE2
:10C470000028F3D1C8F8A4700020BDE8F08101487D
:10C48000BDE8F081008FFFFFD0F8DC00704700BFEF
:10C4900080F8C81080F8C920704700BF80F8CA1023
:10C4A00080F8CB20704700BF90F8CE3061F30003D6
:10C4B00080F8CE30704700BF90F8CD3061F3410373
:10C4C00080F8CD30704700BF90F8CD3061F3820323
:10C4D00080F8CD30704700BF90F8CE3061F3410353
:10C4E00080F8CE30704700BF0429034610D84A1E9A
:10C4F000032A07D9B3F8CC20002061F38812A3F8EF
:10C50000CC207047034850F82220B2F5205FF1D9C3
:10C5100001487047B8050020008FFFFF90F8CD302C
:10C5200061F3861380F8CD30704700BF90F8CD30AE
:10C5300061F3041380F8CD30704700BF90F8CD3020
:10C5400061F3C71380F8CD30704700BF90F8CD304D
:10C5500061F3451380F8CD30704700BF90F8CC30C0
:10C5600061F3051380F8CC30704700BFC0F8B410F9
:10C57000704700BF0A684B68C0F8B820C0F8BC30EC
:10C58000704700BF0346D0F8A800012816D01A68EB
:10C5900092F8CC20920705D5D3F88010D3F88820E4
:10C5A00091420AD8D3F8A02012B1D96F8A4204D39D
:10C5B000586F003018BF012070470120704700BF3E
:10C5C000436F0BB1C06F704718467047436B0BB198
:10C5D000186E7047836B002BFAD14FF0FF30704715
:10C5E00020B1436B13B11868FBF752BD00207047B0
:10C5F000036893F8CC309B0708D54269022A0ED015
:10C60000084B0948032A08BF184670474369032BA3
:10C6100003D8064A52F8230070470548704705487A
:10C62000704700BFBC490020C849002070050020A9
:10C6300080360020B0490020436CCBB11A6DAAB1FE
:10C64000517802290ED011D3063902290ED89A68E2
:10C65000036893F8CC3013F0020F0CBF05230D23B1
:10C66000D018704752695B691A44F1E70548704772
:10C67000036893F8CC3013F0020F0CBF05200D2097
:10C68000704700BF0094FFFF0368B3F8CC30C3F3DA
:10C690008213013B032B10D80D4A52F82320036B61
:10C6A0004BB193F87030013B032B09D9B2F5205FF1
:10C6B00028BF4FF42052104670474FF42052EEE747
:10C6C000034951F823309A4228BF1A461046704752
:10C6D000B805002010B1406B00B1C06D704700BFBD
:10C6E000A0B1026892B110B592F8CC300446DA07D6
:10C6F00004D52046BDE81040FDF79EBBFBF776FD54
:10C70000236893F8CC30DB07F3D410BD00487047A2
:10C71000008FFFFF78B1036810B504461BB908E02D
:10C72000FFF7DEFF30B963682046102BF8D10020F8
:10C7300010BD024810BD0148704700BF008FFFFFC9
:10C74000D022002106F0ACBAF0B51F4690F8CC30EC
:10C75000C5B0044661F300030D46164662F341037B
:10C7600080F8CC3000294BD1D9B2022390F8CD20EB
:10C770004FF47A7E63F3830190F8CE30A0F8B8507E
:10C7800042F09E0243F00203494884F8CC104EF672
:10C79000602184F8CD20102284F8CE304FF0FF3392
:10C7A00060644448C4F8ACE0A064C4F8B010C4F8B5
:10C7B000B420C4F8BA30A4F8BE30022F5CD00122F5
:10C7C0000323964284F8CA3084F8C83084F8C9300C
:10C7D00084F8CB2068D0FBF7B9FB374A374B626649
:10C7E0006367E060A06060602060EEF79FFA4FF43E
:10C7F00080620023A067C4F8C420184645B0F0BD8D
:10C8000090F8CD204FF47A7190F8CE304EF6602E2D
:10C81000C0F8AC1042F01E0243F00203244884F832
:10C82000CD20102184F8CE3000224FF0FF33606419
:10C83000012D2048C4F8B0E0A064C4F8B410A4F8F6
:10C84000B820C4F8BA30A4F8BE30B6D14FF4807224
:10C850001B4904A806F000FA4FF0020E04A9009547
:10C8600003AB4FF4807220468DF80CE0FFF750FDCB
:10C870000028A2D00346C0E7002312480321124A31
:10C88000124E134DA067184684F8CA1084F8CB10D6
:10C8900084F8C81084F8C910E260A2606260226067
:10C8A0006666656745B0F0BD022384F8CB3092E739
:10C8B000F5BB0160FDBB016008F602603C69002029
:10C8C00048040020606900205469002018F60260C6
:10C8D0006469002038B505467C30E7F771F905F149
:10C8E0008800E7F76DF9D5F8940060B1D5F8981095
:10C8F000F5F734F9D5F8940006F096F90023C5F859
:10C900009430C5F89830D5F89C0060B1D5F8A010E7
:10C91000F5F724F9D5F89C0006F086F90023C5F850
:10C920009C30C5F8A030A86E28B1846806F07CF968
:10C930002046002CF9D12846D021BDE83840F5F733
:10C940000DB900BF7C22002106F0AAB988B110B54C
:10C950000446C06D20B105F005F8E06D06F064F9FD
:10C96000606E06F061F920467C21BDE81040F5F7C5
:10C97000F5B8704770B50C460646FFF7E7FF7C2216
:10C980002146304606F068F9E36D83B14FF49A71A1
:10C99000012006F091F9F065F8B104F0DDFFE36DD8
:10C9A000F06D5A68996805F049F8054670B9606EEF
:10C9B00058B1A56E0120294606F07EF9706660B177
:10C9C0002A46616E06F048F9002070BDF06D06F051
:10C9D0002BF900232846F36570BD014870BD00BFE8
:10C9E0000081FFFF98B191B1836B83B1026892F827
:10C9F000CC20D2070BD410B504461846FFF7BAFF77
:10CA000020B9E36B0122C3F8782610BD10BD0148A0
:10CA1000704700BF008FFFFF0B4648B141B1416B2B
:10CA200031B1026892F8CC20D20701D41846A1E7B0
:10CA300000487047008FFFFF012905D0042901D16C
:10CA4000407870470020704700787047012906D071
:10CA5000042903D1437803B94270704770470378C3
:10CA6000002BFAD10270704701704170704700BF0F
:10CA7000B0B110B504465030EAF78CFF04F19000D5
:10CA8000EAF788FF04F13800F1F722FC04F14400D2
:10CA9000F1F71EFC2046D021BDE81040F5F75EB846
:10CAA000704700BF38B5C56B002D41D005F5027049
:10CAB000F1F7C2FD05F51870F7F7FEFB05F52F70CD
:10CAC000F8F720FF05F54A70F9F762FE281DECF72C
:10CAD00027FF05F18000EDF73DF8D5F8B40106F029
:10CAE000A3F8D5F8B80138B1D5F8BC11F5F736F888
:10CAF000D5F8B80106F098F8D5F8C80128B18468CF
:10CB000006F092F82046002CF9D1D5F8DC0106F0A9
:10CB10008BF8D5F8E40106F087F8D5F8F001FFF7B7
:10CB20008FF828464FF4D261BDE83840F5F716B8C3
:10CB300038BD00BF2DE9F0410446C06C08B1FFF7D5
:10CB400097FFA06B08B1FFF701FFE56B1DB1204611
:10CB5000FFF7A8FFE56BE36C002B00F08980A36B67
:10CB6000002B76D0002D7AD0E36C002B00F086806D
:10CB7000A06B002800F082807C22002106F090F853
:10CB8000E56CD0220021284606F08AF805F1500015
:10CB9000EAF7FCFE05F19000EAF7F8FE05F138002F
:10CBA000F1F790FB05F14400F1F78CFBE56B4FF4D6
:10CBB000D262002105F5027805F51876284605F5BC
:10CBC0002F7706F06DF84046F1F732FD3046F7F763
:10CBD0006FFB4046F1F73CFD3046F7F779FB05F572
:10CBE0004A763846F8F78AFE00213846F8F796FE6E
:10CBF0003046F9F7C9FD01213046F9F7D5FD00238C
:10CC0000264A281D2B70C5F800246B70ECF71EFC1B
:10CC100005F18000ECF798FF03222368C5F8C421D2
:10CC200093F8CC20920711D5E26B616CC2F8FC112D
:10CC300093F8CC3013F0010318BF022382F8EC31D3
:10CC4000636D1BB10022206D114698470020BDE89E
:10CC5000F0817C21012006F02FF8A06382E74FF4D9
:10CC6000D261012006F028F8E06338B105467BE781
:10CC7000D021012006F020F8E06470E7284605F096
:10CC8000D3FFE06C05F0D0FFA06B05F0CDFF0023D3
:10CC90000348E363E364A363BDE8F08151B9016035
:10CCA0000081FFFFF8B504460F46012042F64D1102
:10CCB000276006F001F8E06500284FD0054642F6EF
:10CCC0004D11012005F0F8FF0646C4F8AC0000281D
:10CCD00040D097F8CC309B071ED400F1080E00F12D
:10CCE0000B0700F10D0205F10D0305F1080005F138
:10CCF0000B01C4F8B060606620462566C4F8B4E055
:10CD0000C4F8B870C4F8BC20C4F8C020A166E366BB
:10CD10002367BDE8F8400DE700F1030E00F10B07B3
:10CD200000F10D0205F10D03E81C05F10B01C4F83B
:10CD3000B460206620466566C4F8B0E0C4F8B870F8
:10CD4000C4F8BC20C4F8C020A166E3662367BDE830
:10CD5000F840EFE6284605F067FFE6650048F8BDB5
:10CD60000081FFFFF8B50022436D04460D46426086
:10CD700013B11146006D9847E26D00230D32A36098
:10CD8000E360C4F8EC30C4F8F030C4F8F430C4F810
:10CD9000F830C4F8FC30C4F80031C4F80431C4F8E9
:10CDA000E8306367A367E36722670DB9C4F8805072
:10CDB000D4F8AC0000230026002700F10D0194F9FF
:10CDC000D020C4F88830A4F88430C4F8C010C4F867
:10CDD000A030C4F8A430C4F8A830C4F8C430C4F8F3
:10CDE000C830C4F8CC30C4E92467C4E926670AB166
:10CDF00084F8D030002342F64D1223641946636450
:10CE000005F04EFFCDB1A06C30B1FFF731FEA06C44
:10CE100005F00AFF0023A364606B30B1FFF796FDB5
:10CE2000606B05F001FF002363630023C4F8DC306E
:10CE300055B12046BDE8F8407CE642F64D12294641
:10CE4000E06D05F02DFFDEE7D4F8E00005F0ECFE24
:10CE5000C4F8E050C4F8E4502046BDE8F84069E664
:10CE600000217FE710B50446FFF764FE80B9236810
:10CE700093F8CC309A0702D5A268032A09D0002281
:10CE8000012320466260A360BDE81040FFF742BC6A
:10CE900010BD13F0010F4FF00102E36B14BFC3F894
:10CEA000D421C3F8D821EAE7002850D038B5044689
:10CEB000D0F8AC0038B142F64D11F4F74FFED4F87B
:10CEC000AC0005F0B1FEE06D30B142F64D11F4F763
:10CED00045FEE06D05F0A8FEA06C20B1FFF7C8FD8F
:10CEE000A06C05F0A1FEE36B8BB12046FFF7DAFDE5
:10CEF000E06CFFF7BDFDA06BFFF728FDE06B05F0D0
:10CF000093FEE06C05F090FEA06B05F08DFE606B6B
:10CF100020B1FFF71BFD606B05F086FED4F8D850FA
:10CF200055B1284605F08CFE01462846F4F716FE5A
:10CF3000D4F8D80005F078FED4F8E00005F074FECF
:10CF400020464FF48471BDE83840F4F707BE7047BF
:10CF500010B50446FFF7A6FDE06B05F065FE002363
:10CF6000A06CE36320B1FFF783FDA06C05F05CFECD
:10CF7000E26C0023A264E36410BD00BF38B583688F
:10CF80000446C26B012BD2F878562CD0606B38B1B6
:10CF9000826FA36B9A67FFF7D9FC606B05F044FEC4
:10CFA00023680020A16B5A6A6163A06312B188688C
:10CFB00000B1EDB193F8CC309B070DD5E36BD3F8FE
:10CFC000F0314BB1636D1BB10022206D11469847C3
:10CFD00063680133636038BD2046FFF7B9FF6368BB
:10CFE0000133636038BD022200238260C360CDE755
:10CFF000986A90472368DDE710B50446C06B00F5DA
:10D000000270F1F725FBE06B00F51870F7F760F997
:10D01000E06B002100F52F70F8F780FCE06B012138
:10D0200000F54A70BDE81040F9F7BEBB2DE9F04F9E
:10D03000836BD9B0C66C054604933368C46B187A09
:10D04000EAF77EFC002800F0F08133688046587AC9
:10D05000F1F72CF98246002800F0E7816B69022B7A
:10D060002FDC934B934AC4F80C34934BC4F804243C
:10D07000C4F80834D4F8783653BBEB6BD3F88C265D
:10D08000012A00F0F080049B302204F2544904F29B
:10D09000144B2C33D4F810140292184606934023F4
:10D0A000864A0190484600935B46D4F80C74B84712
:10D0B00058B918AB05934FF409714846F4F74EFD83
:10D0C0000FE0032B00F07A817D4859B0BDE8F08F66
:10D0D000049B04F2144B04F254492C33069318AB0E
:10D0E00005935F460DF1200C3868103757F80C1C7B
:10D0F000E64657F8082C0CF1100C57F8043C4F4545
:10D10000AEE80F00F0D110AF0DF1200E0FCFCBF82D
:10D110000000CBF80410CBF80820CBF80C300FCF70
:10D12000CBF810004027CBF81410CBF81820CBF820
:10D130001C30BEE80F00C4F83404C4F83814C4F836
:10D140003C24C4F84034BEE80F00C4F8440408A8E6
:10D15000C4F848143946C4F84C24C4F85034F4F7E1
:10D16000FDFC4FF48072059B3021029201935B46D7
:10D1700000970698D4F80C44524AA0470028A4D13E
:10D1800039465846F4F7EAFC98F80120D8F80440EC
:10D1900002F0FD03E408082B746000F09780062A73
:10D1A00000F094800122514606F13800F1F7AAF808
:10D1B00000288AD10122514606F14400F1F7A2F875
:10D1C000002882D15046F1F7DDF8049B81465B6F61
:10D1D0007061012B00F03581024698F80130D8F8D3
:10D1E0000C10072BF16000F02281049B9B6F012B38
:10D1F000D8F8143000F03881B2FBF3F203FB0232AE
:10D20000B2606B69012B40F22D81023B012B3FF68E
:10D210005BAF03B2B268059C0A445B0005992044E9
:10D220003769746801EB030BB2602A6892F8CC206E
:10D23000D20700F11C8104EB030A059B07909A4476
:10D2400007B9F768059B3A460AEB040106F1180096
:10D25000049305F001FD39193A4606F128005144BE
:10D2600005F0FAFC68E018AAD3F804342846114601
:10D27000059298476B69032B00F0AE802422049B33
:10D2800004F25449D4F810142C3300920E4A184674
:10D2900006933023019048460293059BD4F80C7402
:10D2A000B84700287FF411AF04F2144B03E700BF26
:10D2B00055BE0160B5B9016005BA0160F0490020B2
:10D2C0000094FFFF004A0020D849002000230C27CB
:10D2D0000A2A7361F76000F096800422082317463B
:10D2E000326131682A68097F11F0020F0CBF1021EA
:10D2F00008210B44B36092F8CC9019F0010900F0BA
:10D300008E80059A002392469946049204EB030B03
:10D31000059B9B44002F67D0059B3A460BEB04010D
:10D3200006F12800079305F097FC39193A4606F1F3
:10D330001800594405F090FC6B69002B7FF7C4AED0
:10D34000B9F1000F52D12B68DC6D3CB1186E4B4621
:10D35000019775680699059A0095A04706F1500453
:10D3600041462046EAF726FB00287FF4AEAE903611
:10D3700041463046EAF71EFB00287FF4A6AE594628
:10D380000123D8F804202046EAF740FB00287FF468
:10D390009CAE03465146D8F804203046EAF736FBE7
:10D3A00000287FF492AE98F80130022B4CD00598FB
:10D3B0004FF48071F4F7D2FB002086E633685B7A85
:10D3C000072B22D02B4B2C4AC4F80C342B4BC4F81F
:10D3D0000424C4F808344DE6EB6C1B685B7A072B19
:10D3E00014BF202230224AE7F76895E704994A469D
:10D3F00006F13800F0F7FEFF4A46079906F14400AF
:10D40000F0F7F8FF9FE737616BE71D4B1D4AC4F843
:10D410000C341D4BC4F80424C4F808342AE6059AD9
:10D4200002EB040A079293460CE718484DE603B254
:10D43000B26005995B0074680844376901EB030B1F
:10D44000F3E60A227261C8E620460421EAF702FBED
:10D4500000287FF43AAE30460421EAF7FBFA0028B0
:10D46000A5D032E603B2E4E71344B360C9E6049002
:10D47000DA464BE70DBE0160A9BA0160D5BA01607A
:10D4800031BE016055BB016081BB0160008FFFFFB1
:10D490004368102B10B5044607D0C36B8BB1D3F88B
:10D4A0000034D0F8A020016F9847236893F8CC305F
:10D4B0009B0706D5E36B23B1D3F8D8210132C3F81B
:10D4C000D82110BD70B5C569002D47D00446D0F8ED
:10D4D000CC0050B936E0D4F8CC108142A1EB00006A
:10D4E00032D3C4F8CC00A8B1E56923680246D4F869
:10D4F000C81093F8CC30091AD4F8B46013F0020FB6
:10D50000A06A0CBF05230D2319443144A847002805
:10D51000E1DC70BD082107E0D4F8B050AB5C01330A
:10D52000DBB2AB5493B9D1B223684A1E93F8CC3026
:10D5300003F00203994203F0FF05EDD805B1022084
:10D54000814209D0002070BD054870BD236893F862
:10D55000CC309B07F6D5F2E7024870BD024870BD9B
:10D560000094FFFF8094FFFF008FFFFF03682DE909
:10D57000F04F93F8CC309DB00446D0F8C8609A07BD
:10D5800043D5C76B002F00F0FA8197F8EC31D0F843
:10D59000C450012B2ED0162D2CD1D4F8C0301D78BC
:10D5A0001DB1E26B002A00F09E80321F100C110AA0
:10D5B0005870D4F8C0309970D4F8C030DA7023684D
:10D5C00093F8CC309B0700F19F81002D00F0A582DD
:10D5D000E36B3246D4F8C0102046D3F800349847A5
:10D5E000236893F8CC309F0740F19782E76BD4F81B
:10D5F000C45047B197F8EC31012B04D025F0020359
:10D60000142B00F0D281EBB204E0D0F8C430162B1A
:10D61000C3D0DBB2D4F8B42013702368206993F828
:10D62000CC3061699D07D4F8B42000F1AE81507010
:10D630009170D4F8B830320A1A70D4F8B8305E70ED
:10D64000656C002D00F0AC80216B00294BD02A6D59
:10D65000D4F8C830002A00F0A281B3F5205F92F818
:10D6600001801E4600F29F81B8F1070F00F0AB80E9
:10D67000B8F1020F00F08D8108F0FD03082B40F097
:10D680007981002310AF0A932A68BE46D4F8B030DF
:10D69000127F1868596812F0020FEB68226808BF01
:10D6A0004FF01008099318BF4FF0080894F8C430E1
:10D6B000D5F81090AEE803008DF8483092F8CC20F1
:10D6C00020699307616900F1BD81DDF824E08DF8E0
:10D6D00049008DF84A10320ABEF10C0F8DF84C60EB
:10D6E0008DF84B2003D0C9481DB0BDE8F08FD5F8A8
:10D6F00010A0BAF1040F00F0B681BAF10C0FF2D10C
:10D700002A46D4F8B0100DAB0DF1370E52F8180FB1
:10D7100001F1FF3C0B930DF13F0B5168926807C379
:10D72000099B1EF8011F1CF8012FF34582EA010234
:10D730008EF80020F5D10993099B0DF1300CD4F837
:10D74000C0E005F15000C9EB0303CDF818800EEBE3
:10D75000060B02969A193B460D270B99C4F8C82070
:10D760005246CDF80CE0CDF804E0CDF814B0CDF879
:10D7700010C00097EAF7F6FB0028B5D10C9BB34226
:10D78000B1D1D4F8C8300A9A4344C4F8C830002A4A
:10D79000A9D1D4F8B820190A1170D4F8B820537060
:10D7A00023682046D4F8C82093F8CC3013F0020F39
:10D7B0000CBF05230D231344C4F8CC30FFF782FEC1
:10D7C0001DB0BDE8F08F6369002B8CDD05F13800DA
:10D7D0000822D4F8B01010AFF0F782FE606C03227C
:10D7E000D4F8B4103830F0F77BFE606C0222D4F825
:10D7F000B8103830F0F774FE606CD4F8C820D4F854
:10D80000C0103830F0F76CFE606C39463830F0F7F5
:10D810007BFE606C3830F0F7ADFED4F8C820636C46
:10D820003946D4F8C00010445A6905F015FA656C01
:10D83000D4F8C86008F0FD026B69082A3344C4F8C4
:10D84000C8301E4600F06681B8F1060F00F0628114
:10D85000B8F1020F7FF447AF01260022581C0D9249
:10D86000ED68B0FBF5F105FB1100281A854200F0C8
:10D87000C780C5B201E0D4F8C830D4F8C0100B445A
:10D880009D5401329042F6D2D4F8C85063690135F4
:10D89000012B0544C4F8C85040F3D0802268636C63
:10D8A0009569D06903F11801DA68A84700287FF468
:10D8B0001BAF616CD4F8BC00CA68183105F0CCF914
:10D8C000606CD4F8C850C268D4F8C0302A44C4F898
:10D8D000C8200DA9C2680193029100F118010095BA
:10D8E0005030EAF713FB00287FF4FEAE0D9B9D42FB
:10D8F0007FF4F9AE6369012B40F3AD80002E00F098
:10D90000CA80D4F8C83044E7D4F8C830C3F52053EF
:10D91000072B48D9D4F8C0000836011D0C3005F09B
:10D92000A3F9D4F8C8300833C4F8C830002D71D03A
:10D93000E36B0022D4F8C010D3F8D4311B0A0B716A
:10D94000E16BD4F8C030D1F8D4115971E06BD4F840
:10D95000C010D0F8D4310133C0F8D431CA800A7273
:10D96000D4F8C0301A4632F8011F9278A3F8091093
:10D97000DA722DE6B8F1060F3FF483AEB3E6D0F8C5
:10D98000C450162D3FF409AE3DE60132FEF76AFBA6
:10D990004FE68A6F002A3FF416AF00265DE7B3F525
:10D9A000205F7FF6A0AE1A489EE61021012005F008
:10D9B00083F98046002800F0AB80D4F8C89001209D
:10D9C000494605F079F9C8F80000002800F09D806C
:10D9D0004A46D4F8C01005F03FF90022EBB2C8F86F
:10D9E0000490C8F80C2088F80830D7F8F01109B96D
:10D9F0004EE01146CA68002AFBD1C1F80C8009E646
:10DA0000D4F8C0101046CA543EE700BF0094FFFF90
:10DA1000008FFFFFD4F8C0301D71D4F8C0305D71A5
:10DA2000D4F8C030DD801D72D4F8C0301A4632F808
:10DA3000011F9278A3F80910DA72D1E5D4F8C0304A
:10DA4000606C46E70DF14902FEF70CFBD5F80CE0DF
:10DA5000D4F8C8603FE6606CC26800F17801183005
:10DA600005F0FAF84AE7D4F8B0200EAEA8690DAB7D
:10DA70000D90106851680B9303C6D4F8BC10106861
:10DA8000526808604A60D4F8C860D5F80CA053E624
:10DA9000C7F8F081BEE5D4F8B01010ABD4F8B4608C
:10DAA0000D220868D4F8C8504968676C03C32B0A74
:10DAB000B6F800E0B67810A907F13800ADF848E0F4
:10DAC0008DF84B308DF84A608DF84C50F0F708FD1A
:10DAD000606CD4F8C820D4F8BC103830F0F700FDE2
:10DAE000D4F8C830D4F8BC10606C19443830F0F762
:10DAF0000BFD606C3830F0F73DFD626CD4F8C83037
:10DB000052691344C4F8C83043E6404605F08CF827
:10DB10000348E9E501230A93B6E594F8C43079E5B2
:10DB20000081FFFF02680146D2F8B430002B10B428
:10DB30000EDB04201624D1F8C0300022C1F8C80042
:10DB40000846C1F8C4401A705DF8044BFFF70EBDDB
:10DB5000D2F8B030D2F8AC20B3FBF2F201324FF081
:10DB6000010303D001335208DBB2FBD1CA68013292
:10DB70009A42CA60DDDD00205DF8044B704700BFAB
:10DB8000A0B170B4046874B1D0F8C0401526022565
:10DB9000C0F8C460C0F8C8502170D0F8C0305A70C6
:10DBA00070BCFFF7E3BC024870BC70470048704788
:10DBB000008FFFFF28220221FFF7E2BF20B3026897
:10DBC00012B392F8CC20D20714D54268102A1BD188
:10DBD0000321D0F8CC208160A2B9D0F8C01030B4B5
:10DBE00004251624C0F8C850C0F8C4400A7030BCE0
:10DBF000FFF7BCBC8268012A08D04368102B03D110
:10DC0000FFF730B9FFF75EBC01487047FEF782BDF1
:10DC1000008FFFFF90E80A00102B91F8CC2001D074
:10DC2000002070478368032BFAD091F8CD309B0613
:10DC3000F6D5B8312DE9F04102F002060446006E37
:10DC4000C6F108078D1930443A46294605F024F8F4
:10DC50008046D4F8B00029463A46304405F01CF816
:10DC6000B8F1000F04DC002802DC0020BDE8F081E0
:10DC70002046BDE8F041FFF7A1BF00BF70B51446D4
:10DC80000E460546FEF700FDA04205D22B6893F82C
:10DC9000CC309B071BD40446D5F8CC3083B917236E
:10DCA000C5F8C84031462246C5F8C430D5F8C00092
:10DCB00004F0D2FF2846FFF759FC38B9204670BD62
:10DCC0002846FFF7FFFB0028F8D070BD70BD014863
:10DCD000FBE700BF008FFFFF002846D0036870B548
:10DCE0000446E3B116460D46FFF794FFC0B96368DA
:10DCF000102B04D02046FEF70DFD002834D12368F8
:10DD000093F8CD30DB0604D5012E02D96369012BCF
:10DD100007DD324629462046BDE87040AEE714488C
:10DD200070BD636C13F1500FF3D01B6D002BF0D05E
:10DD30005B78022BEDD194F9D0304BB90122294602
:10DD40002046FFF79BFF0028EADD012384F8D0304E
:10DD5000721E691C2046FFF791FF0028E0DD0023BA
:10DD6000013084F8D03070BD70BD0148704700BFED
:10DD7000008FFFFF70B1026862B1D0F8CC2022B9E9
:10DD80004368102B03D010467047FFF79BBB01215F
:10DD9000FFF7F6BE00487047008FFFFFF8B5C36C71
:10DDA0001B689A7A0B2A3BD90268064692F8CC3057
:10DDB000DB0740D5C36B002B6ED0D3F8C051002DCC
:10DDC0006AD02B68002B69D02D68002D40D06C687C
:10DDD00042F2F6739C4220D80723D6F8C020210CCB
:10DDE000200ADF1CD1542246D6F8C01019444870CE
:10DDF000D6F8C0100B449C70D6F8C000A96838440F
:10DE000004F02AFF42F2FD723B19D5F83051D21AC4
:10DE1000002D3AD06C689442DFD9244A1046F8BDF0
:10DE20004FF41663D340DA07BED5436800220133AE
:10DE300043601046F8BDD0F8D430002BF5D0C36B4A
:10DE40001BB1D3F8C051002DBED1956E002DBBD1B2
:10DE500007232F462846D6F8C02016240B21107120
:10DE60003046D6F8C0205771D6F8C0209571D6F844
:10DE7000C020C6F8C830C6F8C440117073680133BA
:10DE80007360BDE8F840FFF771BBDD1FC5F30740C5
:10DE9000C5F30727EDB2DEE7956E0DB9044AC8E772
:10DEA00029680029FAD0002BCBD18DE7008BFFFF2A
:10DEB000808AFFFF10B401221424D0F8C010C0F8EB
:10DEC000C440C0F8C8200A7042685DF8044B0132B3
:10DED0004260FFF74BBB00BF4369022B08DD4B7A62
:10DEE000072BC36B0CBF054A054AC3F800247047D3
:10DEF000C36B044AC3F80024704700BF49BB0160EC
:10DF00009DBA016091B901602DE9F047C56B84B0FD
:10DF100007688046D5F8B89105F2544305F5CF66F9
:10DF2000D7F89420D7F89840B9F1000F7BD0D5F8F6
:10DF3000BC4105293AD007294ED0062958D00829D6
:10DF400073D1FB6905F2564A03A905F180000193DC
:10DF50005246BF69CAEB06030097EBF7DDFE10BB24
:10DF6000039B190A0AEB030285F8553485F854140B
:10DF7000B31A012B53DD1346210A03F8021B9E42FC
:10DF800054704CD3F61AB44249D822461846494632
:10DF900004F062FED8F83C200444002002F254430E
:10DFA000E41AC2F8104404B0BDE8F087F31A012B5C
:10DFB00035DD05F25647230A85F85544BE4285F8FB
:10DFC00054342CD3F31B9C4229D8224600213846D6
:10DFD00004F066FE3A19CBE7F31A012B1FDD00218E
:10DFE000302305F2864285F8541485F85534BFE78E
:10DFF000FA6905F2564A03AB281D01925146BF69E2
:10E00000CAEB06020097EBF78DFB0028CBD1039AF1
:10E01000130A85F85524524485F85434A8E7044877
:10E0200004B0BDE8F087914683E70248BBE700BF34
:10E03000008FFFFF0094FFFF10B501210446F1F7A8
:10E0400039FF08B1012010BD20460421F1F732FF4D
:10E05000002814BF0320002010BD00BF022807D0F5
:10E06000042805D0A0F10100B0FA80F04009704703
:10E0700003207047012803D003280CBF0420002090
:10E08000704700BF0138C0B2052802D8024B185CA7
:10E0900070470020704700BF98050020033805280E
:10E0A00002D8024B185C704700207047A005002082
:10E0B0004369032B05D104290BD0052903D002297C
:10E0C0000DD00A487047C36B0020094AC3F80424E6
:10E0D0007047C36B0020074AC3F804247047C36B22
:10E0E0000020054AC3F80424704700BF009AFFFFD0
:10E0F00055BB0160A9BA0160B5B9016003689A6FA8
:10E1000052B1137843B1994202D108E08B4206D054
:10E1100012F8013F002BF9D14FF0FF30704700207B
:10E12000704700BF03685A6F52B1136843B19942F8
:10E1300002D108E08B4206D052F8043F002BF9D1FF
:10E140004FF0FF3070470020704700BF012A70B5C4
:10E150001D46064611D0802103F090F9C0B12B680E
:10E160004FF0FF341B4943F400632B603046082214
:10E1700003F08EF9F8B9204670BD897A0A290AD9C8
:10E180000021304603F07AF9E0B904461249EDE780
:10E1900004461049EAE78A4012F0820F07D112F4D0
:10E1A000C06F06D112F01C0118BF8021E9E72021C1
:10E1B000E7E70821E5E72B684FF0FF3443F480538D
:10E1C0002B60D8E72B684FF0FF34034943F400631A
:10E1D0002B60CBE7602A002050250020012A04D0C4
:10E1E0001870597030B430BC70471A46FDF73ABF0A
:10E1F000012A04D01A7802605B780B60704710B473
:10E2000040F201121C78121B02605A78C2F580732A
:10E21000012B03D00B605DF8044B704740F20113F3
:10E220009B1AF7E7026838B5D2F8AC200446C36BF6
:10E23000456DC3F8E8211DB19108006DA847E36B57
:10E24000A26F162A03D0022283F8EC2138BD226F78
:10E250001278142AF7D1032283F8EC2138BD00BFCD
:10E260004369012B70B5044640F38D80C26CD0F831
:10E27000BC001169D3685B1AC118C4F8C0102268C9
:10E280000431E36B204692F8CC20D3F8083402F036
:10E29000010298476369D4F8C05004F1F000002BE4
:10E2A00005F1040115BF0C22242210262826C4F8EB
:10E2B000EC2004F0D1FC16221423C4F8C860C4F882
:10E2C000C4202B70E26BD2F878362BB3216891F81A
:10E2D000CC30DD0705D40F23636091F8CC30D8072C
:10E2E00020D50A23636091F8CC3003F0020303F0D9
:10E2F000FF01EBB9D4F8B03019605960E16CA26B42
:10E3000023686164226393F8CC309B0733D42046A2
:10E31000BDE87040FFF72AB994E80A000133636052
:10E3200091F8CC3003F0020303F0FF01002BE1D0A1
:10E33000D4F8B0100023606CC2F8FC01086849688A
:10E34000C2F80002C2F80412D4F8B020C2F80230B9
:10E35000D380D4F8B02053780133DBB25370002B54
:10E36000CCD1D4F8B02013780133DBB21370002B7A
:10E37000C4D1074870BD2046FFF754FF2046BDE8D2
:10E380007040FFF7F3B8D0F8BC10C0F8C01076E7C3
:10E390008094FFFF38B5C36B0446D3F8F001FDF756
:10E3A0004FFCE36B0022D3F8D811C3F8F021C3F877
:10E3B000F421656DC3F8F8111DB11146206DA84711
:10E3C000E36BA26F162A03D0002283F8EC2138BD3C
:10E3D000226F1278142AF7D1032283F8EC2138BD7A
:10E3E00038B5C36B054693F8EC21012A1FD0D3F84A
:10E3F000F021C3F8F421FDF733FCEB6B012283F825
:10E40000EC21EB6B13E06268D5F8C00004F024FC4B
:10E410006368E2682846C5F8C830EB6B217AC5F816
:10E42000C410C3F8F421FFF7A1F880B9EB6BD3F85F
:10E43000F4416CB1237A2168162BE4D10B78142BAC
:10E44000E1D12846FDF70CFC2168DCE7184638BD11
:10E450006A68102A0DD0022283F8EC216B6D002B24
:10E46000F4D0EA6B286DD2F8E8219108984720464D
:10E4700038BD0322204683F8EC2138BD01682DE920
:10E48000F04791F8CC30C76F9C0703D50B2F3AD9D2
:10E490000C2402E0032F36D90424056FAA786B7888
:10E4A0001202EE7842EA034333431E19C0F8A0601B
:10E4B00091F8CC3099071FD52A7904466B79D0F8AA
:10E4C0003C8043EA0223B8F1000F00F0F480426878
:10E4D000102A1ED0D8F8D82193421DD0D8F8F821A0
:10E4E000013A934212D12B78032B0FD02046FFF72D
:10E4F00077FF58B1BDE8F0879F4BB74234BF18464D
:10E500000020BDE8F0879D48BDE8F0879C48BDE845
:10E51000F0872A78012AE1D1B74280F01B81A6F169
:10E520000C07D8F8E491B9F1000F00F0E88004225C
:10E530002946484604F0B0FB0028E4D1EA7909F105
:10E540000C00AB7A95F806A012026E7A1B0242EA22
:10E550000A4295F808A043EA0643EE7A42EA0A0A1C
:10E5600000EB07091E430AEB0603BB42CBD806F1BA
:10E570000C08E36F9845C6D8324605F10C015044AB
:10E5800004F06AFB0AF00702C2F10803002A76D001
:10E590009E424FEADA0064D866B19E1B19F800204B
:10E5A000012505FA06F101360A439E42D2B2F8D19E
:10E5B00009F80020F8080ED099F80030FF2BA5D1FB
:10E5C00009F1010309EB000103E013F8012BFF2A15
:10E5D0009CD18B42F9D117F007070FD019F8001022
:10E5E000CB0993D0C7F10707062301E0D2078DD5E9
:10E5F000BB4241FA03F203F1FF33F7D1E36F9845D1
:10E600007AD3D4F88020D4F888108A4216D9266F9D
:10E61000521AD4F8A00042F64D15636E3044E66DF0
:10E620001944C71A9B1BED1AD319C4F88870AB4262
:10E63000C4F8803000F2978004F016FBE36BD4F846
:10E64000A020D3F8E411206F04F006FBE36BD3F8AD
:10E65000E40104F0E9FAE36B0020C3F8E401BDE84B
:10E66000F0879A44F61A19F800200125013B05FAB3
:10E6700003F10A43D2B2002BF8D109F8002016F0BA
:10E68000070311D006EB0A05C3F10802F61A0120B0
:10E69000ED0819F8053000FA02F101320B43082A9F
:10E6A000DBB2F8D109F80530F208FF2109EBDA00F6
:10E6B00004F0F6FA7EE7B7421ED303223149A81DC3
:10E6C00004F0EAFAC0B90322691C05F1090004F05C
:10E6D000E3FA58B9B8F1000F3FF40CAFD8F8E49161
:10E6E000B9F1000F42D0A6F10C0720E7A6F10C0704
:10E6F000B8F1000F7FF415AF1F48BDE8F087B6F5FD
:10E70000205FF9D817F007034FF0010006EBD7019F
:10E7100018BF0346194404F0CFFA0346C8F8E401D1
:10E7200030B328681860AA889A80D8F8E431A3F832
:10E73000069083F80890E36BD3F8E4311A4632F878
:10E74000011F9278A3F80910DA72E36B256FD3F8F2
:10E75000E491F3E603220B49A81D04F09DFA00287A
:10E760007FF4DDAEAFE70848BDE8F087BDE8F0878D
:10E770000648BDE8F08700BF808FFFFF008EFFFFD7
:10E78000809AFFFF480500200096FFFF0081FFFFF1
:10E79000836F162B10B5044622D0152B0ED023689C
:10E7A00093F8CC3003F0020303F0FF002BB1E06BD1
:10E7B00018B16368102B19D0002010BDE36F022B35
:10E7C00019D1226F1378022B17D0012B01D00D48DD
:10E7D00010BD53789BB1642B0A4808BF002010BDC0
:10E7E000FFF74CFE0028E8D1A36FD6E72046FEF7DE
:10E7F000AFFB002010BD044810BD044810BD044804
:10E8000010BD00BF8099FFFF008EFFFF8088FFFFD3
:10E810008087FFFF036A2DE9F041002B00F0BC80E8
:10E82000456E42F64D13C26DAA1A9B1A8B42C0F078
:10E83000B78003680F46044693F8CC309A072FD46C
:10E84000D0F88060B14230461FD880E0D4F88060B4
:10E85000D4F82480B8F1000F00F08B8023682A469A
:10E86000616ED3F8A8303144A06AC047002800F098
:10E8700089807CDB8542C0F09680D4F8806030448B
:10E880008742C4F88000064661D9A36D3D1A002B6B
:10E89000DED0206D98470228D8D14948BDE8F081E4
:10E8A000436D002B7CD0836D002B79D0D0F888107D
:10E8B000D0F8802049B1914275D8521AC0F8802012
:10E8C000002A62D10023C4F8883097423FD9002A39
:10E8D00069D1A36D13B3206D984702281ED1636DD3
:10E8E0001BB10022206D114698476368102B31D070
:10E8F000E36B2168D3F8E821D1F8B0108A42CCD27A
:10E90000500081425AD3824258D8C3F8E8012046C9
:10E91000FFF766FD58BB2B48BDE8F0816368102BFC
:10E9200044D0E36BD3F8E831616E42F64D12E06DEE
:10E93000656A081A121A002D3CD0A06AA84708B3CD
:10E9400010F5D04FCBD0002811DBC4F88000002098
:10E95000BDE8F081236893F8CC30DB079DD5A36830
:10E96000032B9AD12046FFF7DDF80028D3D0BDE86D
:10E97000F081616E2A46236A3144A06A98470028D4
:10E980007FF477AF1048BDE8F0812944284604F0B1
:10E990006BF9D4F8802095E7436A002B7FF440AFF1
:10E9A0000A48BDE8F0810A48BDE8F0812368D3F841
:10E9B000A830B9E7236AA06A9847C0E70846A4E7E9
:10E9C0000098FFFF0097FFFF808DFFFF008FFFFF84
:10E9D0000094FFFF036893F8CD3003F00803002B89
:10E9E0005FD0016E00222DE9F00F8C7884B00025F5
:10E9F00016462302CC7991F804A01643CF784FEA4B
:10EA00000A684FEA1A2991F805A01F43CDE902458B
:10EA1000DDE9024534433D4344EA080445EA09057B
:10EA2000A0464FEA1A44A94601944FEA0A4491F8D5
:10EA300006A000944FEA1A674FEA0A26DDE900456E
:10EA4000D0E924AB45EA090544EA080445EA070988
:10EA500044EA0608CB4508BFC2451DD3BAEB0806F9
:10EA60006BEB0907002F08BF402E1ED2D0F89C4048
:10EA7000C6F12001D0F89830A6F1200204FA01F185
:10EA800023FA06F024FA02F20843104340F3000090
:10EA900004B0BDE8F00F7047104604B0BDE8F00FB9
:10EAA000704703F0FF02104670474FF0FF30EFE76A
:10EAB000036893F8CD301B0761D5016E00232DE963
:10EAC000F00F8A7884B0CF7800241502CA7991F8C3
:10EAD00004A026462F434FEA1A2926434FEA0A6824
:10EAE00091F805A0CDE90223DDE902233B4332433F
:10EAF00043EA090342EA080299464FEA1A4390465C
:10EB000001934FEA0A4391F806A000934FEA1A676F
:10EB10004FEA0A26DDE90023D0E924AB43EA0903E2
:10EB200042EA080243EA070942EA0608CB4508BF61
:10EB3000C24525D2B8EB0A0A69EB0B0BBBF1000FFB
:10EB400008BFBAF1400F3BD2D0F89830AAF12006A6
:10EB5000D0F89C20CAF1200103FA06F603FA0AF461
:10EB600002FA0AF523FA01F144F0010435430D439A
:10EB7000C0E92645C0E9248904B0BDE8F00F70471C
:10EB8000BAEB080A6BEB090BBBF1000F08BFBAF137
:10EB9000400FF1D20121AAF12005CAF1200401FAA7
:10EBA00005F301FA0AF221FA04F42343D0E92645D9
:10EBB00022432B43C0E9262304B0BDE8F00FDEE773
:10EBC00001220023C0E92623D4E700BFD0F8A0101B
:10EBD0002DE9F04F04469DB0C9B1456F002D40D1DD
:10EBE000C26F91423FD3C567C0F8A050236820464A
:10EBF00093F8CC3013F0020F0CBF05210D21FFF765
:10EC000009FE58B1054628461DB0BDE8F08F436F98
:10EC10002BB3002528461DB0BDE8F08F636EA26EB1
:10EC20001E782068A6671578527842EA0525E567C0
:10EC300090F8CCE01EF0020F40F0CF8159789F7819
:10EC4000A6F11402032A1AD91EF0020F00F0A981BE
:10EC50000023724DC4F88830C4F88030DAE7C36707
:10EC6000C4E76F4DD6E7521A006FE267014403F024
:10EC7000FBFFE36FC4F8A050002BCAD1B6E72369AD
:10EC80008B4240F0D58190F8C930BB42C0F2D081B0
:10EC9000E76D42F64D12216FC91B521A954200F2E0
:10ECA000C7810EF0020202F0FF03002A40F0BC8090
:10ECB000226C002A00F0428292689542C0F04382A2
:10ECC0006169002904DD02F52452954200F23B827D
:10ECD000002B20460CBF05210D212944FFF79AFD8A
:10ECE00000288FD1226892F8CC3003F0020303F0A1
:10ECF000FF01002B00F06E81E36F0D33C4F8883004
:10ED0000256C002D00F05D81E06A002800F025826E
:10ED1000D5F89030002B00F01B82E76FAE68597871
:10ED2000B742C0F0798101F0FD03082B00F0638148
:10ED3000A1F10603B3FA83F35B09002B40F05B817A
:10ED4000022940F00A8261690B93012940F30E8287
:10ED5000EB68194619448F42C0F05E8169694E1C08
:10ED600033449F42C0F05881836FD4F87080012BE8
:10ED700000F07C8338464FF00009EA68B0FBF2F6F9
:10ED800002FB1606002E40F017826369012B11DD8D
:10ED9000801ABF1AE0676AB130463146E36E0D440F
:10EDA00001311B5CC9B285F82830256C0846EA6839
:10EDB0009142F3D30BA9434605F19000029105F16E
:10EDC00028018DE88001E9F7A1F8002840F0B3811F
:10EDD0000B9B9F4200F006822268114D92F8CC30C6
:10EDE0009E0740F11B8125F0800313F5E44F7FF46B
:10EDF00011AF63680B2B00F011810D2B00F00E8119
:10EE0000D2F8C020002A3FF423AFA36901339A420D
:10EE1000A3613FF61DAF034DFCE600BF809AFFFFE4
:10EE20000094FFFF808EFFFF216EB4F884C091F83C
:10EE300000804A7842EA0822624500F099811EF07B
:10EE4000010F00F014816368102B08BF162E40F0EC
:10EE50000E81002A40F00B81D4F880300D2B40F257
:10EE600006817A7B012A40F00281D0F84480856CCB
:10EE7000B8F1000F00F0F882002D00F0F5823C2B75
:10EE800040F26D813A78162A40F06981FA78002ABA
:10EE900040F065813A79002A40F06181FA7C002ACD
:10EEA00040F05D813A7D002A40F059817A7D002A48
:10EEB00040F0558197F83B10A3F13D02914200F2DA
:10EEC0004E817A183C3B92F83C209A4200F24781EE
:10EED000D0F84CA03D31D4F8E0B0D4F8E4903944F7
:10EEE00050465B46CDF80090D4F8AC60A8470028A7
:10EEF00000F0A68039685B467A685046FD684FF09E
:10EF0000030AD7F808B04FF0FE0CF5604FF0FF0E83
:10EF1000316006F11C057260C6F808B039697A697B
:10EF200031611CA9726106F520523F7E86F80DA062
:10EF3000377686F819C086F81AE0CDF8009041F8C7
:10EF4000305DC047002840F03481109A9F4D921BDD
:10EF5000D1B2A2F11903A2F10D07A1F11C0EA1F18A
:10EF600019000D393F0AC0B286F81BE03173C3F3B4
:10EF70000741C3F3072330763074B175B173F3756D
:10EF8000F373F772E369D4F8AC10A06A984723686A
:10EF900093F8CC3003F00203DBB2002B3FF43AAE1F
:10EFA00056E60A2202212046894DFEF7E9FD236834
:10EFB00093F8CC3003F00203DBB2002B3FF42AAE0F
:10EFC00046E692F8CC309B077FF523AE2046FFF74C
:10EFD0006FFD1EE6C4F8801092E69A7840F20111A7
:10EFE0005B78C2F58077C91A012F7FF429AE40F211
:10EFF0000117BF1A24E62968EB68087F296910F019
:10F00000020FA3EB01030CBF4FF010084FF00808EC
:10F0100003EB08018F4230D26E4DDFE615F5E34F6A
:10F020007FF4F8AD204614220221FEF7A9FDF1E598
:10F030000EF00203664DDBB2002B3FF4EBAD07E6AA
:10F0400001212046FDF78EFE002800F06382236830
:10F0500093F8CC309F077FF5D5AD10F5CF4F05461F
:10F060003FF4D8AD15F5CE4F7FF4F2ADE56F05F165
:10F070000D03594DC4F88830CCE5FE1A216E0DF110
:10F080004009A76FC8EB06064B46E6670868496863
:10F0900003C38DF8487092F8CC30276F9B07206926
:10F0A000616900F18C8033468DF849008DF84A1073
:10F0B0001A0A8DF84C308DF84B20EB680C2B7FF43E
:10F0C0008BAE2B69042B00F028820C2B7FF484AECE
:10F0D00055F8280F0DF1300C236E6968E246AA68D6
:10F0E00003F1FF3E0DF13B050DF13303AAE80700E4
:10F0F00013F8011F1EF8012F9D4282EA01021A70C7
:10F10000F6D1206C0BAA07EB060E0D2504924B4698
:10F11000CDF8188061460397903002960C22019733
:10F12000CDF814E00095E8F75DFF002800F0EA81D3
:10F1300010F5C64F40D0054622684FE66A1EB2F56C
:10F14000205FFFF4C5AD224D002B3FF463AD7FE59A
:10F15000AB68E76F9F42FFF45FAF204D3EE6204D66
:10F1600090F8CC3098077FF555AD7BE7E968F1E57D
:10F1700020460993FFF72EFC00287FF478AF142E69
:10F18000099B0ED0172E7FF493AD6268102A3FF4CE
:10F190008FADA16801297FF46AAF022A3FF488ADE0
:10F1A00065E762680C2A3FF483AD0A2A3FF480AD1C
:10F1B0005DE70A4D2068D3E72268064D0EE60DF1A3
:10F1C0004902FCF74FFFE36F72E700BF8095FFFF36
:10F1D000008EFFFF808EFFFF809AFFFF0094FFFFED
:10F1E0000087FFFF6269012A40F3A181D4F87CE027
:10F1F00089F00109206F216C00EB0E03D1F814A0F7
:10F2000013F8017C013707EB0A039E4580F08081EB
:10F21000B9F1000F00F07C8100231F46002A7FF720
:10F22000DBADBE4534BF4FF0000803F00108C7EB6B
:10F230000E020AF52053002507F1FF3C01219A42F6
:10F240008CBF4FF0000808F001082B4608FB0202B3
:10F25000501E10F8012FBB422CBF002101F001010C
:10F260000133CCEB0202B3F5807FB2FA82F24FEAAF
:10F27000521201FB0255ECD1AF4214BF002508F039
:10F2800001056B025B1B1F40C7EB0E03E367B9F17F
:10F29000000F00F0A280CAEB0303A26E190AE36715
:10F2A0001170A36EE26F5A706369002B40F3708196
:10F2B000206CE36F026807EB0308527AB8F5807F91
:10F2C000A2F1030288BFA8F58076042A00F26081CB
:10F2D000DFE812F0C300C3005E01C30005001D3368
:10F2E00008F11D02DB09C3EBD2134FEA052A0822FD
:10F2F000216E4430C5EB0A0A0AEA030AEFF7F0F878
:10F30000206C0322616E4430EFF7EAF8206C022291
:10F31000A16E4430EFF7E4F8206CE26F4430216FC7
:10F32000EFF7DEF8226FE36F1344002F00F018812F
:10F330001F44002213F8011BBB4282EA0102F9D1EB
:10F340000DF14009206C8DF830200AF1010A494680
:10F3500044309DF83030EFF7D7F80027206C0137A4
:10F36000216F4430EFF75AF95745F7D1206C4430FC
:10F37000EFF700F9236C206F5A69811908EB02033B
:10F380009B1B07D0CE18002311F8017B7B40B142B4
:10F39000DBB2F9D100218DF82C30E36F9DF82C60A1
:10F3A0008DF82B1082B11A44C618024416F8011BBE
:10F3B00019F8010B9DF82B70964281EA000141EA91
:10F3C00007018DF82B10F1D19DF82B20D2B2002D22
:10F3D00000F0C380002A40F0C080002B40F0B080D5
:10F3E0006269032A00F0CA80D4F8A4200132032AFB
:10F3F000C4F8A4203FF7E0AE206890F8CC20920734
:10F4000019D4082208E0216E4B5D0133DBB24B5565
:10F41000002B40F09980EAB22068551E90F8CC107D
:10F4200001F002018A4201F0FF03ECD89A4200F099
:10F43000AC80E36F2068B3F5205F02467FF6C1AD74
:10F4400090F8CC30990705D563680D2B02D00B2BB3
:10F450007FF4D6AC4F4DFFF7DDBB153308F1150235
:10F460009B09C3EB921340E74B4D79E67F1A216E5F
:10F47000626E0CABE7673E0A0868496803C393787D
:10F480000CA9B2F800E005F144000D228DF83A30E5
:10F49000ADF838E08DF83C708DF83B60EFF720F860
:10F4A000206CE26FE16E4430EFF71AF8206C10A97F
:10F4B0004430EFF729F8206C4430EFF75BF8256C07
:10F4C0000021E26E6B698DF82A10E06F93B103445E
:10F4D00010AE111802EB030E11F8013B16F8012BC8
:10F4E0009DF82AC0714583EA02034CEA03038DF8B4
:10F4F0002A30F1D19DF82A30002B7FF45DAE4FF019
:10F5000001093AE40B9B9E427FF466ACE36F64E72B
:10F51000012383E6214DFFF77DBBA86A0DABE26EA8
:10F520000DF1300C0C901068516803C3E9E5206CB4
:10F53000C26800F1B801283003F08EFB626955E61D
:10F540000022C4F8A42057E7206890F8CC309B072D
:10F5500001D4E36F6FE7022368E7114D22683DE4B1
:10F560000DF14009206C8DF830700AF1010A49460E
:10F5700044309DF83030EEF7C7FFEEE6A26F172A51
:10F580003FF432AF2268034D28E40246054D25E4DE
:10F59000054DE3E7008EFFFF008FFFFF8098FFFF20
:10F5A000808EFFFF8094FFFF0094FFFF38B5D0F8F6
:10F5B000A850044675B10025C0F8A850284638BDAB
:10F5C0002046F3B9FFF7E4F810F5CD4F02D010F55F
:10F5D000CB4F0ED12046FFF7F9FA10F5CB4F03467B
:10F5E000EED12046FFF7F2FA10F5CB4F0346F1D0EB
:10F5F000E6E748B9A36F162BE0D12046FDF748FF98
:10F60000DCE71D46284638BD0546284638BD00BF04
:10F61000002800F0E880036870B50446002B00F075
:10F62000E48093F8CC3015460E469B0709D5FDF7CC
:10F6300049FF68B9E36B23B193F8EC31012B00F07B
:10F64000BE802046FEF7E6FA10F5D64F01D000B195
:10F6500070BD6368102B07D02046FDF75BF810F5EE
:10F66000D64F01D00028F3D1616F002940F090807F
:10F67000A36D1BB1206D984701305ED02046FFF787
:10F6800095FF002840F09580E36F23BBA36F172BF5
:10F690001CD0162B22D0A268032A43D0152B00F0D1
:10F6A0009D80172B25D16368226F102B62674ED087
:10F6B000236893F8CC30DB07D6D5A368032BD3D1CE
:10F6C0002046FEF72FFA0028CED0C1E72046FFF7EC
:10F6D0006DFF00287ED1A36F162BDCD12268216F2D
:10F6E00092F8CC300978D80705D501290BD09907B5
:10F6F000BAD4404870BD0029F9D19807D4F8A010B9
:10F7000042D40429F5D192F8CD20920627D463691A
:10F71000002B6CDD642201212046FEF731FA00281F
:10F72000A2D070BD2268D2F8B4100029B6DBE2681E
:10F7300001329142E260B1DADBE7636D002B9DD0CC
:10F740002268206DD2F8A8209108984796E7636D4B
:10F75000002BADD00022206D11469847A8E7D4F8C1
:10F76000E82012B913F0300FD1D003F00303022BBD
:10F7700036D02046FDF776FB10F5D64F3FF474AF38
:10F7800000287FF465AF6FE70C297FF46DAFBAE70F
:10F79000E26F3046954228BF15462A4603F05CFAD0
:10F7A000E36F5B1BE3678BB1636F2B446367284692
:10F7B00070BD10F5E54F7FF44BAF002070BD2046C3
:10F7C000FEF70EFE00283FF43CAF70BD6367C4F83F
:10F7D000A830ECE710F5E54FEFD070BD064870BDDE
:10F7E0000323A360C5E705487047044870BD04487B
:10F7F00070BD00BF0089FFFF0097FFFF008FFFFF74
:10F800000094FFFFC26C03462DE9F047166884B0F0
:10F81000B17A0B291BD91A68072992F8CC2002F07B
:10F82000010000D1C0B9D96BC2F38102D1F8C47113
:10F83000032F08BF1746B7B9A8B15A688024996B3F
:10F84000002001320C665A6004B0BDE8F0874FF426
:10F850001662CA40D007DED55A68002001325A60CD
:10F8600004B0BDE8F08718461C46FFF79FFE05462A
:10F8700008BB94E80C000133636092F8CC30DA07DF
:10F880001DD56269DAB103F0020AD4F8A090BAF18A
:10F89000000F0CBF07220F220AF0FF0191450ED185
:10F8A000A36F162B00F0228120460A220221FEF7C8
:10F8B00067F9B748D4E7284604B0BDE8F087A26FDF
:10F8C000162AF1D1D4F8708098F800200B2A7DD147
:10F8D00003F0020AD4F8A090BAF1000F5ED0B9F19B
:10F8E000110F73D998F80D1098F80E3098F80C2075
:10F8F00043EA0123002A69D14FF00C084344033343
:10F90000994563D1D4F83890D9F85C0038B102F049
:10F9100029F8A36BD86D03F087F9D4F838904FF429
:10F920009A71012003F0C8F9C9F85C00002800F0C2
:10F93000168108F10308DFF86C9202F00DF8D4F894
:10F94000A00008F1030E804547D270453ED3236FD7
:10F9500003EB080203EB0E0113F80830B3BB557834
:10F96000937843EA05237F2B1A460EEB03082DD923
:10F9700040452BD3A36BD86D02F060F8484505468F
:10F98000DDD01ADD10F5165F1CD12B222046022196
:10F99000FEF7F6F8284604B0BDE8F087B9F1090F84
:10F9A00014D998F8051098F8063098F8042043EA1E
:10F9B00001235AB94FF00408A0E710F5225F03D1E4
:10F9C0005022E3E70028BAD02A22DFE7204632227D
:10F9D0000221FEF7D5F86F4842E7D4F8009099F875
:10F9E000CC30DB0702D4A368012B69D0002F3FF491
:10F9F00062AFE36BD3F8CC81B8F1000F00F0C180A7
:10FA0000D3F8D021A36B4146D9F83850D86D03F113
:10FA1000600ED9F864300395D9F834C0D4F8D850C2
:10FA2000CDF808C08DE8204001F07EFDA36B0546AF
:10FA30000221D3F85C9009F1BC00F0F73BFAD4F84E
:10FA400000E078B1D9F8C030DEF878201978002AC3
:10FA500067D0137823B964E012F8013F002B60D01F
:10FA60009942F9D19EF8CC203146A06B02F00102F8
:10FA700000F16003C06D82F00102FEF767FB002811
:10FA800063D0002D61D1012F49D0B8F1000F7DD195
:10FA9000022F7BD1404DA36B1B6EDF0566D45E0742
:10FAA00092D413F4DC3F7FF470AFD80700F180806C
:10FAB00099077BD413F0080F0CBF2E22302265E784
:10FAC000636BDB6D5BB1A16B5A68C96D486882429C
:10FAD00005D18968986803F0DFF8002886D02046B1
:10FAE00031220221FEF74CF82A48B9E6D4F870809A
:10FAF00098F800300B2B7FF469AF00294FF0030218
:10FB000026490CBF04200C20404403F0C5F800280F
:10FB10007FF4E2AEA36B4022012F1A6644D100208D
:10FB20009EE6A36B31461B4E1A6ED86D002D08BFA2
:10FB3000354642F4803243F8602F9EF8CC2002F024
:10FB4000010282F00102FEF701FB012F10D0B8F193
:10FB5000000F01D1022F9DD0002DE0D09BE7204661
:10FB600050220221FEF70CF80D4879E631220DE70C
:10FB700015F51C5FD3D015F5F44FD0D0002DCED0A5
:10FB800089E7D9F86C80D9F870203BE7014D82E70E
:10FB90000089FFFF0086FFFF8089FFFF48050020E6
:10FBA0000081FFFFD2D9FFFF024859E62C22EDE683
:10FBB0002D22EBE6808BFFFF10B50446FFF7F6FC25
:10FBC000002832D1A36F142B40D1E36F012B36D123
:10FBD000236F1B78012B32D1A26BE16C2368E262A8
:10FBE000216493F8CC3003F0020303F0FF02EBB181
:10FBF000B4F884300020002101339BB2C4E9240111
:10FC0000A4F88430C4E9260173B16369012B13DDC4
:10FC1000E16CE06ECA680B69D31A0344236763681A
:10FC200000200133636010BD0C4810BD236E1A60C4
:10FC30005A606369012BEBDCE36E2367EFE7204634
:10FC400032220221FDF79CFF054810BD20460A2202
:10FC50000221FDF795FF034810BD00BF8094FFFF10
:10FC60000082FFFF0089FFFF0268C36BF0B592F8C6
:10FC7000CC2085B00546D3F80834D24301A902F060
:10FC8000010298472846FFF791FC00284CD1AB6F42
:10FC9000162B67D12E6F3378142B5CD12F68D5F8D3
:10FCA000A02097F8CC30980740D4102A53D10421D3
:10FCB00001F10C030022314401A81E448DF80320F9
:10FCC00011F8013B10F8012B9DF80340B14283EA83
:10FCD000020343EA04038DF80330F1D19DF80330A9
:10FCE000002B38D10C2201AB05F1FC04C5F8EC2047
:10FCF00007CBC5F8FC006160A260EB6BD3F87836E7
:10FD0000C3B197F8CC30D90705D40A236B6097F8B4
:10FD1000CC30DA0713D50F236B6097F8CC3003F0A3
:10FD2000020303F0FF0083B905B0F0BD182A12D119
:10FD30000C21BDE76B6801336B6097F8CC3003F0A2
:10FD4000020303F0FF00002BEED02846FEF722FB53
:10FD5000002005B0F0BD284632220221FDF710FF39
:10FD60000448E1E728460A220221FDF709FF02487C
:10FD7000DAE700BF8081FFFF0089FFFF2DE9F04136
:10FD8000AEB005468846164601A81F46EEF750FC61
:10FD900017A8F4F78DFA01A8EEF75AFC044670B1E3
:10FDA00001A8EEF749FC17A8F4F786FA2846502276
:10FDB0000221FDF7E5FE20462EB0BDE8F081E96B9B
:10FDC000402201A801F21441EFF786F8044600280A
:10FDD000E6D13A46314601A8EFF77EF804460028FE
:10FDE000DED1414601A8EFF77BF804460028D7D1C1
:10FDF00017A8F4F76DFA04460028D1D1E96B402228
:10FE000017A801F21441F5F717FC04460028C7D1E2
:10FE10003A46314617A8F5F70FFC04460028BFD133
:10FE200008F1100117A8F5F70BFC044601A8EEF73E
:10FE300003FC17A8F4F740FA002CBCD0B6E700BFCB
:10FE40002DE9F04184B01546064688469DF82C0001
:10FE50001F46EEF72BFA0446EEF794FA286001A845
:10FE6000EEF730FA214601A80022EEF74BFA0446DD
:10FE700058B101A8EEF72CFA304650220221FDF7C6
:10FE80007FFE204604B0BDE8F08101A8EEF786FAB7
:10FE900004460028EDD1F16B402201A801F2144183
:10FEA000EEF786FA04460028E3D139460A9A01A8FB
:10FEB000EEF77EFA04460028DBD1414601A8EEF7B2
:10FEC00081FA044601A8EEF703FA002CD9D0D3E753
:10FED0002DE9F04FC3B00024924680460DF1080989
:10FEE0008B464FF4807221464846019402F0D8FEBA
:10FEF000BAF1000F70D055465F463F26AB68002B25
:10FF000055D0AA450ED0354B3946354A4046002CCF
:10FF100018BF1A4602F0DCFE002857DBB84255D263
:10FF20003F1A804401A92846EFF72CFA002846D151
:10FF3000019B39462B4A404602F0CAFE002845DBA9
:10FF400087428CBF00240124002C3FD12B693F1A2B
:10FF50008044002B3ED049460BE07F2B10D01E2A58
:10FF60000ED90B7001342B690131A3420ED9FE2C3E
:10FF70000CD86B691B5D03F17F021F2BD2B2ECD84A
:10FF80000E7001342B690131A342F0D84FF0000EFE
:10FF90004B46154A3946404609F804E002F098FEFF
:10FFA000002813DB874211D93F1A80442C7FAD69AA
:10FFB000002DA3D1C7EB0B0043B0BDE8F08F0B4A77
:10FFC0003946404602F084FE0028B9DA084843B0BA
:10FFD000BDE8F08F1C46D9E75046F8E7304A0020CC
:10FFE000344A0020384A0020444A00203C4A00207D
:10FFF00080D6FFFF2DE9F04F576885B09046064642
:02000004600298
:10000000202F03913BD94FF001091C27039D0024A9
:10001000DFF894B0DFF894A0D8F8083024B9B9F12B
:10002000000F01D01A78A2B107F1FF3E1B5D3046E8
:100030001A4AA64594BFDE46D6462946CDF800E0CA
:1000400002F046FE0028064421DBA842A5EB00058D
:100050001DD20134BC42DFD3D8F80430BB4209D0F2
:1000600030460F4A294602F033FE00280FDB854256
:100070000DD92D1A039B581B05B0BDE8F08F57B161
:10008000012F94BF4FF000094FF00109BEE705486A
:1000900005B0BDE8F08F3846EEE700BF404A0020CB
:1000A000484A002080D6FFFF34250020F4170020A6
:1000B000002070470020704770B5ADF5207D53AD2E
:1000C00068B9284601F048FC314A324B284612688C
:1000D000196802F025F8C0B10DF5207D70BD2E48DD
:1000E00002F0EEFD284601F037FC2A4B284A28464C
:1000F0001968126802F014F8044638B3274802F071
:10010000C7FD20460DF5207D70BD06AE304601F0DE
:1001100023FC234A234B30461268196802F000F88A
:100120000028D9D105AA02900190034600923146D9
:100130000246284601F000FC0028CDD1304601F0EF
:1001400011FC284601F00EFC0020C5E706AE304643
:1001500001F002FC134B124A30461968126801F094
:10016000DFFF04460028C9D10F4802F0A9FD05A908
:10017000029423460194224600912846314601F01C
:10018000DBFB04460028B9D1084802F081FDD5E721
:100190004C0E00200C690020504A00205C1A002000
:1001A000480E0020086900206C4A0020A01A002098
:1001B0002DE9F041044682B0884615463B4F312375
:1001C0006A4641462046E2F785FC002868D1266849
:1001D000009B1E44302301AA31462046E2F77AFCF8
:1001E00008BB2368F21A002A56DD18782A4606232F
:1001F000314642F8040B2046E2F76CFC98B92368BC
:10020000D5F804E0AB60D4F800C00CEB0E03F21A92
:100210002360002A40DD1CF80E201E2A13D9244832
:1002200002B0BDE8F081A0F50E500028F8D1236897
:100230009E4223D001202021287702F03DFDA861B5
:1002400030B30546C6E727FA02F2D207E7D50133F5
:1002500005F110023146204623601CF80E30EB6099
:10026000E2F7E8FB0028DED122682B696A61226888
:1002700013442360A86123689E42DBD1B04512D0AD
:100280002021012002F018FDA86108B1054696E77B
:10029000084802B0BDE8F081074802B0BDE8F0812F
:1002A000A0F50E50BCE70020BAE700BF0810585078
:1002B0001EDCFFFF80D7FFFF20DCFFFF08B5E2F761
:1002C000C1FD08B1A0F50C5008BD00BF08B5E2F7AC
:1002D0004BFD08B1A0F50C5008BD00BF2DE9F0435F
:1002E000042414258FB00C7014701D600468302C29
:1002F00061D18768446801973C44A74240D01D46BD
:1003000016468846A023214602AA01A8E2F7E2FB8E
:10031000002839D010F1620F04D0A0F50C500FB0B6
:10032000BDE8F083019B9C422AD0A12302AA21466A
:1003300001A8E2F7CFFB00283FD010F1620FECD10B
:10034000019B9C421CD0A22302AA214601A8E2F7ED
:10035000C1FB002844D010F1620FDED1019B9C420A
:100360000ED002AAA323214601A8E2F7B3FB00287E
:1003700000F0888010F1620FCFD1019B9C4218D110
:1003800000200FB0BDE8F083019F01A8029B05AAE1
:100390001F443946E2F756FD10B1B0F50C50BED1FE
:1003A000414605A8EFF7D0F80028B6D1019B9F423F
:1003B000B9D03F48B3E73F48B1E7029908AB019F86
:1003C00005AA01A80F443946E2F7CEFC20B9069AE7
:1003D000092A13D03848A2E7B0F50C509FD1F6E7B0
:1003E00001992A46029B01A8CD182946E2F7B0FBE5
:1003F000002892D1019B9D42B1D0DAE707992F489E
:1004000002F04AFC0028E5D1089B302BD3D10A9B8F
:10041000099A039303EB0208434547D293F800E09F
:100420000DF13809062303A80CAA414649F80CED42
:10043000E2F750FB48B1A0F50C5000287FF46FAFF5
:10044000019B9F423FF47DAFB3E7039A31460C9B7B
:1004500048460D9213440393EFF776F80028EAD14B
:10046000039B9845ECD003A8052304AA4146E2F774
:1004700031FB0028DFD1049B002BDCD1039B984586
:10048000DED096E7019D01A8029B0BAA1D442946D8
:10049000E2F75EFB00287FF440AF019B9D4288D1CC
:1004A0000B9A012A3FF46AAF054838E7054836E75A
:1004B0009ADCFFFF9EDCFFFF52DFFFFF904A002027
:1004C00000DDFFFFA0DCFFFF036870B5CE1A82B02D
:1004D000002E14DD154601AA04461E78E2F7A0FBA3
:1004E00048B92368019AAB6023682E6013446A60A0
:1004F000236002B070BDA0F5125002B070BD01487B
:10050000F7E700BF20DBFFFF2DE9F041069E3468CE
:10051000CCB917460D461A461C463946EEF7DCFFA5
:1005200068B92378062B11D02B68052B00D033BB7C
:100530006B681648002B08BF0020BDE8F081A0F5CD
:100540001850BDE8F0811248BDE8F0810821012073
:1005500002F0B2FB8046A8B13946284608F10403F0
:100560004246FFF7BBFE044618B9C6F80080BDE856
:10057000F081404602F058FB2046BDE8F081034878
:10058000BDE8F0810348BDE8F08100BF00DDFFFF5A
:1005900000D8FFFF80D7FFFF03682DE9F043CD1A95
:1005A00083B0002D40F31F811D78172D00F0D280FD
:1005B000182D40F0D18004260133144601AA0546C7
:1005C0000360E2F737FA20B1A0F5105003B0BDE8A0
:1005D000F083019F06F108039F42C0F0B0802968B4
:1005E000206088190B780131303B092B00F2A7807D
:1005F0002368814203EB83034FEA430323602960AE
:1006000011F8012CA2F1300213442360EAD1022E2A
:1006100000F099800023811C024663601378013248
:10062000303B092B00F28B806368914203EB83031C
:100630004FEA430363602A6012F801ECAEF1300E1A
:1006400073446360EAD1002200F1040EA2600A78CC
:100650000131303A092A72D8A2688E4502EB820233
:100660004FEA4202A260296011F801CCACF1300CD3
:100670006244A260EBD1002100F1060CE1609EF81B
:1006800000100EF1010E3039092958D8E168E6450D
:1006900001EB81014FEA4101E160C5F800E01EF87D
:1006A000018CA8F130084144E160E8D14FF0000E20
:1006B00000F10808C4F810E09CF800E00CF1010C0F
:1006C000AEF1300EBEF1090F39D8D4F810E0C445B0
:1006D0000EEB8E0E4FEA4E0EC4F810E0C5F800C0C7
:1006E0001CF8019CA9F13009CE44C4F810E0E3D114
:1006F000BF1BA7F10806012E21D9002600F10A0C24
:10070000666108F1010698F800003038092816D80B
:100710006069B44500EB80004FEA400060612E60E4
:1007200016F8019CA9F130094844606116D0B04622
:1007300098F8000008F1010630380928E8D9334854
:1007400003B0BDE8F083312BD8BF643303F26C7380
:1007500023605FE702262FE72D4837E7A7F10A0657
:10076000012E35D0002EEAD1246842F20F75AC423A
:10077000E5D81729E3D8BEF13B0FE0D83B28DED8F7
:100780000C2BDCD8012141F2AA5001FA03F31840E6
:1007900058BB13F4256F2AD15907D0D5A30728D009
:1007A000E3171C494FF4C87081FB0451C3EBE113FC
:1007B00000FB1344002C14BF1C231D23002ABEDDA4
:1007C0009A42D4BF0020012000283FF4FFAEB6E7D4
:1007D00098F801605A2EB2D108F10208A7F10B0671
:1007E000C5F80080BEE70C48F0E61F23E6E71E23AD
:1007F000E4E70849E317642081FB0451C3EB61116E
:1008000000FB11410029CCD01D23D7E700DCFFFFFE
:100810009EDBFFFF1F85EB51A0DBFFFF036870B578
:10082000CE1A002E1ADD1D7805F07F05022D13D19A
:100830005E1C1546044606601B7842F8043BE2F74E
:10084000F9F830B922686B68AA6022681344236003
:1008500070BDA0F50A5070BD014870BD014870BD63
:100860001EDDFFFF20DDFFFF70B5056882B08D4201
:100870001CD02D78144643F0A003064642F8045BD2
:10088000E2F728F908B102B070BD30683023616822
:1008900001AAA060304634680C442146E2F71AF9F8
:1008A00038B93268019B13449C4206D1002002B043
:1008B00070BDA0F5145002B070BD0148E3E700BF61
:1008C0009ADAFFFF2DE9F04385B0002607460C4673
:1008D00004AD104698469DF8309045F8046D2946C1
:1008E000EEF70AFE90B1244A2146384602F0F0F9AC
:1008F0000546002D38DBAC4236D9B8F1060FA4EB23
:1009000005060BD0A01B05B0BDE8F083039B214674
:100910001A4A384602F0DCF90546EAE74846EDF7A0
:10092000C5FC0D9B81461878EDF7C0FC8046B9F1F7
:10093000000F1DD04846EDF72DFD8146B8F1000FA0
:1009400014D04046EDF726FD0D9B31465A684B46C4
:100950000090781901920A4A02F0BAF9002803DBE4
:10096000864201D9361ACDE70648CCE70248EBE7C4
:10097000DFF80490E2E700BF9C4A0020444A0020D0
:10098000A04A002080D6FFFF10B51346064A0C4649
:1009900002F09EF9002805DB84428CBF0020012074
:1009A00000B910BD0148FCE7B84A002080D6FFFF1F
:1009B0002DE9F043044695B090F828010D46EDF777
:1009C00075FC226904AB61690646EDF705FDF8B9CF
:1009D000304694F82971D4F82C9194F82881EDF7D9
:1009E000D1FCD4F8206105F1BC02D4F8244104AD57
:1009F0000190494643463846009503960294EFF726
:100A00008FFA003018BF0120404215B0BDE8F083D6
:100A10004FF0FF30F9E700BFF0B5044683B00D4654
:100A200021B9061C18BF0126002E35D095B38CB312
:100A30002A6823689A422DD162686B68934229D153
:100A4000A968A06802F028F9064618BBE768EB68B9
:100A50009F423CD00C2F01D0132F1BD10C2B01D067
:100A6000132B17D123692A69934213D162696F69E5
:100A7000BBB1013F02EB030E12F8013B17F8010F67
:100A800023F020014340A1F1410108D0202B01D1E6
:100A9000192904D94FF0FF36304603B0F0BD964512
:100AA000EAD1227F2B7F9A42F4D1A469AD690CB9B7
:100AB000002DF1D0002CEDD0002DEBD022682B685A
:100AC0009A42E7D162686B689A42B9D0E2E722693C
:100AD00029698A42BED169696069019302F0DCF834
:100AE000019B0028B6D1DCE770B5054610461446D8
:100AF0000E46EFF719FB012812D0062810D0023855
:100B0000C0B2022816D86368012229681B78013B0D
:100B100002FA03F30B420CBF4FF0FF30002070BD10
:100B20002046EFF7BFF9336898424FF0FF3028BFF7
:100B3000002070BD4FF0FF3070BD00BF70B506687B
:100B40008E420CD03678154643F0A003044642F896
:100B5000046BE1F7BFFF20B110F1620F07D1002055
:100B600070BD22686B68AA6022681344236070BD60
:100B7000F8B5466896423AD0044608460F4602F059
:100B80005FF8022E14D9A5682B782A2B10D16B7828
:100B90002E2B0DD160B13B782E2B09D03A46002385
:100BA00003E012F8014F2E2C05D001339842F8D102
:100BB0004FF0FF30F8BD002BFAD0C01A013EB04212
:100BC000F6D12C463B44002514F8012F013513F8CB
:100BD000016B22F020017240A1F1410103D0202AD3
:100BE000E6D11929E4D8A842EED80020F8BD8268E1
:100BF000AEB102F1FF3C0D468B1915F8012B1CF824
:100C000001EF22F0200492EA0E02A4F1410403D085
:100C1000202AB1D1192CAFD89D42EED1E5E730465C
:100C2000F8BD00BFD0F804210B4B18461340084014
:100C30000B4098420ED148F201000A43074B10B412
:100C4000044610400C40844214BF184600205DF852
:100C5000044B704701487047FE7FFFFF00D8FFFF3D
:100C60002DE9F8430C46002947D01546089A8146DD
:100C700000F14C069B1A002703F1010818E0A36954
:100C8000022B1EDCD4F80031002B01DD43450CD3D0
:100C900021464846FFF78CFE38B904F1A400FFF75F
:100CA00007FA20B3002F08BF2746D4F830412CB3F1
:100CB00004F16C013046FFF7AFFE0028F5D1002D9E
:100CC000DDD1D4F8FC30002BEFD0D4F8F8305B073E
:100CD00017D4D4F80031002B01DD4345E5D3002DB6
:100CE000D6D104F1A400FFF7E3F90028DAD104F12A
:100CF0008C00FFF7DFF90028D4D127463846BDE83D
:100D0000F88304212046FFF78DFF0028E1D0CCE7CF
:100D10002DE9F04F89468DB0002B00F052819C697F
:100D200016461D46134600940746B24A01F0D0FF0E
:100D30000028C0F24D81814540F24A81C0EB090490
:100D400007443346AC4A2146384601F0C1FF00282B
:100D5000C0F23E81844240F23B81241A074405F1EF
:100D60001C0221463846FFF745F90028C0F23081C1
:100D7000844240F22D81241A074433469F4A21467B
:100D8000384601F0A5FF0028C0F22281844240F2DB
:100D90001F81241A074405F14C0221463846FFF70B
:100DA00097F80028C0F21481844240F21181241A7D
:100DB00007443346924A2146384601F089FF00280D
:100DC000C0F20681844240F20381241A074405F1EF
:100DD0006C0221463846FFF77BF80028C0F2F88005
:100DE000844240F2F580D5F8A02007EB0008241AD1
:100DF000334605924046D5F89C702146814A0497B7
:100E0000D5F898700397D5F894700297D5F890703C
:100E10000197D5F88C70009701F05AFF0028C0F2B6
:100E2000D780844240F2D480D5F8B820241A804478
:100E3000334605922146D5F8B4704046724A04976D
:100E4000D5F8B0700397D5F8AC700297D5F8A870B4
:100E50000197D5F8A470009701F03AFF0028C0F27E
:100E6000B780844240F2B480241A80443346674AF3
:100E70002146404601F02CFF0028C0F2A9808442A0
:100E800040F2A680D5F82C21241A95F82931804407
:100E90000192214695F82871404605F128020097F5
:100EA000FFF710FDB0F1000AC0F29280544540F205
:100EB0008F8005F1BC0B5846EFF72CF91221024642
:100EC00007A8FFF761FD002840F083805846CAEB71
:100ED0000404EEF7E7FFD04407AB019021464046FB
:100EE000009333464A4A01F0F3FE002870DB844247
:100EF0006ED9D5F8F830271A08EB0004DA0528D5A2
:100F0000D5F8FC203346DFF834C13946DFF830E14C
:100F10002046002A18BFE6463E4ACDF800E001F020
:100F2000D7FE002854DB874252D9D5F800313F1A4A
:100F30000444002B0BDD013B374A3946204601F0C3
:100F4000C7FE002844DB874242D93F1A0444D5F843
:100F5000F830980676D4D90300F1AD805A0700F135
:100F6000D9801B0538D533462C4A3946204601F036
:100F7000AFFE00282CDBB8422AD23F1A044405F504
:100F80008475274EDFF8A48011E0069B0093394654
:100F90003346244A2046244E01F09AFE002817DBEF
:100FA00087420444A7EB000712D9ED68A5B106A952
:100FB0002846EEF70DFB1D4B0028E6D0CDF8188033
:100FC000E4E71B4A01F084FE002801DB814500D8DC
:100FD00018480DB0BDE8F08F2046174A394601F099
:100FE00077FE0028F4DB8742F2D9381AC0EB0900FB
:100FF000EFE700BFF44A0020104B0020284B0020F0
:10100000404B0020584B0020904B0020C84B002044
:10101000E04B0020F44B0020144C0020804D0020B9
:1010200034250020984D0020344A00209C4A00209E
:10103000D44A002080D6FFFF1C2A0020C44A00208A
:10104000CC4A00203346C84A3946204601F040FECB
:101050000028BDDBB84234BF00230123002BB7D1E9
:101060003F1A044405F1E802DFF804E35168C818A8
:10107000874240F287803F1A4BB19EF80010022B46
:10108000217002D19EF8011061701C44516841B179
:1010900000239168C95C013304F8011B51688B423D
:1010A000F7D3D2680223DFF8D8E2002ADED122701B
:1010B000D5F8F8304FE73346AC4A3946204601F0C0
:1010C00007FE002884DBB84282D295F818813F1AC7
:1010D0000444A74B18F0800F40F0728118F0400FC5
:1010E00040F0818018F0200F6ED118F0100F5CD105
:1010F00018F0080F4AD118F0040F40F0838018F060
:10110000020F40F09C8018F0010F40F08A80D5F863
:10111000F83023E73346974A3946204601F0D8FD98
:101120000028FFF655AFB842BFF452AFD5F804819E
:101130003F1A04448E4B18F0800F40F09E8018F048
:10114000400F40F08B8018F0200F40F0B48018F072
:10115000100F40F0A18018F0080F40F0CA8018F07E
:10116000040F40F0B78018F0020F40F0EE8018F046
:10117000010F40F0DB8018F4004F40F0C980D5F833
:10118000F830EEE600237C48237022E77B4A39469C
:10119000204601F09DFD0028FFF61AAF87427FF63A
:1011A00017AF3F1A0444764BA5E7764A39462046E6
:1011B00001F08EFD0028FFF60BAF87427FF608AFE7
:1011C0003F1A04446E4B93E76F4A3946204601F0BC
:1011D0007FFD0028FFF6FCAE87427FF6F9AE3F1A8E
:1011E0000444674B81E7694A3946204601F070FDA7
:1011F0000028FFF6EDAE87427FF6EAAE3F1A0444C0
:101200005F4B6FE7624A3946204601F061FD0028D6
:10121000FFF6DEAE87427FF6DBAE3F1A0444584B42
:101220006DE75C4A3946204601F052FD0028FFF682
:10123000CFAE87427FF6CCAE3F1A044467E7564AEA
:101240003946204601F044FD0028FFF6C1AE874232
:101250007FF6BEAE3F1A0444494B54E74F4A394625
:10126000204601F035FD0028FFF6B2AE87427FF63A
:10127000AFAE3F1A0444424B65E73946484A204620
:1012800001F026FD0028FFF6A3AE87427FF6A0AE50
:101290003F1A04443A4B52E7424A3946204601F08D
:1012A00017FD0028FFF694AE87427FF691AE3F1AF5
:1012B0000444334B4FE73C4A3946204601F008FDD1
:1012C0000028FFF685AE87427FF682AE3F1A0444BF
:1012D0002B4B3CE7354A3946204601F0F9FC002803
:1012E000FFF676AE87427FF673AE3F1A0444244B76
:1012F00039E72F4A3946204601F0EAFC0028FFF67C
:1013000067AE87427FF664AE3F1A04441C4B26E763
:10131000284A3946204601F0DBFC0028FFF658AE8B
:1013200087427FF655AE3F1A044428E7224A3946E1
:10133000204601F0CDFC0028FFF64AAE87427FF63A
:1013400047AE3F1A04440E4B15E71C4A3946204667
:1013500001F0BEFC0028FFF63BAE87427FF638AEB8
:101360003F1A0444064B02E7284C0020404C002062
:1013700034250020CC4C002080D6FFFF944C002068
:10138000344A0020804C0020784C0020684C00201B
:10139000A04C0020B84C0020AC4C0020F84C0020A1
:1013A000E44C0020204D00200C4D0020444D002036
:1013B000344D0020704D0020604D0020544D002021
:1013C0003946074A204601F083FC0028FFF600AEAC
:1013D00087427FF6FDAD3F1A0444024B7EE600BF14
:1013E000584C0020344A00202DE9F04390461D4619
:1013F00083B0894607460E461B4C01221B4B05E075
:10140000083454F8043CCBB154F8082C2A42F7D0E5
:10141000009338464346164A314601F059FC0028ED
:1014200007441DDBB042A6EB000619D254F8083C75
:1014300008345D4054F8043C002BE5D125B9C6EBD7
:10144000090003B0BDE8F08343463846094A3146F7
:1014500001F03EFC002803DB864201D9361AEEE794
:10146000054803B0BDE8F08368F50260A04D002098
:10147000C84D0020D04D002080D6FFFFD0F8F830B6
:1014800013F0040301D0FFF7CDBB1846704700BF2F
:10149000F8B50446D0F8F80010F4006012D01646F3
:1014A0000F4604F5847403E0042D0CD0E468A4B165
:1014B0006568B542F8D132463946A06801F0ECFBC8
:1014C0000028F1D1F8BD2A46A168054801F0E4FBE7
:1014D0000028F7D0E468002CEAD10248F8BD00BF2C
:1014E0004C05002000D8FFFF38B511F1840419D055
:1014F000D1F89420054622B914E0E46B94B1226936
:1015000082B12B6A9342F8D16169686A01F0C4FB29
:101510000028F2D104F11800FEF7CAFD0028ECD033
:10152000012038BD002038BD2DE9F04FB5B00024B2
:10153000984681463F9B20A80E9121460F9250224B
:101540001C603E9C01F0ACFBB8F1000F00F0EA819A
:10155000B4B1204601F074FBD9F8F83005469A067C
:1015600040F1AE8109F1E80603E0F668002E00F0D4
:10157000C1812A4621463046FFF7FAFA0028F4D105
:1015800009F1BC042046EEF7CFFD01230138D8F85D
:1015900004208340134200F08E8108F10C0208F110
:1015A000080311460892184622460793FFF79CFA53
:1015B000002840F07B81002420AF4FF0010A0B94FB
:1015C0000D9420AB09F1A40043F83490631C0693FA
:1015D000FEF76EFD18B17B6843F001037B6009F1F3
:1015E0008C00FEF767FD18B17B6843F400737B60E5
:1015F0000D9B002B40F0118199F82831D8F800207C
:10160000013B0AFA03F3134203D17B6843F480439E
:101610007B6099F82931D8F80420013B0AFA03F3DA
:10162000134203D17B6843F400437B60069B012B8C
:1016300000F0D5800B9B01220E994846009323466B
:10164000FFF70EFB0546002800F00C8109F16C0144
:1016500009F14C00FFF7E0F9002840F0BB800123BE
:101660000B9A01320B92002B40F0B480069B082BA2
:1016700000F2568129464846FFF79AF97B68002810
:1016800040F00B810A9305F1BC03089907981A46AC
:101690009B46FFF729FA20B10A9B43F480330A9353
:1016A0007B600F9B002B00F039811C4600260C97B5
:1016B000CDF810B0CDF8249003E0D4F8F040002C21
:1016C0007BD0A369002BF8D0E26A6B6C9A42F4D10C
:1016D000A96C206B01F0E0FA0028EED1D5F8F830C3
:1016E0005B0706D502212846FFF79CFA002840F048
:1016F000D98094F8E800D8F80020431E0AFA03F3D2
:10170000134201D146F4003694F8E930D8F80420A9
:10171000013B0AFA03F3134201D146F48026ECF7A9
:10172000C5FD10AB226983466169ECF755FE0028C0
:1017300040F0B880049A08990798FFF7D5F908B1E6
:1017400046F48036D4F8EC10584694F8E89094F8B3
:10175000E9B00591ECF716FED4F8E0704B46059918
:101760000397D4F8E470049A029710AF019058469A
:101770000097EEF7D5FB002840F0948004F16C0050
:10178000FEF796FC08B146F0200604F15400FEF77F
:1017900091FC08B146F4806621460998FFF7A4FE43
:1017A00000288AD00C9F46F002060A9BA946069C98
:1017B00008371E4347F8046C03E70C9FF5E70B9BC3
:1017C00001220E99484600932346FFF749FA054641
:1017D000002847D07B680A9301230D9353E709F152
:1017E0006C0109F14C00FFF717F90028E7D10E9BB7
:1017F000002BE4D0D9F804601D4603E0D5F8305141
:10180000002DDCD06B68B342F8D13246A968D9F814
:10181000080001F041FA0028F0D120AA069D3F9F60
:1018200002EBC504DDF800816E1E54F8041C10ABF9
:10183000419832461091B8F1000F05D054F8081CB9
:10184000C047002859D110993B68083C35461943D8
:101850003960002EE8D10029334808BF002035B098
:10186000BDE8F08F0B9A2346D9F830114846009214
:101870000022FFF7F5F9054600284AD0069B012B08
:101880003FF4F8AE09F16C0109F14C00FFF7C4F820
:1018900000287FF4EBAE0346E2E643F008030A9328
:1018A0007B60F0E60C9F46F010067EE7219B43F438
:1018B000803321937FE6219B43F4004321936CE620
:1018C00009F16C0601E0B669A6B17268032AFAD183
:1018D000B168164801F0E0F92A4621460028F2D105
:1018E00006F10C00FFF744F900283FF449AEB66951
:1018F000002EEAD10423219342E610F51C5F0C4B25
:1019000008BF18464FF0FF333F9A136035B0BDE86B
:10191000F08F7B6843F008037B607EE70F9E44E70F
:101920000348EFE70348EDE700D9FFFF1425002047
:1019300000D0FFFF00D8FFFF70B584B0089E099D5E
:101940000A9C029503948DE84800024BFFF7ECFDDA
:1019500004B070BD08F602604FF49A72002101F0E5
:101960009FB900BF002868D0F8B50746064606F1C3
:10197000BC00EEF743FAD6F82C0101F055F9746E6D
:1019800054B12046A5692021F0F7E8F8204601F07F
:101990004BF92C46002DF4D1D6F8844054B12046A2
:1019A000A5692021F0F7DAF8204601F03DF92C4630
:1019B000002DF4D1D6F8144154B12046E568102129
:1019C000F0F7CCF8204601F02FF92C46002DF4D189
:1019D000D6F8F44054B12046E5681021F0F7BEF87F
:1019E000204601F021F92C46002DF4D1B06828B131
:1019F0007168F0F7B3F8B06801F016F9D6F8306105
:101A0000002EB4D14FF49A713846D7F83041F0F730
:101A1000A5F820464FF49A7174B1D4F83051F0F71C
:101A20009DF8A74220462C46F3D001F0FDF8204651
:101A30004FF49A71002CF0D1F8BD70472DE9F04FAA
:101A40009DB0002800F08D81B1FA81F56D09002D5F
:101A500040F08781824690460F46044605E0D4F860
:101A600030612546002E75D03446A369002BF6D18F
:101A700010A90DAA0D930846049113A9109313936E
:101A80000E460392059153609360436083607360D8
:101A9000B3601CAE07EB080B302308A846F8548D42
:101AA000594632460897E1F715F8002840F08F8133
:101AB000089BDDF81C80C3EB0B0BC345C0F03F81D6
:101AC00043440120C7EB0309C4F80490494601F0E0
:101AD000F3F883460890A060002800F07D81394625
:101AE0004A4601F0B9F8C8EB09013023324659449F
:101AF00008A801EB08076161089139460297E0F7F1
:101B0000E9FF804600284FD1079FA023089819AA13
:101B1000616900EB070B08A8C1EB0B075946276169
:101B2000E0F7D8FF0346002849D010F1620F00F01B
:101B30000B8120461F46FFF715FF15B10023C5F89E
:101B40003031A24502D0204601F06EF838461DB073
:101B5000BDE8F08F4FF49A71012001F0ADF8C4F8A0
:101B60003001002800F03A8131464FF49A7201F0BA
:101B700097F80DAB0D961946039310AB109613967C
:101B80001846049313AB4E608E601D460593D4F83F
:101B900030316E60AE60254646608660002B40F0B6
:101BA0006082A14F1C46C8E7A8F506572046FFF7FC
:101BB000D9FE002FC1D138461DB0BDE8F08F08997D
:101BC00004F11802199B08A801EB03084146E0F74D
:101BD000BFFF002840F0BB80089B984540F0F5808F
:101BE00004F11C02594608A8FEF718FE0346002817
:101BF0009FD104F12807039B594608A83A46FEF7EF
:101C000065FB0346002894D1A369022B00F20281F0
:101C1000013304F5967203993846A36104F229133F
:101C2000009204F59472FEF76FFC8046002840F0A5
:101C300093800898302332465946E06308A8E0F7BD
:101C400049FF0746002840F0B780089904F14C028C
:101C5000079B08A81944FEF7ABFA0746002840F096
:101C6000A78008983023E76B19AA5946C71B08A814
:101C7000A763E0F72FFF002800F0B280B0F51057FF
:101C800040F09680089BA36432463023594608A84A
:101C9000E0F720FF0746002840F08E80079B4BB1FD
:101CA000089904F16C0208A81944FEF781FA074666
:101CB00000287DD1A06C04F1BC02089B59461B1A78
:101CC00008A86364EFF73AFE0746002870D1A369BD
:101CD000023B012B47D9089B9B4530D1049B08A8A8
:101CE000059A0299FEF7F2FA0746002860D1E26AE7
:101CF000149B9A4240F093801599206B00F0CCFF22
:101D00000746002840F08B800E9A119B9A4240F0C3
:101D100086802AB112990F9800F0BEFF00287ED16C
:101D200008A804F58E720299FEF7CEFB0346002840
:101D30007FF4FFAE089B029A9A423FF407AF204619
:101D40003A4FFFF70FFEF8E6C4F8188048E7B0F501
:101D500008533FF445AFECE620464746FFF702FE46
:101D6000EBE6314FF2E6012304F1C402594608A81C
:101D7000FEF7E4FE0746D8B9A369023B012BAAD8B7
:101D8000022304F1D002594608A8FEF7D7FE074601
:101D900070B9A369032B9ED104F1DC02594608A84F
:101DA000FEF762FD00284DD010F1620F93D0074678
:101DB0002046FFF7D7FDC0E6A7F506572046FFF7F8
:101DC000D1FD002F3FF4F7AEB7E6194BB1E6204640
:101DD000184FFFF7C7FDB0E6174FAEE6164FB5E652
:101DE000089904F18C02199B08A801EB03094946E4
:101DF000FEF7D2FB0028DAD104F1A402494608A874
:101E0000FEF7CAFB0028D2D1089B994540F02B81F0
:101E10004B4638E72046094FFFF7A4FD8DE62046E4
:101E2000074FFFF79FFD88E600D8FFFF1ADEFFFF90
:101E30009ADDFFFF80DEFFFF80D7FFFF80DAFFFF24
:101E400080D9FFFF8046089B9B454DD930235946DA
:101E500008A809AACDF85880CDF85C80CDF860803C
:101E6000CDF82880CDF82C80E0F734FE002840F033
:101E7000F280089E0623099817AA37785946064427
:101E800008A81697E0F726FE002840F0E480089A9C
:101E9000179B18921344C3EB0B020893002A27DD0B
:101EA0000AAA314608A8E0F729FE10F1620F02D015
:101EB000002840F0D08009AA0423314608A8E0F7A2
:101EC00009FE002840F0C780089A099B13449E42EF
:101ED0000CD10BA916A8EDF733FA68B10A9B089646
:101EE00043B933469B45B1D83FF4F8AE844F5FE722
:101EF000844F5DE7844F5BE7D4F8F8200B9B12EA30
:101F0000030740F0F5801A43B3F5807FC4F8F8204A
:101F100000F0AB8076DC042B51D0202B46D130234F
:101F2000314608A804F1E8070DEB0302E0F7D2FD03
:101F3000002834D1089B0C9A1A449642D6D19E426E
:101F400036D9F21A002AD3DD13F8019B19AA3146BB
:101F500008A80893E0F76EFD08BB09F0C003802BCA
:101F6000C8D1B9F1820F04D0089A199B1344089381
:101F7000E5E7BB6853B1FB68002B40F0B980102146
:101F8000012000F099FEF860B8B107468223089A54
:101F90003B60199BBA607B6013440893CFE7A0F5C0
:101FA0001457002F7FF404AF089B4DE7574FFFE60F
:101FB000C7F80C803FF448AF98E7554FF8E6314634
:101FC00019AA08A819978DF868701B97E0F7F6FD15
:101FD000002840F08F80199F002F3AD01B9A0646A8
:101FE000C4F804010346501E10F8012FD900013334
:101FF0008A40032B46EA0206C4F80461D4D89F4203
:10200000F2D8D1E7B3F5006F16D0B3F5803FCDD14C
:10201000314619AA08A819978DF868701B97E0F740
:10202000CDFD002866D1199B012B12D11B9A089B6C
:10203000127884F8182107E73146062304F58472E4
:1020400008A8E0F713FE002854D1D4F81031002B73
:10205000AAD1304FACE6A0F51457002F3FF43BAEA9
:10206000A6E61C4615E52C4FA2E6C4F8FC7030230A
:10207000C4F8007119AA314608A8E0F72BFD04F155
:10208000FC0704F58079002889D1089B9E423FF423
:10209000DBAE3A46314608A8E0F730FD88B110F1D2
:1020A000620F7FF47CAF3A46314608A8E0F750FD56
:1020B00000287FF474AFD4F8FC3013B10123C4F8C6
:1020C000FC30089B9E423FF4BFAE4A46314608A80A
:1020D000E0F73EFD00287FF462AF089B9E427FF44C
:1020E00005AFD4F8002133460132C4F80021ABE635
:1020F0000A4F5DE6B0F514573FF456AF58E600BFFF
:102100009ADAFFFFA0DAFFFF9EDAFFFF80DFFFFF12
:1021100096DAFFFF9CDAFFFF9ADBFFFF00DBFFFF91
:10212000002872D02DE9F04F0C468BB000296AD000
:1021300015460746002A3CD08B1813F8016C002E78
:1021400037D13349204600F0BFFD90B3012D56D959
:102150000DF1180AB146B046059607A8EDF7CEFB7B
:10216000CDF808A0CDF804802346CDF8008007A85C
:10217000284A2749EDF7C8FB834610B31BF5A45F37
:1021800007A83ED01BF5845F0BD0EDF78DFD069AB6
:10219000B9F1000F08BFD9460136AD1A1444012D1C
:1021A000DBD8059B4BBB1C48B9F1000F18BF484654
:1021B00004E02A4621463846FFF740FC0BB0BDE854
:1021C000F08F069B3846089A0799ED1A1C44FFF7D2
:1021D00035FC834607A8EDF767FDBBF1000F09D07A
:1021E0001BF5225F06F101060BD0B9F1000F08BF05
:1021F000D946D4E701230593D1E73046DEE7064808
:10220000DCE75846DAE70548D8E70448704700BFDE
:10221000FC4D0020184E002080D8FFFF00D8FFFFA3
:102220002DE9F041294F002542690124B96B4FF097
:10223000020E16684FF4303821F47C010369DFF890
:102240009CC041F48021B9633168576839433160DB
:102250004FF001161E49C3F810E01D61C3F848C0D5
:102260005C629962C3F82C809F6C1A491F651D62DD
:102270009E651C61037E184E02EB03152C7A2B46DB
:1022800001EB0414A46826602C7AED6801EB0414B9
:10229000646825601C690CB15B692360407E0E4C4C
:1022A00002EB001393F828001A4601EB0010806837
:1022B000046093F82840D86A01EB04114B68186059
:1022C000136B0BB1526B1A60BDE8F08100C00F4078
:1022D000B80B0505F009002061F801003B3728190B
:1022E0004369027E03EB0212F0B4147A8C4209D0E7
:1022F0001A7AFF2A06D08A4228D01A7EFF2A01D0F5
:102300008A4201D0F0BC704701252E4693E80600B2
:102310000968114217D00F4A03EB061305270E4E2A
:1023200002EB041461680F60197A02EB01118968ED
:102330000E601C7AD96802EB0412526811601A69A7
:102340000AB15B6913600576F0BC704700252E4624
:10235000DCE700BFF009002061F8010043690B4A87
:1023600003EB011010B4017A094C02EB01118968EA
:102370000C60047AC16802EB0412526811600269B1
:102380000AB1436913605DF8044B7047F0090020FF
:1023900061F801004369427E03EB0212F0B492F847
:1023A00028408C420BD093F82820FF2A07D08A427D
:1023B0002BD093F83820FF2A01D08A4201D0F0BCFC
:1023C000704701252E4693E806000968114219D08E
:1023D0000F4A03EB061305270E4E02EB0414616847
:1023E0000F6093F8281002EB011189680E6093F8D2
:1023F0002840D96A02EB0412526811601A6B0AB1C4
:102400005B6B13604576F0BC704700252E46DAE71B
:10241000F009002061F8010043690C4A03EB011048
:1024200010B490F828100A4C02EB011189680C6076
:1024300090F82840C16A02EB041252681160026BE6
:102440000AB1436B13605DF8044B7047F00900203C
:1024500061F80100114B1249D86E0A4640F4403031
:1024600030B4D86640F23765D86EA02440F440708E
:10247000D8664D648C64936C1B06FCD4094B40F207
:102480003760A0211A4658649964936C13F0800356
:10249000FBD1054A137030BC704700BF00C00F402D
:1024A00000400C4000800C409EB80020704700BFE8
:1024B000704700BF704700BFF0B5244A0020244B8E
:1024C0004FF0100C234C1126DFF8C8E012272060D3
:1024D0000125C2F800C0C3F800E01660DFF8B8E0DC
:1024E0001D4EC3F800E01D4917601E6041F0150144
:1024F0001B4F1C4E17601E601B4F1C4E17601E604A
:102500001B4F11601B4E1C491F6016601B4F19604A
:102510001B4E1C4917601E601B4F11601B4E1C494F
:102520001F60166019602560BFF34F8FBFF36F8F78
:10253000C3F8B001BFF34F8FBFF36F8F52F8883CE1
:1025400043F4403342F8883CF0BD00BF9CED00E00E
:10255000A0ED00E094ED00E009001000A0BA00201A
:10256000130020002100020714000020250008139A
:10257000090000101600202027000B131700004050
:1025800033001013180000602F000B0719000070B3
:102590002F000B133F00001025000803F0B58D4BF2
:1025A00018228D4E01208D4948F20C7E8C4D4FF043
:1025B000FF378C4C83B0C3F85C12C3F8605200251F
:1025C000C3F86412C3F868424FF40054C3F86C6255
:1025D0008549C3F87062C3F87462C3F87862834EA9
:1025E000DA661A675A679A67DA67C3F88020C3F811
:1025F0008420C3F8882040F20562C1F82C03C1F89A
:102600003003C1F83403C1F83803C1F83C03C1F802
:1026100050032946B36976481840764B0343764801
:10262000B361D6F8843043F00C03C6F88430022638
:10263000036833430360036803EA0E0E6F4B4EEAF0
:102640000303DFF8F0E103606D4B4760DEF80870CC
:102650003B406C4F43F000538360C36823F0780322
:10266000C360036A1F40684B3B43664F0362036AC3
:102670001F40654B3B43654F43628762C762DEF88C
:10268000B830634F23F03F0343F00103C0F8B83084
:10269000DEF8BC30DFF884E123F03F0343F00103B0
:1026A000C0F8BC30056104660767C0F88020446646
:1026B0004767C0F884200468564B24F00204564A49
:1026C0000460C0F818E0C66143F8041B9342FBD1D4
:1026D000494B1A68194642F001021A600B68464AD3
:1026E00013F00103FAD14D4E022540F2F56440F299
:1026F000664040F299414A4F966142F20146D561E7
:1027000040F23545C2F8004242F20124C2F81002FC
:102710000120C2F820121146C2F8307207F15A4760
:10272000C2F8346207F51377C2F840523D4E3E4D71
:10273000C2F85072C2F85462C2F86052C2F86442E1
:10274000C2F8A030C2F8A430C2F8B0004B692A4ADF
:10275000DD07FBD5012300244FF48030114653617F
:10276000C2F8A040C2F8A400C2F8B0304B69224AB7
:10277000DC07FBD5012300244FF4003011465361E0
:10278000C2F8A040C2F8A400C2F8B0304B691A4A9F
:10279000D807FBD501230024244811465361C2F811
:1027A000A040C2F8A400C2F8B0304B69124ADB075F
:1027B000FBD5D2F8003145F60D5121209BB2506176
:1027C0008B4239D01A4B00221A605A609A60DA6044
:1027D00003B0F0BD00801F40F9700100F9B00100A6
:1027E000F9100100F900010000841F4000C00F40F3
:1027F000FFFCFF1F000300A000402A401200FFFF63
:10280000FF37F70000FFF07C40000080FF000F83DF
:102810006300020000422A4000432A40F05AF05A66
:102820009F041830063201263806180A04000300F7
:1028300050BA002000802A4000244FF48020012359
:102840001146C2F8A040C2F8A400C2F8B0304B69EB
:102850003B4ADF07FBD501234FF40004002011465B
:102860005361C2F8A040C2F8A400C2F8B0304B696E
:10287000334ADE07FBD501234FF400044FF48030C8
:1028800011465361C2F8A040C2F8A400C2F8B030AB
:102890004B692B4ADD07FBD501234FF400044FF4AD
:1028A000003011465361C2F8A040C2F8A400C2F83B
:1028B000B0304B69224ADC07FBD501234FF40004FA
:1028C000204811465361C2F8A040C2F8A400C2F8E3
:1028D000B0304B691A4AD807FBD5D2F8003145F61B
:1028E0000D5121209BB250618B4210D0164B082213
:1028F0004FF400041A7015490020154A0123009076
:10290000521A1448224400F0A3F903B0F0BD4FF46A
:1029100000044FF4802101231046C2F8A040C2F801
:10292000A410C2F8B03043690549DB07FBD501208C
:10293000054B10224FF0807448611A70DBE700BF2E
:1029400000402A4004000300A2B8002000000070EC
:102950000000007050BA0020F0B4174A40274FF42E
:1029600080314FF480564FF400554FF4404443F209
:102970004200136913F0020F06D094615161906117
:10298000136913F0020FF8D113F4005F01D1556100
:10299000EFE713F4805F01D15661EAE7002BE8DA34
:1029A00013F4803F01D09161E3E75B0601D45761E6
:1029B000DFE7F0BC704700BF00800D40394A0320BC
:1029C0003949F3EE095A13689FED386A23F0010381
:1029D000DFED376AF0B4136000241061D1F8E03005
:1029E000344FD8B2C3F30B211B0D334E07EE100A40
:1029F00005EE101A07EE903A304BB8EEC55A304D3E
:102A0000B8EEC77A3060F8EEE77A29602D4937EEE4
:102A1000466A2D4E77EEC57A2C4877EE666A2C4DC5
:102A200037EE657A26EE276AC7ED007A66EEA76A6A
:102A3000176867EE277A83ED007AC6EE075A86EEAE
:102A4000876AC7EE876A35EE857AFCEEC77A36EE7E
:102A5000057A17EE903ABCEEC77A47EA035376EE52
:102A6000857A136017EE103AD2F81071FCEEE77A0F
:102A700001EA0341394317EE903AC2F81011C3F34B
:102A80000B03D2F810110B43C2F81031136843F056
:102A9000020313603470C0F840510E4B0122F0BCA9
:102AA0001A60704780810D4000441F400000AA4218
:102AB0000000B44294B500208CB5002090B50020F1
:102AC00088B500200000FF0F40E400E0006C00200B
:102AD000E10D010008E100E0304B40F6617270B595
:102AE000C3F8202140F2044500F0CAF82C492D48D3
:102AF000D1F880202C4C42F003022C4BC1F88020EE
:102B0000C0F86051226813401BB9D0F8A8319A0769
:102B10001AD0244B4FF00041234A51631A46D3F890
:102B2000401141F00201C3F84011D2F840319B0737
:102B3000FBD44FF400301E491B4B4FF0004208609D
:102B400019209A6300F078F81A4D0022164B4FF0C6
:102B50008041144C0A26996328461A601146C4F82D
:102B6000A8614FF4207200F09BF84FF4810640F208
:102B700043114FF48000104B104A2E602864C4F8B3
:102B80005851C4F84811C3F804220D4A4FF40031DB
:102B900001231160C4F8403170BD00BF00800D40BA
:102BA00000C00F4000002E4000900D40001C1E0091
:102BB0008CE200E000000020006C0020AD0F01005E
:102BC0000CE100E008B50E4B1B6E9B0700D4FBBE6A
:102BD00072B60C4B00200C4AC3F8400103F160436D
:102BE0000A49A3F55F2311649D46BFF34F8F084A3E
:102BF00003F5E0430749126818461960936898473F
:102C000000441F4000002E4000C00A400300200086
:102C10001C002000000012EBF8B500BFF8BC08BC97
:102C20009E467047000000005FF800F0D13B0100B5
:102C30005FF800F0754301005FF800F069F90000EB
:102C40005FF800F0014E01005FF800F0ED000100B8
:102C50005FF800F0A92001005FF800F0FD0001001E
:102C60005FF800F0694A01005FF800F0E1410100FF
:102C70005FF800F0FD3601005FF800F03509010053
:102C80005FF800F04D1701005FF800F0A5F60000B6
:102C90005FF800F0F14301005FF800F07D410100B2
:102CA0005FF800F0A94201005FF800F00144010064
:102CB0005FF800F0A93A01005FF800F0153A010052
:102CC0005FF800F04D4301005FF800F0FD51010096
:102CD0005FF800F055480100010100007D2C000064
:082CE0005D570000F5F3000050
:102CE80001000000020000000400000008000000CD
:102CF80010000000200000004000000080000000DC
:102D08001B00000036000000637C777BF26B6FC508
:102D18003001672BFED7AB76CA82C97DFA5947F0D6
:102D2800ADD4A2AF9CA472C0B7FD9326363FF7CCB2
:102D380034A5E5F171D8311504C723C31896059A4F
:102D4800071280E2EB27B27509832C1A1B6E5AA072
:102D5800523BD6B329E32F8453D100ED20FCB15B5D
:102D68006ACBBE394A4C58CFD0EFAAFB434D3385C6
:102D780045F9027F503C9FA851A3408F929D38F59A
:102D8800BCB6DA2110FFF3D2CD0C13EC5F974417D1
:102D9800C4A77E3D645D197360814FDC222A908848
:102DA80046EEB814DE5E0BDBE0323A0A4906245CD4
:102DB800C2D3AC629195E479E7C8376D8DD54EA939
:102DC8006C56F4EA657AAE08BA78252E1CA6B4C605
:102DD800E8DD741F4BBD8B8A703EB5664803F60E5E
:102DE800613557B986C11D9EE1F8981169D98E944D
:102DF8009B1E87E9CE5528DF8CA1890DBFE6426866
:102E080041992D0FB054BB1651F4A7507E4165531C
:102E18001A17A4C33A275E963BAB6BCB1F9D45F1AF
:102E2800ACFA58AB4BE303932030FA55AD766DF608
:102E380088CC7691F5024C254FE5D7FCC52ACBD72F
:102E480026354480B562A38FDEB15A4925BA1B677F
:102E580045EA0E985DFEC0E1C32F7502814CF01261
:102E68008D4697A36BD3F9C6038F5FE715929C95A0
:102E7800BF6D7AEB955259DAD4BE832D587421D39D
:102E880049E069298EC9C84475C2896AF48E79787F
:102E980099583E6B27B971DDBEE14FB6F088AD1782
:102EA800C920AC667DCE3AB463DF4A18E51A318290
:102EB8009751336062537F45B16477E0BB6BAE8452
:102EC800FE81A01CF9082B94704868588F45FD199D
:102ED80094DE6C87527BF8B7AB73D323724B02E254
:102EE800E31F8F576655AB2AB2EB28072FB5C203ED
:102EF80086C57B9AD33708A5302887F223BFA5B2A9
:102F080002036ABAED16825C8ACF1C2BA779B492A9
:102F1800F307F2F04E69E2A165DAF4CD0605BED5F5
:102F2800D134621FC4A6FE8A342E539DA2F355A045
:102F3800058AE132A4F6EB750B83EC394060EFAA01
:102F48005E719F06BD6E10513E218AF996DD063DE1
:102F5800DD3E05AE4DE6BD4691548DB571C45D05A7
:102F68000406D46F605015FF1998FB24D6BDE99765
:102F7800894043CC67D99E77B0E842BD07898B88E2
:102F8800E7195B3879C8EEDBA17C0A477C420FE978
:102F9800F8841EC90000000009808683322BED48A2
:102FA8001E1170AC6C5A724EFD0EFFFB0F85385621
:102FB8003DAED51E362D39270A0FD964685CA62187
:102FC8009B5B54D124362E3A0C0A67B19357E70F0E
:102FD800B4EE96D21B9B919E80C0C54F61DC20A2A7
:102FE8005A774B691C121A16E293BA0AC0A02AE54E
:102FF8003C22E043121B171D0E090D0BF28BC7ADC7
:103008002DB6A8B9141EA9C857F11985AF75074C74
:10301800EE99DDBBA37F60FDF701269F5C72F5BCCE
:1030280044663BC55BFB7E348B432976CB23C6DCE9
:10303800B6EDFC68B8E4F163D731DCCA42638510A9
:103048001397224084C61120854A247DD2BB3DF8BF
:10305800AEF93211C729A16D1D9E2F4BDCB230F39A
:103068000D8652EC77C1E3D02BB3166CA970B999D1
:10307800119448FA47E96422A8FC8CC4A0F03F1ACE
:10308800567D2CD8223390EF87494EC7D938D1C105
:103098008CCAA2FE98D40B36A6F581CFA57ADE2875
:1030A800DAB78E263FADBFA42C3A9DE45078920D36
:1030B8006A5FCC9B547E4662F68D13C290D8B8E8FE
:1030C8002E39F75E82C3AFF59F5D80BE69D0937CD1
:1030D8006FD52DA9CF2512B3C8AC993B10187DA781
:1030E800E89C636EDB3BBB7BCD2678096E5918F4F0
:1030F800EC9AB701834F9AA8E6956E65AAFFE67E1B
:1031080021BCCF08EF15E8E6BAE79BD94A6F36CE5F
:10311800EA9F09D429B07CD631A4B2AF2A3F233123
:10312800C6A5943035A266C0744EBC37FC82CAA6C8
:10313800E090D0B033A7D815F104984A41ECDAF7FB
:103148007FCD500E1791F62F764DD68D43EFB04DAB
:10315800CCAA4D54E49604DF9ED1B5E34C6A881B93
:10316800C12C1FB84665517F9D5EEA04018C355D10
:10317800FA877473FB0B412EB3671D5A92DBD25248
:10318800E91056336DD647139AD7618C37A10C7A5C
:1031980059F8148EEB133C89CEA927EEB761C935CF
:1031A800E11CE5ED7A47B13C9CD2DF5955F2733FFB
:1031B8001814CE7973C737BF53F7CDEA5FFDAA5B02
:1031C800DF3D6F147844DB86CAAFF381B968C43E2B
:1031D8003824342CC2A3405F161DC372BCE2250CF0
:1031E800283C498BFF0D954139A80171080CB3DEC5
:1031F800D8B4E49C6456C1907BCB8461D532B67058
:10320800486C5C74D0B85742F4A750514165537E5E
:1032180017A4C31A275E963AAB6BCB3B9D45F11FAB
:10322800FA58ABACE303934B30FA5520766DF6AD04
:10323800CC769188024C25F5E5D7FC4F2ACBD7C52B
:103248003544802662A38FB5B15A49DEBA1B67257B
:10325800EA0E9845FEC0E15D2F7502C34CF012815D
:103268004697A38DD3F9C66B8F5FE703929C95159C
:103278006D7AEBBF5259DA95BE832DD47421D35899
:10328800E0692949C9C8448EC2896A758E7978F47B
:10329800583E6B99B971DD27E14FB6BE88AD17F07E
:1032A80020AC66C9CE3AB47DDF4A18631A3182E58C
:1032B80051336097537F45626477E0B16BAE84BB4E
:1032C80081A01CFE082B94F94868587045FD198F99
:1032D800DE6C87947BF8B75273D323AB4B02E27250
:1032E8001F8F57E355AB2A66EB2807B2B5C2032FE9
:1032F800C57B9A863708A5D32887F230BFA5B223A5
:10330800036ABA0216825CEDCF1C2B8A79B492A7A5
:1033180007F2F0F369E2A14EDAF4CD6505BED506F1
:1033280034621FD1A6FE8AC42E539D34F355A0A241
:103338008AE13205F6EB75A483EC390B60EFAA40FD
:10334800719F065E6E1051BD218AF93EDD063D96DD
:103358003E05AEDDE6BD464D548DB591C45D0571A3
:1033680006D46F045015FF6098FB2419BDE997D661
:103378004043CC89D99E7767E842BDB0898B8807DE
:10338800195B38E7C8EEDB797C0A47A1420FE97C74
:10339800841EC9F800000000808683092BED48329E
:1033A8001170AC1E5A724E6C0EFFFBFD8538560F1D
:1033B800AED51E3D2D3927360FD9640A5CA6216883
:1033C8005B54D19B362E3A240A67B10C57E70F930A
:1033D800EE96D2B49B919E1BC0C54F80DC20A261A3
:1033E800774B695A121A161C93BA0AE2A02AE5C04A
:1033F80022E0433C1B171D12090D0B0E8BC7ADF2C3
:10340800B6A8B92D1EA9C814F119855775074CAF70
:1034180099DDBBEE7F60FDA301269FF772F5BC5CCA
:10342800663BC544FB7E345B4329768B23C6DCCBE5
:10343800EDFC68B6E4F163B831DCCAD763851042A5
:1034480097224013C61120844A247D85BB3DF8D2BB
:10345800F93211AE29A16DC79E2F4B1DB230F3DC96
:103468008652EC0DC1E3D077B3166C2B70B999A9CD
:103478009448FA11E9642247FC8CC4A8F03F1AA0CA
:103488007D2CD8563390EF22494EC78738D1C1D901
:10349800CAA2FE8CD40B3698F581CFA67ADE28A571
:1034A800B78E26DAADBFA43F3A9DE42C78920D5032
:1034B8005FCC9B6A7E4662548D13C2F6D8B8E890FA
:1034C80039F75E2EC3AFF5825D80BE9FD0937C69CD
:1034D800D52DA96F2512B3CFAC993BC8187DA7107D
:1034E8009C636EE83BBB7BDB267809CD5918F46EEC
:1034F8009AB701EC4F9AA883956E65E6FFE67EAA17
:10350800BCCF082115E8E6EFE79BD9BA6F36CE4A5B
:103518009F09D4EAB07CD629A4B2AF313F23312A1F
:10352800A59430C6A266C0354EBC377482CAA6FCC4
:1035380090D0B0E0A7D8153304984AF1ECDAF741F7
:10354800CD500E7F91F62F174DD68D76EFB04D43A7
:10355800AA4D54CC9604DFE4D1B5E39E6A881B4C8F
:103568002C1FB8C165517F465EEA049D8C355D010C
:10357800877473FA0B412EFB671D5AB3DBD2529244
:10358800105633E9D647136DD7618C9AA10C7A3758
:10359800F8148E59133C89EBA927EECE61C935B7CB
:1035A8001CE5EDE147B13C7AD2DF599CF2733F55F7
:1035B80014CE7918C737BF73F7CDEA53FDAA5B5FFE
:1035C8003D6F14DF44DB8678AFF381CA68C43EB927
:1035D80024342C38A3405FC21DC37216E2250CBCEC
:1035E8003C498B280D9541FFA80171390CB3DE08C1
:1035F800B4E49CD856C19064CB84617B32B670D554
:103608006C5C7448B85742D05051F4A7537E41655A
:10361800C31A17A4963A275ECB3BAB6BF11F9D45A7
:10362800ABACFA58934BE303552030FAF6AD766D00
:103638009188CC7625F5024CFC4FE5D7D7C52ACB27
:10364800802635448FB562A349DEB15A6725BA1B77
:103658009845EA0EE15DFEC002C32F7512814CF059
:10366800A38D4697C66BD3F9E7038F5F9515929C98
:10367800EBBF6D7ADA9552592DD4BE83D358742195
:103688002949E069448EC9C86A75C28978F48E7977
:103698006B99583EDD27B971B6BEE14F17F088AD7A
:1036A80066C920ACB47DCE3A1863DF4A82E51A3188
:1036B800609751334562537FE0B1647784BB6BAE4A
:1036C8001CFE81A094F9082B58704868198F45FD95
:1036D8008794DE6CB7527BF823AB73D3E2724B024C
:1036E80057E31F8F2A6655AB07B2EB28032FB5C2E5
:1036F8009A86C57BA5D33708F2302887B223BFA5A1
:10370800BA02036A5CED16822B8ACF1C92A779B4A1
:10371800F0F307F2A14E69E2CD65DAF4D50605BEED
:103728001FD134628AC4A6FE9D342E53A0A2F3553D
:1037380032058AE175A4F6EB390B83ECAA4060EFF9
:10374800065E719F51BD6E10F93E218A3D96DD06D9
:10375800AEDD3E05464DE6BDB591548D0571C45D9F
:103768006F0406D4FF605015241998FB97D6BDE95D
:10377800CC8940437767D99EBDB0E8428807898BDA
:1037880038E7195BDB79C8EE47A17C0AE97C420F70
:10379800C9F8841E000000008309808648322BED9A
:1037A800AC1E11704E6C5A72FBFD0EFF560F853819
:1037B8001E3DAED527362D39640A0FD921685CA67F
:1037C800D19B5B543A24362EB10C0A670F9357E706
:1037D800D2B4EE969E1B9B914F80C0C5A261DC209F
:1037E800695A774B161C121A0AE293BAE5C0A02A46
:1037F800433C22E01D121B170B0E090DADF28BC7BF
:10380800B92DB6A8C8141EA98557F1194CAF75076C
:10381800BBEE99DDFDA37F609FF70126BC5C72F5C6
:10382800C544663B345BFB7E768B4329DCCB23C6E1
:1038380068B6EDFC63B8E4F1CAD731DC10426385A1
:10384800401397222084C6117D854A24F8D2BB3DB7
:1038580011AEF9326DC729A14B1D9E2FF3DCB23092
:10386800EC0D8652D077C1E36C2BB31699A970B9C9
:10387800FA1194482247E964C4A8FC8C1AA0F03FC6
:10388800D8567D2CEF223390C787494EC1D938D1FD
:10389800FE8CCAA23698D40BCFA6F58128A57ADE6D
:1038A80026DAB78EA43FADBFE42C3A9D0D5078922E
:1038B8009B6A5FCC62547E46C2F68D13E890D8B8F6
:1038C8005E2E39F7F582C3AFBE9F5D807C69D093C9
:1038D800A96FD52DB3CF25123BC8AC99A710187D79
:1038E8006EE89C637BDB3BBB09CD2678F46E5918E8
:1038F80001EC9AB7A8834F9A65E6956E7EAAFFE613
:103908000821BCCFE6EF15E8D9BAE79BCE4A6F3657
:10391800D4EA9F09D629B07CAF31A4B2312A3F231B
:1039280030C6A594C035A26637744EBCA6FC82CAC0
:10393800B0E090D01533A7D84AF10498F741ECDAF3
:103948000E7FCD502F1791F68D764DD64D43EFB0A3
:1039580054CCAA4DDFE49604E39ED1B51B4C6A888B
:10396800B8C12C1F7F466551049D5EEA5D018C3508
:1039780073FA87742EFB0B415AB3671D5292DBD240
:1039880033E91056136DD6478C9AD7617A37A10C54
:103998008E59F81489EB133CEECEA92735B761C9C7
:1039A800EDE11CE53C7A47B1599CD2DF3F55F273F3
:1039B800791814CEBF73C737EA53F7CD5B5FFDAAFA
:1039C80014DF3D6F867844DB81CAAFF33EB968C423
:1039D8002C3824345FC2A34072161DC30CBCE225E8
:1039E8008B283C4941FF0D957139A801DE080CB3BD
:1039F8009CD8B4E4906456C1617BCB8470D532B650
:103A080074486C5C42D0B857A75051F465537E4156
:103A1800A4C31A175E963A276BCB3BAB45F11F9DA3
:103A280058ABACFA03934BE3FA5520306DF6AD76FC
:103A3800769188CC4C25F502D7FC4FE5CBD7C52A23
:103A480044802635A38FB5625A49DEB11B6725BA73
:103A58000E9845EAC0E15DFE7502C32FF012814C55
:103A680097A38D46F9C66BD35FE7038F9C95159294
:103A78007AEBBF6D59DA9552832DD4BE21D3587491
:103A8800692949E0C8448EC9896A75C27978F48E73
:103A98003E6B995871DD27B94FB6BEE1AD17F08876
:103AA800AC66C9203AB47DCE4A1863DF3182E51A84
:103AB800336097517F45625377E0B164AE84BB6B46
:103AC800A01CFE812B94F90868587048FD198F4591
:103AD8006C8794DEF8B7527BD323AB7302E2724B48
:103AE8008F57E31FAB2A66552807B2EBC2032FB5E1
:103AF8007B9A86C508A5D33787F23028A5B223BF9D
:103B08006ABA0203825CED161C2B8ACFB492A7799D
:103B1800F2F0F307E2A14E69F4CD65DABED50605E9
:103B2800621FD134FE8AC4A6539D342E55A0A2F339
:103B3800E132058AEB75A4F6EC390B83EFAA4060F5
:103B48009F065E711051BD6E8AF93E21063D96DDD5
:103B580005AEDD3EBD464DE68DB591545D0571C49B
:103B6800D46F040615FF6050FB241998E997D6BD59
:103B780043CC89409E7767D942BDB0E88B880789D6
:103B88005B38E719EEDB79C80A47A17C0FE97C426C
:103B98001EC9F8840000000086830980ED48322B96
:103BA80070AC1E11724E6C5AFFFBFD0E38560F8515
:103BB800D51E3DAE3927362DD9640A0FA621685C7B
:103BC80054D19B5B2E3A243667B10C0AE70F935702
:103BD80096D2B4EE919E1B9BC54F80C020A261DC9B
:103BE8004B695A771A161C12BA0AE2932AE5C0A042
:103BF800E0433C22171D121B0D0B0E09C7ADF28BBB
:103C0800A8B92DB6A9C8141E198557F1074CAF7568
:103C1800DDBBEE9960FDA37F269FF701F5BC5C72C2
:103C28003BC544667E345BFB29768B43C6DCCB23DD
:103C3800FC68B6EDF163B8E4DCCAD731851042639D
:103C480022401397112084C6247D854A3DF8D2BBB3
:103C58003211AEF9A16DC7292F4B1D9E30F3DCB28E
:103C680052EC0D86E3D077C1166C2BB3B999A970C5
:103C780048FA1194642247E98CC4A8FC3F1AA0F0C2
:103C88002CD8567D90EF22334EC78749D1C1D938F9
:103C9800A2FE8CCA0B3698D481CFA6F5DE28A57A69
:103CA8008E26DAB7BFA43FAD9DE42C3A920D50782A
:103CB800CC9B6A5F4662547E13C2F68DB8E890D8F2
:103CC800F75E2E39AFF582C380BE9F5D937C69D0C5
:103CD8002DA96FD512B3CF25993BC8AC7DA7101875
:103CE800636EE89CBB7BDB3B7809CD2618F46E59E4
:103CF800B701EC9A9AA8834F6E65E695E67EAAFF0F
:103D0800CF0821BCE8E6EF159BD9BAE736CE4A6F53
:103D180009D4EA9F7CD629B0B2AF31A423312A3F17
:103D28009430C6A566C035A2BC37744ECAA6FC82BC
:103D3800D0B0E090D81533A7984AF104DAF741ECEF
:103D4800500E7FCDF62F1791D68D764DB04D43EF9F
:103D58004D54CCAA04DFE496B5E39ED1881B4C6A87
:103D68001FB8C12C517F4665EA049D5E355D018C04
:103D78007473FA87412EFB0B1D5AB367D25292DB3C
:103D88005633E91047136DD6618C9AD70C7A37A150
:103D9800148E59F83C89EB1327EECEA9C935B761C3
:103DA800E5EDE11CB13C7A47DF599CD2733F55F2EF
:103DB800CE79181437BF73C7CDEA53F7AA5B5FFDF6
:103DC8006F14DF3DDB867844F381CAAFC43EB9681F
:103DD800342C3824405FC2A3C372161D250CBCE2E4
:103DE800498B283C9541FF0D017139A8B3DE080CB9
:103DF800E49CD8B4C190645684617BCBB670D5324C
:103E08005C74486C5742D0B8C66363A5F87C7C8460
:103E1800EE777799F67B7B8DFFF2F20DD66B6BBD53
:103E2800DE6F6FB191C5C554603030500201010397
:103E3800CE6767A9562B2B7DE7FEFE19B5D7D7624B
:103E48004DABABE6EC76769A8FCACA451F82829D47
:103E580089C9C940FA7D7D87EFFAFA15B25959EB3D
:103E68008E4747C9FBF0F00B41ADADECB3D4D46736
:103E78005FA2A2FD45AFAFEA239C9CBF53A4A4F761
:103E8800E47272969BC0C05B75B7B7C2E1FDFD1CBA
:103E98003D9393AE4C26266A6C36365A7E3F3F4198
:103EA800F5F7F70283CCCC4F6834345C51A5A5F400
:103EB800D1E5E534F9F1F108E2717193ABD8D87323
:103EC800623131532A15153F0804040C95C7C752AF
:103ED800462323659DC3C35E30181828379696A1DC
:103EE8000A05050F2F9A9AB50E07070924121236EC
:103EF8001B80809BDFE2E23DCDEBEB264E27276956
:103F08007FB2B2CDEA75759F1209091B1D83839E86
:103F1800582C2C74341A1A2E361B1B2DDC6E6EB2DC
:103F2800B45A5AEE5BA0A0FBA45252F6763B3B4D26
:103F3800B7D6D6617DB3B3CE5229297BDDE3E33E04
:103F48005E2F2F7113848497A65353F5B9D1D16886
:103F580000000000C1EDED2C40202060E3FCFC1FB8
:103F680079B1B1C8B65B5BEDD46A6ABE8DCBCB467E
:103F780067BEBED97239394B944A4ADE984C4CD444
:103F8800B05858E885CFCF4ABBD0D06BC5EFEF2AE1
:103F98004FAAAAE5EDFBFB16864343C59A4D4DD7BC
:103FA80066333355118585948A4545CFE9F9F9106B
:103FB80004020206FE7F7F81A05050F0783C3C440A
:103FC800259F9FBA4BA8A8E3A25151F35DA3A3FE76
:103FD800804040C0058F8F8A3F9292AD219D9DBC45
:103FE80070383848F1F5F50463BCBCDF77B6B6C164
:103FF800AFDADA754221216320101030E5FFFF1A8D
:10400800FDF3F30EBFD2D26D81CDCD4C180C0C143C
:1040180026131335C3ECEC2FBE5F5FE1359797A2EB
:10402800884444CC2E17173993C4C45755A7A7F210
:10403800FC7E7E827A3D3D47C86464ACBA5D5DE72C
:104048003219192BE6737395C06060A019818198A5
:104058009E4F4FD1A3DCDC7F44222266542A2A7E5D
:104068003B9090AB0B8888838C4646CAC7EEEE29F6
:104078006BB8B8D32814143CA7DEDE79BC5E5EE2C8
:10408800160B0B1DADDBDB76DBE0E03B6432325612
:10409800743A3A4E140A0A1E924949DB0C06060A7B
:1040A8004824246CB85C5CE49FC2C25DBDD3D36E67
:1040B80043ACACEFC46262A6399191A8319595A43E
:1040C800D3E4E437F279798BD5E7E7328BC8C84374
:1040D8006E373759DA6D6DB7018D8D8CB1D5D564D2
:1040E8009C4E4ED249A9A9E0D86C6CB4AC5656FA8D
:1040F800F3F4F407CFEAEA25CA6565AFF47A7A8E55
:1041080047AEAEE9100808186FBABAD5F0787888C3
:104118004A25256F5C2E2E72381C1C2457A6A6F142
:1041280073B4B4C797C6C651CBE8E823A1DDDD7CDC
:10413800E874749C3E1F1F21964B4BDD61BDBDDCAE
:104148000D8B8B860F8A8A85E07070907C3E3E428C
:1041580071B5B5C4CC6666AA904848D8060303056D
:10416800F7F6F6011C0E0E12C26161A36A35355FBF
:10417800AE5757F969B9B9D01786869199C1C15810
:104188003A1D1D27279E9EB9D9E1E138EBF8F813AF
:104198002B9898B322111133D26969BBA9D9D97068
:1041A800078E8E89339494A72D9B9BB63C1E1E22A6
:1041B80015878792C9E9E92087CECE49AA5555FFC8
:1041C80050282878A5DFDF7A038C8C8F59A1A1F8B5
:1041D800098989801A0D0D1765BFBFDAD7E6E63160
:1041E800844242C6D06868B8824141C3299999B0CF
:1041F8005A2D2D771E0F0F117BB0B0CBA85454FC4D
:104208006DBBBBD62C16163A6363A5C67C7C84F8B6
:10421800777799EE7B7B8DF6F2F20DFF6B6BBDD64F
:104228006F6FB1DEC5C55491303050600101030293
:104238006767A9CE2B2B7D56FEFE19E7D7D762B547
:10424800ABABE64D76769AECCACA458F82829D1F43
:10425800C9C940897D7D87FAFAFA15EF5959EBB239
:104268004747C98EF0F00BFBADADEC41D4D467B332
:10427800A2A2FD5FAFAFEA459C9CBF23A4A4F7535D
:10428800727296E4C0C05B9BB7B7C275FDFD1CE1B6
:104298009393AE3D26266A4C36365A6C3F3F417E94
:1042A800F7F702F5CCCC4F8334345C68A5A5F451FC
:1042B800E5E534D1F1F108F9717193E2D8D873AB1F
:1042C8003131536215153F2A04040C08C7C75295AB
:1042D80023236546C3C35E9D181828309696A137D8
:1042E80005050F0A9A9AB52F0707090E12123624E8
:1042F80080809B1BE2E23DDFEBEB26CD2727694E52
:10430800B2B2CD7F75759FEA09091B1283839E1D82
:104318002C2C74581A1A2E341B1B2D366E6EB2DCD8
:104328005A5AEEB4A0A0FB5B5252F6A43B3B4D7622
:10433800D6D661B7B3B3CE7D29297B52E3E33EDD00
:104348002F2F715E848497135353F5A6D1D168B982
:1043580000000000EDED2CC120206040FCFC1FE3B4
:10436800B1B1C8795B5BEDB66A6ABED4CBCB468D7A
:10437800BEBED96739394B724A4ADE944C4CD49840
:104388005858E8B0CFCF4A85D0D06BBBEFEF2AC5DD
:10439800AAAAE54FFBFB16ED4343C5864D4DD79AB8
:1043A80033335566858594114545CF8AF9F910E967
:1043B800020206047F7F81FE5050F0A03C3C447806
:1043C8009F9FBA25A8A8E34B5151F3A2A3A3FE5D72
:1043D8004040C0808F8F8A059292AD3F9D9DBC2141
:1043E80038384870F5F504F1BCBCDF63B6B6C17760
:1043F800DADA75AF2121634210103020FFFF1AE589
:10440800F3F30EFDD2D26DBFCDCD4C810C0C141838
:1044180013133526ECEC2FC35F5FE1BE9797A235E7
:104428004444CC881717392EC4C45793A7A7F2550C
:104438007E7E82FC3D3D477A6464ACC85D5DE7BA28
:1044480019192B32737395E66060A0C081819819A1
:104458004F4FD19EDCDC7FA3222266442A2A7E5459
:104468009090AB3B8888830B4646CA8CEEEE29C7F2
:10447800B8B8D36B14143C28DEDE79A75E5EE2BCC4
:104488000B0B1D16DBDB76ADE0E03BDB323256640E
:104498003A3A4E740A0A1E144949DB9206060A0C77
:1044A80024246C485C5CE4B8C2C25D9FD3D36EBD63
:1044B800ACACEF436262A6C49191A8399595A4313A
:1044C800E4E437D379798BF2E7E732D5C8C8438B70
:1044D8003737596E6D6DB7DA8D8D8C01D5D564B1CE
:1044E8004E4ED29CA9A9E0496C6CB4D85656FAAC89
:1044F800F4F407F3EAEA25CF6565AFCA7A7A8EF451
:10450800AEAEE94708081810BABAD56F787888F0BF
:1045180025256F4A2E2E725C1C1C2438A6A6F1573E
:10452800B4B4C773C6C65197E8E823CBDDDD7CA1D8
:1045380074749CE81F1F213E4B4BDD96BDBDDC61AA
:104548008B8B860D8A8A850F707090E03E3E427C88
:10455800B5B5C4716666AACC4848D8900303050669
:10456800F6F601F70E0E121C6161A3C235355F6ABB
:104578005757F9AEB9B9D06986869117C1C158990C
:104588001D1D273A9E9EB927E1E138D9F8F813EBAB
:104598009898B32B111133226969BBD2D9D970A964
:1045A8008E8E89079494A7339B9BB62D1E1E223CA2
:1045B80087879215E9E920C9CECE49875555FFAAC4
:1045C80028287850DFDF7AA58C8C8F03A1A1F859B1
:1045D800898980090D0D171ABFBFDA65E6E631D75C
:1045E8004242C6846868B8D04141C3829999B029CB
:1045F8002D2D775A0F0F111EB0B0CB7B5454FCA849
:10460800BBBBD66D16163A2CA5C6636384F87C7CB2
:1046180099EE77778DF67B7B0DFFF2F2BDD66B6B4B
:10462800B1DE6F6F5491C5C550603030030201018F
:10463800A9CE67677D562B2B19E7FEFE62B5D7D743
:10464800E64DABAB9AEC7676458FCACA9D1F82823F
:104658004089C9C987FA7D7D15EFFAFAEBB2595935
:10466800C98E47470BFBF0F0EC41ADAD67B3D4D42E
:10467800FD5FA2A2EA45AFAFBF239C9CF753A4A459
:1046880096E472725B9BC0C0C275B7B71CE1FDFDB2
:10469800AE3D93936A4C26265A6C3636417E3F3F90
:1046A80002F5F7F74F83CCCC5C683434F451A5A5F8
:1046B80034D1E5E508F9F1F193E2717173ABD8D81B
:1046C800536231313F2A15150C0804045295C7C7A7
:1046D800654623235E9DC3C328301818A1379696D4
:1046E8000F0A0505B52F9A9A090E070736241212E4
:1046F8009B1B80803DDFE2E226CDEBEB694E27274E
:10470800CD7FB2B29FEA75751B1209099E1D83837E
:1047180074582C2C2E341A1A2D361B1BB2DC6E6ED4
:10472800EEB45A5AFB5BA0A0F6A452524D763B3B1E
:1047380061B7D6D6CE7DB3B37B5229293EDDE3E3FC
:10474800715E2F2F97138484F5A6535368B9D1D17E
:10475800000000002CC1EDED604020201FE3FCFCB0
:10476800C879B1B1EDB65B5BBED46A6A468DCBCB76
:10477800D967BEBE4B723939DE944A4AD4984C4C3C
:10478800E8B058584A85CFCF6BBBD0D02AC5EFEFD9
:10479800E54FAAAA16EDFBFBC5864343D79A4D4DB4
:1047A8005566333394118585CF8A454510E9F9F963
:1047B8000604020281FE7F7FF0A0505044783C3C02
:1047C800BA259F9FE34BA8A8F3A25151FE5DA3A36E
:1047D800C08040408A058F8FAD3F9292BC219D9D3D
:1047E8004870383804F1F5F5DF63BCBCC177B6B65C
:1047F80075AFDADA63422121302010101AE5FFFF85
:104808000EFDF3F36DBFD2D24C81CDCD14180C0C34
:10481800352613132FC3ECECE1BE5F5FA2359797E3
:10482800CC884444392E17175793C4C4F255A7A708
:1048380082FC7E7E477A3D3DACC86464E7BA5D5D24
:104848002B32191995E67373A0C06060981981819D
:10485800D19E4F4F7FA3DCDC664422227E542A2A55
:10486800AB3B9090830B8888CA8C464629C7EEEEEE
:10487800D36BB8B83C28141479A7DEDEE2BC5E5EC0
:104888001D160B0B76ADDBDB3BDBE0E0566432320A
:104898004E743A3A1E140A0ADB9249490A0C060673
:1048A8006C482424E4B85C5C5D9FC2C26EBDD3D35F
:1048B800EF43ACACA6C46262A8399191A431959536
:1048C80037D3E4E48BF2797932D5E7E7438BC8C86C
:1048D800596E3737B7DA6D6D8C018D8D64B1D5D5CA
:1048E800D29C4E4EE049A9A9B4D86C6CFAAC565685
:1048F80007F3F4F425CFEAEAAFCA65658EF47A7A4D
:10490800E947AEAE18100808D56FBABA88F07878BB
:104918006F4A2525725C2E2E24381C1CF157A6A63A
:10492800C773B4B45197C6C623CBE8E87CA1DDDDD4
:104938009CE87474213E1F1FDD964B4BDC61BDBDA6
:10494800860D8B8B850F8A8A90E07070427C3E3E84
:10495800C471B5B5AACC6666D89048480506030365
:1049680001F7F6F6121C0E0EA3C261615F6A3535B7
:10497800F9AE5757D069B9B9911786865899C1C108
:10498800273A1D1DB9279E9E38D9E1E113EBF8F8A7
:10499800B32B989833221111BBD2696970A9D9D960
:1049A80089078E8EA7339494B62D9B9B223C1E1E9E
:1049B8009215878720C9E9E94987CECEFFAA5555C0
:1049C800785028287AA5DFDF8F038C8CF859A1A1AD
:1049D80080098989171A0D0DDA65BFBF31D7E6E658
:1049E800C6844242B8D06868C3824141B0299999C7
:1049F800775A2D2D111E0F0FCB7BB0B0FCA8545445
:104A0800D66DBBBB3A2C161663A5C6637C84F87CAE
:104A18007799EE777B8DF67BF20DFFF26BBDD66B47
:104A28006FB1DE6FC55491C530506030010302018B
:104A380067A9CE672B7D562BFE19E7FED762B5D73F
:104A4800ABE64DAB769AEC76CA458FCA829D1F823B
:104A5800C94089C97D87FA7DFA15EFFA59EBB25931
:104A680047C98E47F00BFBF0ADEC41ADD467B3D42A
:104A7800A2FD5FA2AFEA45AF9CBF239CA4F753A455
:104A88007296E472C05B9BC0B7C275B7FD1CE1FDAE
:104A980093AE3D93266A4C26365A6C363F417E3F8C
:104AA800F702F5F7CC4F83CC345C6834A5F451A5F4
:104AB800E534D1E5F108F9F17193E271D873ABD817
:104AC80031536231153F2A15040C0804C75295C7A3
:104AD80023654623C35E9DC31828301896A13796D0
:104AE800050F0A059AB52F9A07090E0712362412E0
:104AF800809B1B80E23DDFE2EB26CDEB27694E274A
:104B0800B2CD7FB2759FEA75091B1209839E1D837A
:104B18002C74582C1A2E341A1B2D361B6EB2DC6ED0
:104B28005AEEB45AA0FB5BA052F6A4523B4D763B1A
:104B3800D661B7D6B3CE7DB3297B5229E33EDDE3F8
:104B48002F715E2F8497138453F5A653D168B9D17A
:104B580000000000ED2CC1ED20604020FC1FE3FCAC
:104B6800B1C879B15BEDB65B6ABED46ACB468DCB72
:104B7800BED967BE394B72394ADE944A4CD4984C38
:104B880058E8B058CF4A85CFD06BBBD0EF2AC5EFD5
:104B9800AAE54FAAFB16EDFB43C586434DD79A4DB0
:104BA800335566338594118545CF8A45F910E9F95F
:104BB800020604027F81FE7F50F0A0503C44783CFE
:104BC8009FBA259FA8E34BA851F3A251A3FE5DA36A
:104BD80040C080408F8A058F92AD3F929DBC219D39
:104BE80038487038F504F1F5BCDF63BCB6C177B658
:104BF800DA75AFDA2163422110302010FF1AE5FF81
:104C0800F30EFDF3D26DBFD2CD4C81CD0C14180C30
:104C180013352613EC2FC3EC5FE1BE5F97A23597DF
:104C280044CC884417392E17C45793C4A7F255A704
:104C38007E82FC7E3D477A3D64ACC8645DE7BA5D20
:104C4800192B32197395E67360A0C0608198198199
:104C58004FD19E4FDC7FA3DC226644222A7E542A51
:104C680090AB3B9088830B8846CA8C46EE29C7EEEA
:104C7800B8D36BB8143C2814DE79A7DE5EE2BC5EBC
:104C88000B1D160BDB76ADDBE03BDBE03256643206
:104C98003A4E743A0A1E140A49DB9249060A0C066F
:104CA800246C48245CE4B85CC25D9FC2D36EBDD35B
:104CB800ACEF43AC62A6C46291A8399195A4319532
:104CC800E437D3E4798BF279E732D5E7C8438BC868
:104CD80037596E376DB7DA6D8D8C018DD564B1D5C6
:104CE8004ED29C4EA9E049A96CB4D86C56FAAC5681
:104CF800F407F3F4EA25CFEA65AFCA657A8EF47A49
:104D0800AEE947AE08181008BAD56FBA7888F078B7
:104D1800256F4A252E725C2E1C24381CA6F157A636
:104D2800B4C773B4C65197C6E823CBE8DD7CA1DDD0
:104D3800749CE8741F213E1F4BDD964BBDDC61BDA2
:104D48008B860D8B8A850F8A7090E0703E427C3E80
:104D5800B5C471B566AACC6648D890480305060361
:104D6800F601F7F60E121C0E61A3C261355F6A35B3
:104D780057F9AE57B9D069B986911786C15899C104
:104D88001D273A1D9EB9279EE138D9E1F813EBF8A3
:104D980098B32B981133221169BBD269D970A9D95C
:104DA8008E89078E94A733949BB62D9B1E223C1E9A
:104DB80087921587E920C9E9CE4987CE55FFAA55BC
:104DC80028785028DF7AA5DF8C8F038CA1F859A1A9
:104DD800898009890D171A0DBFDA65BFE631D7E654
:104DE80042C6844268B8D06841C3824199B02999C3
:104DF8002D775A2D0F111E0FB0CB7BB054FCA85441
:104E0800BBD66DBB163A2C1652096AD53036A53872
:104E1800BF40A39E81F3D7FB7CE339829B2FFF879A
:104E2800348E4344C4DEE9CB547B9432A6C2233D7E
:104E3800EE4C950B42FAC34E082EA16628D924B22F
:104E4800765BA2496D8BD12572F8F6648668981650
:104E5800D4A45CCC5D65B6926C704850FDEDB9DAAF
:104E68005E154657A78D9D8490D8AB008CBCD30A9D
:104E7800F7E45805B8B34506D02C1E8FCA3F0F0279
:104E8800C1AFBD0301138A6B3A9111414F67DCEA48
:104E980097F2CFCEF0B4E67396AC7422E7AD3585C1
:104EA800E2F937E81C75DF6E47F11A711D29C589CB
:104EB8006FB7620EAA18BE1BFC563E4BC6D27920AD
:104EC8009ADBC0FE78CD5AF41FDDA8338807C731B6
:104ED800B11210592780EC5F60517FA919B54A0DAE
:104EE8002DE57A9F93C99CEFA0E03B4DAE2AF5B023
:104EF800C8EBBB3C83539961172B047EBA77D6263F
:104F0800E169146355210C7D6BC1BEE22E409F966A
:104F1800E93D7E117393172AAE2D8A571E03AC9C68
:104F28009EB76FAC45AF8E5130C81C46A35CE411E8
:104F3800E5FBC1191A0A52EFF69F2445DF4F9B176C
:104F4800AD2B417BE66C371044416AC2D1F53C5821
:104F58003303917E6BE9EBE048E31E9E256718F268
:104F68009229319C19F15BA4058CCFFDBBCB382D60
:104F78001F6F56585D8A4ADEC34C052CC0DA8D7304
:104F8800451AFE5F03BE297FF3F6752AE8D7831119
:104F980038F041560631B1148B79EECC93A0EE5D12
:104FA800FF30B4EA21636DA4FACA37E0B0C853737E
:104FB800DF706E73F7C9AF865DF678DD17BA4E7588
:104FC800B61768C6ADEF7C7B4804E1818FE629758A
:104FD80019A3E88C573104138A05FC5E095AF48436
:104FE8008A08D328D3688E3D7BD966D53AD8C1BB09
:104FF80085D2ADFAE87BB104FE3C53653E2F45B53A
:105008006FCD88B2CC898FF0000102030405060732
:1050180008090A0B0C0D0E0F2B7E151628AED2A60A
:10502800ABF7158809CF4F3C0000000000000000D6
:1050380000000000000000008E73B0F7DA0E645222
:10504800C810F32B809079E562F8EAD2522C6B7B7A
:105058000000000000000000603DEB1015CA71BEA2
:105068002B73AEF0857D77811F352C073B6108D700
:105078002D9810A30914DFF43B3FD92EB72DAD208E
:10508800333449F8E83CFB4AC8A64537A0B3A93FE2
:10509800CDE3CDAD9F1CE58B26751F67A3CBB14033
:1050A800B1808CF187A4F4DFC04B05357C5D1C0E04
:1050B800EAC4C66F9FF7F2E6CDC80D6FDDF18CAB81
:1050C80034C25909C99A417467CE7F7F8117362146
:1050D800961A2B70171D3D7A2E1E8A1DD59B88B1F6
:1050E800C8E60FED1EFAC4C9C05F9F9CA9834FA0F4
:1050F80042AE8FBA584B09FFDC7E84BFDA79164B73
:105108007ECD8486985D386039FFED143B28B1C8A0
:1051180032113C6331E5407BDF10132415E54B92D7
:10512800A13ED0A8267AE2F975A385741AB9CEF8FB
:105138002031623D55B1E4710000003000000000EC
:105148000000000000000001006CB6DBC0543B59B1
:10515800DA48D90B0000000100E0017B27777F3F88
:105168004A1786F000000001AE6852F8121067CCAA
:105178004BF7A5765577F39E7E24067817FAE0D785
:1051880043D6CE1F325391637691BE035E5020A85A
:10519800AC6E618529F9A0DC100000002000000039
:1051A80024000000E4095D4FB7A7B3792D6175A30A
:1051B800261311B8000000000000000000000000E5
:1051C80000000000000000000000000000000000D7
:1051D800000000005104A106168A72D9790D41EE2B
:1051E8008EDAD388EB2E1EFC46DA57C8FCE630DF91
:1051F8009141BE28000000000000000000000000EF
:1052080000000000C1CF48A89F2FFDD9CF4652E922
:10521800EFDB72D74540A42BDE6D7836D59A5CEA71
:10522800AEF3105325B2072F000000000000000065
:105238000000000053696E676C6520626C6F636BD9
:10524800206D7367000000000000000000000000EF
:105258000000000000000000000000000000000046
:1052680000000000000102030405060708090A0BF4
:105278000C0D0E0F101112131415161718191A1BEE
:105288001C1D1E1F000000000000000000000000A0
:1052980000000000000102030405060708090A0BC4
:1052A8000C0D0E0F101112131415161718191A1BBE
:1052B8001C1D1E1F202122230000000000000000EA
:1052C800000000004142434445464748494A4B4C88
:1052D8004D4E4F505152535455565758595A616272
:1052E800636465666768696A6B6C6D6E6F7071720E
:1052F800737475767778797A303132333435363756
:1053080038392B2F7F7F7F7F7F7F7F7F7F7F7F7FD6
:105318007F7F7F7F7F7F7F7F7F7F7F7F7F7F7F7F95
:105328007F7F7F7F7F7F7F7F7F7F7F7F7F7F7F3EC6
:105338007F7F7F3F3435363738393A3B3C3D7F7F76
:105348007F407F7F7F000102030405060708090AE2
:105358000B0C0D0E0F101112131415161718197FB8
:105368007F7F7F7F7F1A1B1C1D1E1F202122232465
:1053780025262728292A2B2C2D2E2F303132337F12
:105388007F7F7F7F24486E5687625ABDBF17D9A298
:10539800C4171A0194ED8F1E11B3D7090CB6E91082
:1053A8006F22EE13CAB3070576C9FA316C0834FFC9
:1053B8008DC26C380043E95497AF504BD141BA9530
:1053C800315A0B974A456875566F64695772322F80
:1053D80046396D6978426361415A54746A78345227
:1053E8007339634A444C6270454738693768504B93
:1053F8007377634664736E364D5777494E502B4E1C
:10540800776D773441455070564A657655457652E2
:10541800516271564D566F4C6C773D3D000000004F
:105428000300000005000000070000000B0000005A
:105438000D0000001100000013000000170000001C
:105448001D0000001F0000002500000029000000CA
:105458002B0000002F000000350000003B0000007A
:105468003D00000043000000470000004900000024
:105478004F000000530000005900000061000000C8
:1054880065000000670000006B0000006D00000070
:10549800710000007F000000830000008900000008
:1054A8008B00000095000000970000009D000000A0
:1054B800A3000000A7000000AD000000B30000003A
:1054C800B5000000BF000000C1000000C5000000DA
:1054D800C7000000D3000000DF000000E300000068
:1054E800E5000000E9000000EF000000F100000006
:1054F800FB00000001010000070100000D01000091
:105508000F01000015010000190100001B01000037
:1055180025010000330100003701000039010000B7
:105528003D0100004B010000510100005B0100003B
:105538005D01000061010000670100006F010000CB
:10554800750100007B0100007F010000850100005B
:105558008D0100009101000099010000A3010000E5
:10556800A5010000AF010000B1010000B701000073
:10557800BB010000C1010000C9010000CD0100000D
:10558800CF010000D3010000DF010000E7010000A7
:10559800EB010000F3010000F7010000FD0100002D
:1055A800090200000B0200001D0200002302000097
:1055B8002D02000033020000390200003B02000007
:1055C800410200004B020000510200005702000097
:1055D800590200005F020000650200006902000035
:1055E8006B020000770200008102000083020000C5
:1055F800870200008D02000093020000950200005F
:10560800A1020000A5020000AB020000B3020000E6
:10561800BD020000C5020000CF020000D702000052
:10562800DD020000E3020000E7020000EF020000D4
:10563800F5020000F9020000010300000503000064
:10564800130300001D030000290300002B030000C2
:1056580035030000370300003B0300003D03000052
:105668004703000055030000590300005B030000D6
:105678005F0300006D030000710300007303000066
:10568800770300008B0300008F03000097030000DE
:10569800A1030000A9030000AD030000B30300004C
:1056A800B9030000C7030000CB030000D1030000CA
:1056B800D7030000DF030000E503000099FFFFFFA8
:1056C800B50200006102000015000000E4060000B9
:1056D800640300001C0000000BB1CD2D06D3502040
:1056E8000100000038411676D99360F272C2AB9A75
:1056F800750657A091F7B5C9A28CD290F607A727CF
:105708008EB249DE435CD7C73EF58F671F186EAF70
:105718002FE2850D53F09C65EAA3AE9EEC802D6BBD
:10572800A82B36A6C5864D33FD6658963A099510BE
:1057380078D842CCEF26E5611A3F3B82B6DBD49895
:10574800E88B02EB0A2C1DB06F8D880E19874E0B63
:10575800A90C79117F22E759E1DA3DC81204745483
:10576800307EB428556850BED0C431CB2AAD0FCA9C
:1057780070FF326908620024D1FBBAED4581736D70
:10578800849FEE4AC32EC101E6254899B9B37BF937
:10579800CEBFDF7129CD6C13649B639DC04BB7A549
:1057A800895FB117F4BCD346CF375E4794FAFC5BE8
:1057B80097FE5AAC3C4C0335F323B85D6A92D52169
:1057C8004451C67D3983DCAA7C7756051BA4153461
:1057D8001E1CF8522014E9BDDDE4A1E08AF1D67A56
:1057E800BBE3404F70822CECB327C0E5E485573506
:1057F800EA0CAE4123EF6B934519A521ED0E4F4EF0
:105808001D6592BD86B8AF8F7CEB1FCE3E30DC5F46
:105818005EC50B1AA6E139CAD5475D3DD9015AD6EE
:1058280051566C4D8B0D9A66FBCCB02D74122B2003
:10583800F0B18499DF4CCBC2347E76056DB7A931BF
:10584800D11704D714583A61DE1B111C320F9C166D
:105858005318F222FE44CFB2C3B57A912408E8A8BF
:1058680060FC6950AAD0A07DA1896297545B1E95FF
:10587800E0FF64D210C40048A3F775DB8A03E6DAB8
:10588800093FDD94875C8302CD4A90337367F6F352
:105898009D7FBFE2529BD826C837C63B81966F4B87
:1058A80013BE632EE979A78C9F6EBC8E29F5F9B6D5
:1058B8002FFDB4597898066AE74671BAD425AB42E9
:1058C80088A28DFA7207B955F8EEAC0A36492A68EB
:1058D8003C38F1A44028D37BBBC943C115E3ADF4E0
:1058E80077C7809E702CB3C0E457EAAE236B45A5FA
:1058F800ED4F1D9286AF7C1F3EDC5E0BA639D55D51
:10590800D95A516C8B9AFBB0742BF084DFCB347668
:105918006DA9D104143ADE11329C53F2FECFC37A3A
:1059280024E86069AAA0A162541EE0641000A3756F
:105938008AE609DD8783CD9073F69DBF52D8C8C625
:10594800816F1363E9A79FBC29F92FB47806E77123
:10595800D4AB888D72B9F8AC362A3CF140D3BB433E
:1059680015AD778082EC27E585350C41EF93192139
:105978000E4E65BDB88FEBCE305FC51AE1CA473D04
:1059880001D6564D0D66CC2D1220B1994CC27E051C
:10599800B73117D758611B1C0F16182244B2B5919E
:1059A80008A8FC50D07D89975B95FFD2C448F7DBE7
:1059B80003DA3F945C024A3367F37FE29B26373B66
:1059C800964BBE2E798C6E8EF5B6FD59986A46BAFE
:1059D8002542A2FA0755EE0A496838A4287BC9C1AE
:1059E800E3F4C79EE00558D9674E81CBC90BAE6A70
:1059F800D5185D8246DFD6278A324B42DB1C9E9C37
:105A08003ACA257B0D715F1FF8D73E9D7C60B9BEF1
:105A1800BC8B16344DC37295AB8EBA7AB302B4AD53
:105A2800A2ACD89A171A35CCF799615AE82456408F
:105A3800E1630933BF98978568FCEC0ADA6F536213
:105A4800A32E08AF28B074C2BD362238641E392C84
:105A5800A630E544FD889F65876BF4234810D15133
:105A6800C0F9D2A055A141FA4313C42FA8B63C2BC4
:105A7800C1FFC8A52089009047EFEAB71506CDB544
:105A8800127EBB290FB807049B942166E6CEEDE78A
:105A98003BFE7FC5A437B14C916E8D76032DDE9603
:105AA800267DC65CD3F24F193FDC791D52EBF36DAE
:105AB8005EFB69B2F0310CD4CF8CE275A94A5784E9
:105AC80011451BF5E40E73AAF1DD59146C9254D0FC
:105AD8007870E3498050A7F6779386832AC75BE9F5
:105AE800EE8F013DA09E667F3BCC908BB67AE8583E
:105AF8004CAA73B2C6EF372FE94F82BE54FF53A5A5
:105B0800F1D36F1C10E527FADE682D1DB05688C248
:105B1800B3E6C1FD0101010100000000010101011E
:105B28000000000001000101010100010101010064
:105B3800010100010001020308090A0B2627242598
:105B4800171415161BFFFF1AFFFFFFFFFFFFFFFFCC
:105B5800FFFFFFFFFFFFFFFFFFFFFFFF0405060733
:105B68000C0D0E0F10111213FF1819FF1F1C1D1E0C
:105B7800FFFFFFFFFFFFFFFFFFFFFFFFFFFFFFFF2D
:105B8800FFFFFFFF000102033D3E3F3CFFFFFFFF19
:105B98001B18191A23202122FFFFFFFF08090A0BEF
:105BA80010111213FFFFFFFF27242526FFFFFFFF19
:105BB8000C0D0E0F3A3B38391F1C1D1EFFFFFFFF4F
:105BC800040506074142434014151617FFFFFFFF5F
:105BD8002B28292A15161714FFFFFFFF121310117F
:105BE8000B08090A0F0C0D0E191A1B181D1E1F1C75
:105BF80012131011FFFFFFFFFFFFFFFF012345678F
:105C080089ABCDEFFEDCBA98765432100000000064
:105C1800000000000000000000000000000000007C
:105C2800000000000000000000000000000000006C
:105C3800000000000000000000000000012345678C
:105C480089ABCDEFFEDCBA987654321000112233BE
:105C580044556677000000000000000000000000C6
:105C6800000000000000000000000000000000002C
:105C7800000000000000000000000000012345674C
:105C880089ABCDEFFEDCBA9876543210001122337E
:105C9800445566778899AABBCCDDEEFF000000006A
:105CA80000000000000000000000000000000000EC
:105CB80000000000000000000000000067673138A5
:105CC800549669730857065648EABE43383C6C2A0E
:105CD800ABEF7FDE25CD470BF774A331B4993401C0
:105CE800B3E996F84EE5CEE7D79B09B9D1763FC020
:105CF80019D77CC930BFF2A56F7C93649ACC237DF9
:105D0800FF16D76C20EF7C919E3A75090503FB10AE
:105D1800AB241E7CF45D8CDEEE47433501234567DA
:105D280089ABCDEFFEDCBA98765432100000000043
:105D38000200000000000000000000000001020353
:105D48000405060708090A0B0C0D0E0F2B7E151605
:105D580028AED2A6ABF7158809CF4F3C000000004B
:105D68000000000000000000000000008E73B0F783
:105D7800DA0E6452C810F32B809079E562F8EAD203
:105D8800522C6B7B0000000000000000603DEB100F
:105D980015CA71BE2B73AEF0857D77811F352C0730
:105DA8003B6108D72D9810A30914DFF41607CF49D3
:105DB8004B36BBF00DAEB0B503C831ABA2F2CF671E
:105DC8001629EF7840C5A5DFB50748870F06165096
:105DD80008CF8B8B5A63586362543E542A4830ABC1
:105DE8005AC4A1A2405955FD2195CF935D5A869B6F
:105DF800D14CE54264F892A6DD2EC3D537D359C3FA
:105E0800349836D884E310ADDF68C449E6CFA35F81
:105E1800C02B134A4D2C0B6737AC3EDA36CBEB73ED
:105E2800BD504B4070B1B7DE2B21EB50E31A6055E3
:105E3800297D96CA3330CDF1B1860A836BC1BEE2A3
:105E48002E409F96E93D7E117393172AAE2D8A57EF
:105E58001E03AC9C9EB76FAC45AF8E5130C81C4634
:105E6800A35CE411E5FBC1191A0A52EF00000030E7
:105E7800000000000000000000000001006CB6DB1C
:105E8800C0543B59DA48D90B0000000100E0017BFF
:105E980027777F3F4A1786F000000001AE6852F866
:105EA800121067CC4BF7A5765577F39E7E240678BB
:105EB80017FAE0D743D6CE1F325391637691BE03CB
:105EC8005E5020A8AC6E618529F9A0DCD09DC29AED
:105ED8008214619A20877C76DB1F0B3F000000004C
:105EE80000000000000000000000000000000000AA
:105EF800000000000000000000000000DBF3C78D78
:105F0800C08396D4DA7C907765BBCB442B8E8E0FFA
:105F180031F0DCA72C7417E35360E0480000000060
:105F2800000000000000000000000000B19D1FCD2F
:105F3800CB75EB882F849CE24D85CF739CE64B2B69
:105F48005C9D73F14F2D5D9DCE9889CDDF5086966F
:105F580000000000000000000000000053696E67A8
:105F68006C6520626C6F636B206D736700000000C6
:105F78000000000000000000000000000000000019
:105F88000000000000000000000000000001020303
:105F98000405060708090A0B0C0D0E0F1011121341
:105FA8001415161718191A1B1C1D1E1F00000000B7
:105FB80000000000000000000000000000010203D3
:105FC8000405060708090A0B0C0D0E0F1011121311
:105FD8001415161718191A1B1C1D1E1F2021222301
:105FE8000000000000000000000000001000000099
:105FF8002000000024000000404142434445464739
:1060080048494A4B4C4D4E4F07000000080000001D
:106018000C00000008000000100000001400000040
:106028000400000010000000180000000400000038
:1060380006000000080000007162015B4DAC255DA0
:106048000000000000000000000000000000000048
:106058000000000000000000D2A1F0E051EA5F62F9
:10606800081A7792073D593D1FC64FBFACCD0000B7
:106078000000000000000000E3B201A9F5B71A7A99
:106088009B1CEAECCD97E70B6176AAD9A4428AA5B6
:10609800484392FBC1B099511011121314151617E9
:1060A80018191A1B202122232425262728292A2BC0
:1060B8002C2D2E2F30313233343536370001020380
:1060C8000405060708090A0B0C0D0E0F1011121310
:1060D800A70D00002D2D2D2D2D424547494E20435B
:1060E800455254494649434154452D2D2D2D2D0DDA
:1060F8000A4D494944687A4343416D2B67417749C2
:1061080042416749424144414E42676B71686B693D
:10611800473977304241515546414441374D5173D3
:1061280077435159445651514745774A4F5444454E
:10613800520D0A4D4138474131554543684D49553F
:1061480047397359584A545530777847544158421B
:10615800674E5642414D5445464276624746795508
:10616800314E4D4946526C6333516751304577483B
:1061780068634E0D0A4D5445774D6A45794D545123
:10618800304E4441775768634E4D6A45774D6A45AE
:10619800794D5451304E444177576A41374D5173C8
:1061A80077435159445651514745774A4F544445CE
:1061B800524D4138470D0A4131554543684D4955BF
:1061C80047397359584A545530777847544158429B
:1061D800674E5642414D5445464276624746795588
:1061E800314E4D4946526C6333516751304577679C
:1061F8006745694D4130470D0A435371475349621A
:106208003344514542415155414134494244774113
:10621800776767454B416F494241514441337A663C
:1062280038463776676C70302F687436574D6E3144
:1062380045705261677A5348780D0A6D6454733615
:10624800737438474667496C4B58736D38574C33ED
:10625800786F656D54695A687835377749303533C2
:106268007A6864634867483035375A6B2B693563F9
:106278006C48467A714D7755716E790D0A35304202
:1062880077464D74456F6E494C777556412B543798
:106298006C7067367A2B65784B593843344B5142CA
:1062A800306E466337714B55456B48487876595080
:1062B8005A5039616C346A77716A2B386E0D0A59F5
:1062C8004D50476E38753637474239742B61454D06
:1062D8007235502B31676D49674E62314C54562BDD
:1062E8002F586A6C693577774F51757666777537A9
:1062F800754A42566341304C6E306B636D6E4C0D7F
:106308000A5237455551494E395A2F5347396A472A
:106318007238586D6B7372557545766D45462F42C8
:10632800696279632B45316978564130686D6E4DE5
:10633800336F54445062354C6339756E38724E73FE
:10634800750D0A4B4E462B416B736A6F4258794F55
:1063580047566B43656F4D626F34624636427879B3
:106368004C4F6279617670772F4C50683561506771
:106378004149796E706C5962364C5641674D4241BD
:1063880041476A0D0A675A5577675A497744415910
:10639800445652305442415577417745422F7A410D
:1063A8006442674E564851344546675155744672A3
:1063B8006B70625065306C4C327564576D6C512F40
:1063C8007250727A480D0A2F6638775977594456B1
:1063D80052306A42467777576F41557446726B70F0
:1063E800625065306C4C327564576D6C512F725029
:1063F800727A482F662B68503651394D447378436A
:106408007A414A42674E560D0A42415954416B350A
:106418004D4D524577447759445651514B4577680D
:106428005162327868636C4E545444455A4D426305
:10643800474131554541784D515547397359584A67
:1064480054553077675647567A0D0A64434244518B
:106458005949424144414E42676B71686B694739FB
:106468007730424151554641414F4341514541756D
:10647800503155324142556B49736C734366646CB5
:10648800633269393451484859654A0D0A53735281
:106498003445646748746463695549354936324AF6
:1064A800364D6F6D2B593064542F37612B38533666
:1064B8004D564D435A503643354E794E79587731BB
:1064C8004757592F5952383258544A38480D0A44B8
:1064D800424A6943546F6B3544625A36537A614F66
:1064E8004E427A645748587757776D6935766731E1
:1064F80064786E375978724D396430496A784D320C
:1065080037574E4B7334734451685A42516B460D9A
:106518000A706A6D6673326362346F506C3459392D
:1065280054396D6554782F6C76646B52594575678C
:1065380036314A666E3663412B714870795059641A
:1065480054482B55736849546E6D70352F5A746BC7
:10655800660D0A6D2F5554534C424E464E4865738E
:1065680069545A654833314E637859476448536DC6
:1065780065394E632F67666964526130464C4F43F4
:10658800665778526C4671414934377A47396A41BF
:1065980051435A0D0A375A326D4347444E4D686A83
:1065A80051632B425963646E6C306C50586A644472
:1065B8004B36563071436731645665776855426388
:1065C8005735675A4B7A563765392B447056413DD3
:1065D8003D0D0A2D2D2D2D2D454E44204345525459
:1065E800494649434154452D2D2D2D2D0D0A2D2D5C
:1065F8002D2D2D424547494E204345525449464981
:10660800434154452D2D2D2D2D0D0A4D49494468E2
:106618007A4343416D2B674177494241674942417B
:1066280044414E42676B71686B6947397730424124
:10663800517346414441374D51737743515944563C
:1066480051514745774A4F544445520D0A4D4138F8
:106658004741315545436777495547397359584A32
:1066680054553077784754415842674E5642414D09
:106678004D454642766247467955314E4D49465218
:106688006C63335167513045774868634E0D0A4D46
:106698005463774E5441304D5459314E7A417857AE
:1066A80068634E4D6A63774E5441314D5459314EAB
:1066B8007A4178576A41374D517377435159445657
:1066C80051514745774A4F544445524D4138470D3B
:1066D8000A41315545436777495547397359584AEF
:1066E80054553077784754415842674E5642414D89
:1066F8004D454642766247467955314E4D49465298
:106708006C6333516751304577676745694D413050
:10671800470D0A4353714753496233445145424137
:1067280051554141344942447741776767454B4168
:106738006F494241514441337A6638463776676C2F
:1067480070302F687436574D6E3145705261677AD4
:106758005348780D0A6D6454733673743847466726
:10676800496C4B58736D38574C33786F656D546965
:106778005A6878353777493035337A6864634867BB
:10678800483035375A6B2B6935636C48467A714DFA
:106798007755716E790D0A35304277464D74456FDD
:1067A8006E494C777556412B54376C7067367A2B87
:1067B80065784B593843344B5142306E46633771D4
:1067C8004B55456B4848787659505A5039616C3466
:1067D8006A77716A2B386E0D0A594D50476E3875B5
:1067E8003637474239742B61454D7235502B316726
:1067F8006D49674E62314C54562B2F586A6C693577
:1068080077774F51757666777537754A4256634183
:10681800304C6E306B636D6E4C0D0A5237455551D6
:10682800494E395A2F5347396A477238586D6B7336
:1068380072557545766D45462F42696279632B45D9
:10684800316978564130686D6E4D336F54445062EB
:10685800354C6339756E38724E73750D0A4B4E465A
:106868002B416B736A6F4258794F47566B43656F7C
:106878004D626F346246364278794C4F6279617660
:1068880070772F4C5068356150674149796E706C4C
:106898005962364C5641674D424141476A0D0A6775
:1068A8005A5577675A4977485159445652304F429A
:1068B800425945464C5261354B577A33744A5339DD
:1068C800726E5670705550367A3638782F332F4D91
:1068D800474D4741315564497752634D4671410DE3
:1068E8000A464C5261354B577A33744A5339726EA3
:1068F8005670705550367A3638782F332F6F542BA0
:106908006B505441374D5173774351594456515147
:106918004745774A4F544445524D413847413155D0
:10692800450D0A436777495547397359584A5455AD
:106938003077784754415842674E5642414D4D454D
:106948004642766247467955314E4D4946526C6308
:106958003351675130474341514177444159445677
:106968005230540D0A42415577417745422F7A41BA
:106978004E42676B71686B69473977304241517392
:106988004641414F4341514541484B2F4848725475
:106998005A4D6E6E564D70646531696F2B766F4136
:1069A80074716C376A0D0A347352684C726A4437D2
:1069B8006F33544874775262446132646943767025
:1069C8007130537132334E67324C4D596F58734F93
:1069D800786F4C2F52514B33694E37554B7856339D
:1069E8004D4B50457230770D0A5851532B6B4B5114
:1069F80071695432627366726A6E574D56485A749A
:106A0800554F4D706D36464E716364476D2F527306
:106A18007333764B6461326C634B6C386B556E71B3
:106A28002F796C63312B5162420D0A473641367417
:106A38005576516372325A79576656672B6D4D35C4
:106A4800586B6854724F4F587573324F4C696B626C
:106A580034577745744A544A524E4530662B79501C
:106A68004F4453557A302F765435370D0A417048C4
:106A780030436E42383062594A7368594850484822
:106A8800796D4F746C654142384B535974716D3749
:106A980035672F594E6F626A6E6A4236636D3448A5
:106AA8006B57334F5A5256496C366659590D0A6E10
:106AB80032304E52564131566A73364741524F7200
:106AC800344E7157346B2F2B4C6F66593979304CD3
:106AD8004C44452B70306F49454B5849734976688B
:106AE8005072333973777853413D3D0D0A2D2D2D62
:106AF8002D2D454E4420434552544946494341545F
:106B0800452D2D2D2D2D0D0A2D2D2D2D2D42454791
:106B1800494E2043455254494649434154452D2D39
:106B28002D2D2D0D0A4D494943556A43434164654E
:106B380067417749424167494A414D4644346E3579
:106B48006951387A6F4D416F4743437147534D340C
:106B58003942414D434D443478437A414A42674E65
:106B680056424159540D0A416B354D4D52457744B3
:106B78007759445651514B4577685162327868636A
:106B88006C4E54544445634D426F4741315545411D
:106B9800784D545547397359584A7A63327767564E
:106BA80047567A644342460D0A517942445154414A
:106BB80065467730784D7A41354D6A51784E545153
:106BC800354E446861467730794D7A41354D6A498A
:106BD800784E5451354E4468614D443478437A4177
:106BE8004A42674E56424159540D0A416B354D4D44
:106BF800524577447759445651514B45776851620D
:106C0800327868636C4E54544445634D426F474133
:106C180031554541784D545547397359584A7A6327
:106C28003277675647567A644342460D0A5179428D
:106C380044515442324D42414742797147534D3491
:106C4800394167454742537542424141694132499A
:106C580041424D50614B7A52424E316776683162FB
:106C68002B2F496D364B554E4C547542750D0A778E
:106C7800773558557A4D35574E5253744A47564FC3
:106C880051736A333138584A474A492F4271564B33
:106C98006334734C59664369464B4172395A717172
:106CA800794864754E4D63626C6934797569790DFC
:106CB8000A6159377A516130707737526664616476
:106CC800486239555A4B5656706D6C4D37494C527F
:106CD8006D466D417A48714F426F4443426E54414C
:106CE8006442674E5648513445466751556E573091
:106CF800670D0A4A456B425079764C654C555A7671
:106D080048346B796476374E6E77776267594456A4
:106D180052306A424763775A5941556E5730674A2D
:106D2800456B425079764C654C555A7648346B79A8
:106D38006476370D0A4E6E7968517152414D44346C
:106D480078437A414A42674E5642415954416B351D
:106D58004D4D524577447759445651514B457768C4
:106D68005162327868636C4E54544445634D426FA7
:106D780047413155450D0A41784D545547397359A6
:106D8800584A7A633277675647567A64434246517F
:106D98007942445159494A414D4644346E35695106
:106DA800387A6F4D41774741315564457751464DA3
:106DB800414D42416638770D0A436759494B6F5A2E
:106DC800497A6A304541774944615141775A674960
:106DD80078414D4F30596E4E574B4A55416658676A
:106DE800534A744A7865786E346970672B6B7634C9
:106DF8007A6E755235307635360D0A7434643050F3
:106E080043753431326D5543364E6E6437697A7640
:106E18007445324D6749784150316E6E4A516A5A0D
:106E2800384257756B737A465144473438777843FC
:106E38004379636939717064534D760D0A75436AF5
:106E48006E387077554F6B4142584B384D737339D4
:106E580030667A436643454F7449413D3D0D0A2DDE
:106E68002D2D2D2D454E4420434552544946494326
:106E78004154452D2D2D2D2D0D0A0000AB06000087
:106E88002D2D2D2D2D424547494E2052534120503E
:106E9800524956415445204B45592D2D2D2D2D0D28
:106EA8000A4D4949457041494241414B4341514589
:106EB80041794854457A4C6E3574586E7052646BFB
:106EC80055594C423975355079617836664D3630AA
:106ED8004E6A346F38566D586C3345545A7A476148
:106EE800460D0A423958344A37424B4E64426A6E5C
:106EF8006770754737666138483672376777516B00
:106F0800345A4A4744547A71437253562F5575314F
:106F18004339334B59526854594A516A3665565366
:106F28004844310D0A626B327931525044306872EC
:106F380074356B507151685472644F724137522FD7
:106F4800555630367038366A74307544424D484567
:106F5800774D6A4456302F594930465A50526F3748
:106F680079582F6B390D0A5A3547494D43354373C4
:106F78007439392B2B554D642F2F734D6342346A66
:106F8800372F4366387174624348576A646D4C61A1
:106F98006F3576344A76344546624D7334345446F8
:106FA800655930424762480D0A37766B32446D7135
:106FB8005639676D61426D66305A58483479715355
:106FC800784A65442B504973314247653634453910
:106FD800326866782F2F445A7274656E4E4C514E43
:106FE8006954724D39414D2B760D0A6471427056C1
:106FF8006F4E7130716A553531427835725532426B
:1070080058634662587649354D5439544E55685838
:1070180077494441514142416F49424147644E7466
:1070280066594469617036627A73740D0A796843E7
:107038006949386D39547472685A77344D69736187
:1070480045614E2F6C6C3358536A614F47326476F2
:107058005636784D5A434D562B3554655844484F4B
:10706800415A6E59313859693138767A7A0D0A346D
:10707800557432546E4E467A697A434543594E6187
:107088004132665354335767496E6E78556B5633A1
:10709800595841795036434E784A61436D7632618A
:1070A8004130794672326B46565365614B47740DD1
:1070B8000A796D766C6A4E70324E566B766D37541F
:1070C8006838664251424F3749374158687A3433F5
:1070D8006B306D5237586D50676577653841705A17
:1070E8004F47336873746B4F614D766257417657DB
:1070F800410D0A7A435A757064446A5A596A4F4A6C
:10710800716C41346545413448382F7737463833F8
:107118007235437567654245384C674552456A4C38
:10712800506979656A725535483166756245592BDB
:107138006830640D0A6C35485A424A3638796254C8
:107148005866513555396F2F514B4133646430744B
:107158006F4245686864525544477A57746A76772F
:107168006B455166714631726547576A2F746F6473
:107178002F674370660D0A444669365830454367A1
:1071880059454134774F762F706A534333747936B3
:1071980054754F764B5832724F556942724C585855
:1071A80076324A53785A6E4D6F4D69574935697032
:1071B8004C51742B5259540D0A565061664C2F6D20
:1071C80037446E364D62776A61794F6B635A68420D
:1071D800776B35434E7A35413651346C4A36344DE7
:1071E800712F6C71487A6E52435151324D63314759
:1071F80038657944462F66594C0D0A5A6532704CE9
:10720800767750395644356A5463326D69446677E7
:107218002B4D6E764A68797752524C63656D4446B9
:1072280050386B34685156746D38504D70335A6D00
:107238004E45436759454134677A370D0A777A4F87
:10724800625234676E386962653631377551505A03
:107258006A577A556A3964554859642B696E31679B
:107268007742434972744E6E61526E394939552FCF
:10727800513674656752597069693479730D0A63B8
:107288003137364E6D552B756D7936586D75534BB4
:1072980056357144396253705A5747326E4C466EB0
:1072A800736C724E31354C6D3366685A786F654D24
:1072B8004E6842614544546E4C543236796F690DBC
:1072C8000A33336770306D5353577939345A4571DF
:1072D80069706D732B554C46367359315A7446573D
:1072E80036747047466F7938436759415148686E1C
:1072F8006E764A666C4973326B7934713130423636
:10730800300D0A5A6378467033727444706B70306B
:107318004A7868464C6869697A4672756A4D745A43
:10732800536A594E6D3555374B6B67505648684C04
:10733800454C455576436D4F6E4B54743461702FF0
:10734800765A300D0A42784A4E6531475A483370AA
:107358005736534176474451706C397347377575C2
:107368002F765446502B6C4378756B6D7A78423083
:107378004472724463766F72456B4B4D6F6D375A2A
:1073880043435276570D0A4B5A735A365965483259
:107398005A3831426175526A3231386B514B426703
:1073A800514355562F44674B503239383578445439
:1073B8005437394E30386A556F33685450354D5606
:1073C800594343756A2F2B0D0A5565457731547615
:1073D8005A6378334C4A627937503658616436615B
:1073E800312F42717665614779464B496645464972
:1073F8006142554249746B3830317344447044617A
:10740800596334674C303058630D0A376C467542FF
:10741800484F5A6B784A596C737335517247707577
:107428004F456C395A775574354972464C42645900
:10743800614B714E487A4E56433170435066622F05
:107448004A794836447232485578710D0A6778553A
:107458007741514B4267514363553647324C384167
:1074680047396439633055704F794C31744D7646DD
:107478006535547477304B6A6C5156647368314D76
:107488005036796967596F3944597577750D0A62AD
:107498004846565732723064425471656750322FED
:1074A8004B544F784B7A6148664331716630524786
:1074B8004473556F4A434E4A72643163776F434C45
:1074C8004738503245463477334F42724B71760D08
:1074D8000A38753479745930462B566C616E6A35A2
:1074E8006C6D3354616F48535646312B4E57507963
:1074F8004F5469776576494543474B775378766C9F
:107508006B6934664441413D3D0D0A2D2D2D2D2DCD
:10751800454E44205253412050524956415445202B
:107528004B45592D2D2D2D2D0D0A00001705000056
:107538002D2D2D2D2D424547494E20434552544966
:107548004649434154452D2D2D2D2D0D0A4D4949B0
:107558004468544343416D32674177494241674922
:10756800424244414E42676B71686B6947397730D4
:107578004241517346414441374D51737743515904
:10758800445651514745774A4F544445520D0A4D88
:10759800413847413155454367774955473973590C
:1075A800584A54553077784754415842674E5642A6
:1075B800414D4D454642766247467955314E4D49D3
:1075C80046526C63335167513045774868634E0DB6
:1075D8000A4D5463774E5441314D544D774E7A5588
:1075E800355768634E4D6A63774E5441324D544D5A
:1075F800774E7A5535576A41384D5173774351590B
:10760800445651514745774A4F544445524D4138A5
:10761800470D0A41315545436777495547397359ED
:10762800584A5455307778476A415942674E56420E
:10763800414D4D455642766247467955314E4D4942
:10764800454E7361575675644341794D49494249DE
:107658006A414E0D0A42676B71686B69473977302A
:10766800424151454641414F43415138414D4949B5
:107678004243674B4341514541794854457A4C6EE2
:107688003574586E7052646B55594C423975355083
:1076980079617836660D0A4D36304E6A346F385641
:1076A8006D586C3345545A7A476146423958344AC2
:1076B80037424B4E64426A6E677075473766613869
:1076C800483672376777516B345A4A4744547A714F
:1076D800437253562F55750D0A314339334B59525E
:1076E8006854594A516A36655653484431626B3278
:1076F800793152504430687274356B507151685406
:1077080072644F724137522F555630367038366A88
:1077180074307544424D4845770D0A4D6A445630D9
:107728002F594930465A50526F3779582F6B395A6A
:107738003547494D433543737439392B2B554D64BF
:107748002F2F734D6342346A372F43663871746242
:107758004348576A646D4C616F35760D0A344A7632
:10776800344546624D733434544665593042476255
:107778004837766B32446D715639676D61426D6674
:10778800305A584834797153784A65442B504973B4
:107798003142476536344539326866782F0D0A2FED
:1077A800445A7274656E4E4C514E6954724D39414B
:1077B8004D2B7664714270566F4E7130716A553533
:1077C80031427835725532425863466258764935A7
:1077D8004D5439544E556858774944415141420DEA
:1077E8000A6F3447534D4947504D42304741315550
:1077F8006444675157424252786F51427A636B41F1
:107808007656485A654D2F78536A377A78335774C5
:10781800474954426A42674E5648534D4558444278
:10782800610D0A674253305775536C733937535596
:1078380076613531616156442B732B764D66392F4D
:1078480036452F704430774F7A454C4D416B474150
:1078580031554542684D43546B7778455441504201
:10786800674E560D0A42416F4D434642766247467F
:107878007955314E4D4D526B774677594456515193
:10788800444442425162327868636C4E54544342D5
:10789800555A584E3049454E42676745414D416BF0
:1078A80047413155640D0A457751434D414177446D
:1078B80051594A4B6F5A496876634E4151454C427B
:1078C80051414467674542414337794F3738364E0F
:1078D800766348704B38556F764B49473963423366
:1078E800326F5351516F6D0D0A4C6F5230654844D9
:1078F800527A6471456B6F713779475A7566484695
:10790800695241417A624D714A666F675274786C68
:10791800725741654234792F6A47614D4256323574
:107928004962464F49634832570D0A694345614DDC
:107938004D62472B56514C4B4E76754336336B6D23
:10794800772F5A6577633954684D365061314863EB
:1079580079306178543066616631422F5530316A2A
:1079680030464963772F366D54664B0D0A44387795
:1079780034384F497763317972304A747574435695
:107988006A696735444330797A6E474D74333252A9
:107998007973654F4C6355652B6C6671303035765D
:1079A80032504169436F7A7235583872450D0A6F03
:1079B80066475A70694D324E715250655067597911
:1079C8002B566337355A6B3238786B525171316E9A
:1079D8006370726751623353347654735A645363D5
:1079E800704D39684C662B654D6C7267716C6A0D09
:1079F8000A6335504C536B5842654C45352B6665C8
:107A0800646B796654614C7878516C674370756F14
:107A18004F684B426D30342F523170574E7A55486B
:107A2800797161676A4F39513D0D0A2D2D2D2D2D24
:107A3800454E442043455254494649434154452DF7
:107A48002D2D2D2D0D0A0000AB0600002D2D2D2DFE
:107A58002D424547494E20525341205052495641E4
:107A68005445204B45592D2D2D2D2D0D0A4D494995
:107A7800457041494241414B434151454177553257
:107A88006A3365664E4864454531306C79754A6D90
:107A980073446E6A6B4F6A784B7A7A6F54467442B5
:107AA80061354D326A4149696E376835720D0A6C25
:107AB800716453744A44764C584A36506953612F5E
:107AC8004C593072435431642B416D5A4979637370
:107AD8004368396F6472716A4F624A484A61382F45
:107AE80073454555724D32314B5036346246320D2E
:107AF8000A324A44425962526D556A61694A6C4F6A
:107B080071713352654233305A6774737132422B44
:107B180067325130634C556C6D3931736C63306228
:107B28006F4334705061517931414A4468326F492A
:107B3800510D0A5A6E32755643754C5A586D526F2C
:107B4800654A687738314153516A7561417A786975
:107B580034625352722F51754B6F524178352F56FC
:107B6800716761486B515944772B466939714C529A
:107B78004637690D0A474D5A694C38646D6A667014
:107B8800643248337A4A346B7041635751446A38D7
:107B98006E38544449536737763174374878796476
:107BA800727877553965735143504A6F6450672F1F
:107BB8006F4E4A68620D0A79334E4C5570625945CA
:107BC800614973674968704F567254443744655722
:107BD800533852782F6671456745776C7749444129
:107BE800514142416F4942415143585230533845FF
:107BF800494846474F525A0D0A2B2B41744F673656
:107C080065454E78442B7856733066314965477A16
:107C18003537546A6F33516E58583756425A4E6446
:107C28006A2B70314543766843452F4737586E6B4A
:107C3800675535684C5A582B470D0A5A306A6B7A83
:107C48002F74714A4F4930765253644C42626970BE
:107C5800486E576F7579425134652F413179494AD9
:107C6800646C42747158784A314B452F6974754871
:107C780052624E63346A346B4C385A0D0A2F72368E
:107C88007076776E5449305053783245717330347A
:107C98003859645339324C543671417634666C62C3
:107CA8004E44784D6E327559377334796353345175
:107CB8003877314A586E436561416E596D0D0A57E0
:107CC80059493577784F2B627652454C52324D637D
:107CD8007A35446D566E4C386A52796D6C366C360E
:107CE800353832625376356F756652654649627922
:107CF800505A6251576C5867596E70753648650D01
:107D08000A4754633745317A4B595147472F392B26
:107D18004451556C2F3176517543507151776E79B6
:107D28003074516F5832773574645970644D6456A5
:107D38006D2B7A6B4C7462616A7A645476694A4A2C
:107D4800610D0A54577A4C366C7435416F4742417D
:107D58004E38362B5356654A44636D514A63763420
:107D680045713655687452723451474D69514D7A90
:107D780030536F64366574745978597A4D677874DE
:107D88007732380D0A43497267706F7A43632B550F
:107D9800615A4A4C6F375578764336616E3835727A
:107DA8003162326E4B50434C51466167674A3048E6
:107DB8003451304A2F735A4F68424958616F427A9A
:107DC800577876654B0D0A6E757063654B64567807
:107DD8004773466938434479383644426669794678
:107DE800697666426A2B3437426261517A50426A38
:107DF800374334724B37556C4C6A61623272444176
:107E08006F4742414E32750D0A414D326763686FC4
:107E180046697534763148464C3844376C77654541
:107E28007069365A6E4D4A6A6E45752F64456747C4
:107E3800514A466A7764704C6E5062736A3463378D
:107E4800356F645134477A38670D0A7377396C6136
:107E58006F3956567A6275736F52452F4A474934BF
:107E68006154644F307041545879473765473151F0
:107E7800752B355963315947586343726C694132E0
:107E8800784D3978782B6437662B730D0A6D507AE4
:107E98004E2B5749456735474A44595A446A417AEF
:107EA800484735424E76692F46664D314339644F0F
:107EB800746A763264416F4741463074354B6D774A
:107EC800626A574842686356714F3449630D0A42E3
:107ED80056764E3342496C6331756532595258456E
:107EE800446C785935623072384E345863654D6742
:107EF8004B6D5731384F4841705A78666C38755019
:107F0800446175575A4C584F676C34756570760DD7
:107F18000A77685A43334575577253797949434EFE
:107F2800684C593231416837686249454250463396
:107F38004C335A734F77432B5545724C2B64585723
:107F48004C644235364A677933675A614265573718
:107F5800620D0A764472456E6F634A6271436D37EB
:107F680049756B6858484F424B38436759454177C4
:107F780071644842306871794E537A494F4759378E
:107F8800763961627A42367055644133425A695192
:107F98007645730D0A334C6A4856643448504A3261
:107FA80078304E384367724249574F453071382B05
:107FB8003068534D6D6545393657572F376A443306
:107FC800665057774352357A6C586B6E78425173C6
:107FD80066763067500D0A3342433550523051644B
:107FE80079707A2B642B397A664D663632356B791F
:107FF800697434542F687A77684476655A557A4894
:108008006E6B3143662B494737512B544F456E4CA5
:108018006E5741574245440D0A49534F576D7255A3
:108028004367594146456D5278677741632F752BF1
:10803800443674307379437741596836504F7473B6
:10804800637139593069394779576B38394E7A67CE
:1080580043344E6477776242480D0A344167616859
:108068004F78497858783267784A6E713379666BF9
:108078004A66496A7766307332447950306B5932B0
:1080880079365561314F656F6D506559396D724953
:1080980053347443754451364C72450D0A54423674
:1080A8006C3956476F784A4C346679486E5A62384C
:1080B8004C356747766E423162624438634C3659B4
:1080C800506144694F686352736543397642694524
:1080D8007556673D3D0D0A2D2D2D2D2D454E4420FD
:1080E8005253412050524956415445204B45592D31
:1080F8002D2D2D2D0D0A0000AD0400002D2D2D2D48
:108108002D424547494E204345525449464943412B
:1081180054452D2D2D2D2D0D0A4D4949444E7A4398
:108128004341682B674177494241674942416A4167
:108138004E42676B71686B694739773042415155D8
:1081480046414441374D5173774351594456515133
:108158004745774A4F544445520D0A4D41384741E7
:1081680031554543684D495547397359584A54550F
:108178003077784754415842674E5642414D5445EE
:108188004642766247467955314E4D4946526C63B0
:10819800335167513045774868634E0D0A4D544551
:1081A800774D6A45794D5451304E44413257686392
:1081B8004E4D6A45774D6A45794D5451304E44418C
:1081C80032576A41304D5173774351594456515192
:1081D8004745774A4F544445524D4138470D0A4167
:1081E80031554543684D495547397359584A54558F
:1081F800307778456A415142674E5642414D544363
:10820800577876593246736147397A644443434113
:108218005349774451594A4B6F5A496876634E0D12
:108228000A415145424251414467674550414443E0
:108238004341516F4367674542414D464E6F39335D
:108248006E7A523352424E644A6372695A724135A9
:108258003435446F385373383645786251577554FE
:108268004E0D0A6F774349702B34656135616E5541
:1082780072535137793179656A346B6D7679324E3C
:108288004B776B395866674A6D534D6E4C416F6634
:10829800614861366F7A6D79527957765037424224
:1082A800464B7A0D0A4E74536A2B75477864746985
:1082B80051775747305A6C49326F695A5471717403
:1082C800305867643947594C624B7467666F4E6B18
:1082D8004E4843314A5A7664624A584E4736417589
:1082E8004B54326B4D0D0A745143513464714345FC
:1082F800475A39726C5172693256356B61486959FF
:1083080063504E51456B49376D674D385975473045
:108318006B612F304C697145514D656631616F470E
:10832800683545474138500D0A68597661693052B9
:108338006534686A4759692F485A6F3336586468F4
:10834800393879654A4B5148466B41342F4A2F4595
:108358007779456F4F373962657838636E6138636E
:108368004650587245416A79610D0A48543450366E
:108378004453595738747A53314B57324247694CF2
:1083880049434961546C6130772B77336C6B764580
:10839800636633366849424D4A63434177454141F4
:1083A800614E4E4D457377435159440D0A5652302C
:1083B80054424149774144416442674E56485134DA
:1083C80045466751557051586F5A4C6A633332416C
:1083D8005055424A4E594B686B7230324C51354DAC
:1083E80077487759445652306A424267770D0A46B1
:1083F8006F41557446726B70625065306C4C3275C3
:1084080064576D6C512F7250727A482F66387744D2
:1084180051594A4B6F5A496876634E415145464215
:1084280051414467674542414A786E58436C590D3B
:108438000A6F486B62703730637142727347584CE9
:108448007962413734637A624F3552644C456746E6
:1084580073377248565339722B633239336C7553FC
:108468002F4B646C694C53635A71417A5956796C35
:10847800770D0A55665257764B4D6F576848594BDA
:10848800703364454953347854586B362F357A58CD
:108498007868763952773853476338716E3676493B
:1084A80054486B3153316D50657674656B676173F1
:1084B8005935590D0A695751754D33683459566CF9
:1084C8005248334848454D414431546E41657866B9
:1084D80058484844465147652B4264316941627A9D
:1084E800312F73483948386C345374775836656778
:1084F80076544B334D0D0A775852776B4B6B766A2F
:108508004B61454441394154625A78306D49384C81
:10851800477378537543716539723964796A6D7434
:10852800746434374A31703152756C7A33434C7AFB
:10853800615263564975530D0A5252516661443867
:108548006E654D396331532F694A2F616D545671E9
:108558004A7841314B4F644F53353738305768505C
:1085680066534172412B673471416D536A656C6380
:108578003370347757706861380D0A7A687559779F
:108588006A567558364A484730633D0D0A2D2D2DD9
:108598002D2D454E442043455254494649434154A4
:1085A800452D2D2D2D2D0D0A000000000C0000007A
:1085B800506F6C617253534C546573740000000023
:1085C800F60600002D2D2D2D2D424547494E2052EF
:1085D80053412050524956415445204B45592D2D61
:1085E8002D2D2D0D0A50726F632D547970653A2028
:1085F800342C454E435259505445440D0A44454B7A
:108608002D496E666F3A204445532D454445332D18
:108618004342432C4138413935423035443542379D
:10862800323036420D0A0D0A3951643947654172B4
:10863800656A6C3147445668326C4C5631624874EE
:108648003063507466626835682F357A56704156C3
:10865800614670717453504D72456C703530526E6E
:10866800746E3965742B4A410D0A37564F79626F1B
:10867800522B497932742F4855345776413638375A
:108688006B33427070653947774B486A4868746C39
:108698002F2F3878464B775A7233586235794F35D1
:1086A8004A5550384155637451710D0A4E6238432A
:1086B8004C6C5A797555432B353252454141746893
:1086C80064576773582B37644A4F347961627A5517
:1086D800635132325470394A53443068694C3433E8
:1086E800426C6B5759554E4B3364416F0D0A505AC3
:1086F8006C6D6970746A6E7A56546A67314D787316
:10870800425379645A696E574F4C4256382F4A5132
:10871800677853506F3279443475456669673238E3
:108728007162765132774E496E30706E41620D0A31
:1087380047786E53414F617A6B6F6E67454766762F
:10874800636A4949732B4C5A4E39675846687863AF
:108758004F68366B6334512F633939423751574567
:1087680054774C4C6B59675A2B7A316139565939C1
:108778000D0A67455537437743785943442B683981
:1087880068593646506D734B302F6C43344F376100
:1087980065524B7059713030725050787336693762
:1087A8007068696578673661783679544D6D4172BD
:1087B80051710D0A516D4B335441734A6D38562F20
:1087C8004A354157704C4556366A41466752477993
:1087D8006D4747486E6F663044587A56575A6964F1
:1087E80072635A4A57544E7547455839306E42336A
:1087F800656532770D0A50584A4546574B6F4433E2
:108808004B33614663534C64485972336D4C477817
:108818005037483954685161693956737963785AC1
:108828004B53356B7776424B512F2F594D726D460E
:108838006677506B38780D0A76546559344B5A4D23
:10884800615572766545656C3574575A43393452AB
:10885800534D4B67785236637945316E4258795497
:10886800516E444F476266704E4E67424B78794B63
:1088780062494E576F4F4A550D0A574A5A41776C0D
:1088880073516E2B517A434477707269372B735644
:10889800316D53336742453655593761516D6E6DA9
:1088A80069696143325633486270687863742F652A
:1088B8006E35517366444F7431580D0A4A637A53C2
:1088C800667052574C6C62507A6E5A67384F5168CE
:1088D8002F5667434D4135384E35446A4F7A5449CF
:1088E8004B37734A4A35722B39345A4254437067AE
:1088F800414D624635383866304E54520D0A4B4366
:108908006534797278474A52375830324D346E762A
:10891800443449774F6C707351387851785A744F92
:1089280053675876344C6B7876645539584A4A4BB5
:10893800575A2F584E4B4A65577A747853650D0A23
:108948005A3176645463325966734442413253450E
:10895800763333767848783267317671747738535E
:108968006A44525432526151535330517553614DD8
:108978004A696D644F58366D544F43424B6B314AC8
:108988000D0A3951356D58547245522B2F4C6E4B88
:10899800306A456D58734258574135627171565A5D
:1089A800497961685853783456595A376C37772F54
:1089B80050486955447444677952684D4D4B693441
:1089C8006E320D0A6951765163575351546A727069
:1089D8006E6C4A626361312F446B705274335977FD
:1089E80072764A776471623861735A553256724E9C
:1089F8004554683578305156656644524C46695638
:108A08007069662F0D0A7455616541652F503146AE
:108A1800384F6B53374F495A447331535562762F49
:108A2800734432764D62684E6B556F436D73332FC6
:108A380050764E74646E76674C3446307A6861447A
:108A4800704B436D6C540D0A50387678343945377D
:108A580076354379524E6D4544397A5A67346F33C7
:108A6800776D4D7172514F39335074547567334572
:108A780075396F5678317A50514D314E564D79428D
:108A880061322B663239444C0D0A316E7554436598
:108A980058646F392B6E69343578782B6A414934BC
:108AA800444377725264684A39757A5A7943363939
:108AB80036324833374836442B356E614E76436C30
:108AC80046523173366C693147620D0A6E71506FC8
:108AD80069792F4F4273457839436144476371512F
:108AE800427035576D652F3358572B367A314953B5
:108AF8004F782B6967774E5456435431346D486428
:108B0800424D6279613065494B6674350D0A582BC0
:108B1800476E777467454D79435979795775556329
:108B280074386734527A45726359392B7957394FFB
:108B38006D35487A7078347A4F7557344E505A6785
:108B4800504454674B2B743252534C2F59710D0AB1
:108B58007245316E6A726765475963566547336671
:108B68002B4F6674483473366650627137743141DE
:108B7800355A67557363624C4D42717239744B2B89
:108B88004F717967523445674B4250734836437A80
:108B98000D0A4C367A6C762F32525630714148762F
:108BA8005675444A6349444967775935724A744946
:108BB8004E456D333272684F65464E4A775A533583
:108BC8004D4E494331637A585A78352F2F75675877
:108BD800376C0D0A49347379356E62566877536A73
:108BE80074416B38586735645A6264545A366D4913
:108BF8007262377871482B6664616B5A6F72316B99
:108C08006847376243327549776962443363536C06
:108C180032586B520D0A774E34386C736C62486E5A
:108C2800717161677236586D316E4E4F53566C389C
:108C3800432F366B624A45734D704C6841657A66BE
:108C480052744777764F75636F61452B5762655548
:108C58004E6F6C4764650D0A502F65516964645303
:108C6800663062726E70694C4A526837715A726C1B
:108C78003958757159647055716E6F45644D416608
:108C88006F74444F4944384F7456376774386134A9
:108C980038616438565057320D0A2D2D2D2D2D452B
:108CA8004E44205253412050524956415445204B7E
:108CB80045592D2D2D2D2D0D0A0000002D2D2D2D62
:108CC8002D424547494E2043455254494649434160
:108CD80054452D2D2D2D2D0D0A4D494944687A43B3
:108CE80043416D2B674177494241674942414441BD
:108CF8004E42676B71686B6947397730424151550D
:108D080046414441374D5173774351594456515167
:108D18004745774A4F544445520D0A4D413847411B
:108D280031554543684D495547397359584A545543
:108D38003077784754415842674E5642414D544522
:108D48004642766247467955314E4D4946526C63E4
:108D5800335167513045774868634E0D0A4D544585
:108D6800774D6A45794D5451304E44417757686381
:108D78004E4D6A45774D6A45794D5451304E4441C0
:108D880077576A41374D517377435159445651517A
:108D98004745774A4F544445524D4138470D0A419B
:108DA80031554543684D495547397359584A5455C3
:108DB8003077784754415842674E5642414D5445A2
:108DC8004642766247467955314E4D4946526C6364
:108DD80033516751304577676745694D4130470DD5
:108DE8000A435371475349623344514542415155EF
:108DF8004141344942447741776767454B416F4960
:108E08004241514441337A6638463776676C703050
:108E18002F687436574D6E3145705261677A5348E2
:108E2800780D0A6D64547336737438474667496C15
:108E38004B58736D38574C33786F656D54695A6861
:108E480078353777493035337A686463486748300E
:108E580035375A6B2B6935636C48467A714D7755AF
:108E6800716E790D0A35304277464D74456F6E49FB
:108E78004C777556412B54376C7067367A2B65786A
:108E88004B593843344B5142306E466337714B551A
:108E9800456B4848787659505A5039616C346A772E
:108EA800716A2B386E0D0A594D50476E3875363732
:108EB800474239742B61454D7235502B31676D49E6
:108EC800674E62314C54562B2F586A6C6935777748
:108ED8004F51757666777537754A42566341304CFF
:108EE8006E306B636D6E4C0D0A5237455551494EC5
:108EF800395A2F5347396A477238586D6B73725510
:108F08007545766D45462F42696279632B4531690F
:108F180078564130686D6E4D336F54445062354C0D
:108F28006339756E38724E73750D0A4B4E462B4178
:108F38006B736A6F4258794F47566B43656F4D6242
:108F48006F346246364278794C4F62796176707731
:108F58002F4C5068356150674149796E706C596281
:108F6800364C5641674D424141476A0D0A675A558A
:108F780077675A49774441594456523054424155CB
:108F880077417745422F7A416442674E56485134BB
:108F980045466751557446726B70625065306C4C2B
:108FA800327564576D6C512F7250727A480D0A2FC2
:108FB800663877597759445652306A424677775718
:108FC8006F41557446726B70625065306C4C3275E7
:108FD80064576D6C512F7250727A482F662B685007
:108FE8003651394D447378437A414A42674E560D9B
:108FF8000A42415954416B354D4D52457744775992
:10900800445651514B4577685162327868636C4ECB
:10901800545444455A4D4263474131554541784D72
:10902800515547397359584A5455307767564756FA
:109038007A0D0A64434244515949424144414E42DF
:10904800676B71686B6947397730424151554641C2
:10905800414F434151454175503155324142556B5D
:1090680049736C734366646C633269393451484898
:1090780059654A0D0A5373523445646748746463EA
:10908800695549354936324A364D6F6D2B5930642A
:10909800542F37612B3853364D564D435A5036436B
:1090A800354E794E795877314757592F59523832BA
:1090B80058544A38480D0A44424A6943546F6B353C
:1090C80044625A36537A614F4E427A645748587709
:1090D80057776D693576673164786E375978724D90
:1090E800396430496A784D3237574E4B733473447C
:1090F80051685A42516B460D0A706A6D6673326345
:1091080062346F506C34593954396D6554782F6C0A
:1091180076646B525945756736314A666E366341D7
:109128002B7148707950596454482B5573684954C9
:109138006E6D70352F5A746B660D0A6D2F5554532A
:109148004C424E464E48657369545A654833314E11
:10915800637859476448536D65394E632F6766696C
:1091680064526130464C4F43665778526C467141A1
:109178004934377A47396A4151435A0D0A375A32C6
:109188006D4347444E4D686A51632B425963646E80
:109198006C306C50586A64444B36563071436731B2
:1091A80064566577685542635735675A4B7A563720
:1091B80065392B447056413D3D0D0A2D2D2D2D2D21
:1091C800454E442043455254494649434154452D50
:1091D8002D2D2D2D0D0A00002D2D2D2D2D4245470D
:1091E800494E2043455254494649434154452D2D43
:1091F8002D2D2D0D0A4D494944687A4343416D2B65
:109208006741774942416749424144414E42676B51
:1092180071686B694739773042415173464144411F
:10922800374D517377435159445651514745774A01
:109238004F544445520D0A4D413847413155454335
:109248006777495547397359584A5455307778479D
:1092580054415842674E5642414D4D45464276620A
:1092680047467955314E4D4946526C6333516751E3
:109278003045774868634E0D0A4D5463774E544124
:10928800304D5459314E7A41785768634E4D6A6370
:10929800774E5441314D5459314E7A4178576A418D
:1092A800374D517377435159445651514745774A81
:1092B8004F544445524D4138470D0A4131554543B5
:1092C8006777495547397359584A5455307778471D
:1092D80054415842674E5642414D4D45464276628A
:1092E80047467955314E4D4946526C633351675163
:1092F800304577676745694D4130470D0A435371DB
:1093080047534962334451454241515541413449DB
:1093180042447741776767454B416F494241514421
:1093280041337A6638463776676C70302F68743602
:10933800574D6E3145705261677A5348780D0A6D02
:1093480064547336737438474667496C4B58736D69
:1093580038574C33786F656D54695A687835377764
:10936800493035337A6864634867483035375A6B13
:109378002B6935636C48467A714D7755716E790D56
:109388000A35304277464D74456F6E494C777556AD
:10939800412B54376C7067367A2B65784B593843B4
:1093A800344B5142306E466337714B55456B4848D4
:1093B800787659505A5039616C346A77716A2B380B
:1093C8006E0D0A594D50476E387536374742397415
:1093D8002B61454D7235502B31676D49674E6231AF
:1093E8004C54562B2F586A6C693577774F517576E0
:1093F80066777537754A42566341304C6E306B63F9
:109408006D6E4C0D0A5237455551494E395A2F53F6
:1094180047396A477238586D6B7372557545766D62
:1094280045462F42696279632B4531697856413048
:10943800686D6E4D336F54445062354C6339756EA8
:1094480038724E73750D0A4B4E462B416B736A6F1B
:109458004258794F47566B43656F4D626F34624689
:10946800364278794C4F6279617670772F4C506824
:10947800356150674149796E706C5962364C564176
:10948800674D424141476A0D0A675A5577675A49FD
:1094980077485159445652304F42425945464C52EA
:1094A80061354B577A33744A5339726E567070551A
:1094B80050367A3638782F332F4D474D474131553E
:1094C80064497752634D4671410D0A464C526135E5
:1094D8004B577A33744A5339726E567070555036FA
:1094E8007A3638782F332F6F542B6B505441374DC1
:1094F800517377435159445651514745774A4F5410
:109508004445524D413847413155450D0A43677727
:10951800495547397359584A545530777847544113
:109528005842674E5642414D4D454642766247463F
:109538007955314E4D4946526C6333516751304726
:10954800434151417744415944565230540D0A42DF
:10955800415577417745422F7A414E42676B716892
:109568006B6947397730424151734641414F434116
:10957800514541484B2F484872545A4D6E6E564DCE
:1095880070646531696F2B766F4174716C376A0D41
:109598000A347352684C726A44376F33544874778C
:1095A8005262446132646943767071305371323368
:1095B8004E67324C4D596F58734F786F4C2F52513C
:1095C8004B33694E37554B7856334D4B50457230B7
:1095D800770D0A5851532B6B4B5171695432627392
:1095E80066726A6E574D56485A74554F4D706D36AF
:1095F800464E716364476D2F52737333764B6461C3
:10960800326C634B6C386B556E712F796C63312BF0
:109618005162420D0A4736413674557651637232AB
:109628005A79576656672B6D4D35586B6854724F8B
:109638004F587573324F4C696B6234577745744A8B
:10964800544A524E4530662B79504F4453557A3020
:109658002F765435370D0A41704830436E42383002
:1096680062594A73685948504848796D4F746C6517
:109678004142384B535974716D3735672F594E6FC6
:10968800626A6E6A4236636D34486B57334F5A527A
:1096980056496C366659590D0A6E32304E5256414B
:1096A80031566A73364741524F72344E7157346B94
:1096B8002F2B4C6F66593979304C4C44452B703000
:1096C8006F49454B584973497668507233397377F7
:1096D8007853413D3D0D0A2D2D2D2D2D454E44200D
:1096E80043455254494649434154452D2D2D2D2D6E
:1096F8000D0A00001B0500002D2D2D2D2D4245477C
:10970800494E2043455254494649434154452D2D1D
:109718002D2D2D0D0A4D494944687A4343416D2B3F
:109728006741774942416749424144414E42676B2C
:1097380071686B69473977304241517346414441FA
:10974800374D517377435159445651514745774ADC
:109758004F544445520D0A4D413847413155454310
:109768006777495547397359584A54553077784778
:1097780054415842674E5642414D4D4546427662E5
:1097880047467955314E4D4946526C6333516751BE
:109798003045774868634E0D0A4D5463774E5441FF
:1097A800304D5459314E7A41785768634E4D6A634B
:1097B800774E5441314D5459314E7A4178576A4168
:1097C800374D517377435159445651514745774A5C
:1097D8004F544445524D4138470D0A413155454390
:1097E8006777495547397359584A545530777847F8
:1097F80054415842674E5642414D4D454642766265
:1098080047467955314E4D4946526C63335167513D
:10981800304577676745694D4130470D0A435371B5
:1098280047534962334451454241515541413449B6
:1098380042447741776767454B416F4942415144FC
:1098480041337A6638463776676C70302F687436DD
:10985800574D6E3145705261677A5348780D0A6DDD
:1098680064547336737438474667496C4B58736D44
:1098780038574C33786F656D54695A68783537773F
:10988800493035337A6864634867483035375A6BEE
:109898002B6935636C48467A714D7755716E790D31
:1098A8000A35304277464D74456F6E494C77755688
:1098B800412B54376C7067367A2B65784B5938438F
:1098C800344B5142306E466337714B55456B4848AF
:1098D800787659505A5039616C346A77716A2B38E6
:1098E8006E0D0A594D50476E3875363747423974F0
:1098F8002B61454D7235502B31676D49674E62318A
:109908004C54562B2F586A6C693577774F517576BA
:1099180066777537754A42566341304C6E306B63D3
:109928006D6E4C0D0A5237455551494E395A2F53D1
:1099380047396A477238586D6B7372557545766D3D
:1099480045462F42696279632B4531697856413023
:10995800686D6E4D336F54445062354C6339756E83
:1099680038724E73750D0A4B4E462B416B736A6FF6
:109978004258794F47566B43656F4D626F34624664
:10998800364278794C4F6279617670772F4C5068FF
:10999800356150674149796E706C5962364C564151
:1099A800674D424141476A0D0A675A5577675A49D8
:1099B80077485159445652304F42425945464C52C5
:1099C80061354B577A33744A5339726E56707055F5
:1099D80050367A3638782F332F4D474D4741315519
:1099E80064497752634D4671410D0A464C526135C0
:1099F8004B577A33744A5339726E567070555036D5
:109A08007A3638782F332F6F542B6B505441374D9B
:109A1800517377435159445651514745774A4F54EA
:109A28004445524D413847413155450D0A43677702
:109A3800495547397359584A5455307778475441EE
:109A48005842674E5642414D4D454642766247461A
:109A58007955314E4D4946526C6333516751304701
:109A6800434151417744415944565230540D0A42BA
:109A7800415577417745422F7A414E42676B71686D
:109A88006B6947397730424151734641414F4341F1
:109A9800514541484B2F484872545A4D6E6E564DA9
:109AA80070646531696F2B766F4174716C376A0D1C
:109AB8000A347352684C726A44376F335448747767
:109AC8005262446132646943767071305371323343
:109AD8004E67324C4D596F58734F786F4C2F525117
:109AE8004B33694E37554B7856334D4B5045723092
:109AF800770D0A5851532B6B4B517169543262736D
:109B080066726A6E574D56485A74554F4D706D3689
:109B1800464E716364476D2F52737333764B64619D
:109B2800326C634B6C386B556E712F796C63312BCB
:109B38005162420D0A473641367455765163723286
:109B48005A79576656672B6D4D35586B6854724F66
:109B58004F587573324F4C696B6234577745744A66
:109B6800544A524E4530662B79504F4453557A30FB
:109B78002F765435370D0A41704830436E423830DD
:109B880062594A73685948504848796D4F746C65F2
:109B98004142384B535974716D3735672F594E6FA1
:109BA800626A6E6A4236636D34486B57334F5A5255
:109BB80056496C366659590D0A6E32304E52564126
:109BC80031566A73364741524F72344E7157346B6F
:109BD8002F2B4C6F66593979304C4C44452B7030DB
:109BE8006F49454B584973497668507233397377D2
:109BF8007853413D3D0D0A2D2D2D2D2D454E4420E8
:109C080043455254494649434154452D2D2D2D2D48
:109C18000D0A0000E90000002D2D2D2D2D4245478D
:109C2800494E2045432050524956415445204B4502
:109C3800592D2D2D2D2D0D0A4D4863434151454574
:109C480049506233686D54785A332F6D5A493376C8
:109C5800796B37703355337742662B57496F7036B7
:109C68006844686B467A4A686D4C63716F416F4708
:109C780043437147534D34390D0A417745486F5571
:109C8800514451674145562B5775735850663036C5
:109C980079376B3769422F784B7537755A54724D3F
:109CA8003556552F59304473777534324D6C4339D6
:109CB8002B5934764E63594461570D0A774E5559DE
:109CC8004648446C66352F565330555935624273B1
:109CD80031567A346C6F2B48634B506B78773D3D27
:109CE8000D0A2D2D2D2D2D454E4420454320505233
:109CF8004956415445204B45592D2D2D2D2D0D0AE2
:109D0800000000003D0300002D2D2D2D2D4245475C
:109D1800494E2043455254494649434154452D2D07
:109D28002D2D2D0D0A4D4949434C44434341624B67
:109D38006741774942416749424454414B4267670A
:109D480071686B6A4F50515144416A412B4D5173B0
:109D580077435159445651514745774A4F544445E2
:109D6800524D4138470D0A4131554543684D4955D3
:109D780047397359584A54553077784844416142B5
:109D8800674E5642414D54453142766247467963A3
:109D9800334E734946526C6333516752554D675180
:109DA8003045774868634E0D0A4D544D774F5449F6
:109DB800304D5455314D6A41305768634E4D6A4DA8
:109DC800774F5449794D5455314D6A4130576A425D
:109DD800424D517377435159445651514745774A3B
:109DE8004F544445524D4138470D0A41315545437A
:109DF800684D495547397359584A5455307778480A
:109E08007A416442674E5642414D54466C427662EE
:109E180047467955314E4D4946526C633351675127
:109E28003278705A573530494449770D0A575441AA
:109E38005442676371686B6A4F5051494242676781
:109E480071686B6A4F50514D4242774E43414152BF
:109E5800583561367863392F54724C7554754948B2
:109E68002F45713775356C4F737A6C56540D0A3916
:109E78006A514F7A43376A5979554C33356A69388C
:109E88003178674E70624131526755634F562F6E75
:109E980039564C52526A6C73477A56585069576A09
:109EA8003464776F2B54486F3447644D4947610DCC
:109EB8000A4D416B4741315564457751434D414106
:109EC80077485159445652304F4242594546486F97
:109ED8004158345A6B2F4F4264355245514F374CD5
:109EE8006D4F38516D50382F694D473447413155C2
:109EF800640D0A4977526E4D475741464A317449B5
:109F080043524A41543872793369314762782B4A4F
:109F18004D6E622B7A5A386F554B6B5144412B4D1D
:109F2800517377435159445651514745774A4F54D5
:109F38004445520D0A4D4138474131554543684D16
:109F4800495547397359584A5455307778484441E8
:109F58006142674E5642414D54453142766247460A
:109F68007963334E734946526C6333516752554D8A
:109F780067513047430D0A43514442512B4A2B59EC
:109F88006B504D3644414B42676771686B6A4F505E
:109F980051514441674E6F4144426C416A424B5AA9
:109FA80051313749494F696D626D6F442F794E378A
:109FB8006F38397533424D0D0A6C674F736A6E6896
:109FC800773366494F6F4C49577932574F47736B10
:109FD8002F4C47462B2B447A7672527A754E69413C
:109FE800434D5143643869656D315853344A4B3792
:109FF80068616A38786F6370550D0A4C776A516AE0
:10A00800653550444748666433683974503338516D
:10A018006B6E7535624A717773306D64324B4F4B96
:10A028004879655630553D0D0A2D2D2D2D2D454E5F
:10A03800442043455254494649434154452D2D2D0A
:10A048002D2D0D0A00000000E90000002D2D2D2DFA
:10A058002D424547494E20454320505249564154C8
:10A0680045204B45592D2D2D2D2D0D0A4D48634367
:10A07800415145454950457145794232416E436FDA
:10A08800504C2F39552F59444876647158596249B4
:10A098006F67547977777970362F55664477366EBF
:10A0A8006F416F4743437147534D34390D0A417728
:10A0B80045486F555144516741454E387857325895
:10A0C800594A486C70795073645A4C66386762759F
:10A0D80035382B516152644E4374464C58336143B2
:10A0E8004A5A59704A4F355144594978482F0D0AF0
:10A0F80036692F534E4631644672324B694D4A7267
:10A10800647731567A596F7144766F42794C54743A
:10A118002F773D3D0D0A2D2D2D2D2D454E442045E3
:10A12800432050524956415445204B45592D2D2D19
:10A138002D2D0D0A000000002D0300002D2D2D2DC2
:10A148002D424547494E20434552544946494341CB
:10A1580054452D2D2D2D2D0D0A4D494943487A433F
:10A1680043416157674177494241674942435441F6
:10A178004B42676771686B6A4F50515144416A415D
:10A188002B4D517377435159445651514745774A9E
:10A198004F544445524D4138470D0A4131554543C6
:10A1A800684D495547397359584A54553077784856
:10A1B80044416142674E5642414D544531427662B0
:10A1C80047467963334E734946526C63335167523D
:10A1D800554D67513045774868634E0D0A4D544DCB
:10A1E800774F5449304D5455314D6A413057686363
:10A1F8004E4D6A4D774F5449794D5455314D6A410A
:10A2080030576A41304D5173774351594456515133
:10A218004745774A4F544445524D4138470D0A4106
:10A2280031554543684D495547397359584A54552E
:10A23800307778456A415142674E5642414D544302
:10A24800577876593246736147397A6444425A4D91
:10A25800424D4742797147534D3439416745470D5F
:10A268000A43437147534D34394177454841304992
:10A27800414244664D56746C3243523561636A37C5
:10A28800485753332F4947377566506B476B5854B7
:10A2980051725253313932676957574B5354755578
:10A2A800410D0A32434D522F2B6F76306A52645853
:10A2B800526139696F6A436133634E5663324B4B5F
:10A2C8006737364163693037662B6A675A30776774
:10A2D8005A6F774351594456523054424149774155
:10A2E8004441640D0A42674E564851344546675109
:10A2F800555547476C6A3951483264654341517A2C
:10A308006C5A582B4D5930616E453734776267590E
:10A31800445652306A424763775A5941556E57300E
:10A32800674A456B420D0A5079764C654C555A760A
:10A3380048346B796476374E6E7968517152414D65
:10A34800443478437A414A42674E5642415954410F
:10A358006B354D4D524577447759445651514B45CD
:10A36800776851623278680D0A636C4E54544445DC
:10A37800634D426F474131554541784D54554739F2
:10A388007359584A7A633277675647567A64434214
:10A3980046517942445159494A414D4644346E35F3
:10A3A8006951387A6F4D416F470D0A4343714753DE
:10A3B8004D343942414D43413267414D4755434D34
:10A3C8005143614C467A58707475693557514E3807
:10A3D8004C6C4F3364646831684D787836747A67AA
:10A3E8004C765430334D54564B32530D0A43313268
:10A3F80072304C7A3372692F6D6F5345704E5A57CD
:10A4080071506A6B434D434532663533475863593B
:10A418004C717966794A52303738632F784E5355E4
:10A4280055352B58786C37565A343134560D0A66E0
:10A438004761356B48764841524250633859414923
:10A448005649714476484831513D3D0D0A2D2D2D10
:10A458002D2D454E442043455254494649434154C5
:10A46800452D2D2D2D2D0D0A000000000C0000009B
:10A47800506F6C617253534C546573740000000044
:10A488006A0100002D2D2D2D2D424547494E2045AE
:10A49800432050524956415445204B45592D2D2DA6
:10A4A8002D2D0D0A50726F632D547970653A203442
:10A4B8002C454E435259505445440D0A44454B2DA2
:10A4C800496E666F3A204445532D454445332D4324
:10A4D80042432C33303745414234363939333344DB
:10A4E8003634450D0A0D0A49786272526D4B634144
:10A4F8007A63744A71506454514C413453577942C9
:10A50800595947594A566B59456E612B4637506120
:10A5180035743559672F674B414472464B636D3626
:10A52800423732653744470D0A69684578745A4995
:10A5380036343873307A6459773671534A373476FB
:10A548007250537557446535716D3933427173666E
:10A55800564839737674437A57485730706D31705E
:10A56800304B544243466655710D0A55737557541E
:10A578004954774A496D636E6C4173316761525A29
:10A58800337341576D37634F5569644C30666F328A
:10A598004730665955464E63596F43534C66664378
:10A5A800465445484275506E6167620D0A613737F7
:10A5B800782F735931427669693853392F5868446E
:10A5C80054623670544D783036777A726D0D0A2D94
:10A5D8002D2D2D2D454E442045432050524956419E
:10A5E8005445204B45592D2D2D2D2D0D0A000000C9
:10A5F800730300002D2D2D2D2D424547494E204334
:10A60800455254494649434154452D2D2D2D2D0D74
:10A618000A4D494943556A4343416465674177494F
:10A62800424167494A414D4644346E356951387A4A
:10A638006F4D416F4743437147534D343942414D44
:10A64800434D443478437A414A42674E5642415911
:10A65800540D0A416B354D4D524577447759445650
:10A6680051514B4577685162327868636C4E545447
:10A678004445634D426F474131554541784D5455E6
:10A6880047397359584A7A633277675647567A6416
:10A698004342460D0A517942445154416546773048
:10A6A800784D7A41354D6A51784E5451354E44684B
:10A6B80061467730794D7A41354D6A49784E545123
:10A6C800354E4468614D443478437A414A42674E76
:10A6D80056424159540D0A416B354D4D5245774408
:10A6E8007759445651514B457768516232786863BF
:10A6F8006C4E54544445634D426F47413155454172
:10A70800784D545547397359584A7A6332776756A2
:10A7180047567A644342460D0A517942445154429D
:10A72800324D42414742797147534D34394167456B
:10A7380047425375424241416941324941424D5075
:10A74800614B7A52424E3167766831622B2F496DE0
:10A75800364B554E4C547542750D0A77773558551A
:10A768007A4D35574E5253744A47564F51736A3390
:10A778003138584A474A492F4271564B6334734C13
:10A7880059664369464B4172395A71717948647503
:10A798004E4D63626C6934797569790D0A61593770
:10A7A8007A5161307077375266646164486239550E
:10A7B8005A4B5656706D6C4D37494C526D466D412B
:10A7C8007A48714F426F4443426E54416442674E27
:10A7D8005648513445466751556E5730670D0A4AF9
:10A7E800456B425079764C654C555A7648346B79AE
:10A7F8006476374E6E7777626759445652306A42AC
:10A808004763775A5941556E5730674A456B4250EE
:10A8180079764C654C555A7648346B796476370DA1
:10A828000A4E6E7968517152414D443478437A41E9
:10A838004A42674E5642415954416B354D4D524537
:10A8480077447759445651514B457768516232786D
:10A8580068636C4E54544445634D426F47413155CB
:10A86800450D0A41784D545547397359584A7A630A
:10A878003277675647567A64434246517942445183
:10A8880059494A414D4644346E356951387A6F4DBD
:10A8980041774741315564457751464D414D4241D5
:10A8A8006638770D0A436759494B6F5A497A6A30B7
:10A8B8004541774944615141775A674978414D4F3D
:10A8C80030596E4E574B4A5541665867534A744A39
:10A8D8007865786E346970672B6B76347A6E75524A
:10A8E80035307635360D0A7434643050437534315A
:10A8F800326D5543364E6E6437697A767445324DFB
:10A908006749784150316E6E4A516A5A38425775D4
:10A918006B737A465144473438777843437963698F
:10A9280039717064534D760D0A75436A6E387077C5
:10A93800554F6B4142584B384D73733930667A43E3
:10A948006643454F7449413D3D0D0A2D2D2D2D2D52
:10A95800454E442043455254494649434154452DA8
:10A968002D2D2D2D0D0A00000200000064B002609C
:10A978000300000048B00260040000002CB0026030
:10A988000500000010B0026006000000F4AF02608D
:10A9980007000000D8AF026008000000BCAF0260EA
:10A9A80009000000A0AF02600A00000084AF026046
:10A9B8000B00000068AF02600C0000004CAF0260A2
:10A9C8000D00000030AF02600E000000F0AE026023
:10A9D8000F000000D4AE026010000000B8AE0260A4
:10A9E8002B00000078AE02602C0000005CAE026014
:10A9F8002D00000040AE02601100000000AE0260B1
:10AA080012000000E4AD026013000000C8AD02604F
:10AA180014000000ACAD02601500000090AD0260AB
:10AA28001600000074AD02601700000058AD026007
:10AA3800180000003CAD02601900000020AD026063
:10AA48001A00000004AD02601B000000E8AC0260C0
:10AA58001C000000CCAC02601D0000008CAC026041
:10AA68001E00000070AC02601F00000054AC0260C1
:10AA78002E00000014AC02602F000000F8AB02604A
:10AA880030000000DCAB0260200000009CAB0260DC
:10AA98002200000040AB026024000000E4AA02602B
:10AAA8002100000080AB02602300000024AB02609C
:10AAB80025000000C8AA0260000000000000000095
:10AAC80025020000C00000007C1F002008000000D4
:10AAD800000000000800000000AB02602401000034
:10AAE800C00000008C1F00200800000000000000CB
:10AAF8000800000000AB026004000000F580006060
:10AB08000981006000000000000000002981006049
:10AB180025810060A58100602D810060230200006E
:10AB2800800000009C1F00200800000000000000BA
:10AB3800080000005CAB02602201000080000000F9
:10AB4800A81F002008000000000000000800000006
:10AB58005CAB026003000000F580006009810060C2
:10AB68000000000000000000218100601D810060DD
:10AB7800A58100602D8100602102000040000000D6
:10AB8800DC2500200800000000000000080000008C
:10AB9800B8AB02602001000040000000B41F002094
:10ABA800080000000000000008000000B8AB0260C8
:10ABB80003000000ED800060FD80006000000000E0
:10ABC800000000001981006015810060BD810060EF
:10ABD800418100603008000000010000BC1F002017
:10ABE8000C000000010000001000000030AC026002
:10ABF8002F080000C0000000D01F00200C0000003B
:10AC0800010000001000000030AC02602E080000B7
:10AC180080000000E41F00200C000000010000007C
:10AC28001000000030AC02600500000000000000C9
:10AC3800000000000000000000000000E18000604B
:10AC4800E1800060D5810060558100601F0600002A
:10AC580000010000F81F00200C00000001000000A7
:10AC680010000000A8AC02601E060000C000000032
:10AC78000C2000200C000000010000001000000063
:10AC8800A8AC02601D060000800000002020002003
:10AC98000C0000000100000010000000A8AC0260D9
:10ACA8000500000000000000000000000000000097
:10ACB80000000000D5800060D5800060ED81006054
:10ACC800698100601C05000000010000342000209C
:10ACD8001000000000000000100000001CAE026020
:10ACE8001B050000C00000004820002010000000E4
:10ACF80000000000100000001CAE02601A050000F1
:10AD0800800000005C20002010000000000000000F
:10AD1800100000001CAE02601903000000010000D2
:10AD2800702000201000000000000000100000004B
:10AD38001CAE026018030000C00000008420002040
:10AD48001000000000000000100000001CAE0260AF
:10AD58001703000080000000982000201000000069
:10AD680000000000100000001CAE02601602000087
:10AD780000010000AC2000201000000000000000CE
:10AD8800100000001CAE026015020000C0000000A8
:10AD9800C02000201000000000000000100000008B
:10ADA8001CAE02601402000080000000D4200020C5
:10ADB8001000000000000000100000001CAE02603F
:10ADC8001301000000010000E8200020100000002E
:10ADD80000000000100000001CAE0260120100001C
:10ADE800C0000000FC20002010000000000000004F
:10ADF800100000001CAE026011010000800000007D
:10AE080010210020100000000000000010000000C9
:10AE18001CAE026005000000AD800060B1800060DB
:10AE2800BD800060C5800060D1800060CD8000607A
:10AE3800058200607D8100602D080000000100008F
:10AE4800242100200C000000010000001000000078
:10AE580094AE02602C080000C000000030210020E1
:10AE68000C000000010000001000000094AE026019
:10AE78002B080000800000003C2100200C0000008E
:10AE8800010000001000000094AE02600200000003
:10AE980000000000000000000000000000000000AA
:10AEA800A1800060A1800060D581006055810060AC
:10AEB8001006000000010000482100200C000000DE
:10AEC80001000000100000000CAF02600F06000037
:10AED800C0000000542100200C0000000100000008
:10AEE800100000000CAF02600E0600008000000099
:10AEF800602100200C00000001000000100000008C
:10AF08000CAF02600200000000000000000000001A
:10AF1800000000000000000095800060958000603F
:10AF2800ED810060698100600D05000000010000EE
:10AF38006C2100201000000000000000100000003C
:10AF480080B002600C050000C000000078210020DD
:10AF580010000000000000001000000080B0026037
:10AF68000B05000080000000842100201000000074
:10AF7800000000001000000080B002600A0300001A
:10AF880000010000902100201000000000000000D7
:10AF98001000000080B0026009030000C00000003B
:10AFA800A021002010000000000000001000000098
:10AFB80080B002600803000080000000B02100207B
:10AFC80010000000000000001000000080B00260C7
:10AFD8000702000000010000C0210020100000004E
:10AFE800000000001000000080B0026006020000AF
:10AFF800C0000000CC21002010000000000000006C
:10B008001000000080B0026005020000800000000F
:10B01800D8210020100000000000000010000000EF
:10B0280080B002600401000000010000E42100205B
:10B0380010000000000000001000000080B0026056
:10B0480003010000C0000000F021002010000000F3
:10B05800000000001000000080B002600201000043
:10B0680080000000FC21002010000000000000000B
:10B078001000000080B00260020000006D800060D7
:10B08800718000607D800060858000609180006034
:10B098008D8000601D8200609181006001020407BC
:10B0A800080B0D0E10131516191A1C1F2023252620
:10B0B800292A2C2F31323437383B3D3E4043454610
:10B0C800494A4C4F51525457585B5D5E6162646700
:10B0D800686B6D6E70737576797A7C7F80838586F0
:10B0E800898A8C8F91929497989B9D9EA1A2A4A7E0
:10B0F800A8ABADAEB0B3B5B6B9BABCBFC1C2C4C7D0
:10B10800C8CBCDCED0D3D5D6D9DADCDFE0E3E5E6BF
:10B11800E9EAECEFF1F2F4F7F8FBFDFE01010101B9
:10B1280001010101FEFEFEFEFEFEFEFE1F1F1F1FA7
:10B138000E0E0E0EE0E0E0E0F1F1F1F1011F011F4B
:10B14800010E010E1F011F010E010E0101E001E0B9
:10B1580001F101F1E001E001F101F10101FE01FE5F
:10B1680001FE01FEFE01FE01FE01FE011FE01FE0DF
:10B178000EF10EF1E01FE01FF10EF10E1FFE1FFE93
:10B188000EFE0EFEFE1FFE1FFE0EFE0EE0FEE0FE91
:10B19800F1FEF1FEFEE0FEE0FEF1FEF140100010CF
:10B1A800001000000000040040100410000000100F
:10B1B8004010001040000000000000104000040093
:10B1C80000000410401004100010040000100410C7
:10B1D80040100400001000004000000000000410AF
:10B1E8004000001000100010401000000010040083
:10B1F800400004004000041000100410401000003B
:10B208000000000000000000400004104000001092
:10B21800001000104010040000000400401004005A
:10B22800000004000010041000100000400000009E
:10B23800400004100010000040100400001000102E
:10B2480040000000400000100000041040000410FE
:10B258000000001000000400401000100000000072
:10B2680040100410400004004000001000000410CA
:10B2780000100010401000100000000040100410E2
:10B2880000100400001004004010000040100000EE
:10B29800400004000000001000100410000020000E
:10B2A800020020040208000400000000000800005A
:10B2B80002080004020820000008200402082004F4
:10B2C800000020000000000002000004020000004E
:10B2D8000000000402002004020800000008000426
:10B2E80002082000020020000008000402000004F8
:10B2F80000002004000820040200200000002004B0
:10B3080000080000020800000208200400082000CD
:10B3180002000000000000040008200000000004F3
:10B3280000082000000020000208000402080004B1
:10B338000200200402002004020000000200200095
:10B348000000000400080004000020000008200499
:10B35800020800000208200000082004020800007B
:10B368000200000402082004000020040008200055
:10B378000000000002000000020820040000000095
:10B388000208200000002004000800000200000459
:10B39800000800040008000002002000100000203F
:10B3A80000004020004000001040402000004020E5
:10B3B8001000000010404020000040000040002025
:10B3C8001040400000004000100000201000400025
:10B3D8000040002000000020104000000000000095
:10B3E80010004000104000200040000000404000D5
:10B3F80010400020100000001000402010004020E5
:10B4080000000000104040000040402010400000B4
:10B418000040400000404020000000200040002084
:10B428001000000010004020004040001040402064
:10B438000000400010400000100000200000400004
:10B4480000400020000000201040000010000020F4
:10B4580010404020004040000000402010404000C4
:10B4680000404020000000001000402010000000B4
:10B478000040000000004020104040000040000054
:10B488001000400010400020000000000040402054
:10B498000000002010004000104000200120800023
:10B4A80081200000812000008000000080208000B2
:10B4B80081008000010080000120000000000000E1
:10B4C8000020800000208000812080008100000092
:10B4D80000000000800080000100800001000000E2
:10B4E8000020000000008000012080008000000093
:10B4F8000000800001200000802000008100800002
:10B508000100000080200000800080000020000072
:10B518008020800081208000810000008000800061
:10B528000100800000208000812080008100000050
:10B5380000000000000000000020800080200000C3
:10B548008000800081008000010000000120800050
:10B558008120000081200000800000008120800000
:10B5680081000000010000000020000001008000B0
:10B578000120000080208000810080000120000060
:10B588008020000000008000012080008000000072
:10B5980000008000002000008020800020801080B3
:10B5A8000080008000800000208010000000100053
:10B5B80020000000200010802080008020000080F3
:10B5C80020801080008010800000008000800080B3
:10B5D80000001000200000002000108000801000F3
:10B5E8002000100020800080000000000000008083
:10B5F8000080000020801000000010802000100053
:10B608002000008000000000008010002080000062
:10B6180000801080000010802080000000000000E2
:10B628002080100020001080000010002080008082
:10B638000000108000801080008000000000108052
:10B6480000800080200000002080108020801000F2
:10B658002000000000800000000000802080000022
:10B6680000801080000010002000008020001000E2
:10B678002080008020000080200010000080100042
:10B688000000000000800080208000000000008092
:10B698002000108020801080008010000001000031
:10B6A8000001080200000802000100420000080032
:10B6B80000010000000000400000080200010840EE
:10B6C80000000800000100020001084000010042DB
:10B6D80000000842000108000000004000000002CD
:10B6E8000000084000000840000000000001004081
:10B6F800000108420001084200010002000008425F
:10B7080000010040000000000000004200010802A3
:10B7180000000002000000420001080000000800CC
:10B72800000100420001000000000002000000408B
:10B738000000080200010042000108400001000268
:10B748000000004000000842000108020001084013
:10B758000001000000000002000008420001084249
:10B768000001080000000042000108420000080231
:10B77800000000000000084000000042000108002E
:10B788000001000200010040000008000000000065
:10B798000000084000010802000100400802000003
:10B7A8000002020800000000080002080002000869
:10B7B8000000000008020200000200080800020061
:10B7C800080000080800000800000200080202083B
:10B7D800080002000000020808020000000000083B
:10B7E8000800000000020208000200000002020037
:10B7F8000000020808000208080202000802000807
:10B808000002020000000200080200080800000010
:10B8180008020208000200000000000800020208F6
:10B8280000000008080002000802000000000200F2
:10B8380000020208000200080000000000020000E8
:10B8480008000200080202080002000808000008B8
:10B8580000020000000000000800020808020008BA
:10B8680000000200000000080802020808000000AA
:10B878000802020000020200080000080000020896
:10B88800080200080802000000000208080202007E
:10B89800080000000800020800020200000401017C
:10B8A800000000000000010004040101040001017F
:10B8B800040401000400000000000100000400006E
:10B8C8000004010104040101000400000404000153
:10B8D800040001010000000104000000040400004D
:10B8E800000400010004000100040100000401003C
:10B8F800000001010000010104040001040001002E
:10B908000400000104000001040001000000000020
:10B91800040400000404010000000001000001000C
:10B9280004040101040000000000010100040101F9
:10B9380000000001000000010004000004000101F3
:10B9480000000100000401000400000100040000E0
:10B9580004000000040400010404010004040101BF
:10B9680004000100000001010404000104000001BA
:10B9780004040000040401000004010104040000A0
:10B9880000040001000400010000000004000100A0
:10B998000004010000000000040001010000000094
:10B9A800010000000001000001010000000001008A
:10B9B8000100010000010100010101000000000177
:10B9C8000100000100010001010100010000010166
:10B9D8000100010100010101010101010000000055
:10B9E800000000010000010000000101000100004A
:10B9F8000001000100010100000101010100000037
:10BA08000100000101000100010001010101000025
:10BA18000101000101010100010101014E6F7720C0
:10BA2800697320740123456789ABCDEF2345678986
:10BA3800ABCDEF01456789ABCDEF0123CDD64F2FB5
:10BA48009427C15D6996C8FA47A2ABEB832539767E
:10BA580044091A0A6A2A19F41ECA854B03E69F5B31
:10BA6800FA58EB42DD17E8B8B437D23212345678B8
:10BA780090ABCDEF54F15AF6EBE3A4B435761156FA
:10BA88005FA18E4DCB191F85D1ED8439129F40B926
:10BA9800D20056B3470EFC9A6B8EE393C5CECF63A4
:10BAA800ECEC514C2D2D2D2D2D424547494E20446F
:10BAB8004820504152414D45544552532D2D2D2D6E
:10BAC8002D0D0A4D494748416F4742414A343139A3
:10BAD8004442454F676D51547A6F3571586C3566DD
:10BAE80051634E39544E343535776B4F4C373035BA
:10BAF80032487A787852564D7968596D775163672C
:10BB08004A76680D0A317361313866796652394F61
:10BB18006956454D59676C4F706B71566F474C4E5F
:10BB28003771643561514E4E693557372F432B565F
:10BB380042644854424A63475A4A797950354233F5
:10BB480071637A33320D0A396D4C4A4B75646C5601
:10BB58007564563051786B3571554A61505A2F7853
:10BB680075707A304E796F567076697569424F49AB
:10BB780031674E69386F765358577A416745430D98
:10BB88000A2D2D2D2D2D454E44204448205041523C
:10BB9800414D45544552532D2D2D2D2D0D0A000094
:10BBA80004001800800100008C2200200300170008
:10BBB800000100004824002002001500E0000000F9
:10BBC8005424002001001300C0000000602400205D
:10BBD800000000000000000000000000FFFFFFFF61
:10BBE800FFFFFFFFFEFFFFFFFFFFFFFFFFFFFFFF5E
:10BBF800FFFFFFFFB1B946C1ECDEB8FE4930247241
:10BC0800ABE9A70FE7809CE5190521643128D2B478
:10BC1800B1C96B1436F8DE99FFFFFFFFFFFFFFFF86
:10BC2800FFFFFFFF1210FF82FD0AFFF40088A14307
:10BC3800EB20BF7CF69030B00EA88D181148791E05
:10BC4800A177F973D5CD246BED11106378DAC8FFAD
:10BC5800952B1907010000000000000000000000FB
:10BC6800FFFFFFFFFFFFFFFFFFFFFFFFFFFFFFFFDC
:10BC780000000000B4FF552343390B27BAD8BFD7BB
:10BC8800B7B04450563241F5ABB3040C850A05B43D
:10BC98003D2A5C5C4529DD133EF0B8E0A216FFFFA3
:10BCA800FFFFFFFFFFFFFFFFFFFFFFFF211D5C11ED
:10BCB800D68032342211C256D3C1034AB990133206
:10BCC8007FBFB46BBD0C0EB7347E00859981D54417
:10BCD8006447075AA07543CDE6DF224CFB23F7B52E
:10BCE800886337BDFFFFFFFFFFFFFFFFFFFFFFFF79
:10BCF800000000000000000000000000010000003B
:10BD0800FFFFFFFF4B60D2273E3CCE3BF6B053CC43
:10BD1800B0061D65BC86987655BDEBB3E7933AAA85
:10BD2800D835C65A512563FCC2CAB9F3849E17A7F1
:10BD3800ADFAE6BCFFFFFFFFFFFFFFFF00000000BA
:10BD4800FFFFFFFF96C298D84539A1F4A033EB2D29
:10BD5800817D0377F240A463E5E6BCF847422CE115
:10BD6800F2D1176BF551BF376840B6CBCE5E316B59
:10BD78005733CE2B169E0F7C4AEBE78E9B7F1AFE1D
:10BD8800E242E34FFFFFFFFF000000000000000059
:10BD9800FFFFFFFFFEFFFFFFFFFFFFFFFFFFFFFFAC
:10BDA800FFFFFFFFFFFFFFFFFFFFFFFFFFFFFFFF9B
:10BDB800FFFFFFFFEF2AECD3EDC8852A9DD12E8A1D
:10BDC8008D3956C65A8713508F081403124181FEC5
:10BDD8006E9C1D18192DF8E36B058E98E4E73EE27A
:10BDE800A72F31B37329C5CC6A19ECEC7AA7B048F0
:10BDF800B20D1A58DF2D37F4814D63C7FFFFFFFFDF
:10BE0800FFFFFFFFFFFFFFFFFFFFFFFFFFFFFFFF3A
:10BE1800FFFFFFFFB70A7672385E543A6C2955BFA8
:10BE28005DF20255382A5482E041F759989BA78B56
:10BE3800623B1D6E74AD20F31EC7B18E37058BBEF5
:10BE480022CA87AA5F0EEA907C1D437A9D817E1DD7
:10BE5800CEB1600AC0B8F0B51331DAE97C149A287B
:10BE6800BD1DF4F829DC9292BF989E5D6F2C269632
:10BE78004ADE173600000000000000000000000045
:10BE8800201C0000000000004038000000000000F6
:10BE98006024000000000000807000000000000026
:10BEA800A06C000000000000C04800000000000076
:10BEB800E05400000000000000E100000000000065
:10BEC80020FD00000000000040D900000000000034
:10BED80060C5000000000000809100000000000024
:10BEE800A08D000000000000C0A9000000000000B4
:10BEF800E0B500000000000058E2FCCEFA7E306198
:10BF0800367F1D57A4E7455AAB6E47D42CEC13BDBA
:10BF1800F53A67B21257BDDF4D5C2AF327CD64A608
:10BF28002CF35ABD2BA6FAB45BC94FBC3221A5DB52
:10BF380094FAE95AE7121A473612D2E79E3B078568
:10BF4800561BE14AACA2FCCB619CC5AEFFFE0BFAC6
:10BF5800462AF43C1699D050CD33B28AC773F74BB2
:10BF6800A00ED1F3125724352FF58D80033927AB56
:10BF78008EF4D4587514F0FB9924A7C8587336BFAB
:10BF8800B118024DB8674A142519498E80F1478FB8
:10BF980037BA55BD6D27618C65DCC57FCF623A2401
:10BFA800094FCCA40D3533F8DCF566FF291C25BBF9
:10BFB800B8568FC3D376A6D9530F8AFBC74536B96F
:10BFC800A963B4F1C4CB738BD0D1C8A799996BF08E
:10BFD800265B98B5D48AB919B094DAC5D93471BD3D
:10BFE800EC1A502270E3CC6C76FC6ECE0F4E1768BC
:10BFF800CDDF8853BB2D551B3A337DBF46A792C46E
:10C008005E454913FE2EA8F2A44A8266EE1C8EB045
:10C01800C8B5D4CF5AE9F19A00000000000000002A
:10C028000000000000000000000000000000000008
:10C0380000000000000000000000000000000000F8
:10C0480000000000000000000000000000000000E8
:10C0580000000000000000000388DACE60B6A3925A
:10C06800F328C2B971B2FE78000000000000000099
:10C0780000000000000000000000000000000000B8
:10C0880000000000000000000000000000000000A8
:10C09800000000000000000042831EC221777424C3
:10C0A8004B7221B784D0D49CE3AA212F2C02A4E0A0
:10C0B80035C17E2329ACA12E21D514B25466931C18
:10C0C8007D8F6A5AAC84AA051BA30B396A0AAC9700
:10C0D8003D58E091473F598542831EC22177742419
:10C0E8004B7221B784D0D49CE3AA212F2C02A4E060
:10C0F80035C17E2329ACA12E21D514B25466931CD8
:10C108007D8F6A5AAC84AA051BA30B396A0AAC97BF
:10C118003D58E0910000000061353B4C2806934AE9
:10C12800777FF51FA22A4755699B2A714FCDC6F81C
:10C138003766E5F97B6C742373806900E49F24B249
:10C148002B097544D4896B424989B5E1EBAC0F07DB
:10C15800C23F4598000000008CE24998625615B627
:10C1680003A033ACA13FB894BE9112A5C3A211A8F5
:10C17800BA262A3CCA7E2CA701E4A9A4FBA43C90B9
:10C18800CCDCB281D48C7C6FD62875D2ACA41703D2
:10C198004C34AEE500000000000000000000000084
:10C1A8000000000000000000000000000000000087
:10C1B8000000000000000000000000000000000077
:10C1C8000000000000000000000000000000000067
:10C1D800000000000000000098E7247C07F0FE4102
:10C1E8001C267E4384B0F60000000000000000001A
:10C1F8000000000000000000000000000000000037
:10C208000000000000000000000000000000000026
:10C2180000000000000000003980CA0B3C00E84123
:10C22800EB06FAC4872A2757859E1CEAA6EFD9840D
:10C23800628593B40CA1E19C7D773D00C144C5257E
:10C24800AC619D18C84A3F4718E2448B2FE324D9B4
:10C25800CCDA2710ACADE2563980CA0B3C00E84175
:10C26800EB06FAC4872A2757859E1CEAA6EFD984CD
:10C27800628593B40CA1E19C7D773D00C144C5253E
:10C28800AC619D18C84A3F4718E2448B2FE324D974
:10C29800CCDA2710000000000F10F599AE14A15455
:10C2A800ED24B36E25324DB8C566632EF2BBB34F8D
:10C2B8008347280FC4507057FDDC29DF9A471F7544
:10C2C800C66541D4D4DAD1C9E93A19A58E8B473F5E
:10C2D800A0F062F700000000D27E88681CE3243CCE
:10C2E8004830165A8FDCF9FF1DE9A1D8E6B447EFAC
:10C2F8006EF7B79828666E4581E79012AF34DDD99E
:10C30800E2F037589B292DB3E67C036745FA22E70C
:10C31800E9B7373B00000000000000000000000003
:10C328000000000000000000000000000000000005
:10C3380000000000000000000000000000000000F5
:10C3480000000000000000000000000000000000E5
:10C358000000000000000000CEA7403D4D606B6E5D
:10C36800074EC5D3BAF39D18000000000000000076
:10C3780000000000000000000000000000000000B5
:10C3880000000000000000000000000000000000A5
:10C398000000000000000000522DC1F099567D07F2
:10C3A800F47F37A32A84427D643A8CDCBFE5C0C998
:10C3B8007598A2BD2555D1AA8CB08E48590DBB3DA4
:10C3C800A7B08B1056828838C5F61E6393BA7A0ACE
:10C3D800BCC9F662898015AD522DC1F099567D070A
:10C3E800F47F37A32A84427D643A8CDCBFE5C0C958
:10C3F8007598A2BD2555D1AA8CB08E48590DBB3D64
:10C40800A7B08B1056828838C5F61E6393BA7A0A8D
:10C41800BCC9F66200000000C3762DF1CA787D32EF
:10C42800AE47C13BF19844CBAF1AE14D0B976AFA7E
:10C43800C52FF7D79BBA9DE0FEB582D33934A4F057
:10C44800954CC2363BC73F7862AC430E64ABE49967
:10C45800F47C9B1F000000005A8DEF2F0C9E53F1B7
:10C46800F75D7853659E2A20EEB2B22AAFDE6419D2
:10C47800A058AB4F6F746BF40FC0C3B780F244453C
:10C488002DA3EBF1C5D82CDEA2418997200EF82EFA
:10C4980044AE7E3F000000000000000000000000E5
:10C4A8000000000000000000000000000000000084
:10C4B8000000000000000000FEFFE9928665731C82
:10C4C8006D6A8F9467308308FEFFE9928665731C56
:10C4D8006D6A8F9467308308000000000000000038
:10C4E8000000000000000000000000000000000044
:10C4F8000000000000000000000000000000000034
:10C508000000000000000000000000000000000023
:10C518000000000000000000000000000000000013
:10C528000000000000000000000000000000000003
:10C5380000000000000000000000000000000000F3
:10C5480000000000000000000000000000000000E3
:10C5580000000000000000000000000010000000C3
:10C56800400000003C0000003C0000003C000000CF
:10C5780000000000000000000000000000000000B3
:10C5880000000000000000000000000000000000A3
:10C598000000000000000000000000000000000093
:10C5A8000000000000000000000000000000000083
:10C5B800CAFEBABEFACEDBADDECAF88800000000BB
:10C5C8000000000000000000000000000000000063
:10C5D8000000000000000000000000000000000053
:10C5E8000000000000000000000000000000000043
:10C5F8009313225DF88406E555909C5AFF5269AA68
:10C608006A7A9538534F7DA1E4C303D2A318A728AB
:10C61800C3C0C95156809539FCF0E2429A6B525416
:10C6280016AEDBF5A0DE6A57A637B39B0000000004
:10C6380000000000000000000000000000000000F2
:10C6480000000000000000000000000000000000E2
:10C6580000000000000000000000000000000000D2
:10C6680000000000000000000000000000000000C2
:10C6780000000000000000000000000000000000B2
:10C6880000000000000000000000000000000000A2
:10C698000000000000000000000000000000000092
:10C6A8000000000000000000000000000000000082
:10C6B8000000000000000000000000000000000072
:10C6C8000000000000000000000000000000000062
:10C6D8000000000000000000000000000000000052
:10C6E8000000000000000000000000000000000042
:10C6F8000000000000000000010000000100000030
:10C7080001000000020000000C0000000C00000006
:10C718000C0000000C000000080000003C000000B5
:10C728000000000000000000000000000000000001
:10C7380000000000000000000000000000000000F1
:10C7480000000000000000000000000000000000E1
:10C7580000000000000000000000000000000000D1
:10C76800FEEDFACEDEADBEEFFEEDFACEDEADBEEFEB
:10C77800ABADDAD2000000000000000000000000AD
:10C7880000000000000000000000000000000000A1
:10C798000000000000000000000000000000000091
:10C7A8000000000000000000000000000000000081
:10C7B8000000000000000000000000000000000071
:10C7C8000000000000000000000000000000000061
:10C7D8000000000000000000000000000000000051
:10C7E8000000000000000000000000000000000041
:10C7F8000000000000000000000000000000000031
:10C808000000000000000000000000000000000020
:10C818000000000000000000000000000000000010
:10C828000000000000000000000000000000000000
:10C8380000000000000000000000000000000000F0
:10C8480000000000000000000000000000000000E0
:10C8580000000000000000000000000000000000D0
:10C8680000000000000000000000000000000000C0
:10C8780000000000000000000000000000000000B0
:10C8880000000000000000000000000000000000A0
:10C898000000000000000000000000000000000090
:10C8A800000000000000000000000000010000007F
:10C8B800010000000100000000000000000000006E
:10C8C8000000000014000000140000001400000024
:10C8D8000000000000000000000000000000000050
:10C8E8000000000000000000000000000000000040
:10C8F8000000000000000000000000000000000030
:10C90800000000000000000000000000000000001F
:10C91800D9313225F88406E5A55909C5AFF5269A17
:10C9280086A7A9531534F7DA2E4C303D8A318A721E
:10C938001C3C0C95956809532FCF0E2449A6B525A4
:10C94800B16AEDF5AA0DE657BA637B391AAFD2552D
:10C9580000000000000000000000000000000000CF
:10C9680000000000000000000000000000000000BF
:10C9780000000000000000000000000000000000AF
:10C98800000000000000000000000000000000009F
:10C99800000000000000000000000000000000008F
:10C9A800000000000000000000000000000000007F
:10C9B800000000000000000000000000000000006F
:10C9C800000000000000000000000000000000005F
:10C9D800000000000000000000000000000000004F
:10C9E800000000000000000000000000000000003F
:10C9F800000000000000000000000000000000002F
:10CA0800000000000000000000000000000000001E
:10CA1800000000000000000000000000000000000E
:10CA280000000000000000000000000000000000FE
:10CA380000000000000000000000000000000000EE
:10CA480000000000000000000000000000000000DE
:10CA580000000000000000000100000001000000CC
:10CA68000100000001000000A0C9AB58F1E2E5A4F4
:10CA7800DE3EBD4FF73E9C5B64EFD8CA028CF811CE
:10CA880048A584FE69AB5AEE42AA4D42176099D474
:10CA98005E1397DC404D86A37BF55954756951E4C4
:10CAA8009A00A2D00ED59BFE31ECB1399B6081482B
:10CAB800D1969D250D3C1E94101098129325CAB846
:10CAC800FCCC2D54731970C0107AA4892519955E71
:10CAD8004BC6001D7F4E6A2BF8A301AB46055C09C7
:10CAE800A67188F1A740EEF3E15C029B44AF0344D2
:10CAF80079349BBF7CDDA5799557866621C9138358
:10CB08001146733ABF8C35C8C7215B5B96C48E9BB0
:10CB1800338C74E3E99DFEDFC6A16AB8D420706F38
:10CB28000F34AB7FEC5ADCA9D8CA3A133E159CA641
:10CB3800AC43C6F8A2BE22834A4C0A0AFFB10D7163
:10CB480094F1C1A5CF7322EC1AE0964ED4BF1227F8
:10CB580046E087FDB5B3E91B3493D5BB98FAED4998
:10CB6800E85F130FC8A459B70800000007000000C9
:10CB7800060000000500000004000000030000009B
:10CB88000000000000000000010000000300000099
:10CB98000E0000001A0000003E00000050000000D7
:10CBA800D41D8CD98F00B204E9800998ECF8427E34
:10CBB8000CC175B9C0F1B6A831C399E2697726618D
:10CBC800900150983CD24FB0D6963F7D28E17F72B5
:10CBD800F96B697D7CB7938D525A2F31AAF161D0D8
:10CBE800C3FCD3D76192E4007DFB496CCA67E13B83
:10CBF800D174AB98D277D9F5A5611C2C9F419D9F24
:10CC080057EDF4A22BE3C955AC49DA2E2107B67AC1
:10CC1800000000000000000000000000000000000C
:10CC280000000000000000000000000000000000FC
:10CC380000000000000000000000000000000000EC
:10CC480000000000000000000000000000000000DC
:10CC580000000000000000000000000000000000CC
:10CC6800006100000000000000000000000000005B
:10CC780000000000000000000000000000000000AC
:10CC8800000000000000000000000000000000009C
:10CC9800000000000000000000000000000000008C
:10CCA800000000000000000000000000000000007C
:10CCB8000000616263000000000000000000000046
:10CCC800000000000000000000000000000000005C
:10CCD800000000000000000000000000000000004C
:10CCE800000000000000000000000000000000003C
:10CCF800000000000000000000000000000000002C
:10CD08000000006D6573736167652064696765730A
:10CD18007400000000000000000000000000000097
:10CD280000000000000000000000000000000000FB
:10CD380000000000000000000000000000000000EB
:10CD480000000000000000000000000000000000DB
:10CD5800000000006162636465666768696A6B6CFD
:10CD68006D6E6F707172737475767778797A00006A
:10CD780000000000000000000000000000000000AB
:10CD8800000000000000000000000000000000009B
:10CD9800000000000000000000000000000000008B
:10CDA80000000000004142434445464748494A4B79
:10CDB8004C4D4E4F505152535455565758595A612D
:10CDC80062636465666768696A6B6C6D6E6F7071C3
:10CDD80072737475767778797A30313233343536C0
:10CDE8003738390000000000000000000000000093
:10CDF800000000000000313233343536373839301E
:10CE080031323334353637383930313233343536D8
:10CE180037383930313233343536373839303132C2
:10CE280033343536373839303132333435363738AC
:10CE380039303132333435363738393031323334AA
:10CE4800353637383930000008000000A4260020A5
:10CE5800400000008000000081F1006069F100607E
:10CE68006DF1006089F1006029F20060CDF1006089
:10CE780079F100607DF1006007000000003A0020B1
:10CE8800300000008000000061F1006069F100607E
:10CE98006DF1006071F1006029F20060CDF1006071
:10CEA80079F100607DF1006006000000D4390020AF
:10CEB800200000004000000051F1006039F10060DE
:10CEC8003DF1006059F1006011F20060B9F10060B5
:10CED80049F100604DF10060050000002C2600209B
:10CEE8001C0000004000000031F1006039F10060D2
:10CEF8003DF1006041F1006011F20060B9F100609D
:10CF080049F100604DF1006004000000082600208F
:10CF180014000000400000001DF1006021F10060D5
:10CF280025F1006071570160F9F10060A5F100601A
:10CF380029F100602DF1006003000000E0240020CA
:10CF4800100000004000000009F100600DF10060D1
:10CF580011F10060F5EF0060E1F1006091F100600F
:10CF680015F1006019F10060F824002009000000A4
:10CF7800D8270020F0270020030100000028002007
:10CF8800090000000C2800202428002004010000CB
:10CF980034280020090000004028002058280020DC
:10CFA800050100006C2800200900000078280020F6
:10CFB8009028002006010000A42800200900000095
:10CFC800B0280020C828002007010000DC28002025
:10CFD80009000000E82800200029002008010000BE
:10CFE80014290020050000000C2800202428002017
:10CFF800040100001C29002007000000242900204B
:10D0080034290020040400004429002008000000FE
:10D0180050290020642900200504000078290020F8
:10D028000800000084290020982900200604000038
:10D03800AC29002008000000B8290020CC290020D5
:10D0480007040000E029002008000000EC29002067
:10D05800002A002008040000142A0020090000000B
:10D06800202A0020202A00200006000000000000DE
:10D0780000000000000000000000000000000000A8
:10D088001025002003000000682B0020802B0020C2
:10D0980000010000942B002003000000982B0020C2
:10D0A800A82B002004000000B42B0020030000007F
:10D0B800B82B0020CC2B002000080000E02B00201B
:10D0C80003000000E42B0020FC2B002020000000BF
:10D0D800102C0020090000001C2C0020342C0020FB
:10D0E8000000010000000000000000000000000037
:10D0F80000000000000000001425002003000000CC
:10D10800502C0020642C0020702C0020742C00204F
:10D1180003000000782C00208C2C0020942C002088
:10D12800982C0020030000009C2C0020AC2C002030
:10D13800B82C0020BC2C002003000000C02C0020CC
:10D14800CC2C0020D42C0020D82C00200300000078
:10D15800DC2C0020F42C0020042D0020082D0020B9
:10D16800030000000C2D00202C2D0020382D00205D
:10D178003C2D002009000000482D0020582D0020DB
:10D18800482D0020682D0020030000006C2D002091
:10D19800802D0020902D0020A02D002003000000ED
:10D1A800A42D0020B82D0020C82D0020D82D002047
:10D1B80003000000DC2D0020F02D0020FC2D0020B5
:10D1C800082E0020030000000C2E00201C2E00203A
:10D1D800242E0020282E0020030000002C2E0020E2
:10D1E8003C2E0020482E00204C2E0020030000007A
:10D1F800502E0020602E00206C2E0020782E00205B
:10D20800030000007C2E0020982E0020B02E002065
:10D21800C42E002003000000C82E0020D42E0020B9
:10D22800DC2E0020E42E002003000000E82E002061
:10D23800FC2E00201C2F0020282F002003000000B7
:10D248002C2F00203C2F0020482F0020542F002096
:10D258000A000000602F0020742F0020882F002073
:10D268008C2F002003000000902F0020A82F002002
:10D27800BC2F00200000000000000000000000009B
:10D288000000000000000000182500200900000030
:10D298008427002094270020010000002425002076
:10D2A8000700000098270020A8270020020000009F
:10D2B800B827002005000000C0270020C82700204C
:10D2C8000300000000000000000000000000000053
:10D2D80000000000000000002C25002008000000CD
:10D2E800602400206024002001000000E4030020E6
:10D2F80005000000542400205424002002000000EF
:10D308007827002008000000482400204824002036
:10D3180003000000EC030020050000008C22002020
:10D328008C22002004000000000000000000000023
:10D338000000000000000000000000003825002068
:10D3480008000000BC260020E024002003000000A4
:10D358005C25002005000000C4260020CC26002003
:10D3680004000000D426002009000000E026002068
:10D37800EC26002005000000F4260020090000002B
:10D38800002700200C27002006000000142700209A
:10D3980009000000202700202C270020070000009B
:10D3A8003427002009000000402700204C270020D7
:10D3B800080000000000000000000000000000005D
:10D3C80000000000000000004425002008000000C4
:10D3D8000426002010260020040000001C2600203F
:10D3E8000800000028260020342600200500000040
:10D3F8004426002008000000502600205C2600205B
:10D40800060000006C260020080000007826002096
:10D418008426002007000000942600200800000051
:10D42800A0260020AC260020080000000000000014
:10D4380000000000000000000000000000000000E4
:10D4480050250020080000002C2A0020402A002037
:10D45800602A0020080000006C2A0020802A002092
:10D46800A02A002008000000AC2A0020C02A0020C2
:10D47800D02A002008000000DC2A0020F42A00201E
:10D48800082B002008000000142B0020282B002067
:10D49800382B002008000000442B0020582B0020C7
:10D4A8000000000000000000000000000000000074
:10D4B800642500200500000054270020DC250020FA
:10D4C800210000005C2700200800000068270020D9
:10D4D8007C1F002025000000000000000000000064
:10D4E8000000000000000000000000006C25002083
:10D4F8000A00000078250020982500200425000057
:10D50800B82500200A000000C4250020E4250020DA
:10D5180004230000000000000000000000000000DC
:10D52800000000000000000005000000903000200E
:10D53800A50301609903016000000000B1030160C8
:10D54800FD03016000000000E1040160D9040160EE
:10D5580079040160000000000400000098300020F9
:10D56800A90201608D030160AD020160D102016072
:10D57800000000000000000069030160C1040160B0
:10D58800650401606D03016003000000A030002005
:10D59800A902016081030160000000000000000092
:10D5A800000000000000000069030160A904016098
:10D5B800510401606D03016002000000A8300020E2
:10D5C800A90201609D020160D90201601D0301608A
:10D5D800000000000000000069030160A904016068
:10D5E800510401606D0301600100000094270020D0
:10D5F8004501016035010160510101609D01016033
:10D60800D901016029020160710201608D04016085
:10D618003D04016075020160080000000800000078
:10D6280008000000180000000900000000000000C9
:10D6380004000000040000000400000024000000B2
:10D6480005000000000000000100000002000000CA
:10D658000010000000100000001000000000000092
:10D66800140000001400000014000000190000005D
:10D6780010000000000000000C60C80F961F0E711B
:10D68800F3A9B524AF6012062FE037A6000000000A
:10D698000000000000000000EA6C014DC72D6F8CEF
:10D6A800CD1ED92ACE1D41F0D8DE895700000000D2
:10D6B80000000000000000004B007901B765489A9F
:10D6C800BEAD49D926F721D065A429C100000000C4
:10D6D80000000000000000003D2EEC4FE41C849B7D
:10D6E80080C8D83662C0E44A8B291A964CF2F0708A
:10D6F800380000000000000056FA6AA75548099D46
:10D70800CC37D7F03425E0C300000000000000004B
:10D718000000000000000000000000000000000001
:10D7280000000000000000000000000000000000F1
:10D73800000000000000000070617373776F72646E
:10D7480000000000000000000000000000000000D1
:10D75800000000000000000070617373776F72644E
:10D7680000000000000000000000000000000000B1
:10D77800000000000000000070617373776F72642E
:10D788000000000000000000000000000000000091
:10D79800000000000000000070617373776F72640E
:10D7A80050415353574F524470617373776F72648B
:10D7B80000000000000000007061737300776F7252
:10D7C80064000000000000000000000000000000ED
:10D7D8000000000000000000000000000000000041
:10D7E8000000000000000000000000000000000031
:10D7F800000000000000000073616C74000000006D
:10D808000000000000000000000000000000000010
:10D818000000000000000000000000000000000000
:10D8280073616C740000000000000000000000003C
:10D8380000000000000000000000000000000000E0
:10D84800000000000000000073616C74000000001C
:10D8580000000000000000000000000000000000C0
:10D8680000000000000000000000000000000000B0
:10D8780073616C7453414C5473616C7453414C54D0
:10D8880073616C7453414C5473616C7453414C54C0
:10D8980073616C74000000007361006C7400000018
:10D8A8000000000000000000000000000000000070
:10D8B8000000000000000000000000000000000060
:10D8C8000000000000000000000000000000000050
:10D8D8000000000000000000000000000000000040
:10D8E8000000000000000000A9993E364706816A42
:10D8F800BA3E25717850C26C9CD0D89D84983E441D
:10D908001C3BD26EBAAE4AA1F95129E5E54670F141
:10D9180034AA973CD4C4DAA4F61EEB2BDBAD27312E
:10D928006534016F616263000000000000000000C0
:10D9380000000000000000000000000000000000DF
:10D9480000000000000000000000000000000000CF
:10D958000000000000000000000000000061626399
:10D968006462636465636465666465666765666763
:10D9780068666768696768696A68696A6B696A6B13
:10D988006C6A6B6C6D6B6C6D6E6C6D6E6F6D6E6FC3
:10D99800706E6F7071000000000000000000000051
:10D9A800000000000000000000000000000000006F
:10D9B800000000000000000000000000000000005F
:10D9C800000000000000000000000000000000004F
:10D9D8000300000038000000E8030000982F8A4286
:10D9E80091443771CFFBC0B5A5DBB5E95BC25639A9
:10D9F800F111F159A4823F92D55E1CAB98AA07D8C1
:10DA0800015B8312BE853124C37D0C55745DBE72E3
:10DA1800FEB1DE80A706DC9B74F19BC1C1699BE463
:10DA28008647BEEFC69DC10FCCA10C246F2CE92DF3
:10DA3800AA84744ADCA9B05CDA88F97652513E9817
:10DA48006DC631A8C82703B0C77F59BFF30BE0C61E
:10DA58004791A7D55163CA0667292914850AB727AC
:10DA680038211B2EFC6D2C4D130D385354730A6549
:10DA7800BB0A6A762EC9C281852C7292A1E8BFA220
:10DA88004B661AA8708B4BC2A3516CC719E892D188
:10DA9800240699D685350EF470A06A1016C1A4190B
:10DAA800086C371E4C774827B5BCB034B30C1C390A
:10DAB8004AAAD84E4FCA9C5BF36F2E68EE828F74C9
:10DAC8006F63A5781478C8840802C78CFAFFBE90E3
:10DAD800EB6C50A4F7A3F9BEF27871C623097D2236
:10DAE8003405D8228642A477BDA255B32AADBCE43A
:10DAF800BDA0B3F7E36C9DA70000000075388B1636
:10DB0800512776CC5DBA5DA1FD890150B0C6455C50
:10DB1800B4F58B195252252500000000207946558E
:10DB2800980C91D8BBB4C1EA97618A4BF03F425830
:10DB38001948B2EE4EE7AD6700000000BA7816BF8C
:10DB48008F01CFEA414140DE5DAE2223B00361A3DD
:10DB580096177A9CB410FF61F20015AD248D6A61A6
:10DB6800D20638B8E5C026930C3E6039A33CE45988
:10DB780064FF2167F6ECEDD419DB06C1CDC76E5CF6
:10DB88009914FB9281A1C7E284D73E67F1809A4835
:10DB9800A497200E046D39CCC7112CD003000000C7
:10DBA80038000000E8030000616263000000000024
:10DBB800000000000000000000000000000000005D
:10DBC800000000000000000000000000000000004D
:10DBD800000000000000000000000000000000003D
:10DBE8000061626364626364656364656664656654
:10DBF8006765666768666768696768696A68696AA1
:10DC08006B696A6B6C6A6B6C6D6B6C6D6E6C6D6E50
:10DC18006F6D6E6F706E6F70710000000000000015
:10DC280000000000000000000000000000000000EC
:10DC380000000000000000000000000000000000DC
:10DC480000000000000000000000000000000000CC
:10DC5800000000000000000022AE28D7982F8A425A
:10DC6800CD65EF23914437712F3B4DECCFFBC0B509
:10DC7800BCDB8981A5DBB5E938B548F35BC2563909
:10DC880019D005B6F111F1599B4F19AFA4823F92F3
:10DC980018816DDAD55E1CAB420203A398AA07D897
:10DCA800BE6F7045015B83128CB2E44EBE85312491
:10DCB800E2B4FFD5C37D0C556F897BF2745DBE72EB
:10DCC800B196163BFEB1DE803512C725A706DC9B50
:10DCD800942669CF74F19BC1D24AF19EC1699BE435
:10DCE800E3254F388647BEEFB5D58C8BC69DC10F4F
:10DCF800659CAC77CCA10C2475022B596F2CE92DAF
:10DD080083E4A66EAA84744AD4FB41BDDCA9B05C46
:10DD1800B5531183DA88F976ABDF66EE52513E9837
:10DD28001032B42D6DC631A83F21FB98C82703B027
:10DD3800E40EEFBEC77F59BFC28FA83DF30BE0C604
:10DD480025A70A934791A7D56F8203E05163CA06B6
:10DD5800706E0E0A67292914FC2FD246850AB72748
:10DD680026C9265C38211B2EED2AC45AFC6D2C4D81
:10DD7800DFB3959D130D3853DE63AF8B54730A657B
:10DD8800A8B2773CBB0A6A76E6AEED472EC9C281D7
:10DD98003B358214852C72926403F14CA1E8BFA232
:10DDA800013042BC4B661AA89197F8D0708B4BC2D1
:10DDB80030BE5406A3516CC71852EFD619E892D159
:10DDC80010A96555240699D62A20715785350EF471
:10DDD800B8D1BB3270A06A10C8D0D2B816C1A41985
:10DDE80053AB4151086C371E99EB8EDF4C774827AF
:10DDF800A8489BE1B5BCB034635AC9C5B30C1C39FB
:10DE0800CB8A41E34AAAD84E73E363774FCA9C5B37
:10DE1800A3B8B2D6F36F2E68FCB2EF5DEE828F74B2
:10DE2800602F17436F63A57872ABF0A11478C8848C
:10DE3800EC39641A0802C78C281E6323FAFFBE90C7
:10DE4800E9BD82DEEB6C50A41579C6B2F7A3F9BE22
:10DE58002B5372E3F27871C69C6126EACE3E27CA3C
:10DE680007C2C021C7B886D11EEBE0CDD67DDAEA5D
:10DE780078D16EEE7F4F7DF5BA6F1772AA67F006FC
:10DE8800A698C8A2C57D630AAE0DF9BE04983F11D5
:10DE98001B471C13350B711B847D0423F577DB2886
:10DEA8009324C7407BABCA32BCBEC9150ABE9E3C90
:10DEB8004C0D109CC4671D43B6423ECBBED4C54C26
:10DEC8002A7E65FC9C297F59ECFAD63AAB6FCB5F6A
:10DED8001758474A8C19446CCB00753F45A35E8B95
:10DEE800B5A03D699AC65007272C32AB0EDED16328
:10DEF8001A8B605A43FF5BED8086072BA1E7CC2382
:10DF080058BAECA134C825A70000000000000000A2
:10DF1800000000000000000009330C33F71147E847
:10DF28003D192FC782CD1B4753111B173B3B05D209
:10DF38002FA08086E3B0F712FCC7C71A557E2DB90B
:10DF480066C3E9FA9174603900000000000000001F
:10DF580000000000000000009D0E1809716474CBD9
:10DF6800086E834E310A4A1CED149E9C00F24852FA
:10DF78007972CEC5704C2A5B07B8B3DC38ECC4EBB9
:10DF8800AE97DDD87F3D89850000000000000000C5
:10DF98000000000000000000DDAF35A193617ABAEF
:10DFA800CC417349AE20413112E6FA4E89A97EA2CE
:10DFB8000A9EEEE64B55D39A2192992A274FC1A87B
:10DFC80036BA3C23A3FEEBBD454D4423643CE80E22
:10DFD8002A9AC94FA54CA49F8E959B75DAE313DA4C
:10DFE8008CF4F72814FC143F8F7779C6EB9F7FA138
:10DFF8007299AEADB6889018501D289E4900F7E476
:10E00800331B99DEC4B5433AC7D329EEB6DD26548F
:10E018005E96E55B874BE909E718483D0CE76964BC
:10E028004E2E42C7BC15B4638E1F98B13B204428BE
:10E038005632A803AFA973EBDE0FF244877EA60A17
:10E048004CB0432CE577C31BEB009C5C2C49AA2EF3
:10E058004EADB217AD8CC09B0300000070000000ED
:10E06800E803000061626300000000000000000097
:10E078000000000000000000000000000000000098
:10E088000000000000000000000000000000000088
:10E098000000000000000000000000000000000078
:10E0A8000000000000000000000000000000000068
:10E0B8000000000000000000000000000000000058
:10E0C8000000000000000000000000000000000048
:10E0D80000000000006162636465666768626364EB
:10E0E8006566676869636465666768696A646566C2
:10E0F8006768696A6B65666768696A6B6C66676892
:10E10800696A6B6C6D6768696A6B6C6D6E68696A61
:10E118006B6C6D6E6F696A6B6C6D6E6F706A6B6C31
:10E128006D6E6F70716B6C6D6E6F7071726C6D6E01
:10E138006F707172736D6E6F70717273746E6F70D1
:10E148007172737475000000000000000000000088
:10E1580000000000000000000000000000000000B7
:10E1680000000000000000000000000000000000A7
:10E178000000000000000000000000000000000097
:10E188000000000000000000000000000000000087
:10E198000000000000000000000000000000000077
:10E1A8000000000000000000000000000000000067
:10E1B800000000000000000009C0000058360020E0
:10E1C8000504040003000000010000000300000033
:10E1D80003000000000000000AC00000883600208C
:10E1E8000704040003000000010000000300000011
:10E1F800030000000000000023C00000B03600202B
:10E2080005060400030000000300000003000000EE
:10E2180003000000000000002BC00000D8360020DA
:10E228000E060400030000000300000003000000C5
:10E23800030000000000000024C000000037002098
:10E2480007070400030000000300000003000000AB
:10E2580003000000000000002CC000002837002048
:10E268001007040003000000030000000300000082
:10E278000300000000000000ADC00000503700207F
:10E288002D06040003000000030000000300000046
:10E298000300000000000000AFC000007437002039
:10E2A8002D06040003000000030000000300000026
:10E2B8000300000002000000ACC0000098370020F6
:10E2C8002B06040003000000030000000300000008
:10E2D8000300000000000000AEC00000BC370020B2
:10E2E8002B060400030000000300000003000000E8
:10E2F800030000000200000072C00000E0370020A8
:10E3080014060400030000000100000003000000E0
:10E31800030000000000000073C000001038002057
:10E3280016070400030000000100000003000000BD
:10E33800030000000000000086C0000040380020F4
:10E348001D06040003000000030000000300000095
:10E35800030000000000000087C0000070380020A3
:10E368001F07040003000000030000000300000072
:10E37800030000000000000008C00000A0380020D2
:10E388002504040003000000010000000300000051
:10E39800030000000000000013C00000C83800207F
:10E3A8000504030003000000010000000300000052
:10E3B800030000000000000014C00000EC3800203A
:10E3C8000704030003000000010000000300000030
:10E3D800030000000000000027C0000010390020E2
:10E3E800050603000300000003000000030000000E
:10E3F80003000000000000002FC000003839002092
:10E408000E060300030000000300000003000000E4
:10E41800030000000000000028C000006039002050
:10E4280007070300030000000300000003000000CA
:10E43800030000000000000030C000008839002000
:10E4480010070300030000000300000003000000A1
:10E45800030000000000000076C00000B039002072
:10E468001406030003000000010000000300000080
:10E47800030000000000000077C00000DC39002025
:10E48800160703000300000001000000030000005D
:10E4980003000000000000008AC00000083A0020C5
:10E4A8001D06030003000000030000000300000035
:10E4B80003000000000000008BC00000343A002078
:10E4C8001F07030003000000030000000300000012
:10E4D800030000000000000012C00000603A0020A5
:10E4E80025040300030000000100000003000000F1
:10E4F80003000000000000009F000000843A002094
:10E5080010070200030000000300000003000000E1
:10E5180003000000000000009E000000A83A002050
:10E528000E060200030000000300000003000000C4
:10E53800030000000000000067000000CC3A002043
:10E5480005060200030000000300000003000000AD
:10E5580003000000000000006B000000F03A0020FB
:10E56800070602000300000003000000030000008B
:10E57800030000000000000033000000143B0020EE
:10E588000504020003000000000000000300000072
:10E59800030000000000000039000000383B0020A4
:10E5A8000704020003000000000000000300000050
:10E5B80003000000000000009FC000005C3B00203A
:10E5C8002D06020003000000030000000300000005
:10E5D8000300000000000000A3C000007C3B0020F6
:10E5E8002D060200030000000300000003000000E5
:10E5F80003000000020000009EC000009C3B0020B9
:10E608002B060200030000000300000003000000C6
:10E618000300000000000000A2C00000BC3B002076
:10E628002B060200030000000300000003000000A6
:10E638000300000002000000BE000000DC3B0020D8
:10E64800140602000300000003000000030000009D
:10E658000300000000000000C4000000083C002087
:10E66800160602000300000003000000030000007B
:10E67800030000000000000045000000343C0020BA
:10E688001404020003000000000000000300000062
:10E698000300000000000000880000005C3C00202F
:10E6A8001604020003000000000000000300000040
:10E6B80003000000000000007CC00000843C002033
:10E6C8001D06020003000000030000000300000014
:10E6D80003000000000000007DC00000B03C0020E6
:10E6E8001F070200030000000300000003000000F1
:10E6F800030000000000000016000000DC3C0020C1
:10E7080025040200030000000000000003000000D0
:10E7180003000000000000009D000000003D0020F4
:10E7280010070100030000000300000003000000C0
:10E7380003000000000000009C000000203D0020B5
:10E748000E060100030000000300000003000000A3
:10E7580003000000000000003C000000403D0020D5
:10E76800050601000300000003000000030000008C
:10E7780003000000000000003D000000603D002094
:10E78800070601000300000003000000030000006A
:10E7980003000000000000002F000000803D002062
:10E7A8000504010003000000000000000300000051
:10E7B800030000000000000035000000A03D00201C
:10E7C800070401000300000000000000030000002F
:10E7D80003000000000000009DC00000C03D0020B4
:10E7E8002D060100030000000300000003000000E4
:10E7F8000300000000000000A1C00000DC3D002074
:10E808002D060100030000000300000003000000C3
:10E8180003000000020000009CC00000F83D00203A
:10E828002B060100030000000300000003000000A5
:10E838000300000000000000A0C00000143E0020FB
:10E848002B06010003000000030000000300000085
:10E858000300000002000000BA000000303E002063
:10E86800140601000300000003000000030000007C
:10E878000300000000000000C0000000583E002017
:10E88800160601000300000003000000030000005A
:10E89800030000000000000041000000803E00204E
:10E8A8001404010003000000000000000300000041
:10E8B800030000000000000084000000A43E0020C7
:10E8C800160401000300000000000000030000001F
:10E8D80003000000000000007AC00000C83E0020CD
:10E8E8001D060100030000000300000003000000F3
:10E8F80003000000000000007BC00000F03E002084
:10E908001F070100030000000300000003000000CF
:10E9180003000000000000000A000000183F00206B
:10E9280025040100030000000000000003000000AF
:10E9380003000000000000000EC00000383F002067
:10E9480005040900030000000100000003000000A6
:10E9580003000000000000000FC000005C3F002022
:10E968000704090003000000010000000300000084
:10E97800030000000000000029C00000803F0020C4
:10E988000506090003000000030000000300000062
:10E99800030000000000000031C00000A83F002074
:10E9A8000E06090003000000030000000300000039
:10E9B80003000000000000002AC00000D03F002033
:10E9C800070709000300000003000000030000001F
:10E9D800030000000000000032C00000F83F0020E3
:10E9E80010070900030000000300000003000000F6
:10E9F800030000000000000078C000002040002054
:10EA080014060900030000000100000003000000D4
:10EA1800030000000000000079C000004C40002006
:10EA280016070900030000000100000003000000B1
:10EA380003000000000000008CC0000078400020A7
:10EA48001D06090003000000030000000300000089
:10EA580003000000000000008DC00000A44000205A
:10EA68001F07090003000000030000000300000066
:10EA780003000000000000000DC00000D04000208E
:10EA88002504090003000000010000000300000045
:10EA9800030000000000000004C00000F440002053
:10EAA80005040A0003000000010000000300000044
:10EAB800030000000000000005C00000184100200D
:10EAC80007040A0003000000010000000300000022
:10EAD800030000000000000025C000003C410020A9
:10EAE80005060A0003000000030000000300000000
:10EAF80003000000000000002DC000006441002059
:10EB08000E060A00030000000300000003000000D6
:10EB1800030000000000000026C000008C41002017
:10EB280007070A00030000000300000003000000BC
:10EB380003000000000000002EC00000B4410020C7
:10EB480010070A0003000000030000000300000093
:10EB5800030000000000000074C00000DC41002039
:10EB680014060A0003000000010000000300000072
:10EB7800030000000000000075C0000008420020EB
:10EB880016070A000300000001000000030000004F
:10EB9800030000000000000088C00000344200208C
:10EBA8001D060A0003000000030000000300000027
:10EBB800030000000000000089C00000604200203F
:10EBC8001F070A0003000000030000000300000004
:10EBD800030000000000000003C000008C42002079
:10EBE80025040A00030000000100000003000000E3
:10EBF8000300000000000000A8000000B44200204C
:10EC08000E060500030000000300000003000000DA
:10EC18000300000000000000A9000000D44200200A
:10EC280010070500030000000300000003000000B7
:10EC38000300000000000000AE000000F4420020C5
:10EC480005060500030000000100000003000000A5
:10EC58000300000000000000AF0000001443002083
:10EC68000707050003000000010000000300000082
:10EC780003000000000000008C0000003443002066
:10EC88000504050003000000000000000300000068
:10EC980003000000000000008D0000005443002025
:10ECA8000704050003000000000000000300000046
:10ECB8000300000000000000A5C00000744300200D
:10ECC8002D060500030000000300000003000000FB
:10ECD8000300000000000000A9C0000090430020CD
:10ECE8002D060500030000000300000003000000DB
:10ECF8000300000002000000A4C00000AC43002094
:10ED08002B060500030000000300000003000000BC
:10ED18000300000000000000A8C00000C843002055
:10ED28002B0605000300000003000000030000009C
:10ED3800030000000200000094C00000E44300202B
:10ED48001406050003000000010000000300000095
:10ED5800030000000000000095C000000C440020E3
:10ED68001607050003000000010000000300000072
:10ED780003000000000000008EC0000034440020A2
:10ED88001D0605000300000003000000030000004A
:10ED980003000000000000008FC000005C44002059
:10EDA8001F07050003000000030000000300000027
:10EDB80003000000000000008B00000084440020D5
:10EDC8002504050003000000000000000300000007
:10EDD8000300000000000000AA000000A444002076
:10EDE8000E060600030000000300000003000000F8
:10EDF8000300000000000000AB000000C844002031
:10EE080010070600030000000300000003000000D4
:10EE18000300000000000000B2000000EC440020E5
:10EE280005060600030000000100000003000000C2
:10EE38000300000000000000B3000000104500209F
:10EE4800070706000300000001000000030000009F
:10EE5800030000000000000090000000344500207E
:10EE68000504060003000000000000000300000085
:10EE78000300000000000000910000005845002039
:10EE88000704060003000000000000000300000063
:10EE98000300000000000000A7C000007C4500201F
:10EEA8002D06060003000000030000000300000018
:10EEB8000300000000000000ABC000009C450020DB
:10EEC8002D060600030000000300000003000000F8
:10EED8000300000002000000A6C00000BC4500209E
:10EEE8002B060600030000000300000003000000DA
:10EEF8000300000000000000AAC00000DC4500205C
:10EF08002B060600030000000300000003000000B9
:10EF1800030000000200000096C00000FC4500202D
:10EF280014060600030000000100000003000000B2
:10EF3800030000000000000097C0000028460020E1
:10EF4800160706000300000001000000030000008F
:10EF5800030000000000000090C00000544600209C
:10EF68001D06060003000000030000000300000067
:10EF7800030000000000000091C00000804600204F
:10EF88001F07060003000000030000000300000044
:10EF980003000000000000008F000000AC460020C5
:10EFA8002504060003000000000000000300000024
:10EFB800030000000000000037C00000D046002019
:10EFC800050608000300000001000000030000001F
:10EFD800030000000000000038C00000F8460020D0
:10EFE80007070800030000000100000003000000FC
:10EFF800030000000000000035C00000204700208A
:10F0080005040800030000000100000003000000E0
:10F01800030000000000000036C000004447002044
:10F0280007040800030000000100000003000000BE
:10F0380003000000000000009AC00000684700209C
:10F04800140608000300000001000000030000008F
:10F0580003000000000000009BC00000944700204F
:10F06800160708000300000001000000030000006C
:10F07800030000000000000034C00000C04700206A
:10F088002504080003000000010000000300000040
:10F098000300000000000000AC000000E44700206E
:10F0A8000E06070003000000030000000300000034
:10F0B8000300000000000000AD0000000848002028
:10F0C8001007070003000000030000000300000011
:10F0D8000300000000000000B60000002C480020DB
:10F0E80005060700030000000100000003000000FF
:10F0F8000300000000000000B70000005048002096
:10F1080007070700030000000100000003000000DB
:10F118000300000000000000940000007448002074
:10F1280005040700030000000100000003000000C0
:10F13800030000000000000095000000984800202F
:10F14800070407000300000001000000030000009E
:10F15800030000000000000098C00000BC48002028
:10F16800140607000300000001000000030000006F
:10F17800030000000000000099C00000E8480020DB
:10F18800160707000300000001000000030000004C
:10F19800030000000000000092C000001449002095
:10F1A8001D06070003000000030000000300000024
:10F1B800030000000000000093C000004049002048
:10F1C8001F07070003000000030000000300000001
:10F1D8000300000000000000930000006C490020BC
:10F1E80025040700030000000100000003000000E0
:10F1F800030000000000000000000000342500208B
:10F2080000000000000000000000000000000000F6
:10F218000000000000000000A8CC0000A9CC0000FD
:10F22800AACC00002CC0000030C000009F000000E5
:10F23800ADC000009FC0000024C0000028C000002E
:10F248006B0000000AC0000014C000003900000074
:10F25800AFC00000A3C0000087C000008BC0000042
:10F268007DC0000073C0000077C00000C40000002B
:10F27800880000005DC0000061C0000053C00000AD
:10F2880049C000004DC0000045C000002BC0000070
:10F298002FC000009E000000ACC000009EC000000F
:10F2A80023C0000027C000006700000009C000005C
:10F2B80013C0000033000000AEC00000A2C0000070
:10F2C80086C000008AC000007CC0000072C0000038
:10F2D80076C00000BE000000450000005CC00000D1
:10F2E80060C0000052C0000048C000004CC00000D0
:10F2F80044C0000008C0000012C000001600000052
:10F30800ACCC0000ADCC0000AB000000A7C00000F2
:10F3180038C00000B300000036C0000091000000B3
:10F3280091C000009BC0000097C00000ABC0000067
:10F338006DC0000071C0000067C00000AA00000096
:10F34800A6C0000037C00000B200000035C00000B1
:10F358009000000090C0000096C000009AC0000015
:10F36800AAC000006CC0000070C0000066C00000A9
:10F3780034C000008F000000FFC000009D000000A6
:10F388009DC000003D0000003500000032C00000B4
:10F398002AC000000FC000002EC0000026C00000D8
:10F3A80005C00000A1C000007BC00000C000000034
:10F3B800840000008DC0000079C0000089C00000F2
:10F3C80075C000005FC0000063C0000051C00000AD
:10F3D8004BC000004FC000003DC000009C00000072
:10F3E8009CC000003C0000002F00000031C000005D
:10F3F80029C000000EC000002DC0000025C000007C
:10F4080004C00000A0C000007AC00000BA000000DC
:10F41800410000008CC0000078C0000088C00000D7
:10F4280074C000005EC0000062C0000050C0000050
:10F438004AC000004EC000003CC000000A000000A6
:10F448000DC0000003C00000AECC0000AD000000FD
:10F45800B70000009500000093C0000099C00000AC
:10F468006FC0000069C00000AC000000B6000000DA
:10F478009400000092C0000098C000006EC0000018
:10F4880068C0000093000000ABCC0000A900000099
:10F49800A5C00000AF0000008D0000008FC0000074
:10F4A80095C00000A9C000006BC0000065C0000046
:10F4B800A8000000A4C00000AE0000008C000000FE
:10F4C8008EC0000094C00000A8C000006AC0000000
:10F4D80064C000008B00000007C0000011C00000DD
:10F4E80033C000008E00000005000000040000008A
:10F4F8000CC0000002C00000920000008A0000005A
:10F50800150000000900000006C0000010C000003F
:10F518003BC000003AC0000039C00000B500000040
:10F52800B40000002D0000003B00000002000000B5
:10F53800010000000BC0000001C00000B90000007D
:10F54800B80000002E000000B1000000B00000006C
:10F558002C0000000000000001000000A04D002069
:10F5680002000000344E002004000000644E002019
:10F5780008000000AC4E002010000000E84E0020FB
:10F58800200000001C4F002040000000304F0020E9
:10F5980080000000484F002000010000704F00204C
:10F5A80000020000A04F002000040000D04F0020FF
:10F5B80000080000EC4F0020001000001850002048
:10F5C800002000004C500020004000007C5000202B
:10F5D80000800000B450002000000100005100200D
:10F5E8000000020054510020000004008451002053
:10F5F80000000800C85100200000000000000000C2
:10F60800F0000000FFFFFF0FFFFFFF0F00080000E2
:10F61800600000000A0000000C000000000000006C
:10F62800E0000000FFFFFF0FFC08000000080000DA
:10F6380080C00F4000000003190000001000000007
:10F64800E8841F4001000000FF000000FF000000E8
:10F65800000000000000000018000000100000007A
:10F66800E4841F4001000000FF000000FF000000CC
:10F6780000000000000000001F00000021E600005C
:10F6880070C00F40000C00001100000011000000C5
:10F69800E0841F40020000002C000000120000005F
:10F6A800E0841F400100000010000000110000006D
:10F6B800DC841F40020000002D0000001200000042
:10F6C800DC841F40010000001E00000015E6000059
:10F6D80070C00F40C00000001200000013000000BE
:10F6E800D0841F4001000000FF000000FF00000060
:10F6F80000000000000000001300000013000000DC
:10F70800CC841F4001000000FF000000FF00000043
:10F7180000000000000000001C00000009E60000D6
:10F728000101010116035500530042002000530057
:10F7380065007200690061006C0000001803540045
:10F74800650065006E00730079006400750069004B
:10F758006E006F000403090409024B00020100C097
:10F7680032080B0002020201000904000001020233
:10F7780001000524001001052401010104240206EA
:10F788000524060001070582031000100904010082
:10F79800020A000000070503024000000705840272
:10F7A8004000000009024B00020100C032080B00B3
:10F7B80002020201000904000001020201000524FE
:10F7C8000010010524010101042402060524060095
:10F7D800010705820310000509040100020A000060
:10F7E800000705030200020007058402000200006A
:0CF7F8000A060002EF02014001000100BF
:10F8040000000000000000000000000000000000F4
:10F8140000000000000000000000000000000000E4
:10F824004FF08442F8B5936955691D400DD0244FBB
:10F834000126956195FAA5F4B4FA84F457F82430B6
:10F8440006FA04F49847A543F4D11E4A936955690E
:10F854001D400DD01C4F0126956195FAA5F4B4FA0C
:10F8640084F457F8243006FA04F49847A543F4D1F5
:10F87400164A936955691D400DD0154F01269561AF
:10F8840095FAA5F4B4FA84F457F8243006FA04F48B
:10F894009847A543F4D10F4A936955691D400ED08A
:10F8A4000D4F0126956195FAA5F4B4FA84F457F83E
:10F8B400243006FA04F49847A543F4D1F8BDF8BD02
:10F8C4000067002000400042806700200080004262
:10F8D4000068002000C000428068002010B5054C7C
:10F8E400237833B9044B13B10448AFF300800123E8
:10F8F400237010BDB09600200000000094A7010002
:10F90400084B10B51BB108490848AFF300800848FC
:10F91400036803B910BD074B002BFBD0BDE81040B2
:10F92400184700BF00000000B496002094A701000F
:10F93400C06E00200000000000207047704700BF28
:10F9440008B503221C4918200FF01EFF0FF072FCAB
:10F954001A4B41F254321B68C01AA0F1330393428C
:10F964001BD8174BD3ED007AF5EE407A07EE900AD8
:10F97400F1EE10FA12D0B8EEE77B93ED006A9FED3A
:10F984000A5BB7EEC66A27EE057B9FED095BA6EE20
:10F99400057BB7EEC77B83ED007A08BDF8EEE77A06
:10F9A400C3ED007A08BD00BF9A9999999999A93F26
:10F9B400666666666666EE3FC50100002CAE0020F2
:10F9C40030AE002008B50222044918200FF0DCFEF6
:10F9D4000FF030FC024B186008BD00BF410100006D
:10F9E4002CAE00200E4942F20F700E4A0B6830B460
:10F9F40014681B1B834203D90B4B9B7A022B0BD835
:10FA04000A4803780133DBB20D6800240849156005
:10FA140003700C7030BC704701230448F4E700BF46
:10FA24005CB800201CB6002070690020B3B8002028
:10FA3400A1B8002010B50A4805F0C8FB00B910BDF4
:10FA4400044602460749064805F062FB064B224677
:10FA5400044918680368BDE810405B68184700BF94
:10FA640008990020CC960020145900200822642113
:10FA740001480FF077BE00BFF86600202DE9F04181
:10FA8400114C94F8BF50C5F1BE05002D1ADD94F851
:10FA9400BD10002794F8BC6021440C4814F806807B
:10FAA400A75514F04BFD042D04F806800ADD94F8E4
:10FAB400B85094F8B910665D21440548675514F0B0
:10FAC4003DFD6655BDE8F08134B400206CB80020DB
:10FAD40028B600202DE9F04F0A20D5B00FF016FC0F
:10FAE400B0FA80F1DFF87C810A2049090FF008FCA4
:10FAF40098F8BE30002B40F0838014AC4B4F242385
:10FB04002146384600F8013B14F018FD98F8BFA0D0
:10FB1400CAF1BD0919F0FF092DD0454B0025CAF1E2
:10FB2400BE0A444EB3F800B007E0601C04A9013ECD
:10FB3400384414F003FD4D451DD03C4814F060FDDD
:10FB4400AA45044627F800B005F10105EDDD16F8D5
:10FB5400013C04A8317818F8032041440093019231
:10FB64004FF0000208F8032014F0E8FC009B019A0F
:10FB740008F80320D9E72D4814F042FD2B4901234E
:10FB8400002202E011F8014F6240834203F10103B5
:10FB9400F8D3264C03A8284914F0AAFA204614F0F6
:10FBA4002FFD03A9384414F0C9FA244B1B781BB960
:10FBB400234B1B78002B34D0224B1B78B3B11B484A
:10FBC40014F01EFD204B214A04465D6804A9204B15
:10FBD400128820480493059505F05EFA22461349DD
:10FBE4001C4805F06DFA1B4805F05EFA1A4B012219
:10FBF4001A4918681A4B08601A7055B0BDE8F08F9E
:10FC040098F8BD5014AC0026052218F8057020465B
:10FC1400414608F8056014F061FD08F80570667146
:10FC24006CE7011B204611F0FFFCC5E77CB2002005
:10FC3400640F0020F1B40020680F0020AEB800204B
:10FC4400AFB8002090B80020CC9800203469002080
:10FC54009C060020389900205CB800207CB300206A
:10FC6400AAB8002034B400202DE9F84F00228B46B6
:10FC74004FF4E12104460EF021FA64200FF074FAE7
:10FC840003E0236820465B699847236820461B6984
:10FC940098470028F5D1DFF8A0900546254F064681
:10FCA400D9F800A0DFF89480D9F80030CAEB030338
:10FCB4005B4539D2236820461B6998470028F3D056
:10FCC400236820465B699847F35DC0B2834214D031
:10FCD400A0F12406B6FA86F6760915F808308342B0
:10FCE40016D0A0F1240523682046B5FA85F51B69D2
:10FCF4006D0998470028E3D1D6E70136F6B2F35DE3
:10FD0400002BEAD120460EF03BFB0120BDE8F88F22
:10FD14000135EDB215F80830002BCBD120460EF09A
:10FD24002FFB0120BDE8F88F20460EF029FB0020B0
:10FD3400BDE8F88F700F00205CB80020780F002019
:10FD44001049002230B4134601F1440411F8010FA4
:10FD54000344A142DBB21A44D2B2F7D10A490B4D93
:10FD640091F846000A4C98422B70227002D0002071
:10FD740030BC704791F84700801AB0FA80F030BC6C
:10FD84004009704709640020086400208EB80020F0
:10FD94008FB8002030B40178447845880C44E3B22D
:10FDA4005A191944D2B202EB15230A44DBB21A449D
:10FDB4000373D2B2427375B18168013D11FA85F5BE
:10FDC400013911F8014F2344A942DBB21A440373E9
:10FDD400D2B24273F5D130BC704700BFF0B50B4CC2
:10FDE40083B0526805460E46094F019269461A4689
:10FDF4002046009705F050F932462946204605F082
:10FE04005FF9204605F050F903B0F0BDD898002002
:10FE14009C060020334882B0334B027893ED007A7D
:10FE240007EE902A314BB5EEC07A3149F8EEE77A05
:10FE3400304AF1EE10FA67EE877AD8BFB1EE477A0E
:10FE4400FDEEE76AC3ED007AF0EE087A82ED007AFF
:10FE5400CDED016AB4EEE77ABDF904300B80F1EE22
:10FE640010FA2FD54278002B07EE902A224AF8EE9A
:10FE7400E77AD2ED006AE7EE267AFDEEE77ACDED79
:10FE8400017ABDF9042020DB03D0007903441BB2BE
:10FE94000B809A4201DA13460A8052429342174B6E
:10FEA400B8BF0A809A7812B10A8852420A80DB7A73
:10FEB40033B1B1F9003013F1FA0F0BDA41230B809F
:10FEC40002B07047002B4279DEDA00791B1A1BB2AC
:10FED4000B80DEE7FA2BA8BFFA239B1080331BB2FA
:10FEE400EDE700BF806900203CB6002030B400205C
:10FEF40084B8002050AE00203CB20020706900207D
:10FF0400214B10B51979214CA1B1B4F9001040224C
:10FF14001F4B00291EDBC3F884205B685A0602D4F9
:10FF24001C4B1D4ADA62022010F06CF822881B4B2D
:10FF34001A8010BDB4F90030002B17DD032010F037
:10FF440061F8B4F90010022010F05CF82288134B19
:10FF54001A8010BDC3F888205B685B0602D40D4B81
:10FF64003822DA62494209B22180DCE75B4202208E
:10FF7400238010F047F8B4F90010032010F042F881
:10FF84002288064B1A8010BD7069002084B80020B6
:10FF940000C0004200801F4038F0010082B80020F9
:10FFA40058B938B5064D6424204601340FF04AFA96
:10FFB40005F8010F6C2CF7D138BDFFF757BD00BF12
:10FFC400F76600202DE9F0419FED6C0A82B0022013
:10FFD40010F07CF89FED690A032010F077F80221F5
:10FFE40022200FF099F9022120200FF095F9022127
:0CFFF40025200FF091F9012104200FF0EE
:02000004600397
:100000008DF9052129200FF089F9002118200FF022
:1000100085F903225B4918200FF0B8FB5A480DF010
:10002000EFFC594819F0A2FF584804F0F1FC0028F1
:1000300052D01021564811F0F9FA5648564F0EF09A
:1000400055FC564C00200FF0FFF9207001200FF0F6
:10005000FBF96070B4F90030B3F5166F47D04FF478
:10006000166302A80422002140F8043D0FF07CFB37
:1000700010220A214A480FF077FBDFF824810D2275
:1000800028214848474E0FF06FFB03223C21464889
:100090000FF06AFBFFF7ECFC98F80110F0EE086A2D
:1000A00098F8053032795B1A404907EE903AF8EE3D
:1000B000E77A87EEA67A81ED007A002A5BD13B7859
:1000C000002B3ED121213A4811F0B0FA31480EF010
:1000D0000DFC02B0BDE8F0810446152135482E4FD5
:1000E00011F0A4FA2B480EF001FC3C70A9E7324C49
:1000F00004F1010804F11006C8F10B0528190FF0EE
:10010000A3F904F8010FA642F8D1264E282435465B
:10011000204601340FF098F905F8010B352CF7D182
:10012000214C3C200FF090F920703D200FF08CF90D
:1001300060703E200FF088F9A0700020FFF732FFBA
:10014000AAE728211D4811F071FA12480EF0CEFBE3
:1001500000210C200FF0D6F801210B200FF0D2F86F
:1001600080210A4804F052FC0021084804F04AFCAF
:1001700002B0BDE8F081012103200FF0CFF89EE727
:100180000000F543C5010000605A002038AA002095
:10019000800F002084570020A86900207CB8002030
:1001A0008069002070690020146900203CB20020A2
:1001B000D80F0020940F00207F690020AC0F002092
:1001C00038B50020234CFFF7EDFE1621224811F030
:1001D0002DFA20460EF08AFB012126201F4D0FF03C
:1001E0009DF801211B200FF099F801211A200FF032
:1001F00095F8E97826200FF085F8E9781B200FF0B4
:1002000081F8E9781A200FF07DF81521144811F0D3
:100210000DFA20460EF06AFB0D21124811F006FA85
:1002200020460EF063FB0023E9780A2220460EF0F8
:1002300085FB11210C4811F0F9F920460EF056FB10
:10024000E9782046B1FA81F1BDE8384049090EF05D
:10025000B5BB00BF84570020FC0F0020F8660020CB
:1002600014100020301000202C10002070B505461E
:100270000E4615480D21144611F0D8F929461348A9
:100280000EF09CFB0A21124811F0D0F931460F48BC
:100290000EF094FB0A210F4811F0C8F921460B48D3
:1002A0000EF08CFB09480EF021FB3146E8B20FF04E
:1002B00029F834B1084B4FF47A701B6800FB043006
:1002C00070BD204670BD00BF401000208457002044
:1002D000501000205C1000205CB8002010B5124CBB
:1002E00023681BB1114A1268934211D3104C236842
:1002F0006BB10E4A12689A4215D90E4B00221B2090
:10030000D978891A18BF0121FFF7B0FF206010BD0E
:10031000084B00222620D978891A18BF0121FFF73F
:10032000A5FF2060E2E710BD44B500205CB80020C6
:10033000A8B30020F866002038B5474D474C2B780D
:100340000BB1A378DBB90022E1782620891A18BF07
:100350000121FFF78BFF0022E1781B20891A18BFCB
:100360000121FFF783FF0022E1781A20891A18BFC4
:100370000121FFF77BFF3A4B00221A7038BDFFF7CF
:10038000ADFF384BE1781A788AB1B1FA81F10022D9
:100390001A204909FFF76AFF314A2B7811789942F0
:1003A00004D0022B13701ED0012B08D038BD0031B1
:1003B0004FF01A0018BF0121FFF758FFECE7A378B0
:1003C000264C002BF2D0E379012B20D0022BEDD16B
:1003D000E1781B206278B1FA81F14909FFF746FF05
:1003E000214B1860E2E7A3781C4C002BDED0E379A8
:1003F000012B1ED0022BD9D1E17826202278B1FA28
:1004000081F14909FFF732FF184B186038BDE178D8
:1004100000222620891A18BF0121FFF727FFE17863
:1004200000221B20B1FA81F1BDE838404909FFF7ED
:100430001DBFE17800222620B1FA81F14909FFF7BA
:1004400015FFE17800221B20891ABDE8384018BF4B
:100450000121FFF70BBF00BFA6B80020F8660020FF
:10046000B0690020BFB80020A8B3002044B5002028
:1004700038B522211F4C204D204811F0D7F8072114
:100480001F4811F0D3F8E97900230A2220460EF024
:1004900055FA09211B4811F0C9F81B4A00232046D0
:1004A00011780A220EF04AFA0D21184811F0BEF810
:1004B000174A0023204611780A220EF03FFA0A213B
:1004C000144811F0B3F8144A0023204611780A2288
:1004D0000EF034FA1021114811F0A8F8A97820463E
:1004E00000230A220EF02AFA02210D48BDE8384006
:1004F00011F09CB884570020F86600206810002096
:100500008C10002094100020A6B80020A01000201D
:10051000B0690020B0100020BFB80020BC1000203F
:10052000D010002070B51D212B4D2C4C2C4811F003
:100530007DF80C212B4811F079F8297800230A2244
:1005400020460EF0FBF90D21274811F06FF869786D
:1005500000230A2220460EF0F1F91121234811F060
:1005600065F8A97800230A2220460EF0E7F9132146
:100570001F4811F05BF8E97800230A2220460EF0AC
:10058000DDF908211B4811F051F8297900230A22CE
:1005900020460EF0D3F90821174811F047F8697981
:1005A00000230A2220460EF0C9F90821134811F051
:1005B0003DF8A97900230A2220460EF0BFF9082150
:1005C0000F4811F033F8E979204600230A22BDE8EC
:1005D00070400EF0B3B900BFF866002084570020C9
:1005E000D4100020F4100020041100201411002069
:1005F000281100203C110020481100205411002037
:100600006011002070B514211C4E1D4811F00EF829
:100610000B211C48741E11F009F800230A22F17CFA
:10062000194806F110050EF089F90B21174810F052
:10063000FDFF00230A22317D13480EF07FF90E21C1
:10064000134810F0F3FF717C00230A220E480EF0CD
:1006500075F9B17C00230A220B480EF06FF90D21C9
:100660000C4810F0E3FF14F8011F00230A2206488B
:100670000EF064F9AC42F6D170BD00BF1C690020D9
:100680006C1100208411002084570020901100205C
:100690009C110020AC11002038B50378802B00D0CD
:1006A00038BD4378812BFBD183787F2BF8D1C37879
:1006B000EF2B11D0EE2B1BD0EC2BF1D11D4B021DDB
:1006C00003F1180012F8011F03F8011F8342F9D14A
:1006D000BDE83840FFF796BFC479174B1749027A37
:1006E0000C701A70FFF7C4FEBDE83840FFF724BE57
:1006F000134B8179027A597012F00101447902F0AA
:10070000020218BF01211C70D97002F0FF017AB1FA
:1007100001229A70457A847AC17A027B1D715C71DC
:100720009971DA71FFF7A4F9BDE83840FFF7FABE16
:100730009970EFE71B690020BFB80020A6B8002021
:10074000F8660020B94B1B7803B970472DE9F043D8
:10075000B74C89B0204604F03BFD80B2042802D893
:1007600009B0BDE8F083B34D18222046294604F0B5
:10077000D1FC2B78802BF3D16B78812BF0D1AB7827
:100780007F2BEDD1EB78FE2B25D0FC2B00F0F480F5
:10079000FB2B00F09181C82B00F0FB81C92B40F0AE
:1007A00057822A79A34B052ADAD15A79C92AD7D197
:1007B0009A79C92AD4D1A04C0322DE793C211D7A32
:1007C00020465B7A2670A37065700EF0CDFF9B4BC0
:1007D0009B4A1A60C4E79B4B1B78002BC0D095F94D
:1007E00009202B7AB5F8051043EA0223964E07EE4E
:1007F000101A964906EE103A954CB8EEC77B0A7867
:10080000B8EEC66BEB793270D71A2468914A18BFDC
:1008100001270B7090489149914E1460DA073770A8
:100820009FED7C4B9FED7D5B26EE046B27EE057BF9
:10083000B7EEC66BB7EEC77B80ED006A81ED007A3C
:1008400040F1C281B7EEC77AB4EEC57BF1EE10FA83
:1008500000F1BA81834B1B78012B00F0B581824BEC
:1008600000221A70814927239FED817A0F22D1ED52
:10087000007AB8207F4C222167EE877A7E4E237261
:100880007E4BFDEEE77A7E4FE2711A78CDED017A6C
:10089000BDF90430B6F800C097F900E01E1263718C
:1008A000A671BEF1020F774E6072AF7AA172E2724A
:1008B0007549E87A2A7B754B84F80CC0377008704C
:1008C0001A7040F3C3810222002013460133A25C58
:1008D000DBB21044734500B21A46F7DBDFF8D4816F
:1008E00004AD6B4F0E2104F80E002A46D8F80460C0
:1008F000684C3B885F4805960494FFF771FA664B95
:100900001A7A1AB95B7A002B3FF42AAF634E337818
:100910005A1C022B32707FF623AF614B614AD3ED34
:10092000007A92F900E0FCEEE77ADFF87CC1BEF1D4
:10093000020F17EE903A8CF8053040F384810222C2
:100940004FF00009134601331CF80220DBB24A4481
:1009500073450FFA82F91A46F5DBD8F804002A46E7
:100960003B880E21059050480CF80E900494FFF738
:1009700037FA00233370F3E6324B1B78002B3FF439
:10098000EFAE287A10222B7B0A2107EE900A474C03
:1009900006EE103A6B7AB8EE677AEF7A05EE903A87
:1009A000B8EE466AAB7AB7EEC77A6E79F8EE655A5A
:1009B00043EA0723B7EEC66AAD796380C4ED025AF5
:1009C00020712046267065719FED164B9FED115BDF
:1009D00027EE047B26EE056BB7EEC77BFCEEC77AED
:1009E000B7EEC66B17EE903A84ED036A63700EF0B3
:1009F000BBFE6379F0EE086A61782D4A5B1A07EE58
:100A0000903AF8EEE77A87EEA67A82ED007AA7E6CA
:100A1000AFF300807B14AE47E17A843F9A999999AD
:100A20009999B93F333333333333F33F90B80020D0
:100A3000D898002064AA0020146900200CED00E082
:100A40000400FA05A8690020B1B80020A4B800206D
:100A50005CB8002038B2002040B6002034B200203C
:100A6000A5B80020B1690020B369002038B6002085
:100A70000000C8427457002082B80020BCB8002093
:100A8000AA690020BEB80020B6B80020B7B8002080
:100A9000346900209C060020706900209AB800206C
:100AA00020B60020A969002064570020806900203A
:100AB0003CB20020CC9800206B79994C13F00102D5
:100AC00018BF0122227003F0020202F0FF01002A87
:100AD00000F08E800122627003F0040202F0FF0138
:100AE000002A00F083800122A27003F0080202F0C5
:100AF000FF01002A78D00122E27003F0100202F018
:100B0000FF01002A6ED00122227103F0200202F0C0
:100B1000FF01002A64D00122627103F0400202F05A
:100B2000FF01002A5AD00122A2711B06AA794CBFEC
:100B300001230023A272E3712B7A794A13F0010199
:100B400018BF0121D17203F0020202F0FF01002A56
:100B500042D00122227203F0040202F0FF01002AB7
:100B600038D00122627203F0080303F0FF02002B69
:100B70002ED0012323730D22282169480EF0F4FDA5
:100B80002379002B3FF4ECAD012103200EF0C6FBCE
:100B9000E6E5644B1B786BBB634B1B783BB9634B3F
:100BA0001B7823B9624B1B78002B3FF4D9AD614809
:100BB00004AA614B0B214568604C1B886048059571
:100BC0000494FFF70DF9CBE55E4B66221A7049E6F7
:100BD0002273D0E76172C6E72172BCE7A171A4E776
:100BE00061719AE7217190E7E17086E7A1707CE777
:100BF000617071E7544B04AA9FED547A0B21D3ED39
:100C0000007A4C4867EE877A514B524DB3F9003069
:100C1000FDEEE77A4068504C2F781D12CDED017A39
:100C20000590BDF90400444E4FEA202E2572434D35
:100C3000E37160712046338884F806E0677204959A
:100C4000FFF7CEF8A8E74FF0000986E6002045E65A
:100C5000CA2B58D12A79414B032A7FF481AD5A79A6
:100C6000CA2A7FF47DAD9B79CA2B7FF479AD3C4BCA
:100C7000002294F814C04FF0800E1D788127D97897
:100C8000CB268DF8155010469D7893F801801723D8
:100C90008DF812108DF8181007218DF8175004AD3B
:100CA0008DF819C094F815C0A47D8DF816808DF8C4
:100CB0001AC08DF81B408DF810E08DF811708DF87A
:100CC00013608DF814108DF81C30AB1801329B782E
:100CD0000A2A03EB0004A4B220B2F6D1FF26174F74
:100CE000284642F20F7302AA0D218DF81C4002978C
:100CF0008DF80C608DF80D608DF80E608DF80F602A
:100D0000FFF76EF82CE503F11202D2B2012A02D9E4
:100D1000EC2B7FF425AD1148FFF7BEFC20E500BFAA
:100D200070690020A8690020C7B80020C8B800205A
:100D3000CAB80020CC980020346900209C0600200E
:100D4000EC660020B369002038B600200000C842DD
:100D50007EB80020BCB80020E066002064AA002015
:100D6000D49800202DE9F04383B0904DFFF7EAFCC2
:100D70008F492A680B688F48D31A0260182B16D83F
:100D80008D4E8E4A2B681168884A5B1AB3F57A7FBC
:100D900080F0EF808A49136808681B1AC82B3AD87C
:100DA0003378854C002B5AD103B0BDE8F083854FD2
:100DB0000120814E3B78844CFA2B30700A6094BF3E
:100DC0001B1866232220DFF83C923B700EF0A0FA3D
:100DD000637989F80000012B00F0E381A379012BEE
:100DE00000F04782794B1B78002B4CD0784B1B7856
:100DF000012B00F04C82002B45D1DFF80C8298F8D3
:100E00000030002B41D1734A117801293DD188F877
:100E10000010137039E07048136890ED007A0B6091
:100E2000B7EEC77A6D4B9FED556BB4EEC67BF1EE16
:100E300010FA40F39F80187800225F4C9FED516BB1
:100E400027EE067BB7EEC77BFCEEC77ACDED017AC5
:100E5000BDF804100DF016FE3378002BA4D0252029
:100E60000EF056FA5E4B5F491A78087082429BD0AA
:100E70001870002898D02378002B95D003B0BDE8D7
:100E8000F043FEF7B1BDDFF88081E3794E4A2BB124
:100E9000554B927A1B789A4240F27181237A002B4B
:100EA00000F0D380514BDFED527A93ED007AB4EE2F
:100EB000E77AF1EE10FA40F3A98093ED007ADFEDC6
:100EC0004D7AB4EEE77AF1EE10FA40F19F8093ED9F
:100ED000007A9FED2E6BB7EEC77A37EE467BB5EE04
:100EE000C07BF1EE10FA40F3E481B1EE046B4249AD
:100EF000B1EE044B414A87EE065B91ED006AB7EE16
:100F0000C66A9FED227B36EE476BB5EEC06BF1EE05
:100F100010FAD8BFB1EE466B86EE047B9FED1D6BD9
:100F2000B7EEC55B82ED005AB7EEC55A37EE457B8A
:100F3000B5EEC07BF1EE10FAD8BFB1EE477BB4EE50
:100F4000C67BF1EE10FA40F191819FED146B27EE14
:100F5000067B2B4A1B6892ED006A0B60B7EEC66AEF
:100F60009FED105BA6EE057BB7EEC77B82ED007AA6
:100F70004FE01A4B18780DF01FFE11E7295C8FC265
:100F8000F528BC3FF54A5986380E42400000000063
:100F90000050A4400000000000E06F4033333333C2
:100FA0003333E33F9A9999999999D93F5CB80020D6
:100FB0005864002080640020A1B8002038B20020CE
:100FC00034B60020B369002070690020A5B8002065
:100FD000A4B80020B2B8002034B20020B2690020CA
:100FE000ABB80020BDB80020B3B8002030AE002060
:100FF0000000C84200A08C4534AE002024B600207A
:1010000020B60020CBB80020B1690020B94B93ED89
:10101000007AA37A07EE903AF8EEE77AF4EEC77A10
:10102000F1EE10FA00F21581B34A1378FF2B04D0C9
:101030000133DBB2012B137007D00123AF48B04A54
:10104000002188F8003003701170637A002B40F0A3
:10105000B08025200EF05CF998F80010830099F814
:101060000020DFF8D4E243EA4103DFF8D0C2E178A0
:1010700013438CF800008EF8003009B14FF4804122
:10108000DFF8BC829F4803F0BFFC9E4803F0E4FCFD
:10109000A8F800009B4803F017FDB8F900209A4912
:1010A00052109A48DFF89C92114413B222780180C2
:1010B000A8F800309649002A5AD04A8891ED027A61
:1010C000C2F56542B1EE477A6B3213441BB207EEAC
:1010D000903AA8F80030F8EEE76AC6EE877AF5EEA7
:1010E000C07AC9ED007AF1EE10FA00F1AB803B78DE
:1010F000632B22D82379874A002B49D05378002BC1
:1011000000F0AB80002103200EF0FCF8824BD9EDFB
:10111000007A93ED007A814B77EEC77AC3ED007ABF
:10112000FEF77AFEFEF7EEFE01210C200EF0EAF843
:1011300000210B200EF0E6F823E62179754B61B310
:101140005978002900F08E80012103200EF0DAF892
:101150000024734B1C80FEF7D5FE724B01210B203F
:101160001C700EF0CFF821460C200EF0CBF808E6EC
:101170004A8891ED027AA2F5D452153AA5E70123E7
:101180005E485F4A002188F800300370117085E6E0
:10119000012104200EF0B6F8B8E704200EF0B2F8F2
:1011A000D6E7DFF8A48120200EF0B2F888F800001E
:1011B0006BE629200DF032FE07EE900A4D4BF8EE5B
:1011C000E76ADFED597A93ED005A9FED586A77EEA2
:1011D000E66A574AF6EE007AB7EEC55AF5EEC06AEF
:1011E0009FED3E3BF1EE10FA9FED3E4BD8BFF1EE86
:1011F000666A66EEA76AB7EEE67AC2ED006AA27A80
:1012000027EE037B06EE902AF8EEE66AA5EE047B55
:10121000B7EEC77BB4EEC67AF1EE10FA58BFB0EE67
:10122000467AF4EEC76A83ED007AF1EE10FA3FF6E3
:1012300010AF01233148324A002188F80030037092
:10124000117006E791ED037A67EE277AC9ED007A0F
:101250004DE7294B00221A70F7E6012103200EF01A
:1012600051F853E703200EF04DF871E79FED1F7B17
:101270006FE620200EF04CF82E4B1870A0B9204BD2
:101280001A78012A18D0DFF8C0801870FDE5DFF861
:10129000B88098F80030012B7FF4F7AD184A117828
:1012A00000297FF4F2ADB2E5154BDFF89C80187091
:1012B000EBE5B1EE477B18E61049DFF88C8091F83A
:1012C00000E0BEF1010F04D00A7088F80020187009
:1012D000DBE5087088F800001870D6E59A999999AE
:1012E0009999B93FCDCCCCCCCCCCEC3F00000000E0
:1012F0000020634020B60020A9B80020AF6900207C
:10130000B2B8002038AA002070E5FFFF7EB80020A8
:10131000806900207069002040B600203CB60020A3
:1013200084B80020B3B8002000C0414400007F43CF
:1013300024B60020B5B80020BCB80020B8B8002002
:1013400088B8002038B60020B169002010B50A4CDA
:1013500000224FF4E13120680CF0B2FE20684FF417
:10136000007206490DF05EF820684FF400720449DF
:10137000BDE810400DF03CB81C590020C8A5002065
:10138000C8A30020042970B41CD0841C0D1F4FF684
:10139000FF720E4E254414F8013B5340AC42DBB2C1
:1013A00036F8133083EA1222F5D1014411F8010C0A
:1013B00011F8023C03EB0020801AB0FA80F070BCF8
:1013C000400970474FF6FF72EFE700BFA00600200C
:1013D0002DE9F0476A4D6B4C2E46DFF8EC816A4FE1
:1013E000286803681B699847002800F08F803068E0
:1013F00003685B6998472378C0B2624A032B64D8BC
:10140000DFE803F06E69590298F800C0DFF898E150
:101410000CF101015D4B9EF800E0C9B203F80C002D
:101420000EF1040088F8001088424EDA0021564878
:10143000117099780023DFF8549105310370484604
:10144000C9B2FFF79FFF8246002875D0504A01219C
:10145000504B1068504A186099F803301170162BE1
:1014600056D0232BBCD14D4B99F80B2099F80C107A
:101470001A70597099F80D2099F80E109A70D97059
:10148000474A99F80F3099F810101370517099F875
:10149000113099F812109370D170424B99F81320C3
:1014A00099F8140099F815101A7099F816205870C8
:1014B0009970DA7094E73C490322344B3B2808705A
:1014C000987088F8002012DC22703B782E48002BA0
:1014D00086D02E4BADE7552813D000232370F4E7B8
:1014E000AA28F2D1294B012218702270EDE70023BF
:1014F00018212E48237010F099F82D480DF0F6F9B8
:10150000E3E7224B022258702270DEE7BDE8F08745
:1015100099F8112099F80B10264B02F00702264883
:101520001970027099F80D1099F80C0099F80E20B6
:1015300058709970DA7053E70E21204810F076F851
:101540001B480DF0D3F908211D4810F06FF85346E1
:101550000A2299F8021016480DF0F0F914480DF01F
:10156000C5F90A21174810F061F80F4B1048197897
:1015700005310DF023FA0E480DF0B8F930E700BF41
:101580001C590020ADB80020A3B8002074A1002091
:101590005CB80020C8A7002093B80020B4A10020A8
:1015A000C0A30020D0A70020ACB80020BC110020B0
:1015B00084570020CCA70020B4B80020D811002008
:1015C000E8110020F4110020B0B800202DE9F0410E
:1015D0001E4F0E461E4C3860FFF7B8FE1D4A002312
:1015E0002068B8461C4910601C4A0B7013701C4DD3
:1015F0001C491D4A2B700B70137004E0D8F80000D2
:1016000003685B699847386803681B699847002836
:10161000F4D1C8200DF0AAFD27682368DB1B9E4289
:1016200006D80EE00DF0A2FD2368DB1BB34208D202
:10163000FFF7CEFE2B780120002BF3D01846BDE833
:10164000F08100231846BDE8F08100BF1C5900203E
:101650005CB80020C8A70020ADB80020ACB80020BE
:1016600093B80020B0B80020A3B80020F0B52C211A
:1016700083B067480FF0DAFF66480DF037F94FF492
:101680007A620021644803F009FB03F047FC00285C
:1016900000F0908003F032FC022800F0B0805F4B35
:1016A0005F48604C19785D789A780378217065708E
:1016B000A270002B7BD178200346E0705A4E5B4825
:1016C0008DF8041069468DF806208DF807308DF8E6
:1016D0000550009603F032FC142155480FF0A6FF88
:1016E0004C480DF003F9112152480FF09FFF684656
:1016F00003F016FC474968464F4D0CF0DDFF4548A6
:101700000DF0F4F84FF0010EA278FF23277819218D
:1017100066784A48AA7180F800E0EB7148482F715A
:101720006E710FF083FF684603F0FAFB3949684693
:10173000444C0CF0C1FF37480DF0D8F8182142484E
:101740000FF074FF334928460CF0B6FF31480DF016
:10175000CDF81A213D480FF069FF3D4900230A22C8
:1017600009682C480DF0EAF82A480DF0BFF82188E6
:10177000384803F03DFC30BB374C3848218803F033
:1017800037FC70BB364C3748218803F031FC60B120
:10179000362135480FF04AFF216800230A221D48F0
:1017A0000DF0CCF81B480DF0A1F803B0F0BD7E237E
:1017B000E37083E730212D480FF038FF15480DF016
:1017C00095F803B0F0BD242129480FF02FFF2168C0
:1017D00000230A220F480DF0B1F80E480DF086F8EC
:1017E000CAE7262123480FF021FF216800230A229F
:1017F00008480DF0A3F807480DF078F8C2E74A2131
:101800001D480FF013FF03480DF070F847E700BFC5
:101810000012002084570020006900201469002075
:10182000A8690020D49800209C0600206899002018
:10183000B0120020C8120020CC98002090B80020E0
:10184000DC12002038690020F81200201413002058
:10185000346900203899002058570020089900204A
:1018600054570020D8980020801300203012002008
:101870003013002058130020641200202DE9F04F8F
:101880004FF4FA7083B00DF071FC01210D20984CDB
:101890000DF044FD012105200DF040FD0121062041
:1018A0000DF03CFD012109200DF038FD01210A2039
:1018B0000DF034FD01210B200DF030FD01210C2035
:1018C0000DF02CFD94F804718A4B042FC4F8C0303D
:1018D00040F2EB81884D0A200DF048FC874C2E68C1
:1018E00040F2EE28864FDFF8849204E0B3F5FA6FF9
:1018F00015D80FF021FF0FF01FFF237843B13B787D
:10190000DB0705D52B68D9F800209B1A0E2B06D8CB
:101910002B6822789B1B002AE8D14345E9D90A208D
:10192000DFF84C820DF022FC0B2176480FF07EFE92
:1019300075480CF0DBFF2A2174480FF077FE7248DF
:101940000CF0D4FF40464FF49671FEF78FF9002853
:1019500000F07C8218216E480FF068FE6A480CF097
:10196000C5FF6C4F6C4DC7F80080DFF804826B4BED
:1019700040462B6000224FF4E1210CF0A1FB4FF414
:1019800000726749012638680CF032FD4FF400728E
:10199000644938680CF046FD0A200DF0E7FB002290
:1019A0004FF4165160480CF08BFB4FF400725F4906
:1019B0005D480CF01DFD0A200DF0D8FB00224FF40D
:1019C000E12128680CF07CFB4FF40072584928682C
:1019D0000CF00EFD4FF40072564928680CF022FD01
:1019E0003A2155480FF022FE47480CF07FFF17219F
:1019F00052480FF01BFE44480CF078FF504CFEF7A5
:101A0000E3FA16214F480FF011FE3F480CF06EFF2D
:101A1000FFF72CFE18214C480FF008FE3A480CF056
:101A200065FFFEF7CDFB112148480FF0FFFD36485A
:101A30000CF05CFF204618F099FAC023204631468E
:101A400084F8A53084F8306184F82F610CF084F8B4
:101A50008146002840F0928012213D480FF0E6FDBB
:101A60004B461022602128480CF068FF26480CF0F5
:101A70003DFFDFF800B10A213648DFF8FC900FF097
:101A8000D5FD354C20480CF031FF8BF80060642008
:101A90000DF06CFB0C2131480FF0C8FD9BF80010D5
:101AA00019480CF08BFF18480CF020FF0C212C4833
:101AB0000FF0BCFD99F8001013480CF07FFF12489E
:101AC0000CF014FF0B2127480FF0B0FD21780E48D1
:101AD0000CF074FF0C480CF009FF212122480FF094
:101AE000A5FD094803B0BDE8F04F0CF0FFBE00BFF4
:101AF00034B400203D0100005CB80020C4B80020D0
:101B0000C3B80020D013002084570020DC1300202D
:101B1000381600201459002018590020545800206D
:101B20006C9D00206C9F0020F4570020C0A1002075
:101B30006C9900206C9B002024140020601400206D
:101B4000205900207814002090140020AC140020AC
:101B5000C0140020D4140020CAB80020C8150020EA
:101B6000D8150020E8150020F415002068BA0020E0
:101B700094570020C8B80020C7B800201B21C948CE
:101B8000DFF890B30FF052FDC7480CF0AFFE9BF8A2
:101B90000030002B40F0D581DFF87CA34A23DFF82A
:101BA0007C930126C149C24803FA06F20B70314604
:101BB00084F8306184F8A52084F82F610BF0CCFF05
:101BC000034601900221BB48002B4DD10FF02EFDA2
:101BD000B649019B10220978B3480CF0AFFE0B21E7
:101BE000B5480FF023FDB0480CF080FEAF49FF234D
:101BF000AF4A0978B14802F0D3FD292100284DD021
:101C0000AF49AB480CF014F94FF496700DF0AEFAF2
:101C10001421AA4802F0A6FD89F800602921A948EC
:101C20000FF004FDA0480CF061FE3C68A648844219
:101C300006D040F2DC51FFF7C9FC002840F070816B
:101C4000A24EB44207D040F2DC513046FFF7BEFC52
:101C5000002840F018811C219D480FF0E7FC9248B5
:101C60000CF044FE9B4C12E70FF0E0FC8F49002380
:101C7000102209788C480CF061FE1E2196480FF066
:101C8000D5FC89480CF032FE99F80030002BC5D104
:101C9000924B5345C2D01AF8013F82E790480FF0AB
:101CA000C5FC81480CF022FEEEE7002F00F04381D6
:101CB00007F1FF3E4FF00C0C04F1C905DFF8248258
:101CC0005FFA8EF30CFB034C0CF1D50C15F8013CBC
:101CD0002D2B01D0472B71D182482E1D2B4613F896
:101CE000012B10F8011F8A4218BF2D2A01D02D297F
:101CF00064D1B342F3D15FFA8EFE0C237A4D03FB1D
:101D00000E4EDFF8E8C10EF1D50E15F8013C2D2B73
:101D100002D0472B40F0958074482E1D2B4613F8B7
:101D2000012B10F8011F2D2A18BF8A4202D02D293D
:101D300040F08780B342F2D194F804E1BEF1000F85
:101D400000F0F6800EF1FF330C27674DDBB2DFF8B1
:101D5000A0C107FB0347D53715F8013C4B2B01D039
:101D60002D2B0FD162482E1D2B4613F8012B10F896
:101D7000011F2D2A18BF8A4201D02D2902D1B3425A
:101D8000F3D1A7E50C35AF42E6D10EEB4E030026AA
:101D9000584D9B00C8339CE80300E218E0501171D5
:101DA00094F8043103EB4302013304EB820284F81C
:101DB000043182F8CD60C2F8D0508BE50C35AC45CB
:101DC00084D107EB470300264B4D9B00C83398E8AE
:101DD0000300E218E050117194F8043103EB430260
:101DE0000133DFB204EB8202042F84F8047182F81D
:101DF000CD60C2F8D0503FF66DAD002F40F0A58009
:101E0000DFF8E8C007EB470300263C4D9B00C833D2
:101E10009CE80300E218E050117194F8043103EBE0
:101E2000430201335FFA83FE04EB8202BEF1040F2A
:101E300084F804E182F8CD60C2F8D0503FF64AAD94
:101E40007CE70C35AE457FF460AFDBE71E4C4FF40A
:101E500096712046FDF70AFF68B118212848294FDE
:101E60000FF0E4FB284D10480CF040FD3C6020468C
:101E7000C5F800807EE5372124480FF0D7FB0A48DB
:101E80000CF034FD6DE5232121480FF0CFFB06480F
:101E90000CF02CFD2B681C4AB3424FD00D4C012393
:101EA0002370F4E5E0140020845700209DB8002042
:101EB00020590020D0140020FC14002084AA002007
:101EC000801A060054150020B458002054580020F1
:101ED00018160020CAB8002034150020C9050020BB
:101EE00008150020C8130020FDB40020C0130020F6
:101EF000B8130020D5020000C13200007D020000AE
:101F000008140020145900201859002054160020ED
:101F1000A4150020C8B80020C8050020C7B80020BC
:101F200023210B480FF082FB0A480CF0DFFCB5E7D9
:101F3000DFF828C029E7DFF8288042E7C2F80080F0
:101F4000ACE7DFF82090044CA1E507F1FF3ED2E6B4
:101F50008015002084570020CAB80020B813002044
:101F6000C8130020C7B800200000000030B5954815
:101F70002DED048B8DB002F05FFA18B90DB0BDECF9
:101F8000048B30BD0DF11B020BA90AA809AB02920C
:101F900008AA019107A900908A4801F0A9FE9DEDC9
:101FA000076ADDED0A6A26EE067A9DED085ADDED38
:101FB000095AA6EEA67AA5EE057AA5EEA57AB7EEA1
:101FC000C77AB1EEC70BB4EE400BF1EE10FA40F059
:101FD000DF80B7EEC00BB0EE004BB7EE001BC5EED6
:101FE000007A85EE807A86EE005AC6EE805ACDEDF4
:101FF000087A27EEA78A8DED097AB0EE486AA7EE37
:10200000076A8DED075A65EE277AE5EE877ACDED02
:102010000A5AB7EEC66AA6EE441B37EEA70AB7EE19
:10202000C00AB7EEC11BB7EEC11A0FF0DDFCB7EE68
:10203000C00B654BB7EEC07AB1EE400A9FED5D6B09
:10204000B7EEC00A27EE067B83ED000BFDEEC77BE3
:10205000CDED057ABDF9143007EE903AF8EEE77A47
:10206000F5EEC07AF1EE10FA00F18A80574BC3ED1D
:10207000007ADDED096AB7EE006A9DED077ADDEDC5
:102080000A5A27EE660ADDED087AA5EEA70A30EEB9
:10209000000AB4EEC60AF1EE10FA67DDB7EE000BE7
:1020A000A7EE078A4A4B67EEA67AB0EE004B1B7B81
:1020B000B7EE001BE5EE877AB7EEC86AA6EE441BC2
:1020C00037EEA78AF7EEC18B53BB0FF037FC414BBD
:1020D000B7EEE81A404C9FED399B20EE097BB7EE36
:1020E000C80AB7EEC77B83ED007A0FF07DFC20EEC7
:1020F000090B3A48B7EEC09BB0EE490A84ED009A4E
:1021000002F008FC354802F043FC354B83ED000A31
:10211000B1EE400A84ED000A0DB0BDEC048B30BD79
:102120009FED269B0FF00AFC2B4C2D4D20EE090B4A
:102130002A48F7EEC07BB0EE670AC4ED007A02F0E1
:10214000E9FB264802F024FCB7EEE81A85ED000A08
:10215000B7EEC80A0FF048FC20EE099B1D4B95ED29
:10216000000AB7EEC99B83ED009AD1E7BFEE006A83
:10217000B4EEC60AF1EE10FA17D5BFEE000B8FE7EA
:102180009FED187A114B77EE877AC3ED007A70E7EE
:10219000B0EE470B0FF06AFDDDED0A6A9DED076AB0
:1021A0009DED085ADDED095A13E7B7EEC00A77E74F
:1021B000AFF300803B597E90A9E781C03B597E90E8
:1021C000A9E7814084AA00208896002078B80020E2
:1021D0007069002040B5002054B50020B0B3002045
:1021E0007CAA0020000061452DE9F041174E82B025
:1021F00073782A2B27D0711C00225A4011F8013F16
:102200002A2BFAD1111102F00F04114B002702AD55
:102210000E48D3F80080ADF8007018F8013005F8CA
:10222000083D12F0EFF92946304411F089FF18F803
:10223000043002A9ADF8047001F8043D12F080F9F1
:1022400002B0BDE8F08100242146DEE7C8B30020DB
:10225000546400206A4B1A7870B582B0B2B1694AF2
:10226000694912680968521AB2F57A7F0ED2674B33
:102270001B7823B9664B1B78002B00F0B380654BAD
:102280001B78002B40F0958002B070BD624A00219F
:10229000624D12781970002A40F08580604B93E8F7
:1022A000030085E803002C245C4812F0ABF95D497B
:1022B0002844564E11F044FF5B490470013011F080
:1022C0003FFF5A490470013011F03AFF5849047039
:1022D000013011F035FF57490470013011F030FF23
:1022E00055490470013011F02BFF5449047001303E
:1022F00011F026FF52490470013011F021FF5149BD
:102300000470013011F01CFF4F490470013011F0CE
:1023100017FF4E490470013011F012FF4C49047050
:10232000013011F00DFF4B490470013011F008FF2E
:1023300049490470013011F003FF4849047001302D
:1023400011F0FEFE464B1B880380FFF74DFF33481C
:1023500012F058F9434B2A181C88997833782C527C
:1023600091701BB92A4B1B78002B43D0294B1B784B
:10237000002B89D0294812F045F93B4B3B4A0446D3
:102380005D6869463A4B12883A488DE8280002F0A9
:1023900085FE22462149374802F094FE354802F076
:1023A00085FE02B070BD344B93E8030085E803005E
:1023B00079E7324812F026F92B4B2C4A04465D6827
:1023C00069462B4B12882B488DE8280002F066FEE8
:1023D00022462A49274802F075FE264802F066FE8A
:1023E00002B070BD254812F00DF9014623480FF0E8
:1023F0001DF944E7811C09480FF018F9B6E700BF42
:10240000AAB800205CB800207CB30020AEB8002041
:10241000AFB8002090B80020C9B80020C8B3002091
:102420009416002058AE002084B3002080B3002012
:1024300098B3002094B3002054AE00202CB40020A8
:102440006CA1002050AA002044AA002028B6002039
:1024500040B2002050B2002048B200205CB2002000
:102460009C160020D0100020CC9800203469002059
:102470009C060020389900208C1600207CB2002099
:102480002DE9F0414B4800244B4A4FF47A7C4B4BEA
:102490000826DFF868E10721494F4A4DC0F808C017
:1024A000C0F800E0C2F808C0C2F800E0C3F808C0F5
:1024B000C3F800E0047104734461046244628462FE
:1024C000C46207618677147114731761546196773B
:1024D000146254629462D4621C711C731F615C614B
:1024E0009E771C625C629C62DC62374BDFF8108175
:1024F0001F6004272A6840465C60344B1A6002F073
:10250000D7F94046324A33494FF00E0810F0F2FC3A
:10251000314B4FF00C0C4FF0090E0A20BE22012166
:10252000A3F826C1C3F8844083F88A4083F8BC40EE
:1025300083F8CC40A3F82861A3F82A61A3F8884067
:10254000A3F82CE1A3F82E71D5F800E0A3F8300130
:102550002E68A3F824812148214B224F83F8BF2005
:1025600083F80711C7F800E0C3F8C040C3F8C440BF
:1025700083F8044183F8064183F8084183F8094150
:1025800083F8054183F8BE4006600CF055FE164BFB
:10259000164C18600CF034FF4821154802F01CFA64
:1025A0002E6814492868144B2A68266008601A604F
:1025B000BDE8F0813899002008990020D8980020C3
:1025C0009C0600205CB80020CC98002034B6002087
:1025D000505700200151000084AA002058B200206A
:1025E00034B40020C8A700202CAE00201CB6002068
:1025F00038AA002038B2002080AA0020D40500208C
:10260000B0B30020F0B5AF4C23782DED028B83B032
:10261000C3B1AD4B0221AD4A042093ED000BB7EEE0
:10262000C00B0DF031FAAA4BAA4A0221042093ED07
:10263000000BB7EEC00B03B0BDEC028BBDE8F04061
:102640000DF022BAA44B1B7873B9A44B1B78002B56
:102650006ED1A34B1B78002B3DD12378002BD8D112
:1026600003B0BDEC028BF0BD9E4BB2EE048A0A2291
:102670009849D3ED007A67EE887AFDEEE77A17EE97
:10268000900A10F079FE984B1B7B002B00F0EE8037
:10269000964B0A229649D3ED007A67EE887AFDEED2
:1026A000E77A17EE900A10F067FE924BD3ED007AAE
:1026B0000A22864927EE888AFDEEC87A17EE900A2C
:1026C00010F05AFE0A228C49002010F055FE844B6F
:1026D0001B78002BC1D0894B0A227E49D3ED007AAA
:1026E000FDEEE77ACDED017ABDF9040010F044FE6D
:1026F000834B0A227E49D3ED007AFDEEE77ACDEDD9
:10270000017ABDF9040010F037FE7E4B0A226F49B2
:10271000D3ED007AFDEEE77ACDED017ABDF9040044
:1027200010F02AFE0A227449002010F025FE94E7DA
:10273000754DC02301261C21284685F8A53085F853
:10274000306185F82F610BF025F9314628460BF0F2
:1027500003FA33460322284660210BF06DFA95F800
:10276000A30095F8A220831A022BFDDD904240F2CF
:102770008C80511CAB18644FC9B293F91A60814226
:1027800085F8A2104FEA06267FD2394402328B7EAA
:1027900087F8A220334307EE903AF8EEE77AF1EE9D
:1027A000677AC0230127574E02215748C6ED007AA9
:1027B00085F8A53085F8307185F82F710BF0EAF8AF
:1027C000394651480BF0C8F93B46032260214E4878
:1027D0000BF032FA95F8A31095F8A2208B1A022B71
:1027E000FDDD914257D9531CA818474FDBB290F931
:1027F0001A008B4285F8A2304FEA002050D23B44A9
:1028000002329B7E87F8A220184306EE900A9FEDC5
:10281000277BB8EEE66B9FED275B26EE077B27EE66
:10282000057B3A4B0A222B4983ED007B10F0A4FD77
:1028300095F8A23095F8A310334A994228D9591C2B
:10284000134493F91A0082F8A2100A22284910F0C2
:1028500093FDD6ED007A0A221C49FDEEE77ACDED14
:10286000017ABDF9040010F087FD2BE7214B0A2205
:102870001F49D3ED007A67EE887AFDEEE77A17EE0E
:10288000900A10F079FD194B10E7F7EE007A88E70F
:102890004FF0FF30D9E74FF0FF309FED087BC0E7E6
:1028A0009FED067B4FF0FF30BBE700BF9A999999E7
:1028B0009999B93F399D52A246DF913FF561B7031F
:1028C00071985CBFC9B80020A896002050B20020C3
:1028D0009896002040B20020CAB80020C8B8002056
:1028E000C7B80020D0A7002070690020B4A1002044
:1028F00048B20020C0A300205CB2002078B80020BD
:1029000040B5002054B500202059002088960020B2
:102910000000000038B5634B6348DA7F997F93F875
:10292000205001EB022193F8214001EB054202EB1C
:10293000046207EE902A90ED006BB8EEE77B5B48EF
:102940009FED4C4B9FED4D5BA7EE046BB4EEC56B5A
:10295000F1EE10FAA8BF36EE456BB5EEC06B80ED18
:10296000006BF1EE10FA5FD4DD7E9A7EDC7D02EB27
:1029700005221D7F997D02EB05425D7F01EB04215D
:102980001C7E02EB05624A4D01EB04415C7E07EEC2
:10299000102A93F9292004EE102A01EB0462B8EE04
:1029A000C77B444C00EE102A93F92820B8EEC44BA4
:1029B00093F8423005EE102AB8EEC00B83F0020106
:1029C00083F00402B8EEC55BC1F34001C2F380029C
:1029D0009FED2C3B9FED2D2B0A43A4EE037BA5EE30
:1029E000030B26EE026B84ED007B85ED000B80ED82
:1029F000006B18D103F0010282F001059AB1C3F314
:102A0000C103022B15D02C4B0A202C4A93ED007BDE
:102A10009FED206B117827EE067B83ED007B0CF099
:102A200071FC274B1D7038BD9FED147B36EE076B94
:102A30009AE7B5EE407BF1EE10FA03D137EE037B57
:102A400084ED007B80EE070B0EF078FF1A4B01211E
:102A50000A209FED127B20EE070B83ED000B0CF09C
:102A600051FCFFF7CFFD164B01221A7038BD00BF95
:102A7000AFF300802D431CEBE2361A3F000000004C
:102A80000020AC407B14AE47E17A843F9A99999933
:102A90009999B93FCDCCCCCCCCCCEC3FF8C1631AE2
:102AA000DCA54CC00864002020530020989600202C
:102AB000A096002080960020A89600209CB80020B8
:102AC000A0B800202DE9F041BC4CACB094F8BF5048
:102AD000C5F1BE05002D40F3948094F8BD10002789
:102AE00094F8BC602144B64814F80680A75511F04C
:102AF00027FD012D04F8068000F0838094F8BC10B7
:102B000094F8BB602144AF4814F80680A75511F033
:102B100017FD022D04F8068073D094F8BB1094F8CA
:102B2000BA602144A84814F80680A75511F008FDA2
:102B3000032D04F8068064D094F8BA1094F8B960B4
:102B40002144A24814F80680A75511F0F9FC042D81
:102B500004F8068055D094F8B91094F8B860214470
:102B60009B4814F80680A75511F0EAFC052D04F8DF
:102B7000068046D094F8B81094F8B7602144954880
:102B800014F80680A75511F0DBFC062D04F806802A
:102B900037D094F8B71094F8B66021448E4814F8F2
:102BA0000680A75511F0CCFC072D04F8068028D02C
:102BB00094F8B61094F8B5602144884814F806805B
:102BC000A75511F0BDFC082D04F8068019D094F823
:102BD000B51094F8B4602144814814F80680A755D4
:102BE00011F0AEFC0C2D04F806800ADD94F8B0500C
:102BF00094F8B110665D21447A48675511F0A0FC45
:102C00006655794C217859B301210D200CF07AFBDF
:102C100021780123754D5940754A2E782170137023
:102C20000EB1744A1370744B1B78EBB9734B1B785D
:102C300023B9734B1B78002B00F01081FFF7E2FCE7
:102C4000FFF708FB6B4B00222C781A70002C00F069
:102C500019816C4F3A686C4B1A602CB0BDE8F0815A
:102C60000D200CF04FFBD3E7664F0126674A684BF7
:102C700039681E701160FFF7EDFA00225D4B2D7868
:102C80001A70002D00F01581624D2B78032B00F295
:102C90000381012BDED921780A200CF033FB217847
:102CA000092081F001010CF02DFB5B4B1B78002B00
:102CB000D0D05A4A43F698213B681068514C1B1AF1
:102CC0008B42C7D9236808A85549812613600BF0A9
:102CD000DFFF544B022104A893ED000A0CF01EF80C
:102CE00004A908A80CF06AF84F490CF06FF80446E4
:102CF00029780CA80BF0FEFF0CA9204680250CF0CB
:102D00005DF8014668460BF0D7FF0CA80BF080FF7A
:102D100004A80BF07DFF08A80BF07AFF2C21434894
:102D20000EF084FC694642480BF0BAFD40480BF0B7
:102D3000DDFD2A4600210CA810F0B8FE029C8DF89B
:102D4000305005257E23A01CDD218DF83550A51DB2
:102D50008DF834008DF83230621C8DF833106846DF
:102D600000230DF137018DF831600CF03DF8012D95
:102D700004F1080640F3A6800222002113462CA885
:102D800001330244DBB212F8802CAB4211441A46E4
:102D900088B201B2F3DDC3B22CAA1621254814442F
:102DA00004F8793C0EF042FC21480BF09FFD002E08
:102DB00040F38A800DF12F05002445E034B4002053
:102DC00058AE002084B3002080B3002098B30020C8
:102DD00094B3002054AE00202CB400206CA100203D
:102DE00050AA002044AA00209CB80020C9B80020A6
:102DF00092B800209FB80020CAB80020C7B80020B1
:102E0000C8B800205CB8002030B2002058B20020C2
:102E1000A7B80020B4B8002090B8002080AA0020F5
:102E2000C0160020CCA70020E0160020EC160020E1
:102E300084570020A016002015F8012F2E492F4896
:102E40000BF06CFDA6423FD014F00F0F04F101040B
:102E5000F2D101212A480EF0E9FBEDE7002E7FF4C4
:102E6000F8AE0920274F0CF04DFA31460A200CF03D
:102E700049FA0A2224494FF6FF7010F07DFAFFF755
:102E8000E9F9E7E6012109200CF03CFA21460A2085
:102E90001C4F0CF037FADDE6002109200CF032FA65
:102EA0002B780A20042B0CBF217801210CF02AFA80
:102EB000D0E6314609200CF025FA29460A200CF00C
:102EC00021FAE1E6002367E701210D480EF0AEFB91
:102ED0000A480BF00BFD0D490D4B0CA84D6808AAD4
:102EE0000C4CF1B21B8809950894FCF779FF6846F1
:102EF0000BF08EFEAEE600BFB8160020845700200F
:102F00001C2A00205CB8002040B20020CC98002091
:102F1000346900209C060020AA4B1B782DE9F04F55
:102F20008FB023B9A84F3B78002B00F08B80DFF8DF
:102F3000C0B2DFF898A2DFF8A8920EF00DFB0028CF
:102F400040F09880DAF80000A04C03681B699847AD
:102F5000002840F0ED809E4B1B78002B40F0E58070
:102F60009C480AF0E5FF002840F0D4809A4C237872
:102F700023B19A4D2B78002B40F00181D9F8000045
:102F8000974C03681B699847002840F09B80954C3C
:102F90002368472B00F3B680934942F21072DBF8A6
:102FA000003009685B1A934200F2A0808F4ADBF878
:102FB000003011688E485B1A142B03D98D4B1B7897
:102FC000002B3AD1FEF704FA8B4B1B7833B18B4AB6
:102FD000DBF8003012689B1A462B6AD8884B1B78A6
:102FE0006BB1FDF7BFFE01F089FF02280DD001F0A3
:102FF00085FF0128044615D00FB0BDE8F08FFDF71E
:10300000A1FB01F07BFF0228F1D1012105200CF08A
:1030100079F9002106200CF075F901F06FFF012805
:103020000446E9D1002105200CF06CF92146062068
:103030000CF068F90FB0BDE8F08F03681360FEF77D
:1030400095FFBFE76F4BDFF8A8B11B784BB96E4C0B
:1030500042F20F72DBF8003021685B1A934200F2F3
:10306000ED80DFF868A1DFF878910EF075FA00289E
:103070003FF468AF0EF0B4FA644B5FFA80F81B7847
:10308000032B61D9042B00F0868100235F4A4E4F49
:1030900013703B78002B40F089805A4B1B78002B33
:1030A00000F08480D9F80000414603681B68984707
:1030B00048E7574B1A78002A90D000221A70FFF781
:1030C000A1FA8BE72068474C03685B6998474D4B32
:1030D000C0B21B78002B70D12268032A55DC4D4BFF
:1030E0009B5C834213D10132226055E70021092005
:1030F0000CF008F900210A200CF004F9464B0022DC
:103100001A7053E7FCF71EFE002840F08D80002364
:10311000236041E7DAF800402E480AF01DFF2368DB
:10312000C1B220461B68984720E7FCF785FC17E7EB
:10313000206803685B699847234BC5B21B787BB155
:1031400028460EF05DFA06E7344AD25C42459CD12F
:1031500033495A1C1C4F01F803802C4B1A7098E716
:10316000304C94F80531062B00F22581DFE813F08E
:103170000301EA00D100B6009A0094007F00FFF737
:1031800069F8002323702B70F8E62249531C8854F9
:103190002360FEE623445B78442B40F00A81002341
:1031A0000949184A0B70194913700B70DAF80000BE
:1031B000414603681B689847C4E60EF021FA23686D
:1031C000E7E600BF92B80020AEB8002014590020F6
:1031D00090B80020F45700209FB80020A0B800202D
:1031E0001859002048B5002030B20020BCA10020B2
:1031F0005CB80020C7B80020CAB8002058B2002030
:10320000A8690020AFB80020B8A100209BB800201A
:10321000A7B8002008640020C9B80020506400202E
:103220005CAA002034B40020002109200CF06AF8C8
:10323000C14B01221A70FFF76DFB68E71721DFF819
:103240002CA3DFF82C93BD480EF0F0F9BC480BF02E
:103250004DFBDAF80030D9F80000BA49DBF800205D
:10326000CAF80000C9F800300B60226065E60A2D3C
:1032700000F0BF810122D4F8C03084F8062103B1E8
:1032800098470023BE2284F8053184F8BE3084F8C4
:10329000063184F8BF205EE60D2DEBD1062384F8BD
:1032A000053158E6A5F13003092B40F2A5802846E8
:1032B00010F03CF8462D00F29480002800F0918038
:1032C000A5F137035BB2591CD4D094F8091105223B
:1032D0000B4384F8052184F809313CE6A5F130035D
:1032E000092B7CD9284610F021F8462D6CD80028EF
:1032F0006AD0A5F137035BB2581CBBD094F8092102
:10330000DBB2042142EA031384F8051184F8093181
:1033100021E694F8BE1094F8BF208B4B91426DD2F9
:103320002A2D00F0B9812C2D40F09D8193F80801E1
:10333000013A80F02C00D2B283F8080183F8BF2054
:10334000995408E628460FF0D9FF002800F039818B
:1033500094F8BE2094F8BF107B4B91424ED9042ABA
:1033600040F200820321D3F8C02083F80611002A1E
:1033700087D0904785E70022242D734B4FF0010141
:1033800084F8062100F06A81D3F8C02083F8061182
:10339000002AEED175E76D4C84F804800EF020F918
:1033A0006B4B60711B78E25C522A2FD0452A3FF4A8
:1033B000F1AE684F6DE60522D4F8C03084F80621DE
:1033C000002B7FF45DAF5CE728460FF0A1FF662D70
:1033D0003FF650AF00283FF44DAFA5F157035BB265
:1033E0008AE728460FF094FF662D3FF643AF00288A
:1033F0003FF440AFA5F157035BB264E70221D3F875
:10340000C02083F80611002AB3D13AE72344524A78
:10341000524C5B78CAF80040312BC9F8002000F00C
:103420004781322B00F0968100244A4F0023062169
:1034300008220AA80A930B930C930D938DF8281079
:103440008DF82920FCF7A8FC454908AB4548BDF894
:103450002A200646086849681512CDF818A0B24619
:10346000CDF810800597CDF81C9003C39DF8293046
:103470008DF824209DF828208DF823308DF8222007
:103480009DF835309DF834208DF825508DF8262094
:103490008DF827305AF8049F132133480EF0C6F8F0
:1034A000002349460A2226480BF048FA24480BF02C
:1034B0001DFA4946002220460AF002FE64200BF065
:1034C00055FE2368FF2120461B68984701E05B6991
:1034D0009847236820461B699847002823682046A0
:1034E000F5DC5B68082208A9204698474FF00008E1
:1034F0009DF82830454646460293DBF800709DF85B
:103500002930CDF804800393236820461B6998472F
:1035100000282FDD236820465B699847C0B2A0F1E0
:10352000B503B3FA83F35B09AB4241D8002D40F0F9
:1035300024810136E8E700BFC9B800201C1700202D
:1035400084570020C4A3002034B400205CAA0020CB
:103550009BB80020AEB8002094570020B45800203B
:10356000C0030020586400203417002014590020A4
:1035700018590020DBF80030DB1BB3F57A7FC3D38A
:10358000019B002B49D1944B534583D12E21934865
:10359000DDF81080059FDDF818A0DDF81C900EF016
:1035A00045F88F480BF0A2F900238E4A137070E59E
:1035B000B52802D001260025A6E700260136012500
:1035C000A2E72A2D59D02C2D7FF454AE94F8BF30A9
:1035D000022094F80821013B94F8BE1082F02C02DE
:1035E00084F80501DBB284F8082184F8BF30E15487
:1035F000B1E494F807217C4B002A60D093F80911BC
:1036000093F8082191425AD00421D3F8C02083F8BE
:103610000611002A7FF4ADAE33E64C46062173480E
:10362000DDF81080059FDDF818A0DDF81C900DF086
:10363000FDFF1C216E480DF0F9FF214600230A22F0
:1036400067480BF07BF966480BF050F90621694892
:103650000DF0ECFF62480BF049F9A5E783F808216B
:1036600083F8051177E493F80821481C5D54554010
:1036700083F8BE0083F808516DE494F8BF3003214D
:1036800094F8BE20013B84F8090184F80511DBB2EF
:1036900084F8BF30E2545EE4013A00240320D2B241
:1036A00083F8094183F8050183F8BF20995452E457
:1036B000514F0121514B002239701A70B6E694F82F
:1036C000BDE0002594F8048114F80E30464E0193B5
:1036D00004F80E50B8F1000F32D016F8C9CBBCF187
:1036E0002D0318BF0123029316F8013C9C4518BF17
:1036F0002D2B01D0029BF3B93B48371D334613F8FD
:10370000012B10F8011F2D2A18BF8A4201D02D2944
:1037100011D19F42F3D16DB29DF804306A1C04F8B8
:103720000E30314B10D005EB450503EB8505D5F880
:10373000D0309847A5E501350C36EDB24545D3D1DB
:103740009DF8043004F80E30D4F8C430002B7FF418
:1037500097AD96E5284F0020284B0121144638707C
:10376000197063E693F80811501C9D544D4083F87E
:10377000BE0083F80851FFF7EEBB16B9B5287FF4F9
:1037800019AFA6F101036228B3FA83F34FEA53138A
:1037900003D013B102260025B6E6622802D1002B21
:1037A0007FF4C7AE022E02D180460326ACE6032E7C
:1037B0007FF404AFB8F1050F0BD0029B04269845A7
:1037C0007FF4F9AE039B83427FF4F5AE01230193AE
:1037D0009AE6042698E600BF7C6400204817002083
:1037E000845700209BB8002034B400205CAA00203D
:1037F0007817002098170020AEB80020AFB800203E
:1038000090F8A32090F8A200101A704790F8A23008
:1038100090F8A3209A4205D95A1C034480F8A220AC
:10382000987E70474FF0FF30704700BF70B5044678
:10383000D0F8B800072214490368651EE61C5B68CF
:103840009847D4F8B8000122104903685B6898478C
:1038500015F8011F0F290DD900231022D4F8B80044
:103860000BF06CF8B542ECD1D4F8B800BDE870406C
:103870000BF03CB8D4F8B8000122054903685B6836
:1038800098472978E8E700BFB4170020B835002032
:10389000BC1700202DE9F041037805464778461E05
:1038A000D0F8B800072243EA072766490368EC1CF2
:1038B0003FB25B681FFA87F89847D5F8B800012235
:1038C000614903685B68984716F8011F0F2935D9CD
:1038D00000231022D5F8B8000BF030F8B442ECD138
:1038E0003E1FD5F8B80006225849F6B20368282EC4
:1038F0005B6828BF282698474EB3013EF6B20436CF
:103900002E4407E000231022D5F8B8000BF016F87B
:10391000A6421CD0D5F8B80001224B4903685B6869
:10392000984714F8011F0F29ECD8D5F8B8000122E8
:10393000474903685B6898472178E3E7D5F8B80002
:103940000122434903685B6898473178C0E7002F3C
:103950003FDBD5F8B80008223E4903685B6898470A
:103960004146D5F8B8000BF029F8D5F8B8003A4927
:10397000092203685B689847A978A9B1012943D057
:1039800002294ED003291CD0042952D005292ED05B
:1039900000230A22D5F8B8000AF0D0FFD5F8B80005
:1039A000BDE8F0410AF0A2BFD5F8B80007222B49C4
:1039B00003685B689847D5F8B800BDE8F0410AF0A5
:1039C00095BFD5F8B8000D22254903685B68984774
:1039D000E4E7D5F8B84014222249C8F30E0823685A
:1039E00020465B68984720460AF080FFB1E7D5F88B
:1039F000B8000B221C4903685B689847D5F8B800EB
:103A0000BDE8F0410AF072BFD5F8B8000A221749A4
:103A100003685B689847D5F8B800BDE8F0410AF044
:103A200065BFD5F8B8000722114903685B6898475D
:103A3000B4E7D5F8B8000B220E4903685B689847D5
:103A4000ACE700BFB4170020B8350020C017002035
:103A5000BC170020E0170020EC170020F81700200A
:103A600014180020C817002030180020001800206B
:103A70000C1800202418002038B5044608460D46CE
:103A800010F0C0FD23680246294620465B6898472F
:103A9000054620460AF02AFF284438BD2DE9F84F94
:103AA00081780346D0F805200529C0F80421407824
:103AB0001A781F7ADE799D795C7969D042EA002212
:103AC000DF7A9E7BC2F30E0293F80DE0DD7B07F0F8
:103AD000030C043A93F810909C7C4EEA062812B22C
:103AE000597C45EA09290E2A41EA042436DC0021E2
:103AF0000A46587A012882463FD004287DD0022801
:103B000000F0958003286DD0082818BF05287FD0C5
:103B1000A0F1280B5FFA8BFBBBF1010F78D91028BD
:103B200000F09180112800F08B80132800F08E8027
:103B30001E2800F08E80BAF1140F00F09E80BAF1BA
:103B4000150F00F0A180BAF1160F00F0A480BAF1B1
:103B5000F10F00F0A7800020BDE8F88F187D102A33
:103B6000D97C41EA002140F3BD80987D5A7D42EA2C
:103B70000022587A01288246BFD1A3F8D4C080B26F
:103B8000A3F8CE80A3F8D090A3F8D240BDE8F88F78
:103B900045EA06259A7A93F804E02A20DE7A597AD3
:103BA0004EEA042E42EA06265C7B1A7B47EA01278E
:103BB000D97B42EA04249A7BA3F8F05042EA01211F
:103BC0005D7C1A7CA3F8EEE042EA0522A3F8F270CD
:103BD000A3F8F460A3F8FA40A3F8FC10A3F8FE20C1
:103BE000BDE8F88FA3F8ECC0A3F8E680A3F8E8904E
:103BF000A3F8EA4080B2BDE8F88FA3F8DCC080B239
:103C0000A3F8D680A3F8D890A3F8DA40BDE8F88FDF
:103C1000A3F8F8C080B2A3F8EE80A3F8F090A3F860
:103C2000F240A3F8F410A3F8F620BDE8F88FA3F84B
:103C3000E4C0A3F8DE80A3F8E090A3F8E240D9E75F
:103C4000A3F80241D6E783F800E1D3E783F808E15F
:103C5000D0E76FF00E0003F10F0103F1170483F8B2
:103C60000961C01A01E011F8015FD3F80C21A142EB
:103C70000A441554F7D1587ABCE7A3F81281A3F887
:103C80001491A3F81641B5E7A3F81881A3F81A9187
:103C9000A3F81C41AEE7A3F81E81A3F82091A3F876
:103CA0002241A7E71C4693F8BC302BB9072FA1D1BE
:103CB000504684F810619DE70B49D4F8B800FFF72F
:103CC000DBFEE37A072B01D0607A93E794F8BC30EF
:103CD00023B10649D4F8B800FFF7CEFE94F809A046
:103CE000A67BE5E7002204E7A80F00203C1800208F
:103CF0002DE9F0479146984690F82421B0EE000B4C
:103D0000B0F9EE3004468A4607EE103A53422DEDE4
:103D1000028B01EE103AB8EEC78A0A9FB8EEC11BBB
:103D20000B9E0C9D0DF062FEB7EEC87A94F824311C
:103D30005B4227EE007B01EE103AB4F9F03006EE5C
:103D4000103AB8EEC11BB0EE000BB8EEC68AB7EE63
:103D5000C77B8AED007A0DF049FEB7EEC86A94F889
:103D60002411B4F9F23026EE006B07EE103A4B4204
:103D7000B8EEC78A01EE103AB0EE000BB8EEC11BE8
:103D8000B7EEC66B89ED006A0DF030FEB7EEC87A6B
:103D900094F82421B4F9F43027EE007B06EE103AB3
:103DA0005342B8EEC68A01EE103AB0EE000BB8EE00
:103DB000C11BB7EEC77B88ED007A0DF017FEB7EE9A
:103DC000C86A94F82431B4F9F62026EE006B5B4201
:103DD00007EE102A01EE103AB8EEC78AB8EEC11B02
:103DE000B0EE000BB7EEC66B87ED006A0DF0FEFD7E
:103DF000B7EEC87AB4F8F83027EE000BB7EEC00B78
:103E000086ED000A2B70BDEC028BBDE8F08700BF89
:103E100070B505466424174E0DE090F8A33090F875
:103E2000A22001209B1A002B10DC0BF09FF9631ECF
:103E300013F0FF040CD0D5F8B00003681B69B3423F
:103E4000EBD0984703460120002BEEDD012070BD2A
:103E500095F8BC000028FAD0D5F8B8500B220649D6
:103E60002B6828465B68984728460AF03FFD2046A5
:103E700070BD00BFFD3F0000CC18002070B50546A6
:103E80007D2406E001200BF071F9631E13F0FF049E
:103E900016D095F8CA000BF03BFA78B195F8BC3013
:103EA000002BEFD0D5F8B86008220E4933683046B1
:103EB0005B68984730460AF019FDE3E7012070BDC2
:103EC00095F8BC000028FAD0D5F8B8500F22064962
:103ED0002B6828465B68984728460AF007FD20466D
:103EE00070BD00BFD8180020E4180020002900F0A1
:103EF000A0802DE9F8430646894600254E4FB9F1CA
:103F00001C0FC8464FF0010396F8B41028BF4FF0BD
:103F10001C08D6F8B00008F10402D2B209F08CFEF9
:103F20003046FFF775FF002800F08180D6F8B0001A
:103F300003685B69BB4274D190F8A22090F8A3108B
:103F4000914206D9013280F8A220D6F8B000036869
:103F50005B69BB425FD190F8A22090F8A310914218
:103F600051D9013280F8A220D6F8B00003685B690D
:103F7000BB424ED190F8A22090F8A310914242D9B2
:103F8000013280F8A220D6F8B00003685B69BB421A
:103F90003BD190F8A23090F8A3209A4204D9013383
:103FA00080F8A230D6F8B000002419E090F8A230D2
:103FB00090F8A32003F1010EC1189A4221D980F88C
:103FC000A2E0887E01347F2D05F1010206EB050396
:103FD000E4B201D895B21871444508D2D6F8B000C1
:103FE00003685B69BB42E1D09847C0B2EAE7C8EB1F
:103FF00009091FFA89F9B9F1000F80D10120BDE844
:10400000F883FF20DEE7BB42CED09847D6F8B00059
:10401000CAE79847B7E79847D6F8B00003685B69E6
:10402000A6E79847D6F8B00003685B6991E7BDE85A
:10403000F8830120704700BF094000002DE9F047D8
:104040000446D0F8B000002879D00123042294F867
:10405000B41009F0F1FD2046FFF7DAFE10B9002098
:10406000BDE8F087D4F8B0309B4E1A685269B2426E
:1040700040F01A8193F8A21093F8A300884240F20E
:1040800088814A1C194483F8A220D4F8B03091F8F2
:104090001A801A680FFA88F95269B24240F0F98022
:1040A00093F8A20093F8A310814240F27681421C5B
:1040B000184483F8A22090F81AA0D4F8B0304FEA40
:1040C0000A211A680DB25269B24240F0DF8093F8BB
:1040D000A21093F8A300884240F263814A1C19445D
:1040E00083F8A220887ED4F8B030C7B21A6852692B
:1040F000B24240F0C78093F8A22093F8A3109142F7
:1041000040F25581511C1A4483F8A210907E45EA72
:10411000090184F8008084F801A0C1F30E01A770A2
:10412000E07000299BD00439204689B2FFF7DEFEFB
:10413000A078012800F0C3800120BDE8F08794F842
:10414000CA000BF0E5F8012889D0D4F8C030D4F8C3
:10415000C400DA7C002A2ED072B6DA7CD70706D5E6
:104160005E495A690D682A409A620A60DA7C9607AD
:1041700006D55B499A690D682A40DA620A60DA7CE2
:10418000550706D55749DA690D682A401A630A604F
:10419000DA7C110706D554491A6A0D682A405A6319
:1041A0000A60DA7CD70605D550495A6A0D682A405C
:1041B0009A630A6062B69A68904200F0E8804C4ABE
:1041C000986092694B49C2F30115C2F3826251F8BB
:1041D00025100132B1FBF2F1002875D0B1FBF0F2ED
:1041E0004AB1B1FBF2F1884238BF0132B2F5817FAA
:1041F000C0F0DF80404ADA601B68002503213F4E93
:1042000001201D61596229461A641E66186194F8DE
:10421000C8000BF077F8D4F8C06033685D66DA6DDB
:1042200012F4F81FFBD05A6F0021D2B25966D96D33
:1042300011F4F81FFBD0586F0021C7B25966D96D31
:1042400011F4F81FFBD05D6F0021EDB25966D96DF6
:1042500011F4F81FFBD000025B6FA57000F4FE4064
:104260002270E37050EA0205677049D194F8BC30BF
:10427000002B3FF4F4AE2046FFF7D8FA2846BDE8FD
:10428000F087FF2718469047C0B240E7184690478E
:1042900029E718469047D4F8B03001021A685FFA4F
:1042A00080FA0DB252690FE718469047D4F8B03043
:1042B0005FFA80F81A680FFA88F95269EDE62379F7
:1042C000012B03D0BDE8F0870A4689E784F8CC309B
:1042D0001846BDE8F08700BF0940000080E100E01B
:1042E00084E100E088E100E08CE100E090E100E0A2
:1042F00000C00F40B8080020FF7F7F00070000C00B
:104300002A1F91B2A1B1251D0020FF2732685766F0
:10431000D36D13F4F81FFBD07F28536F00F1010019
:1043200005F1010598BF05F8013C83B29942EDD82B
:10433000012194F8C8000AF0E5FFD4F8C020D37C2E
:10434000E3B1DE0703D5214B916A1960D37C9D0749
:1043500003D51F4BD16A1960D37C580703D51D4B79
:10436000116B1960D37C190703D51B4B516B196076
:10437000D37CDB0602D5926B184B1A6094F8BC30E4
:10438000002B3FF4D5AE2046FFF784FAD0E6DA687A
:1043900032E74FF0FF09C8467FE66FF0FF054FF0A8
:1043A000FF0AB2427FF46DAFFF200746AFE6FF2061
:1043B000ADE6022A08D9023A5008010442EA002276
:1043C00001F47F010A4316E7002214E700E100E050
:1043D00004E100E008E100E00CE100E010E100E0B1
:1043E00010B5044690F8CA00FF2803D00AF090FFE9
:1043F00001280AD02046FFF721FE30B1A378032B15
:1044000005D0022B0BD0052B04D0002010BD237942
:10441000FB2BFAD12046BDE81040FFF73FBB2379C4
:10442000F12BF2D1A379072B01D0F12010BD637AD3
:1044300084F81031F9E700BF08B5FFF7D1FF00306D
:1044400018BF012008BD00BF2DE9F84302F10408A0
:10445000D0F8B030154606460F465FFA88F8002BB4
:104460005DD090F8B42001204146824083F83001AD
:1044700083F82F0183F8A520D6F8B00003681B68E5
:104480009847D6F8B000002103681B689847D6F813
:10449000B0003946374403681B689847D6F8B00027
:1044A00097F8841003684A1C1B6887F88420984793
:1044B0006DB1013DF41CEDB204353544D6F8B000C1
:1044C00014F8011F03681B689847AC42F6D101211C
:1044D000D6F8B00009F040FB0546E0B196F8BC30D4
:1044E0001BB900242046BDE8F883D6F8B8002B227B
:1044F0007A49002403685B689847D6F8B860294673
:1045000023460A2230460AF019FA30460AF0EEF93C
:104510002046BDE8F88301242046BDE8F883FFF774
:10452000ADFC04460028DCD0D6F8C030D6F8C490E4
:10453000DA7C002A2ED072B6DA7CD00706D568491C
:1045400058690A6802409A620A60DA7C910706D5C7
:10455000644998690A680240DA620A60DA7C5007A6
:1045600006D56149D8690A6802401A630A60DA7C94
:10457000110706D55D49186A0A6802405A630A6045
:10458000DA7CD20605D55A49586A0A6802409A630D
:104590000A6062B69A68914500F09180554AC3F866
:1045A00008909269DFF868E1C2F38261C2F3011CEE
:1045B00001315EF82C20B2FBF1F1B9F1000F7CD093
:1045C000B1FBF9F242B1B1FBF2F1894538BF0132DA
:1045D000B2F5817F75D3484ADA601B6800214FF03D
:1045E000030CDFF830E101201961C3F824C01A641C
:1045F000C3F860E0186196F8C8000AF083FED6F8A8
:10460000C0100B68C3F86480DA6D12F4F81FFBD099
:104610000022586F5A66DA6D12F4F81FFBD05A6FF9
:104620005F66DA6D12F4F81FFBD037445B6F97F8C2
:1046300084305A1C87F8842009684B66CB6D13F4CC
:10464000F81FFBD04B6F75B1681EF21CC0B204306E
:10465000304412F8013F4B66CB6D13F4F81FFBD0CA
:1046600090424B6FF5D1012196F8C8000AF04AFE3E
:10467000D6F8C030DA7C002A3FF44DAFD60703D518
:104680001E4A996A1160DA7C950703D51C4AD96ADB
:104690001160DA7C500703D51A4A196B1160DA7C75
:1046A000110703D5184A596B1160DA7CD2067FF5E1
:1046B00032AF9A6B154B1A6014E70A4682E7DA6844
:1046C0008BE7022A01D8002286E7023A500801044B
:1046D00042EA002201F47F010A437DE7F41800203A
:1046E00080E100E084E100E088E100E08CE100E0AE
:1046F00090E100E000C00F40FF7F7F0000E100E09C
:1047000004E100E008E100E00CE100E010E100E07D
:10471000B8080020070000C0F0B54FF47A75417169
:104720001F0A4FF0FD0E05FB02F21E0C002543741C
:10473000111242721B0E80F804E081721114120EE5
:104740008774C172022102731122C67403758571C8
:10475000C571057245738573C5730574BDE8F04076
:10476000FFF772BE0A4600230821FFF7D5BF00BF3E
:10477000012210B5114602710446FFF765FE322092
:104780000AF0F4FC2046FFF759FC0028FAD1322049
:104790000AF0ECFC2046FFF751FC0028FAD110BDCE
:1047A000FF2B2DE9F041044680F8B410C0F8B0208A
:1047B00080F8CA3003D0184602210AF0AFFD204627
:1047C0000025FFF7D5FFF9230222657123712046EA
:1047D0001146FFF739FE2046FFF730FC18B1237968
:1047E000F82B02D02846BDE8F08194F8BC60002E7A
:1047F000F9D0D4F8B8001422284903685B689847B8
:104800002B46A1791022D4F8B8000AF097F8D4F812
:10481000B8001522224903685B6898472B46E17966
:104820001022D4F8B8000AF089F8D4F8B800A768C4
:10483000132203681B495B6898472B4639461022B0
:10484000D4F8B8000AF07AF8D4F8B800E76814226F
:10485000036815495B6898472B4639461022D4F8FF
:10486000B8000AF06BF8D4F8B800237C1522016870
:10487000677CD1F804800D4943EA0727C047D4F884
:10488000B84039462B46102220460AF057F82046F9
:104890000AF02CF83046BDE8F08100BF2019002056
:1048A0003819002050190020641900207C190020BC
:1048B00038B50546018088000C46E9800EF082FD7F
:1048C000E86090B100210E4B00226980A980AA60A7
:1048D0002B616B613CB12146013989B200EB810348
:1048E0001A600029F8D1284638BD054B00222880DF
:1048F0006880A8802846AA602B616B6138BD00BF24
:104900000000C07F10B50446C06808B10EF062FD1B
:10491000204610BDC2683AB38388D0ED027A02EB1C
:1049200083020133C18892ED007A9BB277EEC77A99
:104930008B42C0ED027A82ED000AD0ED027A8380CC
:1049400077EE807AC0ED027A14D043886BB1D0ED57
:10495000047AB4EEE70AF1EE10FA0ED580ED040AFF
:10496000994201D901334380704780ED050A80EDFB
:10497000040AF5E700238380E7E7D0ED057AB4EE7B
:10498000E70AF1EE10FAC8BF80ED050AE8E700BFBC
:104990004188D1B14A1E9FED0E7AC36892B2F0EE03
:1049A000477A80ED027A013203EB8202B3EC017A9E
:1049B00077EE877A9342C0ED027AF7D107EE101AAC
:1049C000B8EEC77A87EE870A70479FED020A7047F4
:1049D000000000000000C07F70B5094D04460E467F
:1049E000284609F00DF8284615F0C0FA4FF4806506
:1049F00000228023267020466580A280A37170BDAE
:104A0000605A0020418070478180704781717047F3
:104A100070B5012503780F4C0646AB4000212046B7
:104A200084F8305184F8A53084F82F5108F0B2FF93
:104A30002946204609F090F82B463178204602227C
:104A400009F0FAF894F8A30094F8A230C01A18BF3D
:104A5000012070BD605A002070B501250378194C03
:104A60000646AB400021204684F8305184F8A5303A
:104A700084F82F5108F08EFF2946204609F06CF883
:104A8000317802222B46204609F0D6F894F8A2206D
:104A900094F8A3108A4211D25319A018DBB290F9EE
:104AA0001A00994284F8A2304FEA002006D9234424
:104AB00002329B7E84F8A220184370BD4FF0FF3075
:104AC00070BD00BF605A0020F8B581880546428855
:104AD0000126AF7948F203130A432D780E4C314674
:104AE0003A43B540204684F83061134384F8A5501A
:104AF00084F82F619DB208F04DFF2046290A08F086
:104B000049FF2046E9B208F045FF31462046BDE89E
:104B1000F84009F021B800BF605A002088B181B187
:104B20000288012A30B410D01030002203E030F89F
:104B3000104B012C0AD0013205469142F7D130BC0E
:104B400070474FF0FF329A60704705462A7A01217C
:104B50001A746A7A5A74AA7A9A74EA7A9960DA7438
:104B600030BC70474B684360704700BFF0B589B0F8
:104B70000D460446084601A9164603F0B7F9013070
:104B800004D0019B0120736009B0F0BD0023012215
:104B90001B494FF45450A36005930293039304936D
:104BA0000793ADF80420ADF814200691ADF8060087
:104BB00004F03EFE04F0B4FF27796179A279E3792D
:104BC000029001A8049507948DF80C708DF80D10D3
:104BD0008DF80E208DF80F3001F056FF0028D3D04D
:104BE000A368002BFCD0A368013302D0A068012881
:104BF00002D0002009B0F0BD2369736009B0F0BD98
:104C00001953000000207047704700BF014B18681F
:104C1000704700BF5CB8002010B5044609F0FCFDE9
:104C2000204610BD0029194B14BF0121002130B5C9
:104C3000197083B013D01546044604F0F9FD04F052
:104C400009FE00238DF804308DF805308DF806300C
:104C50008DF80730019B834208D003B030BD01F0CE
:104C6000A9FE03B0BDE8304001F098BE084B1846DD
:104C70001C6001F025FE0028EFD0204601F09AFECE
:104C8000296803B0BDE8304001F0C2BE95B80020ED
:104C9000E0A90020704700BF704700BF2DE9F04F2A
:104CA000844F93B0894604920390D7F8008004F0B3
:104CB000BFFD04F013FD002840F0CD807E4B1B6843
:104CC0001BB94FF480337C4A13607C4B1B68002B6C
:104CD00000F0E980DFF81CA2DAF800301BB94FF4CD
:104CE0000063CAF80030DFF810B29BF8000000281B
:104CF00000F0D0808000724E0AF09CFE9BF80030DD
:104D0000306098000AF096FE9BF800306D497060A4
:104D1000580001910AF08EFE9BF80030B0605800F8
:104D20000AF088FE9BF80030F06098000AF082FEDE
:104D30009BF80030306198000AF07CFE624A9BF8D4
:104D40000030106058000AF075FE9BF8003070616A
:104D500058000AF06FFE5D4A9BF800301060980022
:104D60000AF068FE5A4B18609BF800000AF062FED9
:104D700001999BF8003008607BB30024CDF81480C3
:104D8000234625B2D6F80080DAF80000029301919C
:104D90000AF050FE48F82500D6F80480DAF8000042
:104DA0000AF048FE48F825000420D6F810800AF0E2
:104DB00041FE454B48F8250004F1010E1A6801999F
:104DC000029B42F825300A6813555FFA8EF49BF86F
:104DD0000020A242D5D8DDF81480384B0AA81A6802
:104DE000354B0A921B683B4A0B933B4B0C920D933D
:104DF00005F0EAFF01303AD003990622374804F063
:104E00000FFE013033D004F013FD80B304F010FD29
:104E1000334A34491368079013F0010F0891324B5D
:104E200003D1012104981160186007A8099302F0CA
:104E3000D7F845F6BF522D492D4809F08DFC04F0F6
:104E4000F7FC01F0B7FD01F0B1FDB0B93B68C8EB6C
:104E500003034B450BD204F0EBFC01F0ABFD01F07A
:104E6000A5FD50B93B68C8EB03034B45F3D30020C5
:104E700013B0BDE8F08F0A9B8BB904F0D9FC01F0A8
:104E800099FD0AA901F0B0FD3B68C8EB0303994501
:104E9000F1D8ECE7082320208BF800302BE7012025
:104EA00013B0BDE8F08F044B18680AF0C3FD034B44
:104EB00018600FE75CB8002098A9002094A9002092
:104EC00000002020ACA900208CA90020A4A900206B
:104ED000A8A90020A0080020B008002098640020A5
:104EE000D4A7002021540000F0A90020B1B6000092
:104EF000785E002090A9002094B80020064B1B7813
:104F000003F0FF002BB1A0F10100B0FA80F04009DE
:104F100070470220704700BF95B8002003207047FB
:104F200010B5044604F084FC04F094FC024B60606D
:104F30002046236010BD00BF9C06002038B50D46FA
:104F400004F076FC04466D6804F072FC04F08CFCFE
:104F5000024629462046BDE8384004F041BC00BF67
:104F600030B4054B0024054D5C601D60044A0549C2
:104F7000054830BC0DF0BEBF9CA900209C06002057
:104F80005057002015540000785E002003689B6B8A
:104F9000184700BF4969024A41600260704700BF7C
:104FA0009C060020008B7047C0897047808B80B2C0
:104FB000704700BF10B582B00468012202AB03F84D
:104FC000011D19466368984702B010BD704700BFC5
:104FD00038B5064D837F2A789A4205D9044618468B
:104FE00000F08EF92B78A37738BD00BF94B800206D
:104FF000104B1A7870B504460E460F4D82B1002151
:105000002A78197082773146022000F09DF92B78BA
:10501000A07783420BD90023E6810120A38370BDD2
:10502000807F2B788342EED900F06AF9EBE700200D
:1050300070BD00BFAC69002094B80020F0B500231B
:105040008BB0154C0D4617460693099306460293FE
:1050500005940894019404F0EBFB04F00FFC03A901
:10506000049005A80394FFF77DFD294605A841F2A9
:10507000883301AAFFF77AFD012801D00BB0F0BDFB
:1050800033683A46029D03A99B6A3046039404950F
:1050900098470BB0F0BD00BF9C06002008B5002368
:1050A00004314383807F00F0FFFA08BD08B500217A
:1050B000807F00F035FB08BD08B5807F00F030FB35
:1050C00008BD00BF10B5044693B2807F0A46618BCD
:1050D00000F0B6FA638B0344638310BD838B9BB2ED
:1050E00013B94FF0FF30704710B582B0044601226B
:1050F000807F0DF1070100F035FA002807DDA38B52
:105100009DF80700013B9BB2A38302B010BD4FF096
:10511000FF30FAE7838B9BB2CBB1838B9BB2934278
:1051200010B504460CD912B2807F00F01BFA02467B
:10513000002A0FDDA38B10469B1A9BB2A38310BDE0
:10514000828B807F12B200F00DFA0246F0E74FF03A
:10515000FF3070474FF0FF3010BD00BF074A08B561
:10516000837F12789A4202D9828B92B212B94FF0A1
:10517000FF3008BD184600F055FA08BD94B800206D
:10518000F0B5114D0446807F83B02B780F4616464C
:10519000834215D80D4B32467F68694682208DE8E0
:1051A000880000F08DF92B78A077834205D9002381
:1051B0000120E681A38303B0F0BD002003B0F0BD61
:1051C00000F09EF8E6E700BF94B800209C0600209F
:1051D000F0B5044687B0807F00F00AFAA08308B9D2
:1051E00007B0F0BD1B4B0C271B4906ADA27F0DEB92
:1051F0000706186800230968DFF864E051F82210F8
:1052000050F82200DEF8002045F8107D0096019548
:1052100005F0F0F9114A0023A17F126822F811303D
:10522000421C13D09842DBDDBDF80E309DF81460AF
:105230005BBA9DF815509DF816109DF81720238332
:1052400026756575A175E27507B0F0BD184607B003
:10525000F0BD00BF8CA900200400202014002020F5
:1052600090A90020224B1A6852F82030C3B152F89E
:105270002000204910B584B0012403AA0DF10B03CE
:1052800003940092072205F0B3FA01301CD09DF878
:105290000B30042B15D8DFE803F005080B0E1100C6
:1052A00018467047002004B010BD1C2004B010BD8B
:1052B000132004B010BD172004B010BD142004B09A
:1052C00010BD012004B010BD02F016FA04460A21F8
:1052D00009480CF0ABF90CF0DDF92146074809F05C
:1052E0006DFB064809F002FB0CF0D4F9CFE700BFD4
:1052F0008CA9002017E50300B8190020845700206E
:1053000070B50E4D04462B681A5C034452B98600F2
:105310000B4D00242A681C70905905F0CBF82B68BF
:105320009C5170BD074A03B212689E0052F82300D8
:1053300001F080FE2B682344EAE700BFACA90020FF
:105340008CA90020A8A900202DE9F047564F88B06D
:1053500097F80090B9F1000F00F08580DFF85C81CC
:105360000E460546D8F800301C68F4B1043300241A
:1053700002E053F8042BC2B10134E4B2A145F8D1E4
:105380004FF0000A534601E0994517D918461C46CC
:10539000FFF768FF00F0FB000AF1010A18285FFA26
:1053A0008AF3F1D12046FFF7ABFF404B0121022DDC
:1053B0001B680391029352D0212D03D0387808B096
:1053C000BDE8F08700220846D8F800A00FFA84F95B
:1053D00005F018FB4AF829004FEA8909D8F800308F
:1053E000DFF8D88053F80930002BE7D00C220021D9
:1053F00005A876BA05F02AFED8F800304FF0000E66
:1054000005A953F8090001230C22ADF81660ADF888
:105410001430CDF81CE005F059FB0130D8F800300D
:1054200023D0042653F80900062202AB2049009637
:1054300005F056F9D8F8001002AB052251F8090022
:105440001B49009605F04CF9212D13D0194B002271
:1054500020461B6823F8142008B0BDE8F0870846F2
:1054600000222946B0E74846A9E753F8090005F0AD
:1054700021F8A3E7D8F8005003AB0F49102255F8E4
:1054800009500868062100960490284605F028F97E
:10549000D8F8001004AB032251F809000449009623
:1054A00005F01EF9D2E700BF94B8002090A90020B3
:1054B00017E50300A4A90020C80300208CA9002040
:1054C0002DE9F047022086B089461146FFF73CFFE0
:1054D000224B05461B7883423BD099F805400026B5
:1054E00099F804200FFA80F8240499F8073099F805
:1054F00006C04FF0080E04EB0264194F31460DF15F
:1055000018091C443A6804AB4FF0040A04EB0C245D
:1055100052F828001922CDF800E024BA0596049428
:1055200005F0DEF83868FF233146182250F82800CD
:1055300049F80C3D4B46CDF800A005F0D1F83A688B
:105540004B46314652F828001722CDF800A005F04E
:10555000C7F8284606B0BDE8F08700BF94B8002021
:105560008CA900202DE9F0411E4E45001E4B3768E6
:105570001B6837F810E02F449E452FD080460EEB75
:1055800002001446834212DD69B1184B08461B68BD
:1055900053F82810714405F0D7FC376837F818E045
:1055A0002F440EEB040038802046BDE8F081CEEB9E
:1055B0000304A4B261B10D4B084622461B6853F8A0
:1055C0002810714405F0C0FC33685F1933F818E007
:1055D00004EB0E0120463980BDE8F0814FF0FF3426
:1055E000E2E700BF1400202090A900200400202042
:1055F00010B509490246094C022309682068084C85
:1056000051F8221050F82200226805F05FF8431C80
:1056100014BF80B2002010BD040020208CA90020FF
:1056200090A90020044A054B12681B6852F82020FC
:1056300033F81030D05C7047040020201400202084
:1056400070B51D460B440E4604B2B3F5006F144B03
:1056500010DA1B6811462A4653F82400304405F03E
:1056600073FC104B28461A6832F814301D4422F897
:10567000145070BD1B68C1F50065114653F8240035
:105680002A46304405F060FC064BA8B21A6832F88E
:1056900014309E1B06F5006622F8146070BD00BF32
:1056A0000000202008002020F0B40C780CB94B78C2
:1056B00023B3002A2AD0174D03B2174C002701202C
:1056C000266854BA2A6826F8137052F823600F78B7
:1056D000124A37702E684F7856F8236077702E681C
:1056E0008F7856F82360B7702E68CD7856F823105F
:1056F000CD70126822F81340F0BC70478B78002BF5
:10570000D7D1CB78002BD4D11846F5E71046F0BCA2
:10571000704700BF10002020080020200C0020202F
:10572000F0B51B4A87B01B4C012312680C26246875
:10573000ADF80C300B4654F820700DEB060532F82E
:105740001020DFF85CC0ADF80E2079783C780904B1
:10575000FA7897F802E001EB04640F4F0F49144404
:105760003F68DCF8002004EB0E2457F8207009682D
:1057700024BA32F8102051F82010384605948DE8EC
:10578000600004F0C5FE013018BF012007B0F0BD75
:105790000C002020100020208CA9002000002020D8
:1057A0000800202040BA80B2704700BF00BA70479E
:1057B000002070472DE9F041514D0446514BEA6EEF
:1057C000514E194642F440625048EA66C3F8E86018
:1057D000C3F8E400D1F8E0304A4A002BFADA4C4D25
:1057E0004FF480334B490527C2F8E83043F2E9060D
:1057F0006A684FF4004C484B4FF4804E11404748C4
:1058000003224FF0160841F4003169604BF2E905BC
:10581000C3F87471C3F878713127416841F440418D
:105820004160C0F884C04FF0020CC0F888E001204D
:10583000C3F87C634FF0000EC3F88463C3F8805351
:10584000C3F89863C3F88853C3F88C53C3F89053D4
:10585000C3F8947307F16047C3F89021C3F88C2113
:1058600007F6D377C3F8A481C3F8A8213D46C3F84F
:105870009421C3F8A021C3F89821C3F89C2102F118
:1058800086422749274E02F5DE12C3F8B8E102F539
:10589000F452C3F8B4E1C1F830C048638863C86308
:1058A0000864C86238683368A2FB0332920C520065
:1058B0002B681D491B1A9A42FAD8184812221B4B12
:1058C0004FF48045C0F8845008465A64184A096865
:1058D0003368A2FB0332920C02EB820203685B1A6C
:1058E0009A42FBD84FF420721821204602F070F83B
:1058F00020468122172102F06BF80020BDE8F081DC
:1059000000C00F4000800D400F1001000120210059
:1059100000C00A40FFDF7DFF00801F4000400042C2
:1059200000841F4060570020041000E000802D40DC
:1059300083DE1B43014B187803F02CB904ED00E023
:10594000102832D91A4B1B4A9B68F0B453F82040F8
:10595000944218BF43F82020A0F110025309042BF1
:1059600020D89E00144D012402F01F0235440F2957
:1059700004FA02F2104FD5F8806128BF0F210F4CB6
:105980001643C1F10F0104440020C5F880610901EC
:1059900057F82350C9B22A4347F8232084F800134C
:1059A000F0BC70470020F0BC70474FF0FF307047EC
:1059B00000ED00E03161000000E100E0F0E000E017
:1059C000E0B103691B78012B18D1C3681A68AAB12A
:1059D000A1B113680020D3F8E43030B4CB701D0EB1
:1059E0001C0C1B0A0D704C708B701368D3F8E830D8
:1059F0001A0E1B0C0A714B7130BC70474FF0FF3010
:105A0000704700BF70B103691B78012B0AD1C368CE
:105A100000201B681B68D3F80422D3F8843281E885
:105A20000C0070474FF0FF30704700BFC3681A6822
:105A300013685968890103D44FF0FF325A607047E8
:105A40004FF00071D1605960704700BFF0B4C66874
:105A50004FF400078904154D30684FF4803301F48A
:105A6000F80144686760A768A06820F40000A0609F
:105A7000307AC00500F0786005432943216401E0D5
:105A8000013B0BD061680902FAD54FF400030020F6
:105A90006360A760236CF0BC138070474FF4000371
:105AA0004FF0FF306360A760F0BC704700000260F9
:105AB000F0B4C7684FF400008904154D3C684FF4FA
:105AC000803301F4F80164686060A668A06820F47F
:105AD0000000A060387AC00500F0786002431543EA
:105AE0002943216401E0013B09D062681202FAD522
:105AF0004FF4000300206360A660F0BC70474FF4D1
:105B000000034FF0FF306360A660F0BC704700BF39
:105B100000000250002835D0F8B503691B78012B2E
:105B20002DD1C3681F6857B349B30C4605460622FA
:105B30001649204605F09AFA08B306221449204671
:105B400005F094FAD8B1237813F0010617D16178E3
:105B50001B06E278284643EA0143A57839681343D7
:105B600043EA0523C1F8E430637922791B0443EA50
:105B70000263C1F8E83001F06BFE3046F8BD4FF02B
:105B8000FF30F8BD4FF0FF30704700BF6C0D0020B4
:105B9000640D002038B5C36800224FF0FF3504467D
:105BA00019680B6888685A645A629A605D6003F0ED
:105BB00057F82046BDE8384001F03EBEC3689A69F8
:105BC0002DE9F04F074683B01E6822B1904710B10F
:105BD00003B0BDE8F08F326801235362536A13F0BB
:105BE0000104FBD1306B4FF0FF314FF00C09946092
:105BF00000F13F0800F18E03ED30516028F03F08BE
:105C000023F03F0320F03F002546C6F81480A2464B
:105C1000C6F82480B3613362A8F80090A8F8024067
:105C2000FFF7C4FD336BD6F814B0C8F8040003F2D4
:105C30002A709BF808306FF07F088BF8089020F0EE
:105C40003F009BF8093040F23D698BF809409BF812
:105C50000A308BF80A409BF80B308BF80B40FFF7AB
:105C6000A5FD0223CBF80C003377306BB36909FB39
:105C7000050003EBC50413F8352000F6675003F860
:105C800035800135637820F03F0084F801A0A378C7
:105C900084F802A0E37884F803A0FFF787FD042DC1
:105CA0006060E2D171692B4675770A89D6F818E0F1
:105CB00042F02002B0680A81BEF818402D4A44F034
:105CC00020042D49AEF81840009702F089FF002803
:105CD0007FF47EAFB46940F2FE5E716918223368CA
:105CE0004FF047084FF4807CC3F82001C3F824012B
:105CF000C3F81801C3F81C01C3F888E14FF06E0E19
:105D0000C3F880410F24C3F884111C49C3F88410E0
:105D10004FF00071C3F8C450C3F8C0210222C3F889
:105D2000C481C3F844C1C3F8900138463C6274682A
:105D3000C4F844E099605A6201F07EFE00287FF4C6
:105D400047AF33684FF000424FF08071C3F8E40072
:105D5000C3F8E8005A66C3F80402C3F884025A6E16
:105D600022F000425A66B062F062196103B0BDE8E9
:105D7000F08F00BF19660000296200000401FE05D3
:105D8000F8B5C3681C68236A1A8815062FD405461F
:105D90004FF080761A8811072AD4236A21681A885E
:105DA000083302F0200223F8082C33F8082C42F0C4
:105DB000800223F8082C33F8082C920648BFA36908
:105DC00023620E611A881707E9D51A8802F02002AB
:105DD0001A801A8842F080021A801A8890064CBFF6
:105DE000A369083323620E611A881206D2D5F8BD62
:105DF0001A8812F47C5F02D0236A2168E5E75868AC
:105E0000FFF7D4FC236A07465888FFF7CBFC3946D6
:105E10000246284601F07CFCEEE700BF38B5C368B7
:105E200005461C6802F04AFFE3689A0105D523F095
:105E300000732846E360FFF7A3FFBDE8384002F097
:105E400045BF00BFF8B50D46002933D04B690D2B77
:105E500030D9C3681E68736A1C8804F08004A4B239
:105E6000002CF9D15868FFF7A1FC214603460746EC
:105E70004FF0FF32284603F0AFF8AB6999061ED504
:105E8000686980B2746AFFF78DFC736A60801A8853
:105E900042F080021A80BFF35F8F1A889206326840
:105EA0004CBF7369083373625369002BFCD14FF008
:105EB000807353612846BDE8F84003F0E1B9BB891F
:105EC0006869082B19D02728DBD94DF686529342F2
:105ED000D7D1397D28230029D3D003F10E0206291A
:105EE0003A441ED0112915D00129CAD10433984251
:105EF000C7D300239370D370C3E71328C1D9BB8ADB
:105F000023F04003002BBCD1BB7BF97D9B0003F049
:105F10003C03E0E708339842B3D300239371D37175
:105F2000AFE714339842ACD3002313745374A8E73B
:105F3000C2684FF0FF33F0B4CE181768053116F879
:105F4000014F082006E01E4B01384FEA540483EA53
:105F500005030AD084EA03025D08D207F3D40138AE
:105F60004FEA53034FEA5404F4D18E42E7D19B0E1B
:105F7000012203F01F011F2B3B6802FA01F208D82F
:105F8000D3F824110A420FD0BB6A1A43BA62F0BC9C
:105F90007047D3F820110A420DD1D3F820110A43DB
:105FA000F0BCC3F820217047D3F824110A43F0BC99
:105FB000C3F824217047FB6A1A43FA62F0BC7047A9
:105FC0002083B8EDC2684FF0FF33F0B4CE181768E5
:105FD000053116F8014F082006E0184B01384FEA4A
:105FE000540483EA05030AD084EA03025D08D20759
:105FF000F3D401384FEA53034FEA5404F4D18E42EC
:10600000E7D19B0E0122386803F01F011F2B02FA13
:1060100001F209D9F96AD0F8203161EA020213408D
:10602000F0BCC0F820317047B96AD0F8243161EA79
:1060300002021340F0BCC0F8243170472083B8ED51
:1060400038B5DC1C8C420BD81C46054602701A463B
:1060500002346B700499023004F076FF281938BDC1
:10606000002038BD70B590E84400531C9E4203D810
:106070009AE0B24200F0D880147813460132002C26
:10608000F7D0FF2C00F0D0805A7802321A44B24286
:1060900000F2CA8002601C785D78013C3A2CE4D89A
:1060A0000FF2040E5EF824F0176A00006768000023
:1060B000096A00006768000067680000FB6900006B
:1060C0006768000067680000676800006768000094
:1060D0006768000067680000676800006768000084
:1060E0006768000067680000676800006768000074
:1060F0006768000067680000676800006768000064
:106100006768000067680000676800006768000053
:106110006768000067680000676800006768000043
:106120006768000067680000676800006768000033
:106130006768000067680000676800006768000023
:106140006768000067680000676800006768000013
:106150006768000067680000676800006768000003
:1061600067680000676800006768000067680000F3
:10617000ED690000D5690000C3690000B569000041
:10618000676800006768000067680000A769000092
:1061900091690000042D7FF468AFD3F802308B6161
:1061A000531C9E423FF668AF70BD042D7FF45DAF77
:1061B000D3F802304B6158E7042D7FF456AFD3F883
:1061C0000230CB6051E7012D7FF44FAF9B7881F80F
:1061D000203090E8440048E7012D7FF446AF9B78DB
:1061E000032B3FF642AF81F8213090E844003CE7B2
:1061F000042D7FF43AAFD3F80230CB6135E7032D9D
:106200007FF633AFD3F802300B612EE7032D7FF614
:106210002CAFD3F802308B6027E7042D7FF425AF35
:10622000D3F802304B6020E770BD00BF2DE9F0418C
:106230000C2586B000F13406044606AB0DEB0502D2
:1062400000680F4643F8105D314601930023009229
:106250004FF40A7204F0CEF9054607F089F8A369F5
:106260006269C01A904250D2EF2D03DD94F83430A9
:10627000022B04D00025284606B0BDE8F081D4F8F2
:106280003880A06AFFF792FA8045F3D194F836205F
:10629000062AEFD104F1200104F1500004F0E6FEDB
:1062A0000028E7D104221A4904F5907004F0DEFEBC
:1062B0000028DFD12421384604F0D0FE6B1E616C2B
:1062C00004F592721E4404F12C08396039462663A5
:1062D0004046E262FFF7C6FE97F82130002BCAD095
:1062E0009A07394640464CBF04F1600304F1A0030D
:1062F000E36297F82130DB074CBF04F21F1304F16F
:106300009F032363FFF7AEFEB5E74FF0FF35B2E71B
:10631000600D00202DE9F04F00F13407044689B0EC
:106320004FF40A7100F12008384604F097FE062564
:106330000123A06A84F8365084F8343084F835306C
:10634000FFF734FA80232A46A063E387414604F12D
:10635000500004F5927504F0F7FD04F590700422E6
:10636000704904F0F1FD2379092B00F28A80DFE8FF
:1063700003F08B88969EB888C3CE880504F5187202
:1063800004F5177628460423711B00923222FFF78A
:1063900057FE0546002874D003234FF0FF398DF8CF
:1063A00009300DF10900711B0123352200902846A8
:1063B000FFF746FE0546002863D09DF8093003F03C
:1063C000FD03012B1CD106F0D3FFD4F86432A06189
:1063D0005BB104F51970711B042333220090284629
:1063E000FFF72EFE054600284BD04F48711B0623B1
:1063F000372200902846FFF723FE0546002840D0AC
:106400004FF40A70FFF7CEF90DF1200E711B022335
:106410002EF8160D39222846CDF800E0FFF710FEC1
:10642000054670B30DF1200B4FF0010A41460622DC
:106430000DF10D000BF814AD04F086FD711B28461C
:10644000CDF800B007233D22FFF7FAFD0546C0B1A5
:10645000FF2305AE0C210370304604F0FFFD0C2332
:10646000EA1B20684FF48644019300965244394653
:106470000023ADF814A0CDF81C90ADF8164004F040
:1064800047F809B0BDE8F08FD4F86C220723D4F8A0
:10649000789204F5177622648DF8093081E701239C
:1064A00004F517764FF0FF398DF8093079E704F5D8
:1064B000247204F51776284604230092711B3222B9
:1064C000FFF7BEFD0028DCD004F52775311A042340
:1064D00036220095FFF7B4FD054600287FF45CAF37
:1064E000CFE7D4F86C22042304F517764FF0FF3978
:1064F00022648DF8093054E7D4F86C220323D4F8D1
:10650000789204F5177622648DF8093049E7032262
:10651000D4F86C3204F517764FF0FF398DF8092066
:1065200023643EE7600D0020F464002010B50446AB
:106530000171092906D8DFE801F01328383D4A57D0
:106540006778280610BDFFF7E5FE0120A1694FF42A
:10655000FA524FF47A6320732161A260636110BD27
:10656000D0F86C32002B66D1D4F8B40203F090F965
:10657000022863D000232068637103F09BFFD4F8E6
:10658000B802BDE8104000F0F3BCD0F8B40203F04C
:106590007FF9012805D00022D4F8B402114603F097
:1065A0001FF9A36A0133A36210BDFFF7B3FEE369CD
:1065B000636110BDFFF7AEFE0120A1694FF47A625E
:1065C0004FF47A53207321616261A36010BDD0F84B
:1065D0006C12D0F8B40200F089FF06F0C9FE4FF447
:1065E0007A73A061A36010BD83690622D0F880028F
:1065F0002361431C227316D0FFF7D8F84FF47A7347
:1066000003FB00F0A06010BDFFF784FE0723D4F861
:1066100084022373FFF7CAF84FF47A734EF66022B0
:1066200003FB00F06261A06010BDFFF773FE012361
:10663000D4F88802EDE7FFF76DFE95E70022D4F865
:10664000B402114603F0CCF894E700BF10B504463D
:10665000D0F87022D0F86C12D0F8B40203F0C0F871
:10666000D4F87412D4F8B40203F0CAF8D4F87C1247
:10667000D4F8B40203F0D0F8D4F8B402022103F045
:1066800013F920460521FFF751FFD4F8BC323BB186
:10669000D4F8C8222046D4F8B412BDE810401847F8
:1066A00010BD00BF10B5044600F07CFC0021204660
:1066B000FFF73CFFBDE8104000F07ABC0279531EA2
:1066C000F0B504468DB0082B3ED8DFE803F04E56F7
:1066D000056F8805053F0500063A012A40F2B280A1
:1066E00006F046FE2369A268C01A904280F09E80A0
:1066F000204603A9FFF79AFD421C00F0AA8000285B
:1067000022DD9DF82C30052B40F09580039BDBB1FA
:10671000069BCBB10A9DBDB1A36923616B1C40F000
:106720009C800895099503AD04F51B7694F8687272
:106730000FCD0FC60FCD2D680FC63560002F5AD074
:1067400020460421FFF7F2FE0DB0F0BD0921FFF74E
:10675000EDFED4F8C032002BF6D0D4F8C422204687
:10676000D4F8B41298470DB0F0BD0221FFF7DEFE59
:10677000D4F8C032002BF0D1E6E703A9FFF756FDAD
:10678000411C5AD00028DFDD9DF82C30022BDBD1D4
:1067900003AD04F524760FCD0FC60FCD2D680FC6BF
:1067A000204635600321FFF7C1FECDE706F0E0FD8E
:1067B000A369A268C01A90421DD20022D4F86C12BC
:1067C000D4F8B40200F02CFD01280546BCD12046C7
:1067D000FFF7A0FD29462046FFF7A8FEB4E7D0F852
:1067E000B40203F055F850B96379012BACD12046BF
:1067F000FFF758FFA8E72046FFF728FFA4E70C2380
:106800000CAA20680DEB030142F8283D00238DE817
:1068100006004FF40A7204F1340103F0EBFE06F0B7
:10682000A7FD2369A268C01A90428DD9217B20461A
:10683000FFF77CFE88E7062B86D120460121FFF773
:1068400075FE81E7D0F8B40203F022F80028CBD01F
:1068500046E72046FFF75EFD76E72846FEF7A6FFEF
:10686000B3281FD84FF034430A93089BC3B1099B48
:106870000A9813B185423FF456AFFEF797FF4008E0
:10688000FEF794FF08900A98FEF790FF05460A98D5
:10689000FEF78CFFA5EBD000FEF788FF099042E7DA
:1068A0000A98EAE70A98FEF781FF034B9842DCD981
:1068B000024B0A93D9E700BF9BC420000020C49B71
:1068C0002DE9F043054685B000F06CFB002D5AD051
:1068D0002E68002E57D0304603F022F9814600285A
:1068E00051D02C4C6779002F4DD10C214FF001086D
:1068F00001A804F0B3FB4FF488433A464046022116
:106900000397CDF80890ADF80480ADF8063004F098
:1069100079F82060002836D001A90C2204F0D6F8BE
:1069200070BB062204F12001304602F0E3FF38BBC1
:106930002146194800F0FCFAC4F8B80200B34FF43D
:106940007A63C4F8B462E3616B68C4F86032A86823
:10695000FEF72CFFD4F860222B7B002AC4F86402D7
:10696000204684F868320CBF01210821FFF7DEFDC4
:1069700084F8058000F01CFB204605B0BDE8F083DC
:10698000206803F097FD00F013FB002005B0BDE880
:10699000F08300BF64AE0020B96E000010B14379EF
:1069A000012B00D07047FFF77DBE00BF00B14079DA
:1069B000704700BF38B590B1054600F0F3FA094BB7
:1069C0005A79012A04D0002400F0F2FA204638BD9A
:1069D000D3F8B40285420CBF1C460024F4E70446F9
:1069E000F4E700BF64AE002089B180B138B5054638
:1069F0000C4600F0D7FA05F51B750FCD0FC495E8CE
:106A00000F0084E80F00BDE8384000F0D1BA7047AD
:106A100018B119B94FF47A63C3617047C161704707
:106A20002DE9F843804608460D4604F039FB06463A
:106A3000404604F035FB2EB1731C984205D000206F
:106A4000BDE8F8830120BDE8F883013D002715F873
:106A5000013F7C1C2E2B20460AD018F8040004F0BD
:106A60004DFB8146287804F049FB8145204608D13A
:106A7000A6422746EBD8301AB0FA80F04009BDE8AC
:106A8000F8833846F7E700BF2DE9F04F4FF4007365
:106A900089B00446039300F085FACCB16369BBB1B9
:106AA0004FF48071E06804F007FB0138FE280FD82E
:106AB0000C22214605A804F047FA05A804F058F96D
:106AC000012800F09F80DFF8A89199F808302BB1D9
:106AD00000F06EFA002009B0BDE8F08F4FF41C7191
:106AE000484604F0BBFA6269A369C9F80C20C9F8EA
:106AF0001030228AE368A9F82C20C9F8183004F075
:106B000031FBA9F82800238A012B76D0022BDFD194
:106B10004FF4E053A9F82A3000220221BDF81400F6
:106B200003F070FF524EC9F800000028D0D00425B1
:106B30000622504903AB009503F0D2FD306803AB49
:106B4000009505224B4903F0CBFDBDF816301BB96B
:106B50004FF45453ADF8163005A90C22D9F80000B3
:106B600003F0E8FB0130424E72D0358D01224FF424
:106B70008073E1680DF12008002406F13B003286A5
:106B8000F58506F13A0B738648F8104DB6F82AA041
:106B900004F0A6FA4246384906F13B0004F0B6FA82
:106BA00006E000208CF83A300EF1010404F0AEFA51
:106BB000601C2F4D584405F13A0704F071FA06EBBA
:106BC000040C0346424604EB000E2B490028E8D192
:106BD0002744012611342946A7F801A0FB703E7115
:106BE00026486C6200F0A4F9686088B32E7200F049
:106BF000DFF9284609B0BDE8F08F4FF48073A9F89B
:106C00002A3089E7069802F095FF054628B300264A
:106C100003E002F011FD054620B3BDF8143028460C
:106C2000771C0BB1DB0703D502F028FE0790D8B91B
:106C3000069B30463E46002BEBD005A804F098F8A2
:106C400000287FF445AF284602F06AFF06903AE735
:106C5000D9F8000003F02EFC3AE702F0E9FD054602
:106C60000028D4D10025E8E70123ADF81430E4E78B
:106C7000BCAB002017E50300105200201575000082
:106C80002DE9F04F4FF0000A83B017468146884641
:106C90001646554601933C7804F0C000C0281ED02B
:106CA000A8BBB9F1000F30D0B8F1000F2DD0A0452E
:106CB0002ED9621CC4EB080848463946934608F1B1
:106CC000FF3804F041F9D9445A461744BE4238BF50
:106CD0003E46002CDFD1304603B0BDE8F08F05B949
:106CE000023624027D780C9B04F47C5425449D429A
:106CF0000DD20AF1010A019BBAF1040F03EB05075B
:106D0000C9D95C5D04F0C000CAE7621CDDE7002061
:106D100003B0BDE8F08F00BF037A022B2DE9F043EA
:106D20000446ADF5037D30D0032B16D0012B03D0E4
:106D30000DF5037DBDE8F0830023426A00F12E01CA
:106D4000006803F04DFC636A984200F0A4800323BE
:106D500023720DF5037DBDE8F08300F023F9206870
:106D600003F0A8FB606800F003F90023237200F031
:106D70001FF9216A00297AD10846E5682369A269CA
:106D8000A8470DF5037DBDE8F08300F12E06002332
:106D90004FF400720068314603F098FC0C28054659
:106DA00068D9E28D238D9A42C2D1B4F93030002BDC
:106DB000BEDA608EFEF7F6FC0128B9D100953346A5
:106DC00004F13A0202A8FF21FFF75AFF0746002804
:106DD000AED0A16902A8FFF723FE0128A8D104378D
:106DE0004FF0000806EB050909E0B3F5A06F58D095
:106DF000388908F10108FEF7D5FC0A300744A08E57
:106E0000FEF7D0FC80455CD24F455AD23A460095F9
:106E10003346FF2102A8FFF733FF0746002850D072
:106E2000A16902A8FFF7FCFD0128E1D13B88628D32
:106E30009A42DAD17B88B3F5807FD9D1B2F5807FD1
:106E4000236A43D103F12302D7F80A101201A0529A
:106E50002244916004EB031201337968032BC2F8DA
:106E60003C122362C4D9002B7FF471AF60E704F5B4
:106E70000C7082E706F07CFA6369C01AB0F57A7F7D
:106E80007FF656AFE3690133052BE3613FF65FAF51
:106E9000012323724CE706F06BFA02236061237230
:106EA00046E77B88B3F5807FA2D13346009507F192
:106EB0000A02FF2142A8FFF7E3FE0DF20913A361C6
:106EC00096E7236A002B7FF442AF31E72333022099
:106ED000102207F10A011B01E052E018083004F00B
:106EE00033F8236AB6E700BFF8B50F4C01270F4807
:106EF00004F1900603F0F4FF02E00C34B4420ED02B
:106F00002368002BF9D02579002DF6D127710C3498
:106F100054F8040C984704F8085CB442F0D10348D4
:106F2000BDE8F84003F0E8BF5CB10020F0B10020FC
:106F3000F8B5C8B106460F4603F0EAFF00220B4D34
:106F40001346AC580C3209493CB101330C2BF8D133
:106F5000002403F0EBFF2046F8BD03EB43039B0046
:106F6000CC18CE50A760F4E70446F4E75CB10020EB
:106F700048B110B5044603F0CBFF00232360BDE801
:106F8000104003F0D3BF704708B50448902104F0C7
:106F900065F80348BDE8084003F094BF5CB10020E9
:106FA000F0B10020014803F09BBF00BFF0B100200A
:106FB000014803F0A1BF00BFF0B1002010B50446A6
:106FC000006802F073FD237B834207D020730146E3
:106FD000236962692068BDE81040184710BD00BFF2
:106FE000F8B50546FFF7DEFF35B12B6823B16B68B6
:106FF00013B10E4C26790EB10020F8BD18212046A1
:1070000004F02CF82F686A682146AB6808482760AE
:1070100022616361FFF78CFFA0600028ECD00123A0
:1070200026732371FFF7C4FF2046F8BD38B1002056
:10703000B977000068B110B50446FFF7B3FF2046EA
:1070400012F098FF204612F0A1FFBDE81040FFF7B4
:10705000AFBF704702F05CBD70B50F4E00F1F00598
:10706000044602E01834AC4214D0A368002BF9D0D7
:1070700006F07EF9E368C01AB042F3D923691846D6
:107080000BB102F0FDF820461834182103F0E6FF9A
:10709000AC42EAD170BD00BF804F12002DE9F0472D
:1070A0000023164604460F46804602469168183271
:1070B000B9424AD001330A2BF8D1234600259A68F9
:1070C000183312B301350A2DF9D10025A946AA4675
:1070D00006E00AF1010A08F11808BAF10A0F14D003
:1070E00006F046F9D8F80C30C01A4845F1D9554693
:1070F0000AF1010A06F03CF9D8F80C30BAF10A0F8F
:1071000008F11808C3EB0009EAD14FEA450909EB79
:10711000050804EBC808D8F8100030B102F0B0F848
:107120000023C8F81030C8F814304D443146062208
:1071300004EBC5052846AF6003F006FF06F018F91A
:107140002B46E8601846BDE8F08703EB4303314661
:10715000062204EBC304204603F0F6FE06F008F90D
:107160002346E0601846BDE8F08700BF08B301B3CE
:10717000F8B507460E4601F1F0050C46B965204604
:107180001834182103F06AFFAC42F8D132460C499A
:107190000C4806F025F9C6F8F00068B139460A48EF
:1071A00001F040FDB0FA80F3C6F8F4005B095842E4
:1071B000F8BD4FF0FF3070474FF0FF30F8BD00BF13
:1071C00055780000E09304005178000010B5846DFC
:1071D00034B1D4F8F00006F023F90023C4F8F030FD
:1071E00010BD00BF806D0023024610B594681832B0
:1071F0008C4205D001330A2BF8D10024204610BD63
:1072000003EB43030622054900EBC304204603F0C9
:107210002DFF0028F1D0204610BD00BF6C0D0020CE
:1072200070B5D0B1846D94B104460E46154601F098
:1072300045FD31462046FFF7D5FF60B14DB101460F
:1072400006222846012403F07FFE01F03FFD204680
:1072500070BD0124F9E70446F7E70446204670BDF7
:107260002DE9F04385B00B46019149691B2904D9EA
:10727000DC682288B2F5807F05D0184602F000F85D
:1072800005B0BDE8F0832279062AF6D16288082A83
:10729000F3D16279042AF0D11C290546D0F8589020
:1072A00008D10622284602A902F00CFB064638B196
:1072B000019BE2E7C1F11C0101A802F075F8F0E7BB
:1072C00004F10807062202A9384603F0CFFE002881
:1072D000EED006223449384603F0C8FE0028E7D035
:1072E000D4F80E10EB6AD4F8188099424DD0984526
:1072F00015D03346AA6D4FF0180E01E00A2BD7D0F7
:107300000EFB03260133B0688142F7D106223946CD
:10731000304603F019FE06F02BF8F06005E03A461F
:10732000A86DFFF7BBFE064650B1336943B1324644
:107330004FF40061284600F033FA00233361736193
:10734000E388B3F5807FB3D1EB6A9845B0D10223CF
:1073500004F1120600210622E3713046A17139467C
:1073600003F0F2FD02A93846062203F0EDFDD4F841
:107370000E10EB6A3246A1612846C4F80E3040F682
:107380000601019B00F00CFA7AE721B9AB6DD3F846
:10739000F8309845D4D10123D9F8F40085F8543059
:1073A00001F0BEFCCCE700BF640D0020002849D0EE
:1073B0002DE9F043D0F8588083B0B8F1000F22D007
:1073C0000546894601F07AFC01211C2001F0A8FD48
:1073D0000646B0B1C4680023082104224FF0010E14
:1073E0000627A1702846627169463A462370E37009
:1073F000A37184F801E084F807E0277102F062FAD3
:1074000020B101F063FC03B0BDE8F0833A460E49B9
:1074100004F1120003F098FD3A46694604F10800B1
:1074200003F092FDEB6AC4F81890C4F80E300BB963
:10743000C8F8F89033462846044A40F6060100F0A2
:10744000AFF9DEE7704700BF6C0D0020640D00202F
:107450002DE9F047D0F8588007460D4691460024A4
:1074600001F02CFC43469A681833AA4219D0013423
:107470000A2CF8D11C4A2946B86DFFF70FFE0646C4
:10748000006908B101F0FCFEC6F8109005F070FF2D
:10749000294670613846FFF789FFBDE8F04701F0E3
:1074A00015BC04EB440608EBC606336906F1100A66
:1074B0009BB105F05DFF7369C01AB0F57A7FDAF809
:1074C000000008D848B101F0DBFEC6F81090BDE816
:1074D000F04701F0FBBB0028D4D1182303FB048440
:1074E000C4F81090D2E700BF6C0D002038B50446F8
:1074F0000D4603F00DFD29462046FFF757FFBDE876
:10750000384003F013BD00BF70B5846D002501F055
:10751000D5FB04F1F006236918461BB101F0B0FE5B
:10752000256165611834B442F5D1BDE8704001F0C1
:10753000CDBB00BFB1F1200C2DE9F04F3ED402F1DC
:107540002003E64633F8204CBEF1200E33F81E1C13
:1075500003F1200333F83C5C214433F83A4C33F810
:10756000387C294433F8366C33F8345C214433F8E2
:10757000324C33F830BC394433F82EAC33F82C9C01
:10758000314433F82A8C33F8287C294433F8266CAC
:1075900033F8245C214433F8224C59445144494483
:1075A000414439443144294421440844CAD54FEA6E
:1075B0005C114B1CACEB411102EB4312B1F108071B
:1075C00018D402F108033E4633F8084C083E33F85D
:1075D000061C03F1080333F80C5C214433F80A4C11
:1075E000294421440844EFD5F9084B1CA7EBC101FD
:1075F00002EBC3028D1E0CD42B46114631F8024B10
:10760000023B2044FAD569084B1CA5EB410102EB73
:10761000430209B113781844BDE8F08FF0B505694D
:1076200083B007460C468D424FF00006C26828BF63
:107630000D462946304624B1641BFFF77BFF064602
:1076400014B9304603B0F0BD3F6815F00105FA6883
:107650002B4605D139692546A14298BFCD18E8E7E8
:1076600012F8010B013C00920192FEF79BF84FF0DB
:10767000FF330644009AEDE708B5FFF7CFFF4FF65A
:10768000FF7303441A0C03D012FA83F31A0CFBD1D4
:10769000D84380B208BD00BF70B515460E461146EE
:1076A000FFF7BCFF04462846FEF77CF84FF6FF7351
:1076B00033441C442044030C03D013FA80F0030C21
:1076C000FBD180B270BD00BF38B51C4615460A46D6
:1076D0001946FFF72FFF2A462146FFF72BFF4FF6EB
:1076E000FF7303441A0C03D012FA83F31A0CFBD174
:1076F000D84380B238BD00BF014B93F900007047FA
:1077000091B80020014B1870704700BF91B800205D
:10771000002818BF0E2A0CD959B170B582B00D4699
:10772000144606226946064602F0CCF810B102B0B3
:1077300070BD704706226946A81803F097FC002820
:10774000F5D0A4F10E01012205F10E0001F034FC88
:107750000028ECD02B78FF2B0ED0012B03D18369AE
:1077600043F004038361AB89B3F5C16F0DD0082BDF
:1077700010D001F085FDDAE76B78FF2BF3D1836938
:1077800043F0020383612B78E7E7034B0146304661
:107790009847CCE7014BF9E75D7A00006989000062
:1077A0002DE9F04705460F4690461C4643B15A69FD
:1077B00083689A4204D92046BDE8F04701F060BDD5
:1077C00001210E20D5F80CA001F0AAFB06460028E6
:1077D000F1D0D0F80C900622284609EB020102F005
:1077E00071F80028E7D141460622484603F0ACFB79
:1077F0003846FDF7D7FFA9F80C0024B130462146E2
:1078000001F086FE0646DAF80C3031462846BDE81F
:10781000F0471847C16851B1203108B5FFF7A6FC01
:1078200020B9044A13680133136008BD08BD4FF046
:10783000FF30704730B1002008B5FFF7C7FC024A9F
:107840001368013B136008BD30B10020FFF75CBE38
:10785000C16A10B582B039B906226946044602F001
:1078600031F828B102B010BDFFF7A0FD02B010BD85
:1078700003466A4620464FF6FF71FFF791FF02B0BC
:1078800010BD00BFF0B50C4683B00546014620464A
:10789000174600F0EBFC98B904F0F002E02A1DD086
:1078A000214628466A466E46FFF7BAFC78B13B4649
:1078B000324628464FF40061FFF772FF03B0F0BD77
:1078C0000622154968466E4603F03EFBEFE73A464E
:1078D00021462846FFF7BCFD03B0F0BD0346012159
:1078E0005E2220468DF800106E468DF802208DF83D
:1078F0000130FDF75BFFC0F3064320468DF80330EF
:10790000FDF754FF030A20468DF80430FDF74EFFC3
:107910008DF80500CBE700BF640D0020C368F0B50B
:107920005A6985B00191CAB19DF805304FF0010E3A
:1079300000275E2603F07F039DF806509DF8074060
:1079400002A98DF80B308DF808E08DF809708DF8DC
:107950000A608DF80C508DF80D40904705B0F0BDD1
:10796000C368F0B51A6985B00191CAB19DF80530B8
:107970004FF0010E00275E2603F07F039DF80650AE
:107980009DF8074002A98DF80B308DF808E08DF8BE
:1079900009708DF80A608DF80C508DF80D409047F5
:1079A00005B0F0BD80B1036910B41C78012C06D17C
:1079B0005B6B23B11B6813B15DF8044B18474FF0A4
:1079C000FF305DF8044B70474FF0FF30704700BF49
:1079D00080B1036910B41C78012C06D15B6B23B114
:1079E0005B6813B15DF8044B18474FF0FF305DF84A
:1079F000044B70474FF0FF30704700BF10B504468E
:107A000082B018B103691978012903D094F82400D1
:107A100002B010BD5B6B002BF8D01B68002BF5D0BB
:107A20000DF1060298470028F0D1BDF80600C0F31A
:107A3000800002B010BD00BFF0B583B000234FF44A
:107A40000042054602AE194642F21074C76826F895
:107A5000023DFFF7BDFF01E0013C40D0324600216E
:107A60002846FFF79FFFBDF90630002BF4DBFB69CA
:107A700023B12846984708B103B0F0BD3246002133
:107A80002846FFF78FFFBDF806200021284622F484
:107A9000B0521204120C42F49052FFF799FF05F015
:107AA00067FC04462B691978012902D0002003B035
:107AB000F0BD5B6B32462846002BF7D01B68002BCD
:107AC000F4D098470130F1D0BDF806309B06EDD4D4
:107AD00005F04EFC001BB0F5FA6FE3D3E6E7FB6957
:107AE000ABB1284698470028C6D1324621462846E1
:107AF000FFF758FFBDF806202146284622F4B05271
:107B00001204120C42F49052FFF762FFCEE73246A5
:107B100021462846FFF746FFBDF8062028462146A5
:107B200022F4B0521204120C42F49052FFF750FFAC
:107B30002046A1E72DE9F0431C46002387B0884684
:107B4000E56891460646AB70EB7010B1036A9B077F
:107B500015D461692046FFF78FFD68800025402716
:107B60004A46414601230294304605950495039503
:107B70008DE8A00000F02AFE07B0BDE8F08361693F
:107B800000F0CEFA0028E4D1A36943F02003A361FA
:107B9000E4E700BF2DE9F0410E46516988B0134675
:107BA0002329019227D92429074601AC29D120464F
:107BB00001F088FB0130019B1DD0D3F80C8000211F
:107BC000012098F8112002F02DF8054690B1836944
:107BD00083B105AB02AA08F10801384600F0A8FA03
:107BE00020461C2101F0E0FB05AA02A9AC69304641
:107BF000019BA047019B184601F042FB08B0BDE87D
:107C0000F081C1F12401204601F0CEFB019B20460A
:107C1000596901F057FB0130019BCED1EBE700BF62
:107C2000F0B583B004460E4615460898019301F05E
:107C300027FB01989CB190B104210DEB010001F0EC
:107C400041FB013001980AD08369AF689B06B66892
:107C5000C56808D44169FFF70FFD20B1019801F014
:107C60000FFB03B0F0BD2146304600F0FFFA0028BC
:107C7000F4D106F0F003E02BF0D02B78033B092B76
:107C8000ECD801A252F823F009850000018500001C
:107C9000598400005984000059840000D5840000F4
:107CA0005984000059840000BF840000AD840000A6
:107CB0006B78012BD2D82046019A0921FFF76AFF81
:107CC000CFE76B78002B39D0012BC7D10821204694
:107CD000019AFFF75FFFC4E701984369072BBED9FC
:107CE0002146384600F0C2FA0028B7D107F0F00369
:107CF000E02BB3D02870324639462046019BFFF76F
:107D000019FFAEE769780029A8D1E0E76B780C2B62
:107D1000A4D8DFE803F00907110F0D0B09070709C5
:107D2000070907000221D2E70621D0E70521CEE7A7
:107D30000121CCE70421CAE70321C8E70721C6E7F0
:107D40002DE9F04F83B00193BBB1DC681746E288A0
:107D500022F0E00272B9627A05460E46012A63D02B
:107D6000D4F80C802946D4F81090404600F07EFAF2
:107D700030B1019B184601F083FA03B0BDE8F08FE3
:107D800008F0E003E02BF4D02946484600F06EFAF4
:107D90000028EED109F0F003E02BEAD0019B9A69AC
:107DA00012F0060AE6D15146082001F0B9F8024661
:107DB0000028DED0D0F80CB00C2E8BF804A08BF885
:107DC00005A08BF806A08BF807A039D1042F37D176
:107DD000002D37D000902889FDF7E4FCABF80400B3
:107DE000009A8BF800608BF80170237801999B0052
:107DF000486903F03C0303F10804844208D2C0F14F
:107E0000080101A80092194401F0CEFA0199009AE4
:107E1000104601F07DFB044603464246494628468B
:107E20000194FFF787FEA8E72278920002F03C0257
:107E3000A15C12299ED8084ACA40D2079AD58FE77A
:107E40000C2ECED138460092FDF7ACFCABF8040006
:107E50000027009AC5E700BF01E707002DE9F041C0
:107E600082B000238C460A270DF1080E1E461A46E2
:107E700098460EF8043D714610F8014BACB1A4F1E0
:107E80003003DDB2092D1BD80C7817FB043304B97D
:107E90003ABBFF2B25D80B7012B90136042E20D81F
:107EA00010F8014B0122002CE9D1032E19D96046AC
:107EB0007146042203F048F8204602B0BDE8F08184
:107EC000A6F104032E2C14BF002402F00104B3FA1F
:107ED00083F35B09A34204D281F8018000220131BF
:107EE000CAE74FF0FF3002B0BDE8F081FFF7B6BF40
:107EF000F8B5044615460E4600F0E0FE6A69636870
:107F00001344B3F5804F14D80021042001F008F881
:107F100078B1676829466B69C6603B44636001F0CD
:107F2000F7FA0146204601F00FFB00F0CFFE0020DB
:107F3000F8BD00F0CBFE4FF0FF30F8BD70B505681E
:107F4000A5B1EB6804462E680B6000F0B7FE1EB1C9
:107F5000636872699B1A63600023204629462B6080
:107F600001F0FEFA00F0B2FE304670BD2E46FBE78F
:107F700070B5049C16461A460546231C18BF0123FB
:107F8000002918BF002353B14AB143699B88DB071E
:107F900005D52346314600F091FD10B970BD6FF054
:107FA000050085F88400FFF7ADFB4FF0FF3070BD92
:107FB00070B5049C05467BB174B116461A46236819
:107FC00053B149B943699B88DB0705D52346314640
:107FD00000F040FD10B970BD6FF0050085F8840019
:107FE000FFF790FB4FF0FF3070BD00BF38B543691D
:107FF0000446BBB100250BE0D968D160D9680A619D
:1080000062699A4208BF616101F03AF963694BB154
:108010001A6998689A42EFD1656101F031F9636994
:10802000002BF5D163685BB122681A60226802B147
:108030005360204601F0BEFABDE8384000F046BE6D
:10804000226801490A60F2E76CB2002038B500F0FE
:1080500035FE0B4B1C686CB1237A013BDBB22372FB
:1080600063B9256800F02AFE20462C46FFF7BEFFC4
:10807000002CF1D1BDE8384000F028BE2468EAE7C2
:108080006CB2002010B500240E4B0F494FF4FA706B
:1080900022461C6005F0A4F90C4B186070B17821E1
:1080A0000B4802F0DBFF21460A4800F0BBFDB0FAA6
:1080B00080F3094A5B091060584210BD4FF0FF3051
:1080C00010BD00BF6CB200204988000078B20020CB
:1080D00020B90020D18A000068B2002038B50446DB
:1080E00001F0B2FB0D4B1D6865B12B46DA6B1AB17E
:1080F000D96A6140114206D05B69002BF6D138B1D4
:10810000836C2BB10346184638BD6D69002DF9D03C
:10811000AB6C002BF9D02B46F5E700BF98B90020D7
:1081200080681431814294BF00200120704700BF55
:108130002DE9F04180460E4610460C211C4615469E
:10814000012702F08BFFD8F81C3020462F800C212D
:108150006B60F368AB6002F081FFD8F81C302780B9
:1081600063603369A360BDE8F08100BF70B169B19D
:1081700010B50C46014608482246FFF7B9FE30B953
:10818000064BBDE81040186800F0CABD7047204695
:10819000BDE8104001F074B870B2002068B2002051
:1081A00038B50E4D00F08AFD2C683CB100F086FD1C
:1081B0002046FFF71BFF2C68002CF7D1084C2168E4
:1081C00029B1074801F0CCF921680029F9D1002331
:1081D0006360BDE8384000F079BD00BF6CB200209C
:1081E00070B2002010B5044CFFF7DAFF206805F0EC
:1081F00017F90023236010BD78B2002070B5154E2A
:10820000002533462A4606E01C68844213D001321A
:108210000C330A2A07D09C68002CF5D101321D4688
:108220000C330A2AF7D125B1AB680133012BAB60BF
:1082300009D0284670BD5C688C42E8D102EB42024E
:1082400006EB8205F0E785E8030001F0F9FB28461C
:1082500070BD00BF20B9002018B18368013B836066
:1082600003B1704703C801F0F1BB00BF431E0333E5
:1082700010D86FF4AB7398420CD069B10B6C984274
:1082800008D04B6C984205D08B6B181AB0FA80F06E
:10829000400970470120704710B582B0044602F0D3
:1082A00037FE0B4B186840B90BE0436C9C4207D07B
:1082B000836B9C4204D0406918B1036C9C42F4D19A
:1082C0000120019002F032FE019802B010BD00BF03
:1082D00098B900202DE9F0470026AE4F8CB000F091
:1082E000EDFC03A9AC48FFF729FE049008B34660F3
:1082F000142104A800F0E6FF013016D0049BDC68CE
:108300006088D4F81090FDF74DFA0546049843694B
:10831000132B07D99D4205D894F800804FEA181214
:10832000042A0BD000F0ACFFDBE7049800F0A8FFB4
:10833000D7E700F0CBFC0CB0BDE8F0874FEA880827
:1083400008F03C08B8F1130FECD94545EAD303997E
:10835000CA6A914507D04846FFF788FF002800F019
:10836000BB80049843699D42C0F0AF80E28822F050
:108370004002002A3BD1039A126A110706D5627A9D
:1083800002F0EF0101292DD0062A2BD0B3F5004FC2
:10839000C8D8002308F10802194600F0C7FE41467C
:1083A000054604A801F000F809AB06AA2146039887
:1083B000FFF7BEFE039809AA06A9049B009501F0E9
:1083C00077FD627A0021012001F02CFC002800F0EA
:1083D0009881039C09AA009506A945692046049B3B
:1083E000A8477EE7826942F020028261CEE70DF164
:1083F0003009194649F81C0D484600F063FF01306A
:1084000000F07C81059B3C68D3F80C80002C75D073
:10841000B8F8042002E02468002C6FD063899342EE
:10842000F9D1617A98F809309942F4D1E168D8F825
:108430000C309942EFD12169D8F810309942EAD135
:1084400098F800504846AD0005F03C05294600F07C
:10845000ABFFB8F80200FDF7A5F9B8F80630401BED
:108460009A06A8F8020005D598F8012042F001020A
:1084700088F801201846FDF795F9DDF814E0C000F2
:10848000C8F808E082B2A8F8062063691D4603E038
:10849000ED68AB4200F01A81E9889142F8D9AB420D
:1084A00000F014812869B0F806C041886144B1EB3E
:1084B000020A00F0E280B8F802309A45C0F0348138
:1084C000704600F0DDFE04960BE7E91A04A800F000
:1084D0006BFF0498436949E7039B0498DA6A002A12
:1084E00000F0BD8009F0F009B9F1E00F04D01B697C
:1084F0001B78032B7FF416AF436934E798F80040EC
:108500004846A40004F03C04214600F04DFFB8F8B2
:108510000200FDF747F9041B1820A8F8024001F0FB
:1085200059F80446002800F0E9803B68236003B155
:108530005C60142326716671A671E67123723C603B
:10854000B8F80430638198F809306372D8F80C30B9
:10855000E360D8F810302361B8F80600850605D529
:1085600098F8013043F0010388F80130FDF71AF95B
:10857000059BC1004046C8F80C8089B2C8F810803D
:10858000C8F80830A8F80610C4F814800346002282
:1085900005E000BF6CB2002070B20020D9888A428A
:1085A00091D15988DB680A44834292B2F6D11A69A4
:1085B0005278D00787D49A680592D3F80C809845F2
:1085C00000F0C7801046D8F8081000F0A1FF059011
:1085D000D8F80C8002466569A845F3D195F800E00B
:1085E00050694FEA8E0E1369D1680EF03C0E70444C
:1085F000506180B295F800E04FEA8E0E0EF03C0E0E
:10860000734413612B789B0003F03C03CB1AD360B7
:10861000FDF7C8F86880E2686B78EA60226923F0A9
:1086200001032A61627A6B706A7262682368002AA9
:1086300000F08D801360236803B15A60204600F07B
:10864000B9FF0598049000283FF44BAEC468436915
:1086500094F800804FEA880808F03C0896E68269A2
:1086600092073FF549AF3DE7D168D960D1680B610A
:1086700063699A421BD0B8F806209D4226D0B8F80C
:108680000230B5F806E013447345CEEB03011DDD5F
:108690006B8899420ED3ED682B69986800F0F0FD65
:1086A0002A6913699A42DFD166610023E3E70B462A
:1086B0006161E0E78AB205F108009B1A96446B807D
:1086C000A5F806E000F070FEB8F806202B6913B399
:1086D000616901B3D968C8F81030C8F80C10D968BE
:1086E000C1F81080C3F80C806069C18891427FF6A0
:1086F0004DAFC4F814801146404647E7DDF814E05A
:10870000DEE6049800F0BCFD2B460222032103980C
:10871000FFF716FBE5E5C8F80C801146C8F8108095
:108720004046C4F8148031E75146484600F03CFE0C
:10873000B8F806201FFA8AF1B8F802300A44591A2C
:1087400092B2A8F80210A8F80620636995E73B608A
:1087500072E71D4642E700BF2DE9F04115469846F5
:10876000036A0022EF680446DB070E46BA72FA720B
:1087700023D5AB6943F01003AB6121463046FFF7C8
:1087800075FD90B906F0F003E02B0ED0B8F1000FA4
:108790000BD1E36AE26B7340134206D04FF6A96334
:1087A0001A463340934200D0A66C23692A463146CC
:1087B00020461B69BDE8F0411847397828468900F2
:1087C00001F03C01FEF758FF7881D6E72DE9F04F24
:1087D00087B01F46059104929DF840509DF8448053
:1087E0009DF84C609DF85090002800F0DE80044613
:1087F000059B73B1129A53691433B3F5004F0BD92B
:108800006FF00704104600F03BFD204607B0BDE8BE
:10881000F08FE36A0593EDE70121142000F080FB5F
:108820008246002800F0BD80159B43B115980423B3
:1088300004AA05A90088FEF747FF159B1880DAF8FF
:108840000CB0814A9BF80030108803F00F03411CE4
:1088500043F0400311808BF80030FCF7A3FF8BF846
:1088600001509BF80030129A23F00F03ABF804007C
:10887000556943F0050314358BF80030ADB2002E76
:1088800040F088808BF806608BF80760059A2846D0
:10889000049BCBF80C20CBF810308BF808808BF8B9
:1088A0000970FCF77FFF1299ABF80200504600F008
:1088B0002FFEA66802461290B54240F281809BF8D6
:1088C0000070BBF80630BF005B0607F03C07A6EB64
:1088D000070626F0070693D4072E91D90090394653
:1088E00012A800F0EFFC0130009A5AD0BB19DDF855
:1088F00048A09D42DAF80C10019300916AD9131D2B
:10890000CDF80C90DDF80480DDF800B099460294B3
:108910001EE0C8EB0506E080414600233246504683
:10892000B04400F003FC002800F086800146129855
:1089300000F0EEFD0346808A1293FCF733FF129B92
:1089400045456080C9F80030129B03F104093ED907
:108950000021384600F0E4FA3A46594612900028C1
:1089600065D0C06802F0F0FA129BC7EB0800DC6823
:10897000C0F3CF00237823F00F0343F005032370E7
:10898000FCF710FF08EB060340F020029D42C0D91F
:10899000E280C1E7002240238BF807208BF80630E5
:1089A00074E7129A6FF002042CE71046FFF796FB6B
:1089B000044600287FF41CAF129A6FF00F0421E7E1
:1089C0004B4620460499FFF7C7FE00201EE7029C95
:1089D000DDF80C90009D0027CDF848A06888FCF7D2
:1089E000E1FE019B191A12A800F0DEFC129B988A86
:1089F000FCF7D8FEEB88688043F02003EB8000266C
:108A0000CDF848A006E00499FFF7A6FE1295AA4605
:108A1000002DDAD0DAF804504B4652462046CAF808
:108A20000460002FEFD0504600F02AFCEEE7029CD5
:108A30000127DDF80C90E2E712980127029CDDF88F
:108A40000C9000F01DFCDAE780B8002047F6C470F7
:108A5000704700BF172910B420D0182912D016294A
:108A600004D06FF008005DF8044B704719680329C3
:108A700020D990F86D4004210020146019605DF841
:108A8000044B70471968032914D990F86E400421EB
:108A90000020146019605DF8044B704719680329C1
:108AA00008D990F86C4004210020146019605DF82A
:108AB000044B70476FF00500D5E700BFF8B5A1F192
:108AC0001604042C62D8DFE804F03A3225030300D0
:108AD000054650681F4614460E4600283AD001F05D
:108AE00043F8082F32D188B3216801F0F003E02B5E
:108AF0002CD16B6953B39B79022B27D1D5F89040C9
:108B00005CB32368984231D0192E1FD16FF00D0449
:108B10002046F8BD032B19D94369BBB19B79022BC1
:108B200014D11368002480F86E302046F8BD032B62
:108B30000CD91368002480F86C302046F8BD032B54
:108B400004D91368002480F86D3001E06FF005044B
:108B50002046F8BD00F078FEC3E7192EF6D1FFF7E6
:108B60004DFBC5F890000028F2D1CFE76368994229
:108B7000CAD1192ECAD0A368013BA3601BB100243F
:108B8000C5F89040E4E700F061FFF8E76FF00804F3
:108B9000DEE700BF104B10B51C684CB1636898420B
:108BA00003D106E06368834203D02468002CF9D126
:108BB00010BDA3680BB160699847084B1B683BB9AF
:108BC000E2682374002AF3D06069BDE810401047C2
:108BD0000123237410BD00BF34B1002050B1002028
:108BE0002DE9F04705461820894690469A46089F89
:108BF00000F0F0FC80B10A4E0446456051463368EF
:108C00002846C4F80890C4F80C806761236034607B
:108C1000BDE8F047FCF794BE4FF0FF30BDE8F087A9
:108C200034B100200C4B70B51C68064618200D4668
:108C3000621C1A6000F0CEFC50B1084B0022446068
:108C40001968C6604561016018608260204670BD89
:108C50000446204670BD00BFFC64002034B10020F3
:108C600010B4154C216851B14B68984220D00B4686
:108C700002E05A68824205D01B68002BF9D15DF8EA
:108C8000044B7047994204D112E05468A04208D0C6
:108C900011460A68002AF8D118465DF8044B00F026
:108CA00089BC126818465DF8044B0A6000F082BC6B
:108CB0000A680B462260EFE734B10020024A1368CD
:108CC00001331360704700BF50B100202DE9F0411F
:108CD000114E3368012B04D03368013B3360BDE88B
:108CE000F081DFF838800027D8F80040002CF3D05E
:108CF000002201E0246864B1257C012DFAD1E368EB
:108D00002774002BF6D06069984724682A46002C07
:108D1000F2D1002AE8D1DFE750B1002034B10020C1
:108D200038B5124D124A2B68146801332B6014B900
:108D30000DE024685CB163689842FAD1A3680BB176
:108D4000606998472B68012B05D001232374BDE887
:108D50003840FFF7BBBF0022E3682274002BF6D037
:108D600060699847BDE83840FFF7B0BF50B10020B8
:108D700034B1002000230249024A0B60136070479F
:108D800050B1002034B10020072A98BF0822A8B1B2
:108D900002F10B038B4212D2014430B4C51C544281
:108DA00025F00305EB1D6A60284613442340C91AC9
:108DB0005B60B1FBF2F21A602B6030BC70470020A0
:108DC000704700BF00230360704700BF39B370B520
:108DD00005460C46FFF772FF68682B68211A5A682F
:108DE0008B4207D2914209D3934207D213468B425A
:108DF0005A68F7D39342F9D39142F7D20C6804FB37
:108E00000016964216D04A601C6804FB003081426E
:108E100006D059602B60BDE87040FFF757BF704720
:108E20000A6814441C604A685A602B60BDE87040B0
:108E3000FFF74CBF166834440C6052684A605A68A9
:108E40009342E1D10B46E0E72DE9F04180460D4623
:108E5000FFF734FF0024D8F80400D8F80060411E62
:108E60007368B64629443546B1FBF0F1013100E0A4
:108E70005B681A68914205D814B12768BA4201D2DA
:108E8000AE461C46B3421D46F2D17CB1DEF804303A
:108E900062689A42236811D099420CD05B1A236011
:108EA00003FB004421600444C8F800E0FFF70EFF14
:108EB0002046BDE8F081CEF80420F4E79942EDD1D8
:108EC0000024F3E738B50546FFF7F8FE2968F9B145
:108ED0000C680B46013C06E0994207D01A689442A0
:108EE00038BF02F1FF345B68002BF5D14B68994223
:108EF00005D0FFF7EBFE686800FB04F038BD002CDE
:108F0000F7D0013CFFF7E2FE686800FB04F038BDD3
:108F10000C46FFF7DBFE686800FB04F038BD00BFBD
:108F20002DE9F0470E46DFF88C8007461C210036FD
:108F3000D8F8000018BF0126FFF786FF044600B9E5
:108F4000DEB964B307F10409D8F80000DFF864A0C3
:108F50004946FFF779FF054600B9BEB915B30023AE
:108F600001212A1D2046236063602960A361A5605A
:108F7000E26027616761BDE8F08700F075FE1C21A3
:108F8000D8F80000FFF760FF0446DAE700F06CFE57
:108F90004946DAF80000FFF757FF0546DEE72046AE
:108FA000BDE8F087D8F800002146FFF70FFF2846FC
:108FB000BDE8F08754B1002070B50D460646114655
:108FC0002846FFF7ADFF044620B12A463146C06867
:108FD00001F0BAFF204670BD82B3F8B505461646CB
:108FE0001F4602460020136912681844002AFAD16D
:108FF000731C24D07318984217D3884215D32B6959
:10900000994213D21C4601E000212C69641AEB68D6
:109010003846B442194428BF3446361B224601F074
:1090200093FF27442D68002EEED1F8BD2D682C69E2
:1090300023449942FAD22144C91AE7E77047461AF5
:10904000DDE700BFA0B181680B68012B70B5044655
:1090500009D0013B074E0B60256821463068FFF7B9
:10906000B5FE284670BD034E3068FFF7AFFEF3E74C
:10907000704700BF54B100202DE9F04704687CB36D
:1090800081EAE17AD4F81490AAEBE17AD14527D3AA
:1090900000290E468046256924DDA769204674B163
:1090A000B5420CD82368C8F80030FFF7CBFF044660
:1090B0000028F3D0036920461D44002CF0D1E4B110
:1090C0002369AA1BA7611E44E3682261751B1D4426
:1090D000E560CAEB09036361C8F80040BDE8F087AA
:1090E000BDE8F08709EB0102274601E03B691D441A
:1090F000954204DA3F68002FF8D10024ECE73B6981
:1091000038684B441E44751B3D6128B1FFF79AFF38
:1091100038600028FAD13D69002DDAD13846FFF7D2
:1091200091FF04460028D4D1E7E700BF2DE9F84FAE
:1091300004460D469146014600200A69096810441C
:109140000029FAD1B9F1FF3F00F08D8009EB05024B
:1091500082427DD885427BD8484E13F100084FF0FB
:109160001C01306818BF4FF00108FFF76DFE07467D
:1091700010B9B8F1000F6ED1002F69D0226900211B
:10918000A3699542C7F814907960BB6138D2A3688F
:10919000E1681A682944BB600132F9601A602369EA
:1091A000C3EB090BAB44BBF1000F5FDD5B1BDFF8CA
:1091B000CCA03D464FF000093B611C213068FFF711
:1091C00043FE0246286010B9B8F1000F26D1002AEC
:1091D0002FD024681546C2F80490A368A1691868C6
:1091E000936001309161E16818602369D160C3EB3D
:1091F0000B0100290BDB8B461361DED109E01A4617
:109200002468236913449D42F9D2AD1ABFE7C2F81E
:1092100010B0002338461360BDE8F88F00F024FD3D
:109220001C21DAF80000FFF70FFE02462860002A32
:10923000CFD13846FFF706FF2B680146984207D08A
:1092400030680C68FFF7C2FD2B682146A342F7D1B6
:109250000020BDE8F88F00F007FD1C213068FFF703
:10926000F3FD074688E7C5EB000975E73A4600239A
:10927000C7F8109038461360BDE8F88F54B100204D
:10928000E0B170B504460E4E06E00B602146306832
:109290002C46FFF79BFD85B1A16825680B68012B63
:1092A00003F1FF33F1D13068FFF790FD21463068BC
:1092B0002C46FFF78BFD002DEED170BD704700BF2F
:1092C00054B100202DE9F047076882B0002F58D034
:1092D000B1FA81F35B09002B53D13A69914250D91D
:1092E0007C69A1424DD83E4601E026B13269134463
:1092F00036689942F9D82B4C88468146043120685B
:10930000FFF7A2FD8246002849D003460122F968F2
:1093100043F8042B18463A69019301F015FEB96829
:109320003D690A68019B012A34D0013A0A603C6811
:10933000C7F808A0FB600AE02269E16801F004FEBA
:10934000236920461D44FFF77DFEFB680446A642C4
:1093500003EB0500F0D1C5EB0806E168324601F0E9
:10936000F3FD23699B1B23617BB1E3681E44E66028
:1093700000203C60C7F81080C9F8007002B0BDE85A
:10938000F087002002B0BDE8F0872046FFF75AFEC4
:109390000446EDE72068FFF719FD019BC7E74FF092
:1093A000FF30EFE754B1002009B1FFF765BE704709
:1093B000002A00F086802DE9F043D0F8009083B0B9
:1093C000CDF80490B9F1000F1AD0D9F814E0531871
:1093D0009E4515D317460D468046A9B1D9F81040D1
:1093E0004E464846002204E019690C44A54228BFB5
:1093F0001846A54212D3336801221E46002BF3D132
:10940000002003B0BDE8F08301A81146FFF734FE49
:109410000198C8F8000003B0BDE8F083002A74D1B9
:109420003369E21A95423DD0621B974228D2B16857
:10943000C7EB0E00C9F814000968012943D0C7EB37
:10944000020900214846FFF76BFD0646002856D06A
:1094500001994A46C0680B69C9682B441F443F1BE9
:10946000394401F071FD019A136911681D4431609E
:109470002C1B16601461D8F8000003B0BDE8F0831F
:1094800035D02C1B3268234439193361C2F814E0FB
:1094900027D14846D9F81430DF1BC9F8147003B03F
:1094A000BDE8F0833946C6F814E0FFF7E5FDD9F8CA
:1094B0001430D8F80000DF1BC9F8147003B0BDE801
:1094C000F083002070472B44F168D21B181B3B1817
:1094D0000844194401F038FD019A1369DB1B13613C
:1094E000C9E73046FFF7C8FDD8F80000D2E7DB1B1C
:1094F000C7EB0E0748463361C9F8147081E7D8F806
:10950000002053693B4453617BE7019688E700BF25
:10951000F0B498B1B1B1024600E01A461368002BCE
:10952000FBD18C6905464B69876946693C431160EC
:109530003344846143612846F0BC70470D46284699
:10954000F0BC70470546F6E702680AB905E01A461E
:109550005368002BFBD1516070470160704700BF1A
:1095600090B170B504684CB18C42054608460CD0E9
:109570006368984203D01C46002BF9D170BD456842
:10958000FFF77EFE656070BD704766682046FFF796
:1095900077FE2E6070BD00BF08B50822FFF7F4FB10
:1095A000B0FA80F3024A5B091060584208BD00BF60
:1095B00054B10020024B01461868FFF707BC00BFFA
:1095C00054B10020024B01461868FFF73DBC00BFB4
:1095D00054B1002038B5064B014604461868FFF721
:1095E00033FC054610B1214601F038FD284638BD50
:1095F00054B10020014B1868FFF764BC54B100203F
:10960000FFF7F8BF014B1868FFF7DCBB54B100202F
:1096100010B5FFF753FB074B1C683CB1236920468C
:109620009B6903B198476469002CF7D1BDE81040ED
:10963000FFF74CBB98B9002038B5054601F068FC2F
:10964000054B1C6824B11DB16469013D002CFAD1A1
:1096500001F06CFC204638BD98B9002090B1038819
:10966000012B0ED1084B8268186858B1C36A9A4220
:1096700003D108E0C36A9A4204D040690028F9D1B6
:10968000704700207047704798B90020F0B138B596
:10969000104D2B6813B914E05B699BB19842FBD164
:1096A00003690446DB680BB120469847A3696269E9
:1096B0006BB15A61626902B19361074B1A689442B7
:1096C00001D038BD38BD2A681A6038BD70472A609D
:1096D000F1E700BF98B900209CB9002010B50446FE
:1096E00001F016FC084B1B6813B908E05B6933B145
:1096F0009C42FBD1012401F019FC204610BD1C4600
:1097000001F014FC204610BD98B90020002837D085
:1097100070B504460D461646FFF7D0FA0023E56201
:1097200084F8503084F85430BDB1B6B92B0628D532
:1097300005F0C003802B32D005F0E003C02B3CD0F5
:10974000636BE26BD943D0432B402A402943284323
:109750002363A2632164606406E005EA060265EA09
:109760000603E663A2636364284601F00DFD2369E6
:109770005B690BB120469847BDE87040FFF7A6BA79
:109780007047E26B2AB1D043FF236FF0FF016363A0
:10979000DAE7FF236FF0FF001A46E363F4E7E26BBA
:1097A0002AB1D0434FF6FF730C496363CCE74FF601
:1097B000FF730A481A46E363F4E7E26B3AB1D04319
:1097C0006FF07F464FF07F4133466663BCE76FF032
:1097D0007F434FF07F401A46E363F1E70000FFFF4D
:1097E00070B504460D46164601F092FB2946204608
:1097F0003246FFF78BFFBDE8704001F097BB00BF1A
:1098000048B138B504460D4601F082FBA564BDE8B9
:10981000384001F08BBB704748B138B504460D465F
:1098200001F076FBE564BDE8384001F07FBB70478E
:1098300010B501F06DFB034B1C6801F077FB20466F
:1098400010BD00BF9CB90020014B1868704700BFD5
:109850009CB9002010B5044620B101F059FBE46A20
:1098600001F064FB204610BD10B5044620B101F0A4
:109870004FFBE46B01F05AFB204610BD10B50446C7
:1098800020B101F045FBE46C01F050FB204610BD17
:1098900010B5044628B101F03BFB94F8504001F0AC
:1098A00045FB204610BD00BF50B138B504460D46FB
:1098B00001F02EFB84F85050BDE8384001F036BB73
:1098C000704700BF002918BF002A10D078B1036983
:1098D0006BB110B45C68A24204D3DB6913B15DF8CC
:1098E000044B18474FF0FF305DF8044B70474FF0C2
:1098F000FF30704770B504460D46164601F008FB70
:10990000294620463246FFF7DDFF044601F00EFBF4
:10991000204670BD032A70B5154682B004460DD8A6
:10992000DCB1D1B12369C3B15A68954215D11B6A24
:109930009BB1204602B0BDE8704018474A780B78CA
:109940001204CE78887842EA03630191334343EAF4
:10995000002001F019FC0199E2E74FF0FF3002B05E
:1099600070BD00BF2DE9F04158B103694BB1DFF87C
:10997000AC80D8F8003013B908E05B6933B1984285
:10998000FBD14FF0FF342046BDE8F0810546174675
:109990000E46FFF793F9D8F800306B6103B19D6173
:1099A00000230124C8F80050AB612B46D869A042BF
:1099B00017D05B69002BF9D12869EC6184682B62B0
:1099C0008CB12846A047044678B906B1AFB92B69D7
:1099D0001B78013B012B19D90F4B1A6842B91D6046
:1099E00006E00134E1E74FF0FF342846FFF74EFE72
:1099F000FFF76CF92046BDE8F0813A46314628462B
:109A0000FFF788FF0028E2D00446EEE72846FDF77E
:109A100001FF0028E0D0F7E79CB9002098B90020AA
:109A200070B504460D46164601F072FA29462046E6
:109A30003246FFF797FF044601F078FA204670BDE2
:109A400018B10369DB6A03B11847704718B103699D
:109A50001B6B03B118477047F8B518B303695B6A0D
:109A600003B3044603F084FC0646A36AC31AC82B5A
:109A700003D894F824502846F8BD2369204694F86A
:109A800024705B6A984787420546A66284F82400E2
:109A9000F1D0002FEFD123695B69002BEBD020467A
:109AA0009847E8E701252846F8BD00BF10B50446F1
:109AB00001F02EFA2046FFF7CFFF044601F036FAF8
:109AC000204610BD10B5044601F022FAFFF7F6F863
:109AD000034B1C60FFF7FAF8BDE8104001F026BA0E
:109AE00058B1002038B5084D0020FFF7EBFF2C6877
:109AF0002CB12046FFF7CAFD6469002CF9D1002380
:109B0000024A2B60136038BD98B900209CB9002030
:109B1000024B1B6803B11847704700BF58B10020C3
:109B200010B5044620B101F0F3F9E46901F0FEF943
:109B3000204610BD38B5054601F0EAF965B1094B7C
:109B40001C6814B904E0646914B1E3699D42FAD158
:109B500001F0ECF9204638BD2C4601F0E7F920462B
:109B600038BD00BF98B9002050B1074B1B6813B92E
:109B700004E05B6913B1DA699042FAD11846704784
:109B800003461846704700BF98B9002070B5FFF72C
:109B900095F8134B134C0025DA6804F10C061D6090
:109BA00012B19047431C0AD0B4420DD054F8043F80
:109BB000DA681D60002AF7D09047431CF4D10446B0
:109BC000FFF784F8204670BDFEF75CFA01304FF0D5
:109BD000FF3418BF0024FFF779F8204670BD00BF9E
:109BE00034650020B40D002038B5FFF767F80B4B43
:109BF0000B4C1B6904F10C0503B19847AC4206D02D
:109C000054F8043F1B69002BF7D1AC42F8D1FEF7A2
:109C1000E9FABDE83840FFF759B800BF34650020C5
:109C2000B40D002070B40E4C0E4B04F10C069D8850
:109C3000284206D09D798D4208D011B99D68954281
:109C400009D0B44209D054F8043FF0E71AB19D6836
:109C50000DB1AA42F1D1184600E0002070BC704757
:109C6000B40D00203465002038B50B4B0B4CDB697C
:109C700004F10C0503B19847AC4206D054F8043FF8
:109C8000DB69002BF7D1AC42F8D1FEF789FABDE8C9
:109C90003840FFF7BDBC00BF34650020B40D002084
:109CA00003464FF40062402100209A6483F86C1050
:109CB00083F86D009A63704738B50C460546FEF789
:109CC000FDFFE20708D4A30702D5012385F8503031
:109CD000FEF7FCFF002038BD012305F1340085F8B4
:109CE000403000F063FEEEE72DE9F047044686B011
:109CF00015461E4688460E9FFEF7E0FFA36CAB425A
:109D000067D3002F60D0404600222946FFF754F960
:109D10008046002860D016F0040611D17868D4F887
:109D20001090FFF721FF3B88012B49D094F9853033
:109D3000002B4CD1FEF7CAFF284606B0BDE8F087DD
:109D4000012394F88C90786884F88C30D4F810A0B3
:109D5000FFF70AFF3B88012B0FD0002084F88C907E
:109D60000028E3D00146204600F0AAF9FEF7AEFF36
:109D70004FF0FF3006B0BDE8F0875FFA8AF3BA68AB
:109D8000A16E02F0F00794F86DC0E02F4FF00007CD
:109D90000CBF94F86EA094F86CA0CDF8088094F8ED
:109DA0008CE0CDF804A0CDF800C005970397CDF85E
:109DB00010E0FEF70BFD002ED0D10028B6D0D1E781
:109DC0005FFA89F3B146DAE704F154079BE7002014
:109DD000C8E76FF00700C5E76FF00200C2E700BFF9
:109DE0002DE9F0411C4686B005460F4684F002047A
:109DF000904603A80C21C4F340040C9E01F02EF9F8
:109E000003AB4246394605F13400009400F05AFF96
:109E1000431C13D095F985304BB9044626B103A8ED
:109E2000314600F0B7FF204606B0BDE8F0810021C2
:109E3000284600F045F94FF0FF30F5E76FF00701D5
:109E4000F6E700BF38B504460D46FEF737FF0C2293
:109E5000294604F1540001F077F80025032304F1AA
:109E60003400A4F862502373A4F8565000F09EFD0D
:109E7000FEF72CFF284638BD10B50446FEF71EFF3E
:109E80000348214600F0A6FDFEF720FF002010BD8C
:109E90007466002010B5054C216829B1034800F014
:109EA00099FD21680029F9D110BD00BF746600201A
:109EB0002DE9F84F0A9C002B18BF002C43D0002836
:109EC00041D05D69002D3ED00D88012D00F0AD80A0
:109ED00000278A468146014610469846164600F0FD
:109EE0003DFF002878D0534B1C68002C00F0A08068
:109EF0004FF0000B01E02468FCB12569BD42FAD1A6
:109F0000304600F01BFF00284CD03388012BF2D1E3
:109F1000D4F890100029EED04A68B3689A42EAD18A
:109F20000B689945E7D1BBF1000F02D09BF8403098
:109F300013B3A3462468002CDFD1BBF1000F02D07D
:109F40009BF840300BB1BDE8F88F234621464046D0
:109F50004FF0FF32FFF7EAF804460028F3D05246EC
:109F60000BF13400214600F059FE0130EBD12046C0
:109F7000BDE8F84FFFF784B919464FF0FF3240466D
:109F8000FFF7D4F805460028D3D00BF13400524631
:109F9000294600F043FE0130CBD12846A346FFF707
:109FA0006FF9A8E704F16005284600F0E1FE28B942
:109FB0002846314600F0E8FE00289CD004F1540504
:109FC000284600F0D5FE0028ADD12846514600F0C5
:109FD000DBFE00288FD0A6E7304600F0AFFE002859
:109FE00081D114483B4631465246006800F0DAF809
:109FF00004460028A7D090F84030002BA3D140465B
:10A0000019464FF0FF32FFF791F8054600289AD025
:10A01000524604F13400294600F000FE013092D18E
:10A020002846BDE8F84FFFF72BB9E468677A50E798
:10A03000BDE8F88F7466002038B50D4CFEF73EFE83
:10A040000023224652F8041B39B101330C2BF9D1FD
:10A050000025FEF73BFE284638BD4FF0FF3204EBEB
:10A06000830544F82320FEF731FE284638BD00BFA3
:10A07000F4B1002002880B88934201D00020704781
:10A0800013F0010306D083688868181AB0FA80F0CC
:10A09000400970471846704703880A46DB0700D41A
:10A0A0007047014610460C2200F04EBF08B5302123
:10A0B000024800F0D3FF002008BD00BFF4B100202B
:10A0C00090F985301BB11946002380F8853080F85F
:10A0D00084100846FDF716BB38B505460C46FEF75A
:10A0E000EDFD2B68236003B15C60002363602C608E
:10A0F000BDE83840FEF7EABD38B50C460546FEF728
:10A10000DDFD63684BB122681A6023680BB1626899
:10A110005A60BDE83840FEF7D9BD23682B60F4E7EC
:10A120002DE9F0410446002839D00E4617469846DE
:10A130004D8802E02468002C31D0B4F86230AB4284
:10A14000F8D13388DB070FD5B3686BB1314604F122
:10A150006000FFF78FFF0028ECD07FB9B8F1000F47
:10A160000CD00120BDE8F081B8F1000FF5D13146E7
:10A1700004F16000FFF77EFF0028DBD004F15400FB
:10A18000002FD7D03946FFF775FF0028D2D0B4F89A
:10A1900056207B889A42E4D02468002CCDD12046FA
:10A1A000BDE8F0812DE9F0470446002874D00E4642
:10A1B00090461D464FF0030A4FF0000902E0246864
:10A1C000002C47D02169A942F9D1B4F862107388F4
:10A1D0009942F4D1636E13B172689342EFD1B4F82F
:10A1E0006030DF074AD5A36E002B47D03388D807ED
:10A1F0004ED5B368002B47D0314604F16000FFF71D
:10A2000039FF0028DBD004F154000027B4F85430A3
:10A21000D90722D5E36D03B3B8F1000F28D0B8F801
:10A220000030DA0724D5D8F808300BB34146FFF7E1
:10A2300021FF0028C3D0B4F85620B8F802309A4263
:10A24000BDD1BA4501D9A14627B124684FF0010A12
:10A25000002CB7D14846BDE8F087B8F1000FF0D028
:10A26000B8F80030DB07ECD5D8F80830002BE8D080
:10A270000137BA45A3D9BA46A146A0E7378817F0F7
:10A28000010706D0B76827B104F154000127BDE7E4
:10A29000012704F15400B9E78146DBE7F0B585B04A
:10A2A000144F05460C2201A843F6FE763C8800F0C8
:10A2B0004BFEFEF703FD44F20103621C234494B2FB
:10A2C0009BB2B34288BF4FF440442046FBF76AFA82
:10A2D0000123ADF80600002201A92846FFF720FF60
:10A2E0000028E8D13C80FEF7F1FCBDF8060005B07F
:10A2F000F0BD00BFA669002038B505469420FFF7E1
:10A3000061F90446A0B12946942200F01DFE002305
:10A3100023606360A3602373A3612363E3616362CB
:10A320006363E3636364E36484F8843084F88530B2
:10A33000204638BDF0B587B004460E46154600F0FD
:10A34000E7FD5B4B1B78002B00F09880002C00F0A1
:10A3500095802468002C00F09180237B042B00F072
:10A36000998067693A6A12782AB1032B00F09D80C0
:10A37000022B00F08C802DB126B13388D90778D517
:10A380000B2D14D86FF0050594F98500F0B100236A
:10A3900084F8853084F88400FDF7B4F92846FDF789
:10A3A000B1F900F0C3FD4FF0FF3007B0F0BD96E803
:10A3B00007008DE80700BDF800306D46DB0707D4C5
:10A3C00094F985006FF006050028E0D12846E1E702
:10A3D000029B002BF4D0BDF8023013B9BB79032BDC
:10A3E00052D10C2204F160060DEB0200314600F060
:10A3F000ABFDBDF80C20BDF800301340DA07ADF816
:10A400000C3027D40198FFF7AFFBBDF80C30012BBF
:10A410002FD1002841D0C36A0593BDF80E3003B395
:10A42000606901232A4603A90068FFF779FE40BB53
:10A4300003A930460C2200F087FD63691B6ADB68C4
:10A44000D3B1204629469847044600F06FFD2046C8
:10A4500007B0F0BD059B002BD4D0BDF80E30002B0B
:10A46000DED1636903A91868FFF718FFADF80E0085
:10A47000D6E76FF00B0587E71C46E6E76FF01B0594
:10A480008CE76FF00D057FE76FF00E057CE76FF04E
:10A49000150579E76FF00A0576E70298FDF71EFECD
:10A4A0000028B8D16FF00F056EE76FF012056BE76B
:10A4B00099B8002038B5054600F02AFD134B1B78EB
:10A4C000D3B1CDB12C68BCB1D4F8900008B1FDF780
:10A4D000C3FE63691B6A9B683BB1204698470446EC
:10A4E00018B100F023FD204638BD00200446286046
:10A4F00000F01CFD204638BD6FF01B00FDF702F98F
:10A5000000F014FD4FF0FF3038BD00BF99B80020B7
:10A510002DE9F04182B00D46064617469846089C44
:10A5200000F0F6FC2D490978002951D0002E4FD0BB
:10A53000306800284CD054B1099B43B12388DB0715
:10A5400027D5099B0B2B1ED86FF0050323E0B0F82D
:10A550005430DA072ED5C36D63B30024002DF3D039
:10A5600090F8503073BB43691B6A9E696EB30094C8
:10A5700043463A462946B047044600F0D7FC2046F9
:10A5800002B0BDE8F081A368002BE7D16FF00603AD
:10A5900001E06FF00B0390F9852072B980F88430E8
:10A5A0001846FDF7AFF800F0C1FC4FF0FF3002B0E5
:10A5B000BDE8F0816FF01303EDE71346002280F849
:10A5C0008520EBE76FF01403E5E76FF00A03E2E79D
:10A5D0006FF01B00FDF796F8E5E700BF99B8002083
:10A5E00010B5002482B001940094FFF791FF02B0EF
:10A5F00010BD00BF2DE9F04383B00E4699460746D3
:10A6000090460A9C0B9D00F083FC2F4B1978002983
:10A6100054D0002F52D0386800284FD066B3B0F81D
:10A6200062301BB943699B79032B3ED1002C18BFC4
:10A63000002D14BF0122002216D190F84030002BCB
:10A6400036D143691B6A5D69ADB3002A4B46424669
:10A65000314608BF00240094A847044600F066FC79
:10A66000204603B0BDE8F0832B682BB1B0F8601032
:10A67000C90712D50B2BE0D86FF0050390F98520A0
:10A6800072B980F884301846FDF73CF800F04EFCB3
:10A690004FF0FF3003B0BDE8F0836FF00B03EDE740
:10A6A0001346002280F88520EBE76FF00403E5E70E
:10A6B0006FF01403E2E76FF00A03DFE76FF01B00AF
:10A6C000FDF720F8E2E700BF99B8002010B500249C
:10A6D00082B001940094FFF78DFF02B010BD00BF5F
:10A6E0002DE9F04182B01C4607460E469046089D73
:10A6F00000F00EFC3C4B1B78002B6FD0002F6DD070
:10A70000386800286AD0002C50D0002D4ED0374B2E
:10A710009E4212D04369002B48D01B6A1F6A002F4B
:10A7200044D02346009542463146B847044600F0DF
:10A73000FDFB204602B0BDE8F08108F1FF33052B98
:10A7400049D8DFE803F0291F0E480303032D2DD954
:10A750002368B8F1050F4FF000040CBF83648363D6
:10A76000E5E7032D22D961884FF47A72237800241B
:10A7700002FB01F21B1BC0F8882018BF012380F8E0
:10A780008E30D4E7032D11D9236800241B1B18BF7A
:10A79000012380F88C30CAE7032D07D923680024F1
:10A7A0001B1B18BF012380F88D30C0E76FF0050335
:10A7B00090F985201AB11346002280F8852080F890
:10A7C00084301846FCF79EFF00F0B0FB4FF0FF30DE
:10A7D00002B0BDE8F0816FF00803E9E76FF01B00FD
:10A7E000FCF790FFF0E700BF99B8002017E50300E1
:10A7F0002DE9F04182B01E4607460C469046089D62
:10A8000000F086FB664B1B78002B00F0C480002F05
:10A8100000F0C1803868002800F0BD800EB305B399
:10A82000604B9C4210D04369DBB11B6A5F6AC7B1C1
:10A830002146009533464246B847044600F076FB71
:10A84000204602B0BDE8F081B8F10D0F00F2A08003
:10A85000DFE808F01B28323C9E4D4D5B64717C7C28
:10A860008A946FF0050390F985204AB980F8843006
:10A870001846FCF747FF00F059FB4FF0FF30E0E7C8
:10A880001346002280F88520F0E72B68032BE8D9D7
:10A89000037B042200249B1A2A60B3FA83F35B092A
:10A8A0003360CBE72B68032BDBD990F88D30042283
:10A8B00000242A603360C1E72B68032BD1D990F8BC
:10A8C0008C30042200242A603360B7E72B68032B06
:10A8D000C7D9042390F88E10334A00242B60D0F897
:10A8E00088303170A2FB03239B097380A6E72B6895
:10A8F000032BB6D90423B8F1050F4FF000042B60E9
:10A900000CBF836C836B336098E72B68002BA8D057
:10A91000037B012200242A6033708FE72B68002B11
:10A920009FD090F98420002301211C4629603270B9
:10A9300080F8843082E72B68002B92D04369012293
:10A940002A6003B19B793370002477E72B68032BCF
:10A9500087D90423B8F10A0F4FF000042B600CBF15
:10A96000436B436C336069E72B68032B7FF679AF49
:10A97000042300242B60C36A33605FE72B68032B3A
:10A980007FF66FAF042300242B60836A336055E7A2
:10A990006FF0080367E76FF01B00FCF7B3FE6AE790
:10A9A00099B8002017E50300D34D621038B505466D
:10A9B000FEF784F94DB1A86838B14468FEF760FC31
:10A9C0002046002CF9D1AC602C60BDE83840FEF781
:10A9D0007DB900BF38B50C460546FEF76FF9214634
:10A9E0002846FFF789FB04F13400FFF7DFFF04F18D
:10A9F0004400FFF7DBFF2046FEF7DCFDBDE83840F2
:10AA0000FEF764B92DE9F04107460C46904600F088
:10AA10007FFA2D4B1B78002B3AD0FFF70DFB054634
:10AA200000283ED0214642463846FFF7FBF806464E
:10AA3000002839D09420FEF7CDFD0446002838D0F8
:10AA40000023286085604661A0F86070C0F810801F
:10AA50000373B8F1000F18D0A4F85470FEF72EF964
:10AA60003368236003B15C60002363603460FEF7E9
:10AA70002DF9336A5B681BB12046984701301BD023
:10AA800000F054FA2846BDE8F081B3680361E3E7BB
:10AA90006FF01800FCF736FE00F048FA0020BDE821
:10AAA000F0816FF00100F5E76FF0090000232B60E3
:10AAB000F0E76FF00200F9E721466069FFF78AFFCF
:10AAC000FCF71AFEF2E700BF99B8002070B5044603
:10AAD0000D46164600F01CFA404B1B78002B77D031
:10AAE000002C75D02468002C72D046B33DB32A8860
:10AAF000D1074AD50B2E22D9B4F86230FBB9B4F88D
:10AB0000603013F0010001D0A16EC1B9A96801F055
:10AB1000F006E02E2DD16E88934239D06B686366C3
:10AB2000DEB1A4F8626004F13400FFF73FFF04F1E6
:10AB30004400FFF73BFF00F0F9F9002070BD6FF013
:10AB4000050094F9853043BB84F88400FCF7DAFDF6
:10AB500000F0ECF94FF0FF3070BD63699A79032A79
:10AB6000DFD0186804F16001FFF798FBA4F86200D9
:10AB7000D9E721B1B0B92846FEF770FD28B36E8839
:10AB8000BEB9B4F860302A88C6E76FF00B00D8E78A
:10AB9000DB07C3D5AB68A366C0E71846002384F87B
:10ABA0008530D1E70021A06EFDF760FB0028E6D1DB
:10ABB000E1E762690023294610681A46FFF7B0FAF8
:10ABC0000028DED06FF00D00BBE76FF00E00B8E795
:10ABD0006FF01B00FCF796FDBAE700BF99B80020A4
:10ABE00038B504460D46FEF769F86969236862685E
:10ABF0000B4493420CD82946A068FEF789FC6B6988
:10AC00002268A06013442360FEF760F8002038BD7E
:10AC1000FEF75CF84FF0FF3038BD00BFF8B50446D2
:10AC20000D461746FEF74AF86969236862680B44C7
:10AC300093421CD800210C20FEF772F90646B0B1F1
:10AC400039460C22C068274600F07EF922686B69FD
:10AC500029463046134447F8083BFEF759FC0146A5
:10AC60003846FEF771FCFEF731F80020F8BDFEF71C
:10AC70002DF84FF0FF30F8BDF8B58568F5B16C6977
:10AC80001E4607460B46944228464FF0000128BF57
:10AC900014462246FEF7A0F9012E01D02046F8BD49
:10ACA000FEF70CF807F108002146FEF77DFB3B6834
:10ACB0001B1B3B60FEF70AF82046F8BD2C462046D9
:10ACC000F8BD00BF2DE9F84385689DF820908DB34D
:10ACD0002F68984606460B4657B37C6900213846D4
:10ACE000944228BF14462246FEF776F940460C22CD
:10ACF000E96800F029F96B690C3B9C4238BF4FF0C2
:10AD0000FF34B9F1000F02D12046BDE8F883FDF70A
:10AD1000D5FF1FB17A6933689B1A336006F10800CA
:10AD20002946FEF71DFCFDF7D1FF2046BDE8F8835C
:10AD30003C46DBE72C462046BDE8F88368B1038833
:10AD400013F0010308D0806800F0F000A0F1E000EB
:10AD5000B0FA80F0400970471846704710B1038878
:10AD6000DB0701D4002070478068FDF77FBA00BF81
:10AD700038B10388DB0704D58068B0FA80F0400959
:10AD800070470120704700BF10B109B1FFF772B9D9
:10AD90000020704710B109B1FFF77EB9704700BFBE
:10ADA00048B10388012B07D110B504464068FEF76F
:10ADB000DBFE18B110BD704700207047A068BDE8E9
:10ADC0001040FDF78BB900BFF8B5002830D04168BE
:10ADD00000292DD083680446304D314AC0682B606D
:10ADE0001060002B4AD01B6813B32E4E3046984794
:10ADF000F0B92B68CBB19A682B4F8AB1316879B121
:10AE0000304690473B78BBB14FF0FF342B682BB1F5
:10AE1000DB681BB12348026802B198472046F8BDA1
:10AE20003A784AB14FF0FF34F2E71F4F3B781BB13D
:10AE30004FF0FF342046F8BD61682068FEF7ACFB98
:10AE400004460028E2D1FCF79FF804460028DDD133
:10AE5000FDF790FF154A164B0A2014601C6002F0A3
:10AE60006BFA01300FD0FEF791FE01300BD0FFF7E7
:10AE70001DF9013007D001233B70C7E70A4F3B782B
:10AE8000002BD5D1D9E7FEF72DFE4FF0FF34FEF7AA
:10AE9000ABFE02F05FFAFEF7B5FBB7E728AA002089
:10AEA00030AA002024B2002099B8002098B90020D0
:10AEB0009CB9002008B502F089FABDE80840FCF70B
:10AEC00013B800BF054B1B681BB11B681BB110B149
:10AED0001847184670474FF0FF30704728AA0020E7
:10AEE000044B1B682BB19B681BB110B1026802B107
:10AEF0001847704728AA0020044B1B682BB1DB6859
:10AF00001BB110B1026802B11847704728AA00208F
:10AF1000044B1B682BB19B681BB10348026802B14C
:10AF20001847704728AA002024B20020044B1B6851
:10AF30002BB1DB681BB10348026802B118477047A8
:10AF400028AA002024B20020032AF0B470D9CE072A
:10AF50000B4606D50B780131013A013000F8013C6F
:10AF60000B469D0705D50B88023A0231023020F8C6
:10AF7000023C97094DD000F1400401F140033D46E9
:10AF800053F8406C013D03F1400304F1400444F8E0
:10AF9000806C53F87C6C44F87C6C53F8786C44F803
:10AFA000786C53F8746C44F8746C53F8706C44F813
:10AFB000706C53F86C6C44F86C6C53F8686C44F823
:10AFC000686C53F8646C44F8646C53F8606C44F833
:10AFD000606C53F85C6C44F85C6C53F8586C44F843
:10AFE000586C53F8546C44F8546C53F8506C44F853
:10AFF000506C53F84C6C44F84C6C53F8486C44F863
:10B00000486C53F8446C44F8446CB9D1BF013844DF
:10B010003944C2F383075FB1051F3B460C4654F821
:10B02000046B013B45F8046FF9D1BF003844394443
:10B03000940704D50B880230023120F8023CD30774
:10B0400001D50B780370F0BC704700BF22B10244F9
:10B0500000F8011B8242FBD1704700BF29B10144B7
:10B06000002300F8013B8142FBD17047AAB130B404
:10B07000044603780878181A0AD12244013405E0FE
:10B0800014F8013B11F8015F5B1B03D19442F7D127
:10B0900030BC7047184630BC70471046704700BF40
:10B0A000014640B100784B1C28B1581A13F8012B07
:10B0B000002AFAD17047704770B10278431C6AB118
:10B0C000B1FA81F0400910B108E0814205D013F8CF
:10B0D000012B0130002AF8D1704770470020FBE7B0
:10B0E00050B149B10B782BB100F8013B11F8013F89
:10B0F000002BF9D100230370704700BFA0F141037A
:10B10000192B01D82030C0B2704700BFF0B408B38B
:10B1100007460C4617F8015B01E09D4214D014F875
:10B12000013B002BF9D1CDB13D460C4615F8016B22
:10B1300000E05BB114F8013B9E42FAD146B1002316
:10B140003B701560F0BC70473846E1E72F46EBE7EF
:10B150003546F6E710680028DAD1F3E7284615608F
:10B16000F0BC704710B5074C44F2A7116FF00042D5
:10B1700000232068A0FB010107F0C2FE22601046F8
:10B1800010BD00BFECB10020024A136818441060E3
:10B19000704700BFECB10020F8B515468769002262
:10B1A0000E462A70BB8BA3B1144643F00170FAF728
:10B1B000FDFA30512C780D480434E4B22C70BB7F7A
:10B1C0001B021843FAF7F2FA30512B7803332B7035
:10B1D000F8BDC06DFCF782FF28B18368283B9BB2A5
:10B1E000BB832C78E1E72C78BB8BDEE70000030300
:10B1F00038B58469054688212046FFF72FFFA96BE3
:10B200001A4A4FF406702B6F9142A087A38323D86C
:10B210009BB2A160994200D2A183A37F4FF440501A
:10B2200000FA03F28A4206D20133DBB200FA03F2DB
:10B230008A42F9D3A377696B4FF0FF330C220B4896
:10B240002367E3666366E3676367A366A367A26435
:10B25000E264A06319B938BDA2601146DDE705F1CB
:10B260003400BDE83840FFF7A1BB00BF0000FF0F6E
:10B2700088B138B50546006828B14468FEF700F883
:10B280002046002CF9D1002328466B602B60BDE8D6
:10B290003840FEF78FB9704706292DE9F041069D29
:10B2A00004D00695BDE8F041FCF782BEA2F10E0481
:10B2B0001F46072C28D8DFE804F020271C13270F8F
:10B2C0000B04C36F3B60042300202B60BDE8F081BA
:10B2D000836F5B083B60F6E7436F5B083B60F2E718
:10B2E0008369D3F8843013F0080307D001233B604F
:10B2F000E9E790F880303B60E5E7036F3B600423AB
:10B3000000202B60BDE8F0816FF00801FEF7D8FE49
:10B310004FF0FF30BDE8F08138B5456AA5B104466D
:10B32000FDF7CCFC656A00E025462C68002CFBD1BB
:10B330002B6B29469A6A03F12400013A9A62FEF7C0
:10B34000DBFE2C63FDF7C2FC284638BDF8B5044689
:10B350008820FEF73FF9F8B10246002301214FF49F
:10B36000615E96270826A26140254FF400421846E8
:10B37000236784F88C3084F88E3084F86D3084F83C
:10B38000801084F88D10C4F874E0A767E66784F82D
:10B390006C50A264A263F8BD20466FF00201FEF774
:10B3A0008FFE4FF0FF30F8BDF8B506460D46FDF7AD
:10B3B00085FC344B1C68002C56D0002701E0246823
:10B3C000A4B1B4F862206B889A42F8D1237B042B95
:10B3D00033D1002FF3D104F160073846FFF7C8FCE2
:10B3E000002846D027462468002CEAD1002F3BD005
:10B3F000FC696CB1314604F15400FFF7C5FC20B183
:10B40000B4F8562073889A4213D02468002CF1D1E6
:10B410007C6A6CB1314604F15400FFF7B5FC20B1F1
:10B42000B4F8562073889A4203D02468002CF1D1D6
:10B430003C46FDF74BFC2046F8BD294604F1600070
:10B44000FFF7A2FC0028BAD0237B002BB7D03146EF
:10B4500004F15400FFF798FC0028B0D0B4F856204F
:10B4600073889A42ABD1E4E70024FDF72FFC204615
:10B47000F8BD38462946FFF787FC00280CBF002797
:10B4800027469CE79866002091F88030042B17D05F
:10B4900015D3062B1AD8052B1CD0CB6E0A22013BE4
:10B4A00081F88020033312D84FF0FF3201238A66DF
:10B4B0000370D1F8843043F00803C1F8843070473A
:10B4C0000722012381F880200370F2E770473023C0
:10B4D000CB66E9E70B6A9342DFD0082381F880301E
:10B4E000E7E700BF002944D0CA682DE9F84F177B71
:10B4F0008B46824614244FF00C083F09BD00AC4235
:10B5000029D2A35CA11833B3012B26D004F1010981
:10B51000A94520D24878661E0644B5421BD9022BA5
:10B520001DD0032B11D18B780C2B98BF8AF83E309D
:10B53000DAF8843088BF8AF83E8043F02003DBF8D5
:10B540000C20CAF88430177B3F0912F80930BD007F
:10B550001C44AC42D5D3BDE8F88F0134CEE748880F
:10B56000FAF720F9DBF80C20AAF83C00177B3F091A
:10B57000EBE7704770B5056B0446E5B1037B022B22
:10B580000CD0AB6A8069013BAB62FFF771FE2146CC
:10B5900005F12400BDE87040FFF71CBA2B6A8069F2
:10B5A000013B2B62FFF764FE214605F11C00BDE85C
:10B5B0007040FFF70FBA8669D6F88430DB0716D4DF
:10B5C000306828B14568FDF75BFE2846002DF9D1AB
:10B5D000002504F1440075603560FFF7E7F9257335
:10B5E00004F154000C21BDE87040FFF737BD304630
:10B5F000FFF73EFE21460248BDE87040FFF7EAB97A
:10B600009866002006292DE9F041069E14D1152ADE
:10B61000054614461F4606D80123934013F4651FC0
:10B6200001D0042E3CD10E3C072C2CD8DFE804F0CE
:10B63000092B0F2B2B171E250696BDE8F041FCF7B2
:10B6400097BC3B6863B32B670020BDE8F081386886
:10B6500010B30123002085F88030BDE8F0813B68FD
:10B66000F3B15B0000206B67BDE8F0813B68BBB1C4
:10B670005B000020AB67BDE8F0813B6883B1EB67FE
:10B680000020BDE8F0816FF008012846FEF718FDA4
:10B690004FF0FF30BDE8F08185F88000BDE8F08113
:10B6A0006FF00501F1E700BF002A18BF002B2FD073
:10B6B000F8B5E1B1DB68054610469F7893F803E0E2
:10B6C0001E785B7847EA0E2746EA032357804B80B3
:10B6D000FFF76AFE58B1092D09D8DFE805F015110A
:10B6E0000D05050D0D080809027B042A11D1F8BDCE
:10B6F000F72280F88520F8BDE82280F88520F8BD83
:10B70000F82280F88520F8BD83699A8F1A63F8BD06
:10B710007047EE22BDE8F84080F88520FFF72ABF89
:10B7200038B5144D00221449C82001F059FE286094
:10B73000A8B1002211494FF4FA7001F051FE104BEC
:10B740000446186070B1FFF70DFD0E4A0021136822
:10B7500003F57A4353FA80F01060084638BD4FF085
:10B76000FF31FAE7286801F05BFE2C604FF0FF31F3
:10B77000F3E700BF28B20020D1C4000089DA00003E
:10B780002CB200202CAA00202DE9F047044688B0F6
:10B790004069FEF7E9F9002107461420FDF7C0FBD8
:10B7A00000286ED005461421C068FFF757FCE66AF2
:10B7B00026B194F83080B8F1000F6BD1EB685022BD
:10B7C0001A73EE68E388E0693380638A7380F9F75F
:10B7D000EDFFD5F80C807060206AF9F7E7FFEB68A1
:10B7E000C8F8080094F824205A73EE68E08CF9F742
:10B7F000D9FF616BF0812846FDF78AFE0546208D52
:10B80000EE68F9F7CFFFEB68002270821A8203F12D
:10B810001006238A012B0FD0AA8A4FF4C061284654
:10B82000FBF73AFFEB6830801033228A012A0CD0F4
:10B83000002008B0BDE8F087002F6CD03B6A9B0762
:10B8400059D4EB6803F11006E6E72068E168A269C5
:10B8500000285CD0447890F800E090F820000026A2
:10B8600005930623049002953846CDF804E0009431
:10B870000396FCF7ABFF08B0BDE8F0872846FDF75C
:10B88000FFFC606B08B1FDF7FBFC6FF0020008B035
:10B89000BDE8F087002128200795C146FDF740FB51
:10B8A00082460028EAD02821C068FFF7D7FB51461E
:10B8B0000798FDF72DFE0023721E0668079012F808
:10B8C000010FF168C85401339845F8D118F0030FFF
:10B8D00005D028F0030808F104085FFA88F9A9F1F7
:10B8E000280107A8FDF760FD3369079A1433D26871
:10B8F0009B00137365E769693846FCF711FC002863
:10B900009FD1AA69034642F02002AA618DE704464E
:10B910004FF0400EA3E7A069FCF7E0FB07460028C4
:10B920008CD18EE72DE9F04784698EB0426C0546D4
:10B93000266AE368C06DF31AC3EB020888454746E0
:10B9400028BF0F46FDF782F807F11403984238BF6D
:10B95000A0F11407C7EB0803B3FA83F35B09002FC8
:10B9600061D0002B5FD04FF0180995F850200AB134
:10B97000002B69D1A9696B6B8A68D31A62D4886974
:10B98000984204D2B1F81CE0191A714553D3A3614F
:10B99000002F46D0696C00233A46E86CC8EB0101E1
:10B9A000FDF7C4FB804600285ED005F16C030DF165
:10B9B000380A05F160010C2201A84AF8383DFFF76A
:10B9C000C3FA05F154010C2204A8FFF7BDFA226A5C
:10B9D000636A4FF0FF318DF824900025089350469C
:10B9E000A3690792A27FA167D340CDF83480ADF858
:10B9F0002850ADF826300B958DF83050FFF7C4FE77
:10BA00002369B91925645A1C03F1005321629A4233
:10BA10000CD9914201D2994200D821610EB0BDE803
:10BA2000F087B846C1E74FF010099EE79142F2D285
:10BA30000EB0BDE8F087B1EB520FA8D2002818BFB6
:10BA40000346A4E70023A2E794F8803049F00109F7
:10BA50000136042B0DD0072B0FD0D4F8843043F0DF
:10BA60000403C4F8843085E7B9196FF0020021623D
:10BA7000D4E7052384F88030EFE7092384F8803089
:10BA8000EBE700BF2DE9F0410C6805468EB01E467D
:10BA9000607B00F01000002837D100F0FF030F4654
:10BAA000904607936068F9F781FE3B68D8F800106C
:10BAB0004FF0140E5A7B1B7B02F00107C2F34004C7
:10BAC0001B098DF824E07A182244A2EB830210446B
:10BAD00008900EAC314601A80C2244F8385DFFF7FF
:10BAE00033FA0C22149904A8FFF72EFA00232046FB
:10BAF000ADF82630ADF828300B938DF830300D932B
:10BB0000FFF742FE0EB0BDE8F081A068F9F74EFEE7
:10BB100000220423079008928DF82430D9E700BF53
:10BB20002DE9F04F846991B09946064601920F467F
:10BB3000426BA368256A9A1A74D4A169914204D20F
:10BB4000501AB4F81CE0704562D3B907A26157D40B
:10BB5000A37FDA401FFA82F8FB070CD594F8802007
:10BB60000135042A69D0072A6BD0D4F8842042F02A
:10BB70000402C4F8842007F0100202F0FF0B0AB19F
:10BB8000D4F824B00C2206F16C030DF1400A06F142
:10BB900060010DEB02004AF8383DFFF7D5F906F1D8
:10BBA00054010C2206A80026FFF7CEF94FF0FF3112
:10BBB000226A5046019BA16709920D93CDF828B0E7
:10BBC0008DF82C70ADF82E808DF83890ADF830607F
:10BBD0000F96FFF7D9FD236926645A1C03F1005321
:10BBE00025629A4206D8954201D39D4204D911B0EC
:10BBF000BDE8F08F9542F8D3256111B0BDE8F08F14
:10BC0000B2F5405F05F10105A4D94FF44058A3E710
:10BC1000B0EB530F99D2002918BF0A46B907A261A9
:10BC200096D5EDE7002301F00201A36101F0FF02C8
:10BC300000298DD0013598468EE7052284F88020B2
:10BC400093E7092284F880208FE700BF30B584692C
:10BC500085B0054694F88030052B21D0092B1FD0E4
:10BC6000022B09D0002310211A46FFF759FF4FF08D
:10BC7000FF33A36705B030BD236A0DF1070202A9A7
:10BC8000013B2362FFF788FA9DF8073002AA284695
:10BC90001221FFF745FF4FF0FF33A36705B030BD1A
:10BCA000226A002328461121551E1A462562FFF7F5
:10BCB00037FF4FF0FF33A36705B030BD027B32B1D1
:10BCC0008269936F591C02D0013B936703B170479F
:10BCD000FFF7BCBF38B5FCF7F1FF0A4B1D686DB12B
:10BCE0002846FFF7EBFF6C6A2CB12046FFF7E6FF12
:10BCF0002468002CF9D12D68002DF1D1BDE8384021
:10BD0000FCF7E4BF986600202DE9F8430546144689
:10BD1000894603F002078669DDF82080FCF7CEFF34
:10BD20002846B7FA87F3494650F8342F5B09A242F8
:10BD300028BF2246FEF7A0FF044607BB336CB28B38
:10BD40000344B3EB420F336422D32B7B032B13D07A
:10BD500054B3B8F1000F0AD040460C2205F154014B
:10BD6000FFF7F2F81CB9D6F884301B0728D4FCF78B
:10BD7000ADFF2046BDE8F8832846FFF767FF002C9B
:10BD8000E7D12B7B032B0FD1B8F1000FEBD0E3E70A
:10BD9000B268B3EB520FD8D2B269002AEFD1002BB0
:10BDA000D3D1002CEDD0D4E76FF01304FCF78EFF55
:10BDB00028462146FEF784F94FF0FF30BDE8F883AE
:10BDC0006FF01904F2E700BF2DE9F84385690746D3
:10BDD0008946EC682A6AD5F88400AB6AC4EB02088D
:10BDE00020F04001B3EB0804C5F8841068D42B6B35
:10BDF000A98FC8EB03037A6CB3FBF1F3C8EB02081D
:10BE000003FB01F34445A8BF44469C42A8BF1C461F
:10BE1000002C49DD0026A1423ADDEB6AB4EB530F5A
:10BE20002EDCD5F88430DA062AD4E9682A6A9142F1
:10BE300002D097F8802072B1A219904563D0696F43
:10BE4000AA6C481C01D0914201D92A656A6743F067
:10BE50004003C5F8843086B395F86030002B37D1A5
:10BE60002B6A002101226B61E96785F860204FF0A1
:10BE7000FF322B6F93426A6740D00120BDE8F88300
:10BE8000264438462146FFF74DFD002EE4D114E04C
:10BE90003846FFF747FDA98F641A0E44002CDADDFF
:10BEA000B9F1000FB7D0D6E797F850302BB1B8F101
:10BEB000000F02D110F0040318D00020BDE8F88371
:10BEC00022449846022300242A6285F860308EE7D7
:10BED000022BCCD16A692B6A511C02F100529142AB
:10BEE00017D99942BDD99A42C1D3BAE71A46384602
:10BEF0001121FFF715FE2B6F0133BED1AB6C012072
:10BF00002B67BDE8F88321463846FFF70BFD464610
:10BF1000A1E79942E7D9AAE738B5037B032B25D1DE
:10BF20000D460446FCF7CAFEAA0702D594F8503025
:10BF300043B1EB0702D594F8403063B1FCF7C6FE7D
:10BF4000002038BD0121204684F85010FFF73CFF47
:10BF5000EB07F3D5EFE704F13400FEF727FD0123EB
:10BF600084F84030FCF7B2FE002038BD6FF01301BA
:10BF7000FEF7A6F84FF0FF3038BD00BFCB682DE9C3
:10BF8000F04F0546846985B0986817468846F9F7EA
:10BF90000DFC95F88D20D8F80C308146012A93F8D5
:10BFA0000DA00CBF6A6F4FF0FF32A2663A685007CF
:10BFB00001D50122A267E1684FF0FF328945626630
:10BFC00000F0DE800023C1EB09016E6C63648E42D9
:10BFD000236BA84A28BF0E46934215D8A26B934202
:10BFE00000F2EB8099198A4280F0E181616B226353
:10BFF000194413468A1A324462639A4204D3A18FC9
:10C00000D21A0B4462632363314605F14C00FDF7FD
:10C01000CBF9236A696C5A1C03F10053891B9A42BD
:10C020006964C4F80C9045D9914501D2994501D86D
:10C03000C4F82090636913F1005259D2994506D390
:10C04000914504D894F86030012B00F09981D8F81C
:10C050000C30D8F8142003F10C00D4F88410090730
:10C0600049D503784FF001091B09B2EB830F3B68F8
:10C0700002D943F002033B601B0702D41AF0080FF9
:10C0800002D02846FFF7E2FDD4F884102846C1F319
:10C09000C011FFF799FE3B6810B143F001033B600C
:10C0A000A26A52B96A6C42B1626F013200F09580A7
:10C0B000226D08E09145B9D2BCE7D4F88420560639
:10C0C00002D44FF0FF326267226AE16891420CBFEE
:10C0D0004FF0FF32A26C13F0090F226704D19807CA
:10C0E00002D52846FFF7B2FD484605B0BDE8F08FFF
:10C0F0009945A5D3A6E7CDF80880017893F80D807F
:10C1000009094FEA810991455BD0AE695868F9F792
:10C110004DFB736A9842706862D0029BB1685A699D
:10C1200002448A427FD83A68316842F002023A609B
:10C13000002900F06A814FF000090391DB6858681C
:10C14000F9F734FB029B00F10108DB685868F9F746
:10C150002DFB039B00F1005BDB685868F9F726FBB9
:10C16000D8456CD8804501D883456AD2DDF80C905B
:10C17000D9F80430002B00F0FF800393029BDDE729
:10C18000266AB14524D06A6C12B3197B03F10C0006
:10C19000D8F814200909B2EB810F7FF45EAF1AF0D2
:10C1A000030F7FF45AAF616C01F1010EBEF1030F72
:10C1B00000F04381C4F844E04FE7626B32446263AD
:10C1C0001BE718F0210FA0D13B684FF0010953E79E
:10C1D00003F10C00D8F814203FE7A26C226572E747
:10C1E00000289AD118F0010F40F01481494602A8A6
:10C1F000FDF7DAF8029B002B00F00981726A1946FC
:10C200005B694FF00009E86B13447362FDF780F936
:10C21000029B6A6B59693B680A44E86343F0040374
:10C220006A633B6028E7DB685868F9F7BFFA736A0E
:10C230009842029B3FF477AF4FF0010910E0804530
:10C2400092D8B9F1000F00F09480029BC9F8043035
:10C25000039A5A6071684FF000095A690A44726083
:10C26000DB685868F9F7A2FAD6F824B058453ED0F2
:10C270003B6801E7FFFFFE0F834565D84868F9F783
:10C2800095FA32680190D2685068F9F78FFA3268EF
:10C290007168D2F814E0D368CEEB010C516893F8C2
:10C2A0000C8003924FEA181886E802100021AEEBCA
:10C2B000880851608044597BC9077CD4D268042324
:10C2C00003A8117B090913FB01B1019BC91AFDF7F2
:10C2D0006BF8039A42B16B6B11465269E86B1344D9
:10C2E0006B63FDF715F9E863C346C6F8248032682E
:10C2F000002ABDD0D2685068F9F758FA32688046F3
:10C30000D2685068F9F752FA00F1005080452DD8F4
:10C31000D845ADD85845ABD332680BF10058D26838
:10C320005068F9F743FAD6F800E0C345DEF80C1080
:10C33000DEF8142091F80CC04FEA1C1CA2EB8C0212
:10C34000104499D8834501D8804597D2DEF804304F
:10C35000704672685969CDF80CE0521A3360726009
:10C36000FCF78EFF3268002AC4D181E7D845D1D8C6
:10C37000D2E7029B33606BE7029BC9F8043069E7A0
:10C38000A26D4AB3E06FA0EBD2000244002A39DD6F
:10C39000D108A26580EAE072E36DA2EBE072A2EB45
:10C3A00093021A44002A1DDC0122E2651BE00B46C1
:10C3B000626B216321E6986808F10108F9F7F6F944
:10C3C000A969024605F10C00FFF75EF83968039A87
:10C3D00041F00801396071E7E26F0132D300520089
:10C3E000D908A365E265D8F80C300A4400264FF05E
:10C3F000FF31A26403F10C00D8F8142084F86060C7
:10C40000E1672AE60021A365C4E7336022E7994685
:10C410003B6831E6029BDB689868F9F7C7F9A969C0
:10C42000024605F10C00FFF72FF8726A3B680132F3
:10C4300043F0080372623B60D8E6236B0231A26AC4
:10C4400061649342A18F8CBF53085B084A00A363C9
:10C450009A4201D91346A26323632846C4F8209068
:10C46000FFF760FA3B684FF0FF3E022143F0010204
:10C47000D8F80C30266203F10C003A60C4F87CE076
:10C4800084F86010D8F81420E7E500BF2DE9F047E4
:10C490001446564A0646944200F29980027B032ACB
:10C4A00062D114B92046BDE8F0879946884687696D
:10C4B000FCF704FCB56CD6F844A0FDF7A1F840F6F3
:10C4C000C90398425FD9CAEB0502824256D894420A
:10C4D00033D819F0040F35D096F88C3093BB012374
:10C4E00086F88C30D7F884309442404628BF1446F2
:10C4F00043F0800301222146C7F88430FCF75CFD3D
:10C500000546002866D04FF0010806F14409294687
:10C510004846FEF765FB002852D1BB6AE3BB7B6F40
:10C52000013349D0B8F1000F02D0002386F88C30D7
:10C53000FCF7CCFB2046BDE8F08722B319F0040FCE
:10C540004AD11446D7F884309442404628BF144656
:10C5500043F0800301222146C7F88430FCF72CFD0C
:10C56000054630BB0446E3E76FF013014FF0FF349C
:10C570003046FDF7A5FD2046BDE8F087844202461F
:10C5800028BF0446A5E7FCF7A1FB00248AE70121A8
:10C590003046FFF719FC28B1337B032BF7D0484610
:10C5A000FEF704FAD7F8843023F08003C7F884300C
:10C5B000B8E74FF00008A8E7BB6C3B657B67B1E7C5
:10C5C00028460024FCF73EFDFCF780FB6AE76FF08D
:10C5D0000501CBE70446A8E796F88C30002BB0D1D4
:10C5E0000123144686F88C307CE700BF0000FF0F63
:10C5F000F0B5054685B008460C46FEF7D1FB00288D
:10C600004DD001462046FEF7A9FB00283AD120462E
:10C61000FEF794FB002835D12846224FAE69FEF77D
:10C62000E7FD02A90DF107022846FEF7B5FD3A68BD
:10C6300005F15403511C3262316194E8070083E82C
:10C640000700FCF73BFB02AA9DF8073002212846B1
:10C65000FFF766FA0446F8B90122022386F8802023
:10C660002B73FEF77FFD3B68B16C1E2203F57A4306
:10C67000316753FA80F0F2663860FCF727FB2046FA
:10C6800005B0F0BD6FF00E0428462146FDF718FDF9
:10C690004FF0FF3005B0F0BDFCF718FBF4E76FF08A
:10C6A0000F04F1E72CAA00202DE9F04F8BB0DC68D5
:10C6B00007460E460AAD1498904645F81C3D247B6B
:10C6C000FCF7DEFD28462409A4002146FCF7FAFD0C
:10C6D000013008D0039883699B060BD53946304654
:10C6E000FEF73CFBD0B103990846FCF7C9FD0BB03F
:10C6F000BDE8F08F828A4FF4C061FAF7CDFFB8F839
:10C70000003008F1080206F10801012B14BF1023C4
:10C710000423FAF7D9FF0028E5D1DFE73046FEF71A
:10C720000DFB03990028DFD14B699C42DCD8CB6814
:10C73000404639461A8872805B88A8F80230FEF7B6
:10C740000DFB18B94046FEF7F9FA50B1039943467C
:10C750000096002001F114020C31FFF793F90399C0
:10C76000C2E741463046FEF71FFE0546002800F0AE
:10C770000181037B042B00F0F380039B0022AC6952
:10C78000D9685A60486807920693F9F70FF8069B34
:10C790000746DB68986893F80CB0F9F707F881460C
:10C7A000069894F88020C368012A5B7B03F03F0A57
:10C7B00062D0032A60D0022A72D0616A07F1010EAA
:10C7C00007F100524FEA1B1B96454FEA8B0B00F214
:10C7D000B9808E4528D88A4226D3426901F1005E8D
:10C7E000481CCBEB020270453A4400F2BF809042F5
:10C7F00027D8964525D3CF1B06A8594602933A461B
:10C80000FCF7D6FD029B9A0600F1C280069B676A80
:10C81000DA6838460292F8F7C9FF079B029A43F09C
:10C8200002035060616A0793A3691944481C01F12F
:10C830000052904209D8B84200F28880BA42C0F053
:10C8400085802846FFF702FA4DE7B842F9D9BA4287
:10C85000F7D2069B5B69CBEB03033B44984201D9BB
:10C860009A427AD3C91A06A8FCF79EFD079B94F852
:10C87000802043F0020307930AF01403142B36D0F0
:10C880001AF0040F1AD0012A3FF42DAF032A3FF407
:10C890002AAFEE23284685F88530FEF76BFE22E7A7
:10C8A00094F88110012988D113F0020F616A85D0B4
:10C8B00001F1FF3E774581D15B07EAD40AF002031C
:10C8C00003F0FF0BABB3022A72D0032A16D0012A61
:10C8D00014D0069905F16C004346009601F114024C
:10C8E0000C31FFF7CFF82846FEF744FEFBE6012A9D
:10C8F000C6D1236A99457FF4F6AECAE70AF0100361
:10C9000003F0FF0A002B00F08280002A00F0A580CF
:10C91000022A40F29180032A40F09F800699434604
:10C92000009605F16C0001F114020C31FFF7AAF832
:10C93000D9E6012A01D0032AE0D11AF0100F3FF402
:10C94000D2AEEBE78E453FF646AF46E7069B5B6906
:10C95000CBEB03033B44984282D994F880208BE7C9
:10C960000C2231465430FEF7EFFA06E790423FF6CC
:10C9700040AF40E70399CB685B7B5C073FF5B4AE03
:10C9800001F11402009643460C31FFF77BF8AAE64A
:10C99000069A0293D268508AF8F704FF8742029BF6
:10C9A0004ED9069A03F01F0AD36883F80DA02DE72D
:10C9B00094F88130012B8CD1636A013B9F4288D16E
:10C9C0000AF0100303F0FF0A002B3FF43AAF236A8A
:10C9D0009945A3D1069BDB68D889F8F7E3FEA062EE
:10C9E000A36AE26A9A4238BFE36294F88030013B5E
:10C9F000092B00F2C181DFE813F06A01BC00AD0031
:10CA00009E007B009E009E006E0066004700022A8A
:10CA10003FF417AF032A02D0012A7FF464AEBBF1C2
:10CA2000000FD7D1069BDB68D889F8F7BBFE94F8D6
:10CA30003E309840A062D3E7236A9945EFD06DE776
:10CA4000069BDB68588A0293F8F7ACFEC01B80B2E5
:10CA5000F8F7A8FE029B5882D8E6E26823699A425A
:10CA60000FD8914501D39945D9D95A1C03F10053E8
:10CA70009A4225D89145FFF436AE99453FF633AE3C
:10CA8000DFE69145EFD3CAE706994346009605F1E4
:10CA90006C0001F114020C31FEF7F4FF95F8403000
:10CAA000002B3FF420AE6B6B002B3FF41CAE012635
:10CAB00005F13400FDF77AFF012E7FF418AE12E67F
:10CAC0009145DAD3BDE6236A99457FF40CAE28463A
:10CAD000FEF750FD07E6236A9945DFD14FF0FF339B
:10CAE0000A21302284F88010E2662367A366D5E726
:10CAF00007AA06992846FFF741FA226AE368064624
:10CB00009A421FD095F84030002BD5D06B6B002B8C
:10CB1000D2D0CDE72C6B2946226A04F11C00A36A0F
:10CB2000013A01332262A362FDF7E6FA294604F1D5
:10CB30002400FDF7D1FA07AA06992846FFF71EFA46
:10CB40000646DFE794F88030052BDBD1062384F816
:10CB50008030D7E7296AAB6AEA6A0B44934222D352
:10CB60000C2105F15400FEF779FA0023A362E36279
:10CB700094E7032194F881204FF0FF3304208A4288
:10CB800084F880002973C4F80C90E3662367C1D051
:10CB9000BBF1000FCFD095F88D30012B7FF47EAF25
:10CBA0006B6FA3667AE72846FDF7A6FB82460C2149
:10CBB00005F15400FEF752FABAF1000F00F082803E
:10CBC0000C2241460AF16000FEF7BEF98820FCF70E
:10CBD00001FD8146002850D0CAF818005046FEF7E3
:10CBE00007FB2B6AA26A0020E16A0133C9F82820FA
:10CBF0000137C9F82C105146A062E06205F11C0013
:10CC0000614C2B62CAF83050FDF766FA22680223A5
:10CC1000C9F82470511CC9F820200322DAF8180042
:10CC2000C9F810108AF80C30069989F8803089F814
:10CC30008120FEF757FCDAF81830D3F8842012F080
:10CC4000200207D199689A77B1F5405F02D94FF475
:10CC500040529A60998FB9F83C201963AAB9069995
:10CC600005F16C004346009601F114020C31FEF709
:10CC700009FF5046FEF77EFC10E75046FCF79AFC91
:10CC8000C4F82890C4F82C9008E70DF1170250461C
:10CC900008A9FEF781FA08AA9DF81730122150461C
:10CCA000FEF73EFFFEF75EFA23681E21D9F8482002
:10CCB00003F57A43C9F86C1053FA80F0C9F8702074
:10CCC0002060EBE6C4F828A0C4F82CA0E6E6013703
:10CCD0006762BAF1000F2BD0C4F80C900699A869CE
:10CCE000FEF700FCAB69D3F8842012F0200207D1D4
:10CCF00099689A77B1F5405F02D94FF440529A6033
:10CD0000998FA28F1963002A3FF4E3AD4FF0FF33F0
:10CD100028462367E366FEF799FF95F88D300421D6
:10CD20000322012B84F880102A737FF4B7AE37E713
:10CD3000A36C06992367A869FEF7D4FBAB69D3F807
:10CD40008420970608D49A6883F81EA0B2F5405F45
:10CD500002D94FF440529A60998FA28F1963002A2A
:10CD60003FF4B7AD02220123284684F8802084F8DE
:10CD70008130FEF76BFF91E695F840300126002BDD
:10CD80007FF4C4AEAFE400BF2CAA0020037B8BB3BA
:10CD9000826992F880300A2B2CD0012B2AD0022BEA
:10CDA00030B58FB027D0D1680423002207910892B4
:10CDB0008DF8243000F16C0304460EAD00F16001E3
:10CDC0000C2201A845F8383DFEF7BEF804F15401E5
:10CDD0000C2204A8FEF7B8F800232846ADF8263048
:10CDE000ADF828300B938DF830300D93FEF7CCFC66
:10CDF0000FB030BD7047516A14230022089107928A
:10CE00008DF82430D6E700BF037B042B10B5044611
:10CE10000BD0FFF7BBFF2046BDE81040FEF7AABBD2
:10CE2000FFF7B4FFE069FEF7A5FBE0690028F7D142
:10CE3000606A0028EFD0FFF7A9FF606AFEF79AFB4F
:10CE4000606A0028F7D12046BDE81040FEF792BB8B
:10CE5000037B042B70B504460D460ED08669FEF7A1
:10CE6000C7F9002303210422E562E3650020A4F84A
:10CE7000563086F88010227370BDFBF71FFF03E069
:10CE80003BB1E069FFF7C0FF236AA26A99188D429F
:10CE9000F6D3954205D2606AFFF7B6FFA36A9D42BA
:10CEA000F9D3E562FBF712FF002070BDF8B5FBF780
:10CEB00005FF154B1C68B4B10027A5692668D5F895
:10CEC0008430DB0713D4237B042B14D0286828B1CB
:10CED0004468FCF7D5F92046002CF9D16F602F602B
:10CEE0003446002EE9D1BDE8F840FBF7EFBE2046FE
:10CEF000FEF740FBF4E7E0690028F1D0FFF784FF7C
:10CF0000E0690028FAD1EBE79866002038B5037B8A
:10CF10008569002B40D090F88E300446012B28D034
:10CF2000FBF7CCFE237B032B29D194F85030002B48
:10CF30004AD0FBF7CBFEFBF7C1FED5F88430227B4D
:10CF400043F00103C5F88430002A39D095F88030C9
:10CF50000A2B08D094F88E30012B27D03023EB66B3
:10CF6000012384F84030636BABBBFBF7AFFE0020BE
:10CF700038BDD0F88830002BD2D1FBF79FFED5F812
:10CF80008430204643F00103C5F88430FFF73CFFAE
:10CF9000FBF79CFE002038BDD5F8843043F0010338
:10CFA000C5F88430FEF7E6FA002038BDD4F88830A2
:10CFB000002BD3D00A4AA2FB03235B09EB66CFE721
:10CFC0002046FEF7D7FAD0E70121204684F850101A
:10CFD000FEF7FAFEADE704F13400FDF7E7FCC4E725
:10CFE000D34D6210037BF3B12DE9F043856991B015
:10CFF00004466B6E5E1C02D0013B30D06B66EB6E5C
:10D00000581C12D0013B0FD1D5F884304FF0FF32BD
:10D01000D907EA6633D595F880300A2B29D0204607
:10D02000FFF7F2FE18E07047EB662B6F5A1C02D038
:10D03000013B2FD02B67A96E4F1C02D04E1E72D021
:10D04000AE66696F481C02D001394FD06967EB6F3B
:10D050005A1C01D00133EB6711B0BDE8F08390F9A1
:10D0600085304FF0FF3218336A6602D0EF2380F824
:10D0700085302046FEF77EFA11B0BDE8F08394F9C2
:10D08000853013F1180FF4D00933F2D0E92384F876
:10D090008530EEE795F880304FF0FF32012B2A679C
:10D0A00000F0A880022B40F0B6802B6A0DF1070239
:10D0B000204602A9013B2B62FEF76EF802AA9DF8FA
:10D0C000073012212046FEF72BFDEA68696DAB6C34
:10D0D0009142E86C00F0CE80EB646A65782BA9D0B1
:10D0E0005B00782B88BF7823EB64A3E7A6694FF039
:10D0F000FF32B36A6A67002B6CD120460121FEF72C
:10D1000011FC326A336D013A782B326204D05B0035
:10D11000782B88BF78233365726E7367013296D19E
:10D120003023736693E74FF0FF33A7693146012040
:10D13000AB66FBF7F5FE8046002882D0A169636BE1
:10D140008A68D31A00F19C808869984209D28E8B34
:10D15000191AB14205D2B1EB520F02D2002818BF02
:10D160000346B97F0C2204F16C060DF14009CB4057
:10D170000DEB020004F1600149F8386D9EB2FDF735
:10D18000E3FE0C2204F1540106A8FDF7DDFEFB6866
:10D190007A6A4FF0100E591E00234846ADF82E60F3
:10D1A0000A92ADF830300D938DF838300991CDF8F2
:10D1B0003C808DF82CE0FEF7E7FA7A6EA36F561CE0
:10D1C000BB6659D0E16F01FB03F39A427FF639AF9A
:10D1D0007B6636E7D6F88430204643F01003C6F865
:10D1E0008430FEF7F1FDD6F8843023F01003C6F842
:10D1F00084302CE72B6A0DF10702204602A9013B7F
:10D200002B62FDF7C9FF02AA9DF8073002212046D4
:10D21000FEF786FC59E7D5F884306A6E23F00403E4
:10D220000132C5F884302DD02A6B43F01003A96A6F
:10D23000E8688A42C5F88430286288BF4A08A98F06
:10D2400098BF520848002963AA63002190424FF01A
:10D25000020288BFA8634FF0FF3085F86020E867BE
:10D260002046FEF7B1FDD5F8843023F01003C5F851
:10D2700084302AE7034631E7E26F02FB03F3A7E7B6
:10D2800033466EE730226A66CEE700BF38B5FBF75B
:10D2900015FD134B1D68B5B1E86928B10468FFF7A7
:10D2A000A1FE2046002CF9D1686A28B10468FFF776
:10D2B00099FE2046002CF9D12C682846FFF792FEF3
:10D2C0000CB12546E8E7FDF74DFF064A136803F564
:10D2D0007A4353FA80F0BDE838401060FBF7F6BCA3
:10D2E000986600202CAA002038B5104CFBF7E6FC0D
:10D2F000206858B18269D2F8843043F00103C2F843
:10D300008430FFF781FD20680028F3D1084D094CD7
:10D31000286800F085F8206800F082F800232B6070
:10D320002360BDE83840FBF7D1BC00BF9866002001
:10D3300028B200202CB20020054B1B682BB11868C6
:10D34000B0FA80F04009404270474FF0FF3070471C
:10D3500030AA002038B5054D286830B10468FCF7C4
:10D3600029F92C602046002CF8D138BD34AA0020C1
:10D37000014B1B681B68184730AA002070B5FBF7EB
:10D380009DFC104B1C68C4B10F4D2E4601E0246873
:10D390009CB12B681B6898476368A268C01A9042CA
:10D3A000F5D333681B689847E3686060002BEED0C4
:10D3B000206998472468002CEBD1BDE87040FBF74A
:10D3C00085BC00BF34AA002030AA002008B5FDF7B4
:10D3D0009FFDFFF7D3FFBDE80840FDF7A7BD00BFE5
:10D3E000F8B5B0B1A9B10546142017460E46FCF7B2
:10D3F000F1F8044658B1084B084A196812680160F0
:10D40000126818609047A5606060E660276120465A
:10D41000F8BD00242046F8BD34AA002030AA002020
:10D4200080B1094B1A68904201D107E01A4613688F
:10D430009842FBD103681360FCF7BCB802681A601D
:10D44000FCF7B8B8704700BF34AA002010B40346F8
:10D450004024012000214FF4006283F86C4083F8DF
:10D460006E00084683F86D109A649A635DF8044B69
:10D47000704700BF38B50C460546FBF71FFCE207B6
:10D4800008D4A30702D5012385F85030FBF71EFC12
:10D49000002038BD012305F1340085F84030FDF748
:10D4A00085FAEEE72DE9F04F044687B01746984617
:10D4B0000D46109EFBF702FCA36CBB42C0F0AE8091
:10D4C000002E00F08E80284600223946FBF774FDBE
:10D4D0008146002800F0A580B4F86230002B77D098
:10D4E00018F0040841D1C346706800B9606EFCF7BB
:10D4F0003BFB012182460820FBF712FD002800F0CB
:10D500009380C5684946B4F8622073882A806B808E
:10D51000FBF7FEFF8146808AF8F744F93288002342
:10D52000A880012AAB71EB7106D1BAF1000F6ED061
:10D53000DAF820309B0757D4B9F814204FF48851FB
:10D540004846FAF7A9F825F8060F3388012B12D0C0
:10D55000B8F1000F57D194F98530002B55D1FBF766
:10D56000B5FB384607B0BDE8F08F012394F88CB0C6
:10D5700084F88C30B8E7B268002694F86D3002F079
:10D58000F00094F88CE0A16EE0280CBF94F86E00D7
:10D5900094F86C0000931123019050460595CDF846
:10D5A0000890CDF810E00396FBF710F9B8F1000FE2
:10D5B00001D084F88CB00028CDD001462046FCF77D
:10D5C0007FFDFBF783FB4FF0FF3007B0BDE8F08F26
:10D5D000636904F160011868FCF760FEA4F862005A
:10D5E0007EE704F154066EE7D9F814105046FAF7B6
:10D5F00097FD0028A0D1D9F81830054643F0200344
:10D60000C9F81830A1E70020D3E70020D5E7B068BB
:10D61000FAF764FD824600288AD18DE76FF0070093
:10D62000CBE76FF00200C8E74846FBF729FEB8F1E8
:10D63000000FF6D06FF00200BBE700BF2DE9F0410C
:10D640000F4686B00C21054690461C460DEB0100A6
:10D650000C9EFDF703FD95F98510C9B984F002040D
:10D660004246394603ABC4F3400405F1340000944C
:10D67000FDF728FB04461EB1314603A8FDF78AFBDF
:10D68000631C03D0204606B0BDE8F0816FF00701AF
:10D690002846FCF715FD4FF0FF30F4E738B5044697
:10D6A0000D46FBF70BFB0C22294604F15400FDF755
:10D6B0004BFC032304F134002373FDF777F9FBF7E8
:10D6C00005FB002038BD00BF10B50446FBF7F6FA95
:10D6D00003482146FDF77EF9FBF7F8FA002010BD5C
:10D6E000BC66002010B5054C216829B10348FDF740
:10D6F00071F921680029F9D110BD00BFBC66002076
:10D700002DE9F04383B00193002B60D0064600283A
:10D710005DD00F4601A808211546FBF7D3FD013067
:10D7200055D0019BDC68A088F8F73CF8019B804647
:10D73000596988424BD8C0F09480E38823B101989E
:10D7400083699B0640F1AC80A27801A894F803E0BD
:10D7500008212378647842EA0E2243EA04236A808F
:10D760007B80FBF721FE31462846FDF7F7FA0028BB
:10D770007CD05B4B1C6854B34FF0000801E0246878
:10D78000FCB1B4F862206B889A42F8D12846FDF7C4
:10D79000D5FA002846D02B88012BF0D1D4F8901070
:10D7A0000029ECD04A68AB689A42E8D10B689E42E7
:10D7B000E5D1B8F1000F02D098F84030E3B1A046AF
:10D7C000DDE7B8F1000F02D098F8403043B10A9875
:10D7D000FBF756FD0198FBF753FD03B0BDE8F0835E
:10D7E0003A4608F134000199FDF718FA0130EED0FD
:10D7F0000A98FBF745FDF0E719464FF0FF32019814
:10D80000FBF794FC81460028D9D008F134003A4651
:10D810004946FDF703FA0130D1D14846A046FBF74F
:10D820002FFDACE704F160094846FDF7A1FA28B9DD
:10D8300048462946FDF7A8FA0028A0D004F154096B
:10D840004846FDF795FA0028B3D148463946FDF71A
:10D850009BFA002893D0B4F856207B889A428ED148
:10D86000A7E7411A01A8FBF79FFD66E72846FDF7E9
:10D8700065FA00287FF47DAF194811233A462946FE
:10D880000068FCF78FFCF0B190F84030002B9ED17F
:10D890003A4634300199FDF7C1F9013097D0A7E736
:10D8A00042464FF48851F9F7F7FE2B8805F108023C
:10D8B00007F10801012B0CBF04231023F9F704FF23
:10D8C000002884D140E70198FBF7DAFC2B88012B74
:10D8D00083D1032230460A9B1146FAF731FA7CE7DE
:10D8E000BC660020002A18BF002B41D000293FD081
:10D8F00001382DE9F041082806D8DFE800F00730AC
:10D900003333303005053600BDE8F0816FF007078E
:10D9100018480468002CF7D015468846DE6802E0F7
:10D920002468002CF0D0294604F15400FDF72CFAAD
:10D930000028F5D0B4F8562073889A42F0D1B4F894
:10D94000622033889A42EBD1414604F16000FDF732
:10D950001BFA0028E4D084F88570BDE8F0816FF0F0
:10D960001707D5E76FF01107D2E76FF00807CFE789
:10D97000704700BFBC66002090F8A23090F8A3204A
:10D980009A4202D90344987E70474FF0FF307047A7
:10D99000704700BFB0F8303193B190F82F31882B29
:10D9A0000BD8C21810B45C1C012380F82F41184614
:10D9B00082F8A5105DF8044B704701220023027124
:10D9C0001846704738B50546B0F8300190B195F863
:10D9D0002F311446C3F1890294420CD805F1A500F9
:10D9E0002246184401F08CFF95F82F3120461C4444
:10D9F00085F82F4138BD144601222A71EEE700BF99
:10DA0000704700BF2DE9F04F8346404883B015258D
:10DA1000DBF814A09BF818609BF819300AEB061687
:10DA20003B490AEB0313DFF8ECE0367A0C4693F837
:10DA300028303601DFF8E0901B01871950F8068086
:10DA400000EB030CC658F8687B68DCF80C70009398
:10DA50001D60C8F88400D8F80430DCF804200343C3
:10DA60000192C8F804301560C6F8847073683B43AF
:10DA700073600968DEF80030A9FB0332920C02EBF8
:10DA80008202520023685B1A9A42FBD8204A092579
:10DA9000DFF884C09146D8F80830184202D0B36845
:10DAA0001F4231D1C6F888701468DEF80010ACFB54
:10DAB0000131890C01EB810113681B1B9942FBD8D2
:10DAC000C6F88470D9F80040DEF80010ACFB0131D4
:10DAD000890C01EB810113681B1B9942FBD8013DA6
:10DAE000D9D128469BF81830009A0AEB0313DB685B
:10DAF00013609BF81930019A0AEB031ADAF82C30FC
:10DB0000136003B0BDE8F08F0120EBE7F0090020BF
:10DB1000041000E06057002083DE1B430D490269BA
:10DB200010B50C6805E0DB0107D40B681B1B102B3C
:10DB300008D8536913F0007FF5D14FF4FE4301205C
:10DB4000536110BD0446FFF75DFF0028F9D022693C
:10DB5000F3E700BF5CB800202DE9F04790F82FA153
:10DB6000BAF1000F02D10420BDE8F08705460E4649
:10DB7000FFF7D4FF0028F6D02E4F00244FF4007991
:10DB8000D7F80080544529691AD8CB6D03F00703F4
:10DB9000032B09D914E095F8A5200133012442F4A0
:10DBA0008062042B0A660BD02A19002CF3D0A24500
:10DBB00027D9013392F8A5200134042B0A66F3D14A
:10DBC0004B69180522D45A0527D4980404D43A681E
:10DBD000C8EB0202322A09D90B694FF40072042003
:10DBE00043F440730B610A66BDE8F087544505D9DC
:10DBF000CA6D520702D19B0519D4C6B103F09CFD32
:10DC0000C0E70EB1C1F860900134D9E70B69042078
:10DC100043F440730B61BDE8F0870B694FF4007269
:10DC2000022043F440730B610A66BDE8F0870020D0
:10DC3000BDE8F0875CB800202DE9F84F0C4615468A
:10DC400098468146FFF76AFF10B90420BDE8F88FB7
:10DC500000226300002D40F2014A1446DBB23D4E23
:10DC600008BF0125022C43EA0A0AD6F800B089F859
:10DC7000A22089F8A32048D9D9F8103099F8A32018
:10DC8000872A12D8D96DC1F3024111B90DE0882A53
:10DC90000BD002F1010E09EB020001395FFA8EF29E
:10DCA00089F8A3201F6F8776F1D15A6910054CD4EB
:10DCB00012F4105F04D13168CBEB0101322912D983
:10DCC0001A694FF4007142F440721A611966DA6DF4
:10DCD00012F4E02F03D01A6942F400721A6199F825
:10DCE000A300BDE8F88F99F8A310A94209D3022C2C
:10DCF00007D9D96D490704D19205E8D4B8F1000FCE
:10DD0000E5D003F019FD022CB6D8D9F81020D36D58
:10DD100003F00703032B0DD8691E4FF4007041F484
:10DD200080714CB9C2F860A0013B0134032B01D8CB
:10DD3000022CF6D91346A1E7012C04D0B8F1000F4C
:10DD4000F2D01066F0E71166EEE71A6942F440720D
:10DD50001A61BCE75CB80020036970B5D3F81451B0
:10DD6000044615F4706201D0C3F81421AE070BD538
:10DD7000D3F87011080442D50022012084F8A220B3
:10DD8000224484F8A3009176EA0710D594F8306114
:10DD900016B394F82E6194F82F21B2422BD9721C3D
:10DDA000264484F82E2196F8A520C3F86021AB05FF
:10DDB00011D594F8A30018B1D4F83C3103B19847B9
:10DDC000002384F8A23084F8A33084F82E3184F83C
:10DDD0002F3184F8303170BDD4F838210AB1904722
:10DDE00023690122002184F8302194F82F2184F83E
:10DDF0002E11B242D3D80022C3F86021D7E794F89D
:10DE0000A320872AC0D8501CC0B2B9E70148FFF749
:10DE1000A3BF00BF205900200148FFF79DBF00BFEE
:10DE2000605A00200148FFF797BF00BFA05B0020A9
:10DE3000036900221348814210B41A6118D91248AC
:10DE4000814212D9114C124812499C645A6298625C
:10DE5000D9629C6C00204FF0011101221C651862F0
:10DE60005DF8044B99651A6170470B4C0B48EBE762
:10DE70000B4C01200B494FF430329C64586299627C
:10DE8000DA62E6E77F1A06003F420F000A0907043C
:10DE900060090101007F05001C1A120C100E02021D
:10DEA0003B372819B80B050570B5EFF3108172B632
:10DEB0000C4C23688BB10C4E00255A6922607AB154
:10DEC000956101B962B65D7718469B689847EFF394
:10DED000108172B62368002BEFD101B962B670BD14
:10DEE0003260EEE7B8A90020B4A90020FFF7DCBF3C
:10DEF000044A054B1168054A196013680133136021
:10DF0000704700BF041000E058B800205CB8002043
:10DF1000B0F84630B0F848209BB292B2934202D299
:10DF2000501EC01A7047406B01381044C01A704729
:10DF300072B6B0F84A30B0F84C2099B293B2994218
:10DF400001D2826B11440269CB1AD06AC0F302601D
:10DF5000184462B6704700BFB0F84A20B0F84C30A1
:10DF600092B29BB29A4270B428D00133846BA34220
:10DF700017D2016B9EB28B4218D2016AC95CC9B23A
:10DF8000856DA0F84C60B5B19A4238BF1219D31A0A
:10DF9000C26B93420FD8C36D0846C5F8883070BC79
:10DFA00070470026016B33468B42E6D3591A456A07
:10DFB000695CC9B2E4E7084670BC704772B6B0F855
:10DFC0004A1089B28A4202D062B60A46CDE7036996
:10DFD000DA6A12F0E06F04D0D869C0F3090062B6C3
:10DFE000DDE74FF0FF30FAE790F8443043B110B569
:10DFF000044603F0A1FB94F84430002BF9D110BD86
:10E00000704700BFB0F84A20B0F84C3092B29BB2D3
:10E010009A4210D00133816B026B8B4228BF0023E0
:10E02000934204D39B1A426AD05CC0B27047026A22
:10E03000D05CC0B2704772B6B0F84A1089B28A425A
:10E0400001D062B6E6E70369DA6A12F0E06F11D038
:10E05000DB690021026AC3F3090310B40124A0F8AC
:10E060004A40A0F84C10D9B2517062B618465DF81B
:10E07000044B70474FF0FF3362B61846704700BF3D
:10E08000EFF31380B8B9EFF310834BB9EFF30582C8
:10E090003AB94FF48073EFF3118050B1984208D22F
:10E0A00070470F2AF7D9054BD35CEFF31180002896
:10E0B000F4D1184670474FF0FF30F1E7F0E300E08D
:10E0C00007EE901A9FEDA47A0421B6EE005AF8EEFE
:10E0D000677A9FEDA26A2DE9F043C7EE275A0E46F4
:10E0E000012541F6FF741DE0A342A8BF234607EEB9
:10E0F000903AF8EEE76A76EEC76AC6EE877AF5EEF2
:10E10000C07AF1EE10FA48BFF1EE677AF4EEC67A03
:10E11000F1EE10FA03D8B0EE676A0E461D460131E3
:10E12000212911D007EE901AF8EEE77A85EEA77A4A
:10E1300077EE057AFDEEE77A17EE903A002BD3DC06
:10E14000F7EE006A0123D6E70021436902F4007468
:10E15000D0F83890B3F85C70B3F85E808C42A0F8C9
:10E160004A10C7EB0907A0F84C1008BF8C46A0F86E
:10E17000461018BF4FF0010CA0F8481080F844106A
:10E18000D3F810E05969DEF80040C76344EA01049F
:10E19000C8EB09010164CEF8004080F81AC040F0D5
:10E1A000CE80047E6E4903EB04146E4F247E01EB97
:10E1B0000414A4682760047E03EB0414277ED4F8BB
:10E1C0001CE001EB07146468C4F800E0047E03EB74
:10E1D0000414276A0FB1646A3C60447ED92703EBBC
:10E1E000041494F8384001EB0414A4682760447EBA
:10E1F00003EB041494F83870E46B01EB07114968E1
:10E200000C60417E03EB01110C6C0CB1496C216078
:10E21000711E5C785F68082E4FEA01614FF00006BE
:10E22000D8BF4FF4003E04F1100401F0F853C8BF0A
:10E23000B64601691D434C4B4EEA05050D61CE60A3
:10E2400043F824704369012448495D7893F85A30B3
:10E25000474E6B54456901696B7803F01F075B11EA
:10E26000BC4046F823408B6A9B0803F01C030F2B2D
:10E2700060D85B1003F00303DCB28B6A9B0003F0F1
:10E280001C030F2B53D8DB0303F44033234302F06A
:10E290000304CB628B6A43F088038B6253074BD431
:10E2A00044F4701302F00F04042C847E08BF43F082
:10E2B0008043970648BF43F080530CB143F0A0035E
:10E2C00016078B6103D50B6943F000530B614B6953
:10E2D000D40623F0805348BF43F080534B61D305ED
:10E2E00003D50B6943F400530B61EB681B78E3B96A
:10E2F000204E357865B3204C2368834226D0691EB2
:10E300002346C9B204EB810103E053F8042F904285
:10E310001AD08B42F9D16B1CDBB2184A33701378D8
:10E3200044F8250043F002031370BDE8F0834FF476
:10E330004033ABE70324A0E7114B2343B2E7447E0D
:10E340004FF2D90706494AE7BDE8F083BDE8F083FC
:10E350000123094CE1E700BF001BB74BEC78AD602F
:10E36000F009002038F00100006C002000E400E01B
:10E3700000E100E097B80020C0A90020B4690020A7
:10E3800010003C00436919695A69096811422BD091
:10E3900070B590F84420044632B103F0CDF994F8FA
:10E3A0004430002BF9D16369206900210F4A05250B
:10E3B0008161207EA66D03EB0010007E02EB001051
:10E3C00040680560607E03EB001393F8383002EB81
:10E3D000031253681D60A4F84A10A4F84C1016B13B
:10E3E000E36DC6F8843070BD704700BFF0090020AF
:10E3F00010B4416299B1036B1A44826344690021ED
:10E40000B4F85C30B4F85E40D31AA0F84A10121B7E
:10E41000A0F84C10C36302645DF8044B7047026BB4
:10E420008263EBE78162C36A39B11A440023426315
:10E43000A0F84630A0F84830704743630023A0F8A6
:10E440004630A0F848307047F8B5036D04460E46D4
:10E4500013B1426DC3F88420A37E33B172B6226932
:10E46000936943F00053936162B6B4F84650636B0E
:10E47000ADB201359D4249D2AFB2B4F848309BB23B
:10E48000AB4220D1FFF7FCFD6369B3F85A309842E4
:10E490002DDC21694B691B02EFD5B4F84830626B63
:10E4A0009BB20133934227D2E26A98B2934228D2B8
:10E4B000E269D35CDBB2CB61A4F84800B4F8483021
:10E4C0009BB2AB42DED0E36A9D4222D3ED1AF6B294
:10E4D000A36A5E5572B60120226984F84400A4F84C
:10E4E0004670936943F40003936162B6F8BDFF2858
:10E4F000C3DD03F021F9C0E70020E26A034693423E
:10E50000D6D39B1AA26AD35CDBB2D4E700273D4680
:10E51000B3E7F6B2E3695E55DCE700BFFFF794BFEF
:10E520000269536913F4401FF0B542D0D36AC3F3B4
:10E530000265002D3AD0B0F84A70B0F84CE0BFB296
:10E540001FFA8EFE06E0026AD65402696B1E13F0B3
:10E55000FF051AD0D1697B1C866BB0F84C40C1F323
:10E560000901B34228BF0023A4B2A342EED0026B3C
:10E57000CEB21F469342A3EB0204E4D3436A1E5576
:10E580006B1E026913F0FF05E4D1BBB2816DA0F8E8
:10E590004A3059B1774573D2836BCEEB03031F44E6
:10E5A000036C9F4202D3C36DC1F884305369DC020F
:10E5B00055D4D2F818E01EF4000F02D053691902A6
:10E5C0001CD41EF4800F48D053695B0246D500214D
:10E5D000036D80F8441013B1416DC3F88810837E39
:10E5E0003BB172B60269936923F00053936162B63E
:10E5F0000269936923F480039361F0BDB0F846503B
:10E60000B0F84830ADB29BB29D422DD0466BC46A83
:10E610000AE0C169C95CC9B2D161D16AC1F3022102
:10E62000032912D8AB421FD001339E4298BF00236A
:10E63000A342A3EB0401ECD3876A795CC9B2D16130
:10E64000D16AC1F302210329ECD999B2AB42A0F8F7
:10E6500048100CD01EF4800FB6D1F0BDF0BD536948
:10E6600043F480135361A4E7ADB2A0F84850936916
:10E6700023F400039361936943F480039361A0E75B
:10E68000CEEB07078CE700BF0148FFF749BF00BF8B
:10E69000945700200148FFF743BF00BFF457002004
:10E6A0000148FFF73DBF00BF545800200148FFF765
:10E6B00037BF00BFB458002070B504460D46C61DD4
:10E6C000002308460A2214F8041F00F037F92B68CB
:10E6D0002E2128461B68984714F8011F00230A22A0
:10E6E000284600F02BF9B442F1D1042070BD00BFE0
:10E6F00010B5144C236813B1134AD168E9B96368A3
:10E7000013B1124AD168A1B9A36813B1104AD168F4
:10E7100059B9E3683BB10F4AD16829B10121BDE87D
:10E720001040D160184710BD10BD0121D16098473D
:10E73000EFE70121D1609847E6E70121D1609847D2
:10E74000DDE700BFE0940020004108401041084090
:10E7500020410840304108400368F0B55BB3002514
:10E7600001249D60DC60214D03241A601D449C60DF
:10E770001F4C03792D111F4F635523786078FF2BB1
:10E78000A278E47828BFFF231B4E47F82510834268
:10E7900028BF034619489342C0F8286228BF134691
:10E7A000A34228BF2346164C4FF08061154A012032
:10E7B00023701160F0BD144F4FF0010C134EFC6E2E
:10E7C000DFF850E0334644F44054114DFC66CEF877
:10E7D00000C006609C68002CC5D01033AB420360BB
:10E7E000F8D1002303601846F0BD00BF00BFF7BF9B
:10E7F000805E0020E0940020EDEE0000006C002020
:10E800007AE400E00CE100E000C00F400041084065
:10E81000404108400040084002680AB3114B1249C9
:10E820001344F0B51B11FF250024DFF844E0CD545C
:10E830000E784D78FF2E94604EF8234028BFFF26B7
:10E840008A78C978AE423346084F28BF2B46934298
:10E8500028BF13468B4228BF0B463B700460F0BDB7
:10E86000704700BF00BFF7BF805E00207AE400E081
:10E87000E0940020F8B50E4671B17AB1074614460F
:10E8800000253B68384616F8011B1B689847013C79
:10E890000544F6D12846F8BD0846F8BD1046F8BD37
:10E8A0002DE9F0438C688BB0ECB100250646894613
:10E8B0002F462B46212201A9484600F095FA202C2C
:10E8C0002346306828BF202301A9D0F804803046B1
:10E8D000E41A1A461D44C0470744002CE9D13846C3
:10E8E0000BB0BDE8F0832746F9E700BF10B5064C32
:10E8F00082B003680222248801A95B68ADF8044055
:10E90000984702B010BD00BF54050020036810B541
:10E9100014465B689847204610BD00BF0EB400B592
:10E9200082B003AB53F8041B1A46019307F09AFC1C
:10E9300002B05DF804EB03B0704700BFF0B50646C7
:10E940008BB0002A33D0012A08BF0A2251B32125F7
:10E9500000E0FDB26F1EB1FBF2F402FB1411C8B26D
:10E96000092900F1370100F1300088BFC8B2214603
:10E970000AAC98BFC0B22C4404F8240C0029E8D19A
:10E9800033B1013D0AAB2D22EDB22B4403F8242C08
:10E99000336801A9C5F12202304629445B689847D3
:10E9A0000BB0F0BD302221258DF82520E8E7036863
:10E9B000C9B21B6898470BB0F0BD00BF002903DB4C
:10E9C00000230A22FFF7BABF49422D230A22FFF78C
:10E9D000B5BF00BF38B5224C224A23685BB122493B
:10E9E000013B12680968C2F88C105A1D08BF6FF00D
:10E9F0000203236038BD1C4B1C4D196812682B683C
:10EA0000C2F8881093B11A4AD2ED007AF5EEC07AB6
:10EA1000F1EE10FA06D99FED177AF4EEC77AF1EE0F
:10EA200010FA0ADD002223602A6038BD1248FFF781
:10EA3000F3FE124BFF221A7038BDF3EE086ABEEEE9
:10EA4000007AA7EEA67AFCEEC77A17EE902A102A73
:10EA5000E8D90B490848FFF77FFE2B68E2E700BFC3
:10EA60007CA9002080A9002084A9002078A900208A
:10EA700088A90020ABAA2A4DE05C0020AB690020E9
:10EA8000D1F10000362853D8F8B5002A49D002FB4E
:10EA900001F23D4BA3FB02239B095B0001330029DC
:10EAA00043D007EE901ADFED396AF8EE677A86EE0A
:10EAB000A77A374902018C18676872B6DFF8F0E070
:10EAC0009EF80050854234D0362DDFF8E8C0314D35
:10EAD00004D82E68DCF80040C6F888408E18B5EEE1
:10EAE000C07A8A5805248EF80000F068F1EE10FA1A
:10EAF000294EC2F888005168CCF8000041EA0001B4
:10EB000026482A60516033603C6080ED007A06D967
:10EB1000DFED237AB4EEE77AF1EE10FA19DD62B692
:10EB2000F8BD6FF002030029BBD19FED187AC0E752
:10EB300070471A4AD2ED007AF4EE477AF1EE10FAF5
:10EB400018D115490A6802F00102013A13440B601A
:10EB5000E5E7F3EE086AFEEE007AE7EE267AFCEED1
:10EB6000E77A17EE902A102AD9D90E490E48FFF7F6
:10EB7000F3FDD4E708480D4C016882ED007A01F0FE
:10EB8000010123600160CAE7D34D62100024F448FC
:10EB9000F009002080A900207CA9002088A900207D
:10EBA000ABAA2A4DD1F10000E05C002078A900203A
:10EBB000AB69002084A90020362807D810B572B6AA
:10EBC000094C2378834202D062B610BD70470748D3
:10EBD000FFF722FE064B074AFF211B6812682170CF
:10EBE000C3F88820F0E700BFAB690020E05C00209C
:10EBF00080A9002084A90020024A0349034804F0A8
:10EC000079B900BF5057002015540000E05C002087
:10EC100010B50446006804F0DDFB204610BD00BFBF
:10EC200038B543688B4201D3012038BD0D460446F8
:10EC30000131006805F006F80028F6D0A36884E8E2
:10EC40002100002BF0D10370EEE700BFF8B50446B9
:10EC5000154632B9036803B11A700023A360204639
:10EC6000F8BD0E461146FFF7DBFF074648B920689E
:10EC700010B104F0AFFB2760002320466360A3605F
:10EC8000F8BDA5603146206805F05AFCE7E700BFF3
:10EC900038B500230446036043608360037341B1C9
:10ECA0000D46084605F0AEFC024629462046FFF711
:10ECB000CDFF204638BD00BF0023884210B5044672
:10ECC000036043608360037303D08A680968FFF7B9
:10ECD000BDFF204610BD00BF38B50C4605460846AE
:10ECE00005F090FC214602462846BDE83840FFF773
:10ECF000ADBF00BF10B50023044682B00A222360D6
:10ED00000846636001A9A360237307F083FA01A991
:10ED10002046FFF7E1FF204602B010BD10B50023EA
:10ED200004468AB0881C23606A466360A36023732C
:10ED300000F0AAFE30B101462046FFF7CDFF204685
:10ED40000AB010BDA06020460AB010BD2DE9F843FE
:10ED50000F46036804461546BB4281680AD85A1814
:10ED6000974207D2C3EB07094FF0010835B9204697
:10ED7000BDE8F8834FF00008002DF8D04E1920466A
:10ED80003146FFF74DFF0028F1D0B8F1000F0ED04B
:10ED900023682A46A06803EB0901184400F0B0FD7F
:10EDA000236800229A55A6602046BDE8F8832068B3
:10EDB0003946A368184405F0C3FBF4E710B50446D0
:10EDC0008A680968FFF7C2FF204610BD38B50546BE
:10EDD00041B10C46084605F015FC0246214628467E
:10EDE000FFF7B4FF284638BDBAB170B5B1FA81F467
:10EDF00064097CB986689E420DD9F61A013A0D461F
:10EE0000016896422846194428BF1646324605F046
:10EE100067FCAC5570BD0C7070BD70472A2817D8C0
:10EE2000F8B51D4F05463B78A3B91C4B5B5DFF2B26
:10EE300021D01C0621D41A4C2360236AD80704D49D
:10EE400002F07AFC236AD907FAD5154B586AF8BD47
:10EE500000207047124C134E01E002F06DFCA36CD1
:10EE60001B06FAD4B36C13F08003F6D13B700B4B46
:10EE70005B5DFF2BDDD10020F8BD03F07F03094C63
:10EE80002360236ADA0704D402F056FC236ADB0706
:10EE9000FAD5044B586AF8BD9EB800205C0E0020DD
:10EEA00000400C4000800C40964A974B90422DE960
:10EEB000F043964CD3F814E09969E6681CD9944B5A
:10EEC000984240F21581934B40F22765924F0344DC
:10EED000924C1A0AA7FB0232D30903EB830303EB1C
:10EEE000830202F2E243AB4228BF2B46A3F54873EC
:10EEF000A4FB0335ED0804E0894DA84294BF062524
:10EF00000E25814A06F01F07D2F88030AF4243F049
:10EF1000C003C2F880300AD27C4B26F01F061A4686
:10EF20002E43DE601368002BFCDA06F01F071EF08C
:10EF3000007331D17B4C7C4AD4F810C014460CEAE3
:10EF40000202A2420ABF4FF0C0534FF48052002287
:10EF50008EEA030414F0605F08D02EF0605E03F0C8
:10EF60006053694C43EA0E0EC4F814E081EA0203D0
:10EF700013F4405F08D0644B21F4405111431A460A
:10EF80009961936C1C07FCD44EF0007E5E4AC2F877
:10EF900014E0936C9906FCD40121644C0A4601FBF1
:10EFA00002F300FB03F3A34209D8072A00F295807D
:10EFB000013201FB02F300FB03F3A342F5D95C48E5
:10EFC0005C4C1844A4FB00031B0D6C2B00F28B80DF
:10EFD000352B00F28F80DFF8888136235648DFF822
:10EFE00044C1564CDCF80090B0FBF2F009EA04048E
:10EFF0004445B0FBF1F00BD043F400534FF480587C
:10F000006446CCF80080CCF800302368002BFCDA92
:10F01000DFF8F4C0013ADCF8103003F00703934244
:10F0200007D002F007026446CCF81020A36CDB0383
:10F03000FCD4013989028EEA010313F4E05F0CD09D
:10F04000314B2EF4E05E01F4E0511A4641EA0E0E17
:10F05000C3F814E0936C9907FCD4394B3949034445
:10F06000DB09A1FB0331090B042928BF04214B1E36
:10F070001B028EEA030212F4407F07D02EF4407E7A
:10F0800003F44073204A43EA0E0353611E4B5C694C
:10F090001A4624F000745C61936C9B06FCD42A4BE6
:10F0A0004FF0FF32294CBD42A3FB00E320604FEA42
:10F0B0009343274CB2FBF3F3B0FBF1F1254A2160F7
:10F0C000136008D2114B26F01F061A462E43DE604D
:10F0D0001368002BFCDABDE8F08304293FF66FAF1C
:10F0E000013101225BE7DFF87C806C231A4876E768
:10F0F000122506E71948DFF8708000FB03F043EAA9
:10F1000008086CE700A4781F00C00F40000008400A
:10F110000046C32300BA3CDC23B24C001F85EB51F0
:10F1200000366E0100800D4040300080FFB19F2608
:10F13000808D5B00819F5E1600B29F267F3001802C
:10F140007FD1F0089F10E50083DE1B43605700204D
:10F150005C57002098B5002000643F4D001BB700AD
:10F16000362000806C20008000200080002857D0CE
:10F1700001222DE9F04F85B083462A4C2A4D2B4EB3
:10F18000DDE9028954E8003F2868336844E800213B
:10F190000029F7D1264FCDE902893A68D31A254ACA
:10F1A0004FF47A7E019712680127A3FB02234FF4E4
:10F1B0007A72984600238B4208BF42452CBFC24654
:10F1C000F2460EFB00AA54E8003F2A68316844E882
:10F1D0000073002BF7D101980068411A15484FF4CD
:10F1E0007A7E00680EFB02F2A1FB00014FF47A70F8
:10F1F000CAEB020288460021994208BF40452CBF55
:10F20000434673461A44724507D3BBF1010B0AF516
:10F210007A7AD8D105B0BDE8F08F02F08DFAD2E746
:10F22000704700BF4CBA00205CB8002058B80020DE
:10F23000041000E098B500202DE9F003124A0126E1
:10F24000124D134C52E8003F2968206842E80063E1
:10F25000002BF7D10F4A16680F4F321A4FF00009F2
:10F260004FF47A783E684FF47A709945A2FB0667AE
:10F2700008BFB8453C462CBF3C46044600FB014055
:10F28000BDE8F003704700BF4CBA00205CB8002016
:10F2900058B80020041000E098B5002000010F4B82
:10F2A0001A181B5810B4D0685C68044205D059B1D4
:10F2B000C3F884005DF8044B7047936849B9084A65
:10F2C0005DF8044B1A607047C3F888005DF8044B82
:10F2D0007047044A5DF8044B1A607047F00900203B
:10F2E0003830010038F001000001054B1A58191898
:10F2F0009268CB681A4214BF01200020704700BFFB
:10F30000F0090020362801D8FFF7C8BF704700BFBA
:10F31000362801D8FFF7E8BF0020704736281CD8F0
:10F3200000011A4A012902EB0003105810B415D04D
:10F33000042913D0DC68426822EA040242609A6819
:10F34000E9B102291ED003295B685DF8044B0CBFAC
:10F350000F491049116015221A607047DA680129B7
:10F36000446842EA040242609A6808D040F63801D4
:10F3700011605B6815225DF8044B1A6070473821F4
:10F380001160F6E704491160F3E700BFF0090020BF
:10F39000383001003800010038F00100F0B4144B9F
:10F3A0000021144C01201A460F46C3F8F0421D46B6
:10F3B000114E124CC3F8F412C2F8B800C2F8A07093
:10F3C000C2F8A460C2F8B00053690949DB07FBD555
:10F3D00068612378DB07EFD40B680A4643F001032A
:10F3E0000B601368DB07FCD462B6F0BC704700BF4B
:10F3F00000802A400504012401000F0000812A40FA
:10F4000070B40E4E4FF6FF750D4CA4F580530022DC
:10F4100002E09C4282B204D933F8021B501CA9427C
:10F42000F7D104F5805426F8022FB4F1C14FECD186
:10F43000044B01221A7070BC704700BF9AB50020BF
:10F4400000107C60A8B80020F8B541F2BB039842D8
:10F4500001D9FF20F8BD184B05461B7843B3AC0813
:10F460001649174B05F00300A4FB0167154EA1FBDD
:10F470000421E21B651A07EB520201EB5505520904
:10F480006D09C2EB821240EA8505A21A134436F8D0
:10F4900012401B0303EB4404A342DAD2FF2033F8EB
:10F4A000022BD1B28D4208BF100A9C42F7D8F8BD9A
:10F4B000FFF7A6FFD3E700BFA8B80020054110045E
:10F4C000C00706009CB50020F8B50E46154672B67A
:10F4D000314A0024314F022340F206414FF4702E8E
:10F4E00097610127D36120F01F03C2F8A040C2F842
:10F4F000F0124119C2F8F442C2F8F842C2F8FC42D4
:10F50000C2F8A4E0C2F8B070BFF34F8F244A136072
:10F5100020339942FBD8BFF34F8FBFF36F8F1E4943
:10F520004B691D4ADC07FBD5ABB201211D4C20F015
:10F530007F4043F4702342F201275161C2F8F04248
:10F540001446C2F8F472C2F8BC10C2F8A000C2F8A7
:10F55000A430C2F8B01001E05B060AD463690E4A19
:10F5600013F00101F8D041235361BDE8F840FFF7E3
:10F5700015BF082D4FF0080206D9083D31460A484C
:10F58000164400F0BDF900E015B940236361E5E7DA
:10F590002A460D46F2E700BF00802A40F05AF05A92
:10F5A0005CEF00E03204180880812A40F0B472B6A3
:10F5B000224A0024224D0221224B40F20647956147
:10F5C0004FF4702603400125D161C2F8F07203F5B3
:10F5D0008051C2F8F442C2F8F842C2F8FC42C2F8C4
:10F5E000A040C2F8A460C2F8B050BFF34F8F164AD3
:10F5F000136020339942FBD8BFF34F8FBFF36F8F57
:10F600000E494B690D4ADC07FBD5104B0124104E07
:10F610004FF47025034011465461C2F8F062C2F8FD
:10F62000A030C2F8A450C2F8B0404B69034ADB07CF
:10F63000FBD50123F0BC5361FFF7B0BE00802A4028
:10F64000F05AF05A00F0FFFF5CEF00E000F0FF001E
:10F650002004180841F2BB03984268D83E4B2DE9BC
:10F66000F04F1B78C3B08A468146002B6ED04FEA1C
:10F6700099023A4B09F00300394DA3FB0213DFF85E
:10F68000E480D71A03EB57077F09C7EB8713B94606
:10F69000D71A40EA89093D4438F817402D0305EB95
:10F6A0004400854255D22B46FF2633F8022BD1B2B7
:10F6B000894508BF160A9842F7D8B24534D0B4F548
:10F6C000006F35D302AE4FF48072FF21304604F054
:10F6D000EDF905F580502A4632F8023BD9B2904246
:10F6E0004FEA13237354F7D80024284606F809A0DC
:10F6F0000DF1070B2646FFF759FF1BF8013F05EBFD
:10F70000460002220DF10601FF2B44EA032304F117
:10F71000010404D00136ADF80630FFF7D5FEB4F58C
:10F72000807FEAD128F8176043B0BDE8F08F7047BA
:10F7300049EA0A29022202A90134ADF80890FFF72C
:10F74000C3FE28F8174043B0BDE8F08FFFF758FE1E
:10F750008DE7FF26B1E700BFA8B8002005411004DF
:10F76000C00706009CB5002062B170B5054614467E
:10F77000084615F8011B461CFFF76CFF013C30469C
:10F78000F7D170BD704700BF704700BF362823D83F
:10F790000001F0B54B4C4C4D2358AB4246D07AD9C2
:10F7A0004A4DAB4244D005F58045AB4240F08580E0
:10F7B000474F2044474E484CD0F804E0C568C4F891
:10F7C000B46246484FF000540460042A62D8DFE86F
:10F7D00002F0484604314800704703265A696FEA30
:10F7E000050C052495FAA5F00CEA0202B0FA80F0A7
:10F7F0005A61CEF800405A6802EA0C025A6047F893
:10F800002010DC690F2804EA0C04DC6148DC4000AD
:10F810000321DA68814006FA00F022EA0101084378
:10F82000D8609D615A692A435A61F0BD2C4FC0E7E8
:10F830002C4FBEE75A696FEA050C052495FAA5F02E
:10F8400002EA0C020226B0FA80F05A61CEF80040BB
:10F850005A680CEA02025A6047F82010D1E70126E4
:10F86000BCE75C696FEA050C052695FAA5F004EA89
:10F870000C04042AB0FA80F05C61CEF800605C6889
:10F880000CEA04045C6047F8201018D1DA692A43B6
:10F89000DA61C6E7F0BDB3F1844F0FD1124F88E7AC
:10F8A000124903221C69014449008A4006FA01F109
:10F8B00024EA020211431961B3E7F0BDF0BD00264E
:10F8C0009FE700BFF0090020004000420080004296
:10F8D0008068002021000000006C002010E100E0A2
:10F8E000806700200068002000670020F0FFFF7F95
:10F8F00008B5F1F7C3FFF3F70FFB01F01DFFFAE7BF
:10F90000844641EA000313F003036DD1403A41D32A
:10F9100051F8043B40F8043B51F8043B40F8043BE9
:10F9200051F8043B40F8043B51F8043B40F8043BD9
:10F9300051F8043B40F8043B51F8043B40F8043BC9
:10F9400051F8043B40F8043B51F8043B40F8043BB9
:10F9500051F8043B40F8043B51F8043B40F8043BA9
:10F9600051F8043B40F8043B51F8043B40F8043B99
:10F9700051F8043B40F8043B51F8043B40F8043B89
:10F9800051F8043B40F8043B51F8043B40F8043B79
:10F99000403ABDD2303211D351F8043B40F8043B19
:10F9A00051F8043B40F8043B51F8043B40F8043B59
:10F9B00051F8043B40F8043B103AEDD20C3205D329
:10F9C00051F8043B40F8043B043AF9D2043208D021
:10F9D000D2071CBF11F8013B00F8013B01D30B8893
:10F9E00003806046704700BF082A13D38B078DD071
:10F9F00010F003038AD0C3F10403D21ADB071CBF43
:10FA000011F8013B00F8013B80D331F8023B20F8AC
:10FA1000023B7BE7043AD9D3013A11F8013B00F8E5
:10FA2000013BF9D20B7803704B7843708B7883706D
:10FA30006046704703F0C6BCF0B44E1E0025374642
:10FA400000E00135B0FBF2F302FB130000F13704D4
:10FA5000092800F13000E4B298BFC4B2184607F894
:10FA6000014F002BEDD14A1953704DB1013316F8F7
:10FA7000014F1778E81A3770834202F80149F5DB25
:10FA80000846F0BC704700BFB4EE400A80EAE0735D
:10FA90002DE9F047F1EE10FA05461446A3EBE073AA
:10FAA0002DED028BB0EE408A84B080F12381F0EE20
:10FAB000C07A9FEDC67AF4EE477AF1EE10FA42DD95
:10FAC000B5EEC00AF1EE10FA4CBF042203229A42AE
:10FAD00021DB0028C0F270810022B5EEC08AF1EE71
:10FAE00010FA00F14A8149254E204621E31C257079
:10FAF0006070A170002A00F067811A44202103F889
:10FB0000011B9A42FBD100231046137004B0BDECD8
:10FB1000028BBDE8F0870028A3EB0202DDDA002AA1
:10FB200000F04A81A318202204F8012B9C42FBD14B
:10FB3000B5EEC08AF1EE10FA40F1178100222D21B6
:10FB40005C1C1970CFE70F4602AA01A93846BA46D5
:10FB500003F0A0FBDDF804908046002F00F08780C2
:10FB6000C9F10003BB4200F3BC80404604F04AFDEB
:10FB70000646B145B8BF0136B9F1000F00F0AF80BD
:10FB8000B9F1000F22DA0FB309EB0703BE1C834261
:10FB90001CD2002F06DDF2EE047ABAF1010A28EE3B
:10FBA000278AFAD102AA5046B0EE480A03A903F008
:10FBB00071FBDDF80490039A7B1C8046C9EB0202BE
:10FBC0009A4203D109F10109CDF80490DDF808E06B
:10FBD000BEF1000F5ED00136A81BA11900285EDC23
:10FBE00022462D20531C1070B9F1000F6DD087B143
:10FBF000B9F1000F0DDA1A4630202E2702F8020B59
:10FC00005F70C9EB020302F8010B9A42FBD100229C
:10FC100001928B4220D25F1C98F8002008F1010865
:10FC20008F421A7019D0019A4FF02E0E0BE083F814
:10FC300001E002338B4203F101070DD218F8010BEA
:10FC40008F42187009D0013A0192002AEFD03B464A
:10FC50008B4203F10107F1D31946002D71DB00231C
:10FC600020460B7004B0BDEC028BBDE8F087B9F103
:10FC7000000F7FF475AF012390F800805449554A76
:10FC8000994601934FF0FF33B8F1340F8CBF88468B
:10FC9000904667E7A81BA119002840F39380014410
:10FCA000224601384FF0200C02F801CBC2F10103CB
:10FCB00003442344002BF7DC20EAE07301332344A0
:10FCC000BEF1000F90D01A468BE7002FA1D01A4644
:10FCD00030272E2002F8027B5870134699E7013630
:10FCE00074E70126C7F10009DFF8E8803046CDF857
:10FCF00004903EE7B5EEC00AF1EE10FA4CBF0422C4
:10FD000003229A423BDA0028A3EB020340DB18EE01
:10FD1000102A002A37DB4E214120E21C2170A170FD
:10FD20006070002B4CD01344202102F8011B9A4232
:10FD3000FBD1002218461A7004B0BDEC028BBDE85E
:10FD4000F087A8194342C043002B88DD0A462025CE
:10FD500002F8015BC2F1010303440B44002BF7DC02
:10FD600020EAE0730133194479E749244E20462103
:10FD7000DA1C1C7058709970C5E62346DFE600282F
:10FD800018DB0023C3E722462D21541C1170C2E763
:10FD900083B1E218202304F8013B9442FBD118EE12
:10FDA000103A002B0ADB4E214120D31C11709170B8
:10FDB0005070BEE72246F2E72346B9E60023E3E7A8
:10FDC0001346B6E723460FE71A469CE6FFFF7F7F00
:10FDD000D0260020BC170020F0B501EB4106294CCD
:10FDE000012500EB461694F800C005FA01F1F489EC
:10FDF0001FFA81FEB0F88851A4B24FEA0E1704FB37
:10FE00000333ADB207F0F00723FA0CF33D43A342EE
:10FE1000A0F8885128BF2346012A22D015D3022AF0
:10FE200008D001F00F01B0F888319BB21943A0F857
:10FE30008811F0BD9BB201F00F01F383B0F880315F
:10FE40009BB21F43A0F88071EDE7E31A01F00F01A8
:10FE50009BB27381B0F880319BB20B43A0F8803124
:10FE6000E1E79BB201F00F014FEA0E2EF382B0F8EA
:10FE700080310EF4706E9BB24EEA030EA0F880E162
:10FE8000D1E700BFAE6900202DE9F0414FEA410EF5
:10FE9000384AB6EE007A4FF0010C0EEB01030CFA73
:10FEA00001F700EB4313BEB2DB89D2ED007A9DB2BD
:10FEB000F8EE677A87EE800A30EE070AFCEEC07A29
:10FEC00017EE903AB3F5803F4ED300224FF6FF7401
:10FED00001E0062A03D85B080132A342F9D8B3F542
:10FEE000803F4FEA021237D242F4806292B203F1AD
:10FEF000FF3C1FFA8CFCB0F88881360107F00F0434
:10FF00007144F6B21FFA88F700EB41113E43A0F8A6
:10FF10008861CA80A1F80EC04A8992B203FB02F23E
:10FF2000B2FBF5F292B24A81CA8A92B203FB02F2A4
:10FF3000B2FBF5F292B2CA82CA8B92B203FB02F311
:10FF4000B3FBF5F39BB2CB83B0F888319BB21C4373
:10FF5000A0F88841BDE8F08142F480624FF6FE7C53
:10FF60004FF6FF7392B2C6E7012B4FF48062BED802
:10FF70000223C0E75C570020224BB6EE007AD3ED97
:10FF8000007AF8EE677A30B487EE800A4FF6FE7496
:10FF900030EE070AFCEEC07A17EE903AA3422AD957
:10FFA000002201E0062A03D85B080132A342F9D8F7
:10FFB00008324FF6FE7542F226045202AB4202F4BA
:10FFC000F05288BF2B46144300EB41110D8ACA88BA
:10FFD000ADB292B205FB03F0C2F101122A44B0FBAC
:10FFE000F2F29B1A92B2C3F101039BB2CB800A8258
:10FFF0008C8130BC7047012B43F2260498BF02234A
:02000004600496
:10000000E2E700BF5C57002036280CD8294AF8B533
:10001000044600B212F8206002EB8005012E03D0E6
:10002000022E16D0F8BD70476A78C2F30113032B75
:100030003AD0214850F823008BB202F00301AA788D
:10004000FFF7CAFE1D48EA7800EB041043681A6007
:10005000F8BD6E78C6F30113032B27D0184A52F867
:1000600023E006F00306174B89B20EEB461793F810
:1000700000C07601FA880EEB0603764492B2188A25
:10008000C2F1011212FA80F2501E00FB01F323FAB2
:100090000CF3984298BF931ED21A9BB2C2F1010290
:1000A00092B2FA803382CDE70748C5E7DFF81CE05B
:1000B000D7E700BF880E002058050020F009002077
:1000C00064050020AE69002000803E4000801E4094
:1000D000362809D800B2134B13F8202003EB800315
:1000E000012A02D0022A0DD070475978C1F30112BB
:1000F000032A13D00C4850F822009A7801F003012B
:10010000FFF7C2BE5978C1F30113032B08D0074A89
:1001100052F8230001F00301FFF72EBF0448ECE77B
:100120000448F7E7880E00205805002064050020E9
:1001300000803E4000801E40A4484FF00F0CA44BAE
:10014000826F42F47F02F0B582670025D0F88020EC
:100150004FF470469F4C4FF4604E29464FF4806731
:1001600014432A46C0F88040A3F88C6148F2B826B0
:10017000A3F88EC1A3F89051B3F8880180B240F083
:10018000F000A3F8880101EB4100914B01310025FB
:1001900040011C4604290344A3F804E0DF805A848C
:1001A0001A865A805A81DE815A82DA825A83DA8329
:1001B000E9D1B4F888014FF00F0C874B4FF470462B
:1001C00080B229464FF460472A4640EA0C004FF4BB
:1001D000806EA4F88801B4F8880180B240F47060A1
:1001E000A4F88801A3F88C6148F2B826A3F88EC160
:1001F000A3F89051B3F8880180B240F0F000A3F862
:10020000880101EB4100744B0131002540011C467F
:10021000042903449F80A3F806E05A841A865A8072
:100220005A81DE815A82DA825A83DA83E9D1B4F8BC
:1002300088014FF00F0C694B4FF4704680B229468D
:100240004FF460472A4640EA0C004FF4806EA4F851
:100250008801B4F8880180B240F47060A4F8880185
:10026000A3F88C6148F2B826A3F88EC1A3F8905188
:10027000B3F8880180B240F0F000A3F8880101EBE8
:100280004100564B0131002540011C46042903441E
:100290009F80A3F806E05A841A865A805A81DE812C
:1002A0005A82DA825A83DA83E9D1B4F888014FF0AE
:1002B0000F0C4B4B4FF4704780B229464FF4604609
:1002C0002A4640EA0C004FF4806EA4F88801B4F886
:1002D000880180B240F47060A4F88801A3F88C71A2
:1002E00048F2B827A3F88EC1A3F89051B3F888015B
:1002F00080B240F0F000A3F8880101EB4100384BD8
:10030000013140011C46042903449E80A3F806E005
:100310005A841A865A805A81DF815A82DA825A8335
:10032000DA83EAD1B4F888310F27002241F20106BE
:100330009BB245F6C05E114643F226053B43A4F846
:100340008831B4F888319BB243F47063A4F88831E3
:100350005001244B01320344042A99815981DF81E1
:100360009E82A3F806E0198019829D81F0D10022B7
:100370000F2741F2010645F6C055114643F2260407
:100380005001194B01320344042A99815981DF81BC
:100390009E82DD80198019829C81F1D100220F2775
:1003A00041F2010645F6C055114643F226045001BC
:1003B0000E4B01320344042A99815981DF819E82C8
:1003C000DD80198019829C81F1D1F0BD00C00F4001
:1003D00000C03D40000003FC00003E4000403E40A5
:1003E00000803E4000C01D4000001E4000401E40F6
:1003F000704700BF704700BF704700BF704700BF25
:1004000072B6EFF30583494D6B60EFF30883484CF8
:100410002E4648484849494A2468006809681268D5
:100420002961AC60E8606A619A69454CAA61DB6940
:10043000444FEB6100F0D8F885ED080A01F0F4F9BB
:100440000B234FF0FF32686219462B604A4020218F
:1004500002F00103013904FB03F383EA5202F7D1EE
:10046000BE4202D056F8041FF0E730498A62BFF35B
:100470004F8F354B354A19601A60BFF34F8FBFF36A
:100480006F8F334A0225334CD36E334943F44053C4
:100490003248D3662560D36923F07F0343F04003DD
:1004A000D3610B6883423ED82A4A002101202C4E9A
:1004B00011604FF0FF33C2F808110C46C2F800611A
:1004C0001546C2F808010746DFF8C0E0254E264869
:1004D0002649274ACEF80030336003600B60136072
:1004E00001E000F065F9D5F80C211A4B002AF8D08C
:1004F0000134C5F80C714F2CF3D91E4A02241E4852
:100500004FF00041C0F840415163D3F80C2132B99B
:100510001A491B4A0A63D3F80C010028FAD0194B78
:10052000194A1A60FEE7FEF7BFFCBDE780FF2720EF
:1005300028ED00E02CED00E034ED00E038ED00E0C7
:100540002083B8EDA4FF272070EF00E0A0FF272054
:1005500000C00F400040084060570020803DCD0B98
:10056000009F240084E100E088E100E08CE100E0ED
:1005700090E100E000900D4000002E4000800F4010
:10058000F100AD0B0CED00E00400FA0580E100E0A5
:10059000094A08B5136820B118440849884202D8AE
:1005A0001060184608BD02F07BFE0C224FF0FF33AE
:1005B0000260184608BD00BF845E002000002820AD
:1005C000002070474FF0FF30704700BF4FF40053DA
:1005D00000204B60704700BF012070474FF0FF3094
:1005E000704700BFFFF70CBF12490B68114A5B0749
:1005F000FBD513681049C3F30B23104A07EE903A5A
:100600000B6892ED006AB8EEE77A07EE903A0C4A72
:10061000F8EE677A0B4BD2ED006A77EE677A93EDCE
:10062000007AB8EE477A67EE867A87EEA60A37EE4A
:10063000400A704780810D4088B5002090B50020A9
:1006400094B500208CB50020836BF0B41BB15368C7
:1006500043F40043536072B6446B5CB31C4B22609E
:10066000D3F8B0410C4215D11A4E376804E0346813
:10067000E41BB4F5166F0BD2D3F8404144F4804428
:10068000C3F84041D3F8B851D3F840416404EED5E3
:100690000D4003D0426362B6F0BC70470C4C8260E0
:1006A000C560D4F8B0311943C4F8B011426362B6E2
:1006B000F0BC7047064D8260C460D5F8B031194374
:1006C000C5F8B0110263426362B6F0BC704700BF68
:1006D00000002E40041000E070B50646006B90B19B
:1006E0000246002403E012680134012A0CD053684A
:1006F00013F08003F7D032632CB1B36B05689847D1
:10070000013C2846F9D170BD33637363F4E700BF41
:10071000F0B5E1B9214C22490020224B01224FF0D3
:10072000011580260A601A46A1604E60E060C3F899
:10073000BC51D3F8B0411C4D44F001048860C3F8AB
:10074000B0412860D2F8B031002BFBD1F0BD0904D4
:10075000164B144D0126114C41F0800100221E6001
:10076000596000F5805CE26400F5005EA36400F56A
:100770004057D5F8B01100F580462A46986041F4FC
:100780008031C3F80CC0C3F810E05F619E61C5F80A
:10079000B011D2F8B031002BFBD1BCE70000002033
:1007A00000B9002000002E4048AE0020E0B8002034
:1007B0002DE9F04FB94C83B0D4F8448118F0010F03
:1007C000C4F844815ED0D4F8AC31002B55D04FF042
:1007D000011BDFF8EC92B24E2546DA46C4F8AC3184
:1007E000B06AF26AD4F8403143F40053C4F840319F
:1007F000D4F840319F04F5D5D5F8403123F40053A7
:10080000C5F84031C5F8B4A1D4F8B43113F00113E0
:10081000FAD181B240F28167C9F80030B94200F2E2
:10082000AD80B1F5D06F80F0DE81B1F5817F00F051
:10083000608100F2E880802900F04E81822940F03A
:10084000DA8092B202F07F01072900F2D480890099
:100850009448954F0844016810063B707B7040F146
:100860000182CA0301D501233B7002218E48FFF7A4
:100870004FFFD4F8AC31002BB0D1884AD2F8BC314C
:10088000002B49D118F0400F18D0844BD3F8AC118D
:100890001A46C3F8AC11D3F8BC11C3F8BC11D2F896
:1008A000B0417E4B002CFAD14FF0FF32C3F8B42197
:1008B000D3F8843100F032FD7C4B1C6018F0807F4F
:1008C00003D07B4B1B6803B1984718F0007F03D01F
:1008D000784B1B6803B1984718F0040F08D06F4B92
:1008E000D3F8843113F4007345D0734B01221A708E
:1008F0006A4BD3F8482112060BD518F0800F08D0A8
:100900006E490A782AB1013AD2B20A70002A00F080
:10091000428203B0BDE8F08F6949C2F8BC31086873
:10092000034240F0E281614A15681D40AAD02F0CB5
:100930000FD05B4E4FF0010997FAA7F4B4FA84F494
:1009400006EBC41009FA04F44030FFF7C5FEA743D4
:10095000F2D1ADB2002D95D0514E012795FAA5F4F4
:10096000B4FA84F406EBC41007FA04F4FFF7B4FEFB
:10097000A543F3D186E7504A1370B9E742F2210745
:10098000B94234D067D8B1F5086F00F01E81B1F5D7
:10099000106F30D1C0F307404A4A4B4910704B4F9B
:1009A0004B4A0193C5F8C871C5F8CC11C5F8D021E0
:1009B00000F0B6FC474A019B80210120B2645160DF
:1009C0001060F364C5F8BCB1D5F8B011936041F480
:1009D0008032C5F8B0213A4A1360D4F8B031002B08
:1009E000FBD1D4F8AC31002B7FF4F8AE45E7110C05
:1009F000072900F03B81C4F8C0B1D4F8AC31002B1A
:100A00007FF4ECAE39E740F20237B94200F0AD8036
:100A1000B1F5A06FEFD12F4A80210127F364B264B2
:100A200017605160C5F8BCB1D5F8B011936041F4BE
:100A30008033C5F8B031D4F8B031002BFBD1030CB2
:100A40005B0643F08073C5F85431D4F8AC31002B09
:100A50007FF4C4AE11E742F22123994279D042F2E9
:100A600021339942C7D11B4B802200210120B3645E
:100A700018605A60F164C4F8BCB1D4F8B021996030
:100A800042F48033C4F8B031D4F8B031002BFBD13C
:100A9000D4F8AC31002B7FF4A1AEEEE600002E407E
:100AA00000000020C0012E404CB500204CAE0020BC
:100AB00064B8002068B80020C5B80020C6B800207F
:100AC00048AE0020C4B80020C80002000200CC00DC
:100AD0000200C80000B90020B64A02211046137077
:100AE0005370FFF715FED4F8AC31002B7FF476AECF
:100AF000C3E692B202F07F03072B3FF67CAF12F001
:100B0000800F4FEA8303AC4A4FF000014FF0010021
:100B10001A44136814BF23F4803323F001031360D5
:100B20008022A64BF164B36418605A60C4F8BCB16B
:100B3000D4F8B021996042F48033C4F8B031D4F8CD
:100B4000B031002BFBD1D4F8AC31002B7FF446AE92
:100B500093E692B2002A86D1994BC0F30740994A96
:100B60001968994B116018707DE792B202F07F030B
:100B7000072B3FF640AF12F0800F4FEA83038E4AF7
:100B80004FF000014FF001001A44136814BF43F402
:100B9000803343F0010313608022884BF164B36417
:100BA00018605A60C4F8BCB1D4F8B021996042F41E
:100BB0008033C4F8B031D4F8B031002BFBD1D4F875
:100BC000AC31002B7FF40AAE57E6804A0121794B05
:100BD000127818461A70FFF79BFDD4F8AC31002B41
:100BE0007FF4FCAD49E67A4B596800293FF403AF26
:100BF000000C1FFA82FE04E00C33596800293FF410
:100C0000FAAE1F888742F7D15F887745F4D1070A8B
:100C1000032F00F0BA801B89120C934228BF1346A1
:100C2000B0F5007F00F0A280B0F5E06F00F08B809F
:100C3000684F1A4601933846FEF762FE019B27F083
:100C40001F021F44BFF34F8F63490A60203297424F
:100C5000FAD8BFF34F8FBFF36F8F5E481946FFF787
:100C600057FD06E6CB077FF500AEFCE55B4F4FF086
:100C7000010EF3605A495B4B3860C3F800E05960DD
:100C8000B3605949D5F8B0017A6001F5805740EA60
:100C90000E02996001F5005E01F5405001F58041BA
:100CA000C5F8B021DF60C3F810E058619961D4F84D
:100CB000B031002BFBD1414A012048F28001F3649E
:100CC00010604FF48030B2645160C5F8BCB1D5F803
:100CD000B011936041EA0003C5F8B031C9F80000D3
:100CE000D4F8B031002BFBD1C3E53C4842F22104DB
:100CF000002605880E60A54240687FF414AE81B2DC
:100D000000297FF410AE3849384C03C90D0C8628F1
:100D10002060A180A5717FF406AE72B634480178D8
:100D200041F004010170D2F84811080606D441F0E0
:100D300080018020C2F84401C2F8481162B62D4AF1
:100D400050211170EFE52C481A46224F90F800E030
:100D50002A492B480193BEF1000F08BF01463846CF
:100D6000FEF7CEFD0722019B7A7068E722481A46FB
:100D70002349077821480193002F08BF01461548F1
:100D8000FEF7BEFD134F019B59E7120C0B789342FF
:100D900028BF134648E716490A7802F0FB020A709A
:100DA0002AB9D3F8482122F08002C3F8482109F07B
:100DB000E9F800BF4CB50020C0012E4000B900206A
:100DC0005CB8002068BA0020C3B80020C4B8002076
:100DD000945200202000202070EF00E09096002028
:100DE00080000700E0B8002040AE002060BA00207C
:100DF000BBB80020C6B80020C5B8002060F702606C
:100E0000ACF70260002AA0F102022DE9F04714BFFE
:100E100000274FF00057022A01D9BDE8F0874FEABA
:100E2000C019DFF840A00D4604460AEB0906002170
:100E300040229846304602F039FE012047EA05413B
:100E40004AF80910C6F83880B060B8F1000FE4D055
:100E5000034BA0401C6820431860BDE8F08700BF2A
:100E60004CAE002000000020002AA0F102022DE973
:100E7000F04714BF00274FF00057022A01D9BDE800
:100E8000F0874022C501DFF84490884615440021D0
:100E900004461E4609EB050A504602F007FE0122F1
:100EA00047EA084149F80510CAF83860CAF808202E
:100EB000002EE4D004F11000034B82401868024376
:100EC0001A60BDE8F08700BF4CAE00200000002093
:100ED00012048160C36142F08002F0B442600127D5
:100EE00001F5805601F5005501F5405401F58042A9
:100EF0000760C660056144618261F0BC704700BF55
:100F0000831E022B00D97047064B0A4630B400F10D
:100F10001004012503EBC01005FA04F1403030BC89
:100F2000FFF792BB00000020831E022B00D9704700
:100F300010B4054B01240A4604FA00F103EBC0107B
:100F40005DF8044BFFF780BB00000020406870474D
:100F5000124A134BD2F8200220F07F40984210B57D
:100F600084B002D800EB800040000E4C01A90A2298
:100F7000FEF762FD01A90023204611F8012B013381
:100F80003AB10A2B20F8022FF7D11623237004B0B0
:100F900010BD5B00DBB2237004B010BD00441F40E5
:100FA0007F9698009069002000F0E0BA00F0B2BA95
:100FB00000F016BB00F0D0BA00F06CBB00F042BBF2
:100FC0000846114600F032BB084600F019BB00BFCE
:100FD000F8B514494FF40037134D034601EB402494
:100FE000124E134A05EB40152146176028463288F9
:100FF000FFF76EFF318824F01F032144BFF34F8FAA
:101000000C4A136020339942FBD8BFF34F8FBFF3D4
:101010006F8F03202946FFF787FF074B4FF40032FD
:101020001A60F8BD800020200095002086B80020BE
:101030008CE100E05CEF00E00CE100E0244A436852
:101040002DE9F041C3F30E431488C569E41A002C5E
:1010500038DD2049204A0B781278DBB21F48204E39
:10106000934207D010F8038036F81870C7F5007265
:10107000944212D9013300221A4F082B26F815404A
:1010800027F81520184E94BFDAB213460A7032685A
:10109000C55414443460BDE8F081144B07EB48207C
:1010A0002246274403EB45211844FEF729FC0E4A4B
:1010B000284626F8187013681C441460BDE8F041F7
:1010C000FFF786BF2846BDE8F041FFF781BF00BFAC
:1010D00086B80020B9B80020BAB800207CB500203E
:1010E0005CB500206CB5002058B5002080002020A1
:1010F0001E4B1A785AB902F0FF031D4A127832B11A
:101100002DE9F0411B4D2A8812B9BDE8F0817047E6
:10111000194EC2F50068194F31784246184C07EB5A
:10112000411704EBC12438462146FFF7D1FE08EBF6
:10113000040224F01F01BFF34F8F124B19602031BE
:101140008A42FBD8BFF34F8FBFF36F8F042039461D
:10115000FFF7D6FE3378084A0133DBB2032B88BF92
:101160000023137000232B80BDE8F081C2B800205B
:10117000C4B800208AB80020C1B800200096002022
:101180008010202070EF00E02DE9F04F85B0029034
:101190000091002900F0AB800023564DDFF87481E8
:1011A000DFF860A1544FDFF870B101930122534B77
:1011B0002A701C78524AB8F8003002EB441923BB5D
:1011C0001E461C464846FFF7C1FE10F080007ED048
:1011D000BFF34F8F00229AF800304A492A7004B9B1
:1011E0003E68002B5AD13B689B1B782B79D89BF823
:1011F0000030002B52D000F09FFA0124B8F80030E4
:101200002C70002BDED03D4A14781A46C3F50060DE
:10121000E402009E3C4920449642084442D30C44D8
:101220000299FEF76DFB002321464FF40062484609
:10123000FFF74EFE24F01F0304F50064BFF34F8F49
:10124000324A136020339C42FAD8BFF34F8FBFF36A
:101250006F8F04204946FFF753FE284B274A1B781F
:10126000009801332A49DBB2032B88BF0023137097
:101270000022B8F80030A8F80020C01A00900198A9
:1012800018440190029818440290C1F88420BFF3DA
:101290004F8F00232B70009B002B87D1019805B046
:1012A000BDE8F08F009C0393019B224602992344E2
:1012B0000193FEF725FB039B4FF04041144A0020A9
:1012C0001B1B0090A8F80030C2F88410DFE74FF431
:1012D00000630A4A8AF8000014781A46A8F8003019
:1012E00096E7012301980B7005B0BDE8F08F0098D8
:1012F000D5E700BFC2B800205CB80020C1B800200C
:1013000000960020C0B800208010202070EF00E080
:1013100000002E408AB80020C4B80020704700BFEB
:10132000314B2DE9F0411B78304F002B54D04FF456
:101330000073DFF8EC803B80A8F8003000218022A9
:101340002B480D462B4E02F0B1FB2B4C2B4B294664
:101350004FF480722A4825702C461D8002F0A6FBAF
:1013600035602B4675602A46B560F5602549264EE6
:101370002648DFF8B0E00D701021057002203560BE
:101380007560B560F560CEF80050FFF76DFDB8F8F8
:1013900000102A461E4B0320FFF734FD2B463988E8
:1013A00001220420FFF760FD20460134FFF710FE04
:1013B000082CF9D1174B4A2217480021174C04601A
:1013C000C3F88410C3F88020D3F8482142F080721B
:1013D000C3F84821BDE8F0814023DFF844803B801A
:1013E000A8F80030AAE700BFC5B800208CB80020DC
:1013F000009600205CB50020C1B800208AB800200B
:1014000000950020B9B800206CB50020BAB80020C3
:101410003918010000002E4064B80020ED180100CA
:1014200086B8002058B50020314B4FF400322DE92A
:10143000F04F1A6083B02F4B89461C78002953D097
:101440002D4BE4B21B789C4250D082460027DFF837
:10145000C0B00134294BC7EB09085046092C019351
:10146000274B28BF00241D5D244B33F815E0254B86
:101470000EEB452133F81560234BCEEB06061944DD
:10148000B0453246374419D20EEB45214246194445
:10149000FEF736FA019BDBF80010484633F81520BA
:1014A000C8EB01019044CBF8001023F81580174BCE
:1014B0004FF400321A6003B0BDE8F08FFEF720FA57
:1014C000DBF80020E3B22846921BB244CBF80020A0
:1014D000084A1370FFF77CFDB94503D9064B1B780A
:1014E0009C42B6D13846E2E70846E0E70020DEE756
:1014F0008CE100E0BAB80020B9B800206CB500203B
:101500007CB500205CB50020800020200CE100E0CC
:1015100058B500200B4B0C4A1B781278DBB2934273
:101520000DD0013309480A4A092B0A4928BF002374
:10153000C35C31F8131002EB4323585C70474FF043
:10154000FF307047BAB80020B9B800207CB5002041
:10155000800020206CB50020034B10B51C680CB92E
:1015600000F0EAF8204610BD58B500202DE9F84FEC
:10157000154E164D34782B78E4B29C4221D0DFF81A
:101580005490DFF854B0DFF85480114F0134082C28
:101590005FFA84FA01D90024A24619F80410DBF896
:1015A000002038F81130084637F811105B1AD31AAA
:1015B000CBF80030FFF70CFD86F800A02B789C429A
:1015C000E4D1BDE8F88F00BFBAB80020B9B8002058
:1015D0006CB500207CB5002058B500205CB500201B
:1015E00000B583B001210DF10700FFF71DFF20B109
:1015F0009DF8070003B05DF804FB4FF0FF30F9E7FA
:10160000094B00B583B01B788DF8070023B903F0B0
:10161000FF0003B05DF804FB01210DF10700FFF7A7
:10162000B3FD03B05DF804FBC4B80020044B1B7885
:1016300003F0FF020BB1FFF7A7BD1046704700BFD4
:10164000C4B800202DE9F0410024DFF844800123D4
:101650000D4D27460D4E88F800303378284620354A
:10166000A34204F1010405D0FFF770FC030658BF44
:1016700007F50067042CF0D1BFF34F8F00233846E5
:1016800088F80030BDE8F08100960020C1B8002045
:10169000C2B800202DE9F843204B1B7813B1204D30
:1016A0002A880AB9BDE8F883DFF88880C2F50069A6
:1016B0001C4E4FF0010E98F800104A461A4C0023B9
:1016C00006EB4116194F04EBC124304687F800E0C1
:1016D0002146FFF7FDFB09EB040224F01F01BFF3D5
:1016E0004F8F134B196020318A42FBD8BFF34F8FC5
:1016F000BFF36F8F04203146FFF702FC98F80030EB
:101700000C4A0133DBB2032B88BF00231370002384
:101710002B80BFF34F8F3B70BDE8F883C4B8002027
:101720008AB800200096002080102020C2B8002037
:1017300070EF00E0C1B800202DE9F843324E337855
:1017400093B1324F3A787AB90122D9073A7037D437
:101750009A0719D400225B073A7005D52C4B1A68FA
:1017600012B1EFF305820AB1BDE8F883EFF3108000
:1017700072B61A681AB1274C217800292FD0002898
:10178000F2D162B6BDE8F883DFF8948098F80020C3
:10179000002ADFD00024DFF88C9005E0013498F8AF
:1017A0000030E4B2A34213D959F824502B682846DC
:1017B0001B6998470028F1D06B699B689847EDE753
:1017C000FFF7CAFED0B9144B1B781BB93378BFE7BB
:1017D0003378BFE7337803F0FE033370B8E70126B0
:1017E000556926701D6065B1A96100B962B6002512
:1017F00093681046557798472570B5E700F02CF8A8
:10180000E1E7064B1D60F0E7B469002098B80020BE
:10181000B0A9002096B8002002F80260BCA9002000
:1018200097B80020C0A900200A4B30B4586A1C4663
:10183000996A626AA36A994208BF904210461946A3
:101840000CBF01250025002DF3D0D90B30BC41EA97
:101850004240704700400D40704700BF08B5036824
:101860004268BBB17AB1104BA3FB0213DB0803EB58
:101870004303B2EB830303D0D21A4260F02A02D9A9
:101880000123184608BD01F00BFD1C220023026055
:10189000184608BD044BA3FB0213DB0803EB43030C
:1018A000B2EB8303E8D1E9E7ABAAAAAA70B5044674
:1018B00000283AD019B1B2FA82F56D09FDB120685D
:1018C00008B1626832B901F0EBFC16230022036014
:1018D000104670BD1849A1FB0231C90801EB410156
:1018E000B2EB8101EFD1A3680BB102F0DFF8002366
:1018F0000122236010466360A360E36070BD1E4652
:10190000049B80E80600C360FFF7A8FF024600289A
:10191000DED016B90122104670BD94E80500A6601D
:10192000294602F0C3F80122D2E701F0B9FC1623E0
:1019300022460360CCE700BFABAAAAAA10B52DEDE2
:10194000048BB0EE408B254C8AB000F0E3F994F99B
:101950000030B0EE409B01332ED0B4EE488BF1EE58
:1019600010FA29D6B0EE480B01F07EF9B7EE007BF5
:10197000B4EEC70BF1EE10FA1EDD0123184A0093F6
:1019800018480192002308938DED048B8DED028B96
:1019900001F07CF994F90030022B8DED060B11D08B
:1019A000684601F071F968B1089B93B99DED060B8B
:1019B0000AB0BDEC048B10BDB0EE490B0AB0BDEC13
:1019C000048B10BD01F06CFC21230360089B002BED
:1019D000ECD001F065FC089B0360E7E7AD690020EF
:1019E000145200203425002000F0C8BAF0B52DEDC7
:1019F000088BB0EE40ABB0EE419B964C8BB000F044
:101A0000ADFB94F90030B0EE408B5A1C34D0B4EEEC
:101A1000499BF1EE10FA2FD6B4EE4AABF1EE10FA74
:101A200076D69FED8ABBB4EE4BABF1EE10FA29D11E
:101A3000B4EE4B9BF1EE10FA13D1012286490092CD
:101A400000228DED02AB8DED049B8DED06BB019167
:101A50000892002B4BD0B7EE000B0BB0BDEC088BFF
:101A6000F0BDB0EE490B01F007F928B1B5EEC09B0F
:101A7000F1EE10FA00F1A080B0EE480B0BB0BDEC17
:101A8000088BF0BD01F0F8F80546002857D0B5EEF8
:101A9000408BF1EE10FA4FF000064FF00007EBD14B
:101AA000B0EE4A0B01F0E8F80028E5D0B0EE490BA3
:101AB00001F0E2F80028DFD0674A01928DED02AB19
:101AC0008DED049BCDE906670421002294F90030D6
:101AD00000910892022B03D0684601F0D5F858B95E
:101AE00001F0DEFB2223036006E08DED06BB6846B5
:101AF00001F0CAF8002873D0089B1BB101F0D0FB9D
:101B0000089B03609DED060B0BB0BDEC088BF0BD90
:101B1000B5EE409BF1EE10FAAED1B7EE000B01220C
:101B20004D490092022B4FF000028DED02AB8DED7E
:101B3000049B019108928DED060BD8D19EE7B0EE83
:101B40004A0B01F099F80028A1D0B0EE490B01F042
:101B500093F800289BD0B4EE488BF1EE10FA94F97C
:101B600000303D4A08955ED603218DED02AB8DED28
:101B7000049B8DE80600002B37D1B5EEC0AB374B88
:101B80004FF06042F1EE10FACDE90623A4D5B6EE8F
:101B9000007B29EE079BB0EE490B01F07FF8B4EE15
:101BA000409BF1EE10FA3BD02D4994F900304FF0F4
:101BB0006040CDE906018DE7274A94F90030019293
:101BC000012100228DED02AB8DED049B0091089266
:101BD000002B8AD023490020022BCDE9060186D1B3
:101BE00001F05EFB2123036086E71F49B5EEC0AB21
:101BF0000020F1EE10FACDE906017FF56BAFB6EEED
:101C0000007B29EE079BB0EE490B01F047F8B4EEDC
:101C1000409BF1EE10FA03D0124B0022CDE90623CF
:101C200094F9003056E701218DED02AB8DED049B58
:101C30008DE80600002B3FF458AF8BEE0B7B022B98
:101C40008DED067BCCD052E7AFF3008000000000A2
:101C500000000000AD6900201C520020FFFFEF478C
:101C6000FFFFEFC70000F0FF0000F07F00B52DED93
:101C7000028BB0EE408B8BB000F032FE234B93F919
:101C800000305A1C0BD0B4EE488BF1EE10FA06D699
:101C90009FED1C7BB4EEC78BF1EE10FA04D40BB0B1
:101CA000BDEC028B5DF804FB012219490092002271
:101CB0008DED048B8DED028B0191089293B187EE2F
:101CC000076B022B8DED066B0ED101F0E9FA212393
:101CD0000360089B73B99DED060B0BB0BDEC028B46
:101CE0005DF804FB8DED067B684600F0CDFF002813
:101CF000EFD1EAE701F0D4FA089B0360EBE700BFFD
:101D0000AFF300800000000000000000AD6900207B
:101D10002052002030B510EE905A2DED068B934BDB
:101D200025F000449C4283B010DD04F1404410EEE5
:101D3000103A04F58014234300F0888030EE407B95
:101D400087EE070B03B0BDEC068B30BD884B9C4281
:101D50000EDCB4F1795F80F29880B7EE006B9FEDF6
:101D6000657B30EE077BB4EEC67BF1EE10FAE9DC62
:101D700000F07AFFB7EE007BB6EE006B37EE400B5B
:101D80009FED5E5B20EE068BB0EE480B9FED5D6B2A
:101D90009FED5E4BA8EE056B9FED5E9BA8EE064B9C
:101DA0009FED5E5B9FED5F6BA8EE045B9FED5F3B7D
:101DB000A8EE056BA8EE069B9FED5E4B29EE089BF7
:101DC0009FED5E5BA8EE034B9FED5E6BA8EE045BA0
:101DD000A8EE056BA8EE067BB0EE47AB00F080FDE9
:101DE000644B9C428DED000B3EDCB0EE005B89EE57
:101DF0000A4BDDE900239DED006B9FED547B36EE31
:101E0000062B9DED001B00229FED520B43EC162B81
:101E1000B1EE463BA3EE068B31EE066BB0EE471BF0
:101E2000A3EE051BB0EE413B88EE061BA1EE450B71
:101E300094EE020B30EE430B37EE400B002DD8BF73
:101E4000B1EE400B03B0BDEC068B30BD9FED436B94
:101E50009FED407B20EE077BA0EE067BB0EE470BAC
:101E600003B0BDEC068B30BD9DED005B89EE0A7BB7
:101E7000B0EE006BA5EE075B9FED3A0B9FED377B55
:101E8000A5EE060B37EE400BD8E79FED1C4B20EE7E
:101E9000007BB7EE002B9FED1B5B9FED1C6BA7EE4D
:101EA000045B9FED1E4BA7EE056B9FED1E5BA7EE3F
:101EB000064B9FED186BA7EE045B9FED1C1BA7EE76
:101EC000056B26EE076B9FED1B3B9FED1C4BA7EEB2
:101ED000013B9FED1C5BA7EE034BA7EE045BA7EE57
:101EE000052B86EE025BA0EE050B03B0BDEC068B66
:101EF00030BD00BF9C7500883CE4377E09F7FD0DBE
:101F0000E13D023F88B20175E0EF493F3B8F68B584
:101F10002882A4BF555555555555C53F5544880E83
:101F200055C1C93F7D6FEB0312D6D4BF82922EB14B
:101F3000C5B8B33F59018D1B6C06E6BFC88A599CD2
:101F4000E52A00404B2D8A1C273A03C0182D445423
:101F5000FB21E93F075C143326A6913C182D44541D
:101F6000FB21F93F075C143326A691BCFFFFEF3F2E
:101F7000FFFFDF3F3233EF3F00000000F0B585B0D8
:101F80008DED021B029A0398724953428DED000BAE
:101F9000134320F0004545EAD3738B429DE890003F
:101FA00042D86342234327F0004E4EEAD3738B425C
:101FB0003AD800F1404303F58013134353D08617FA
:101FC00006F0020654EA0E0346EAD77634D052EA07
:101FD00005033ED08D4252D08E453AD0C5EB0E055A
:101FE0002D153C2D44DC00286BDBDDE900239DED45
:101FF000020B43EC172B87EE000B00F035FE00F0D0
:1020000031FD53EC102B012E56D0022E49D0002E5C
:1020100044D09FED3A7B9FED3B6B43EC152B35EEA7
:10202000477B37EE460B05E09DED027B9DED006B97
:1020300037EE060B05B0F0BD022E1DD09FED330B21
:102040009DED007B032E08BFB0EE407BB0EE470B4A
:10205000F0E79FED307B9FED310B002FA8BFB0EE76
:10206000470B05B0F0BD05B0BDE8F04000F0FABC8C
:1020700028A3D3E90023C6E79FED220BDAE7AE459C
:1020800024D0022EF8D0032E2DD09FED267B9FED7D
:10209000270B012E08BFB0EE470BCBE743EC102B0C
:1020A000C8E79FED167B9FED176B43EC152B35EEC4
:1020B000477B36EE470BBDE703F1004343EC102BA3
:1020C000B8E73C3591DA002200239CE7022E10D0BD
:1020D000032E0BD09FED177B9FED180B012E08BF31
:1020E000B0EE470BA6E79FED090BA3E79FED150B9D
:1020F000A0E79FED160B9DE7AFF30080075C14335C
:1021000026A6A13C182D4454FB210940182D445407
:10211000FB2109C0182D4454FB21F93F182D4454CC
:10212000FB21F9BF0000000000000080000000005B
:1021300000000000182D4454FB21E9BF182D445421
:10214000FB21E93FD221337F7CD902C0D221337FEA
:102150007CD902400000F07F000000002DE9F04F24
:1021600051EC110B2DED088B21F0004555EA0004D0
:1021700087B03AD053EC102B6A4F23F00044BC4296
:1021800010EE10AA994629DC884611EE106A24D078
:10219000BD4223DC634FBD427AD0B9F1000F7ADB38
:1021A0004FF0000BA6BB5F4EB54200F090805E4E34
:1021B000B54266D0B8F1804F00F057825B4EB04513
:1021C00026D1B9F1000F23DB43EC102B07B0BDEC97
:1021D000088BBDE8F04F00F083BB6AB104F14044C6
:1021E00004F5801454EA0A0308D1B7EE000B07B0D7
:1021F000BDEC088BBDE8F08FA542CBDD4C4807B0A5
:10220000BDEC088BBDE8F04F00F040BD4FF0000B77
:1022100016461F4647EC106BCDE9020100F024FD85
:102220008DED000BBAF1000F1AD04FEAD97909F100
:10223000FF395BEA09035ED03E4B9D4240F380804C
:1022400003F104739D4240F39A823B4B9C4259DD5B
:10225000B8F1000F59DD9FED2F0B20EE000BC6E704
:1022600024B1314B29F040429A42DED1B8F1000F3F
:10227000C0F27C82B9F1000FC0F2E6819DED000B47
:10228000B5E7B8F1000FC0F2BC8243EC102BAEE70B
:10229000002E82D0A2E7294FBD4229DCA7F1547756
:1022A000BD427FF77DAF2F15A7F2FF37142F40F304
:1022B000B682C7F1340726FA07FE0EFA07F7BE42C8
:1022C0007FF46EAF0EF0010ECEF1020B6AE704F15F
:1022D000404303F5801353EA0A0386D0164B9C4211
:1022E00040F33B82B8F1000F0FDB41EC100B7EE7AF
:1022F0004FF0020B56E747EC176B37EE477B87EE44
:10230000070B74E7B8F1000FA5DB9FED040B6EE738
:10231000AFF300809C7500883CE4377E000000002D
:10232000000000000000F07F0000F03F0000E03FF0
:10233000342500200000E041FFFFEF3FFFFF3F4357
:10234000B4F5801F80F25B829DED006B9FEDC97B31
:1023500026EE077B8DED007B019C6FF03406ED4A85
:102360002315C4F31304A3F2FF3344F07F519442C6
:102370001E4441F4401140F33A82E74B9C4240F343
:102380006C82B7EE007B9FEDBD3B0136A1F580115D
:102390000025B0EE430BDDE90023B7EE004B0B4602
:1023A00043EC112B4C1031EE076B31EE472B84EED2
:1023B000065B22EE056B8DED006BDDE9002344F03A
:1023C000005404F5002400220020611943EC142B72
:1023D00041EC160BB1EE44AB36EE477BAAEE062B72
:1023E00031EE477BB0EE426BAAEE076B9DED007BB2
:1023F00026EE052B9DED006B37EE047B26EE06BB2B
:102400009FEDA09B27EE026B9FEDA08B9FEDA11B84
:10241000ABEE098B9FEDA17BABEE081B2BEE0B8B7C
:102420009FEDA05BABEE017BABEE075B9FED9F7B6F
:10243000ABEE057BB0EE085BA8EE076BB0EE457B1C
:10244000A4EE047B37EE067B8DED047B04929DEDBC
:10245000049B39EE455BAAEE045B36EE455B9DEDD1
:10246000006B25EE066BA2EE096BB0EE465BA4EEA8
:10247000095B8DED005B00929DED004B9FED8D2B78
:10248000B0EE445BAAEE095B9FED8C7B36EE456BAC
:102490009FED8C8B26EE077B01EE906AA4EE087B05
:1024A000B8EEE11B37EE007BB0EE476BA4EE026B9B
:1024B00036EE036B36EE016B8DED006B00929DEDF9
:1024C000005B35EE416B36EE436BA4EE426B37EEAC
:1024D000466BDDE90234BFEE000B2146002044ECE0
:1024E000173B41EC140B26EE076B37EE447BA5EE51
:1024F000076B25EE045B36EE057B8DED007BB7EEBA
:10250000007B864B019A0BF1FF3B5BEA090414BF89
:10251000B0EE478BB0EE408B9A42009C40F30281B4
:1025200002F13F4303F5E003234340F0718136EEAF
:10253000054B34EE454B9FED657B36EE077BB4EEE5
:10254000C47BF1EE10FA00F3638113461B154FF4C0
:102550008011A3F2FE3341FA03F39918C1F30A5034
:102560006F4EA0F2FF30064121EA06050024C1F3B8
:10257000130345EC174BC0F1140043F4801343FAE6
:1025800000F0002A35EE475B36EE057B8DED007BD3
:10259000B8BF40420105DDE90023B0EE002BB7EEE5
:1025A000007B9FED4C1B9FED4D0B00229FED4D4B93
:1025B00043EC132B9FED4D9B23EE044B33EE455B19
:1025C00036EE455BB0EE446BA5EE006B9FED495BCC
:1025D000B0EE464BA3EE014BB0EE440BA3EE410B25
:1025E00036EE406B9FED450B24EE043BA3EE095BFA
:1025F0009FED441BA3EE050BA4EE066B9FED435B22
:10260000A3EE001BA3EE015BB0EE441BA3EE451B43
:1026100024EE013B31EE422B83EE025B35EE466B3E
:1026200036EE446B37EE467B8DED007B019B194403
:10263000B1F5801FC0F21A81DDE900230B4643EC9F
:10264000102B20EE080BD2E504F1404404F5801471
:1026500054EA0B0300F0FA80BBF1010F7FF40EAED9
:102660009DED007BB1EE470BC1E543EC172B27EE48
:10267000070BBCE500000000000040430000000024
:1026800000000000EF4E454A287ECA3F65DBC99333
:102690004A86CD3F01411DA96074D13F4D268F511F
:1026A0005555D53FFFAB6FDBB66DDB3F033333339F
:1026B0003333E33F000000E009C7EE3FFD033ADC9F
:1026C00009C7EE3FF5015B14E02F3EBEFE822B658D
:1026D0004715973C00000000432EE63FEF39FAFE15
:1026E000422EE63F396CA80C615C20BED0A4BE72BD
:1026F0006937663EF16BD2C541BDBBBE2CDE25AF4E
:102700006A56113F93BDBE166CC166BF3E55555506
:102710005555C53F8E98030079B60B00FFFF8F40DB
:10272000FFFF0F00694D22F00043AB4240F384806D
:1027300067491144214309D136EE057B37EE457BCD
:10274000B4EEC76BF1EE10FA3FF600AF9FED4D0B04
:1027500028EE007B27EE000B49E5B8F1000FBFF62D
:10276000D4AD41EC170BB1EE470B40E59DED005B9E
:10277000B7EE007B87EE056B8DED006B7AE5554B70
:102780009C427FF7BFAD544B9C423FF761ADB7EE23
:10279000007BB5EE008B9DED005B9FED3C2B35EE95
:1027A000477BB6EE005B9FED3B3BB1EE474B27EE20
:1027B000070B9FED3A6BA4EE083BA4EE035B9FED85
:1027C000391B25EE005B26EE456BA7EE016BB0EEE4
:1027D000465BA7EE025B53EC152B002243EC152B56
:1027E000B0EE457BA4EE027B36EE476B71E69FEDC3
:1027F0002F3BB7EE007BB0EE430B0025CBE5002668
:10280000ADE543EC162BB7EE007B87EE060BEEE44E
:102810009FED280B28EE007B27EE000BE7E4002E4F
:102820007FF4F4ACC7F1140745FA07FE0EFA07F778
:10283000BD4220D0B346BAE4284CA3423FF786AE4F
:1028400036EE057B01468DED007BA4E69DED007B19
:1028500037EE477B87EE070BC9E49FED183BB7EED9
:10286000087B9FED180B4FF4802594E5B0EE470BE5
:1028700000F0A4FAE5E60EF0010ECEF1020B96E4AC
:10288000AFF3008059F3F8C21F6EA501000000608D
:102890004715F73F555555555555D53FFE822B6584
:1028A0004715F73F44DF5DF80BAE543E00000000D3
:1028B000000000009C7500883CE4377E000000406A
:1028C00003B8E23F06D0CF43EBFD4C3EFFCB904038
:1028D00000346F3FFEFFEF3F0000F03F0000E03F9D
:1028E0002DE9F04182B08DED000B5D49019B009810
:1028F0000C461940A14200F09880002B024677DD7B
:102900001F1500F08280A7F2FF37C3F31303F90706
:1029100043F4801367D403EBD27100260B447F107D
:102920005200B64616204FF400110EEB01049C42F3
:102930004FEAD2754FEA420203DC1B1B04EB010E87
:102940000E44013805EB43034FEA5101EDD18446B3
:1029500020244FF0004109E020D003EBD275013C68
:102960004FEA51012B444FEA420220D09E4501EB31
:102970000C05F1DA002D05EB010C09DBF046954260
:10298000CEEB030300D9013B521B0844C646E4E7E3
:10299000BCF1000FF2DB0EF10108F0E795421AD806
:1029A000002D05EB010C48DB98460023ECE71343B0
:1029B00013D140087110F30701F17F5101F50011A7
:1029C00048BF40F0004001EB0753024643EC102B98
:1029D00002B0BDE8F0817346BFE7421C31D000F081
:1029E00001031844E5E75B0003EBD273520092E762
:1029F00023F0004101431DD05BBB1F46D30A153FA6
:102A00005205002BFAD0DD021ED4002100E0014661
:102A10005B00DC0201F10100F9D5C0F1200422FACB
:102A200004F423437F1A82406DE7A0EE000B02B04E
:102A3000BDE8F0819DED000BCAE7BCF1000FAADAFA
:102A4000B2E701362046B5E720244FF0FF310020E1
:102A5000E5E79DED007B37EE477B87EE070BB7E799
:102A60000000F07F38B5B0EE407B17EE905A774B00
:102A700025F000449C420EDD754B9C4210EE102A5E
:102A80005CDC59D09FED557B9FED560B002DC8BFE8
:102A9000B0EE470B38BD6F4B9C4260DCA3F1DE7398
:102AA0009C424EDD4FF0FF339FED502B27EE074B3E
:102AB00024EE046B9FED4F3B9FED505BA6EE023B77
:102AC0009FED502BA6EE035B9FED503BA6EE052B32
:102AD0009FED505BA6EE023B9FED501BA6EE035B05
:102AE00025EE045B9FED4F2B9FED504B9FED513B2F
:102AF000A6EE014BA6EE042B9FED504BA6EE023B3B
:102B00005A1CA6EE034B24EE066B40D035EE065B56
:102B1000514A5249DB001A440B4492ED006B93ED8D
:102B2000000B97EE056B36EE477B002D30EE477BB2
:102B30002ADBB0EE470B38BD002AA3D037EE070BD7
:102B400038BD9FED406BB7EE005B30EE066BB4EE28
:102B5000C56BF1EE10FAA5DDB0EE470B38BD00F005
:102B600083F83F4B9C4219DCA3F550239C422ADC9E
:102B7000B0EE007BBFEE006B30EE075BA0EE076BA4
:102B8000002386EE057B8FE7B1EE470B38BD35EEAF
:102B9000066BA7EE467BB0EE470B38BD314B9C422F
:102BA0000BDCB7EE087BB7EE006B30EE475BA0EEB8
:102BB000076B022385EE067B76E7BFEE006B0323EF
:102BC00086EE007B70E7B7EE007B012330EE476BAB
:102BD00030EE070B86EE007B66E700BF182D4454ED
:102BE000FB21F93F182D4454FB21F9BF11DA22E3F0
:102BF0003AAD903FEB0D76244B7BA93F513DD0A0E1
:102C0000660DB13F6E204CC5CD45B73FFF830092A6
:102C10002449C23F0D5555555555D53F2F6C6A2C4B
:102C200044B4A2BF6D9A74AFF2B0B3BF9AFDDE5246
:102C30002DDEADBF711623FEC671BCBFC4EB9899E3
:102C40009999C9BF9C7500883CE4377EFFFF0F440B
:102C50000000F07FFFFFDB3FA00300208003002087
:102C6000FFFFF23FFF7F034053EC102B23F00043A4
:102C700043EC102B704700BF10EE903A43F0004039
:102C800000F58010C00F7047002070479FED010BCA
:102C9000704700BF000000000000F87FF0B453EC64
:102CA000102BC3F30A55A5F2FF30132884B0194640
:102CB0004FEAD37710EE104A2CDC002847DB3C4D5E
:102CC000054103EA0506164329D06D082B401C4335
:102CD0000CD04FF48023132821EA050543FA00F1B4
:102CE00041EA05010CBF4FF000440024314800EBDD
:102CF000C70797ED000B0B46224643EC172B37EE28
:102D0000007B8DED027B9DED027B37EE400B04B026
:102D1000F0BC7047332807DDB0F5806F44D043EC3A
:102D2000102B04B0F0BC7047A5F213454FF0FF30F4
:102D3000E8400242F3D040080242D7D04FF080432F
:102D400024EA000043FA05F545EA0004CEE723F043
:102D50000040104310EE106AE1D0C3F313000643A5
:102D6000704206431348590C360B490406F40026FA
:102D700000EBC70046EA010390ED006B43EC172B14
:102D800037EE067B8DED027B9DED027B37EE467BB9
:102D90008DED007B0199DDE9002321F0004141EA3E
:102DA000C77343EC102BBCE730EE000BB9E700BF54
:102DB000FFFF0F00800200200000000010B52DED85
:102DC000028B82B08DED000B019B0099C3F30A5278
:102DD0002ABB23F000430B432DD09FED367B3D4AA9
:102DE00020EE077B90428DED007B019B29DBC3F336
:102DF0000A52363A841840F2FE72944230DC002CBB
:102E000027DD23F0FF41DDE9002321F4E00141EA61
:102E1000045343EC102B02B0BDEC028B10BD40F20A
:102E2000FF718A42E6D19DED007B37EE070B02B0C1
:102E3000BDEC028B10BD9DED000B02B0BDEC028B12
:102E400010BD9FED1E0B27EE000B02B0BDEC028BF8
:102E500010BD14F1350F11DA4CF2503398421DDDDC
:102E60009FED188B9DED001BB0EE480B00F034F881
:102E700020EE080B02B0BDEC028B10BD23F0FF4129
:102E8000DDE9002321F4E001363441EA04539FEDEB
:102E90000F0B43EC172B27EE000BBCE79FED078BC6
:102EA0009DED001BB0EE480B00F016F820EE080B6D
:102EB000B1E700BF000000000000504359F3F8C222
:102EC0001F6EA5019C7500883CE4377E0000000061
:102ED0000000903CB03CFFFF53EC102B11EE900A29
:102EE00023F0004100F0004041EA000343EC102BC6
:102EF000704700BF0B460146184600F0C5B900BF39
:102F000053B94AB9002908BF00281CBF4FF0FF3150
:102F10004FF0FF3000F07EB9ADF1080C6DE904CE42
:102F200000F006F8DDF804E0DDE9022304B07047A4
:102F30002DE9F0478C460E460446089D002B50D1E3
:102F40008A4217466CD9B2FA82FEBEF1000F0BD04E
:102F5000CEF1200420FA04F401FA0EF644EA060C3D
:102F600002FA0EF700FA0EF44FEA1749220CBCFBE6
:102F7000F9F01FFA87F809FB10C642EA064600FB83
:102F800008F3B34209D9F61900F1FF3280F022812B
:102F9000B34240F21F8102383E44F61AA2B2B6FB99
:102FA000F9F309FB136642EA064403FB08F8A0455F
:102FB00009D9E41903F1FF3280F00A81A04540F2FB
:102FC0000781023B3C44C8EB040443EA0040002173
:102FD000002D62D024FA0EF400232C606B60BDE853
:102FE000F0878B4207D9002D55D0002185E841009C
:102FF0000846BDE8F087B3FA83F1002940F09080DD
:10300000B34202D3824200F2F880841A66EB0306D0
:103010000120B446002D40D085E81010BDE8F087AF
:1030200012B90127B7FBF2F7B7FA87FEBEF1000F1E
:1030300035D1F31B4FEA17481FFA87FC0121B3FB78
:10304000F8F0220C08FB103642EA06460CFB00F3AF
:10305000B34207D9F61900F1FF3202D2B34200F2AF
:10306000CE801046F61AA2B2B6FBF8F308FB136640
:1030700042EA06440CFB03FCA44507D9E41903F11A
:10308000FF3202D2A44500F2B5801346CCEB040413
:1030900043EA00409CE729462846BDE8F087CEF188
:1030A000200106FA0EF307FA0EF720FA01F94FEAAB
:1030B0001748CE4049EA0309B6FBF8FA4FEA19442B
:1030C00008FB1A661FFA87FC44EA06430AFB0CF267
:1030D0009A4200FA0EF40AD9DB190AF1FF3180F0A6
:1030E00087809A4240F28480AAF1020A3B449B1AEC
:1030F0001FFA89F9B3FBF8F108FB113349EA0343DE
:1031000001FB0CF69E4207D9DB1901F1FF326BD2AD
:103110009E4269D902393B449B1B41EA0A418EE732
:10312000C1F1200E22FA0EF48B40234320FA0EF751
:1031300006FA01F44FEA134C26FA0EF63C43B6FBAE
:10314000FCF9270C0CFB19661FFA83F847EA0646C0
:1031500009FB08F7B74202FA01F200FA01FA08D9AE
:10316000F61809F1FF3041D2B7423FD9A9F102095F
:103170001E44F61BA0B2B6FBFCF40CFB146640EA3E
:10318000064704FB08F8B84507D9FF1804F1FF30DB
:1031900028D2B84526D9023C1F4444EA0940C8EB6E
:1031A0000707A0FB02894F4544464E4614D329D059
:1031B00065B3BAEB040367EB060707FA0EFECB40D4
:1031C000CF404EEA030385E888000021BDE8F08780
:1031D0001346F8E61046E0E6B8EB020469EB030696
:1031E0000138E5E70446D8E7114695E78146C0E790
:1031F0008A467CE7023B3C4448E708460AE7023837
:103200003E442FE7C245E7D33E46D1E72946BDE815
:10321000F08700BF704700BF024B0A46014618689E
:1032200000F002B80464002010B502FB01F100F0C8
:10323000D9F80446D8B150F8042C22F00302043A1D
:10324000242A18D8132A14D900231B2A03604360A8
:1032500016D9242A8360C36011BF00F110020361F4
:10326000436100F11802002313605360936020460D
:1032700010BD0246F7E7002100F018FC204610BD03
:1032800000F10802EFE700BF13460A46014602209C
:1032900004F0EEBB0023B7EEC00A05F011BB00BF7F
:1032A000014B1868704700BF0464002070B50F4ED2
:1032B0000F4D761BB61018BF002405D0013455F809
:1032C000043B9847A642F9D10A4E0B4D761B06F0F7
:1032D00055FEB61018BF002406D0013455F8043B43
:1032E0009847A642F9D170BD70BD00BFD82C0260CE
:1032F000D82C0260E82C0260D82C026010B504467D
:1033000000F056F82044407800F0070010BD00BFE0
:1033100010B5044600F04CF82044407800F003005B
:10332000A0F10200B0FA80F0400910BD10B50446CB
:1033300000F03EF82044407800F00300A0F10100C6
:10334000B0FA80F0400910BD931E222B10D80A2A33
:1033500010B506D000230C46194402F01BFF20468E
:1033600010BD0028F6DA2D230B7040420123F2E74E
:1033700000200870704700BFFFF7E6BF034A044B08
:103380001268506B002808BF18467047046400207C
:10339000885E0020044B054A1B685B6B002B08BF4E
:1033A000134693F82801704704640020885E0020CB
:1033B00008B5034B1868FFF7E1FFD0F8EC0008BD33
:1033C00004640020024B0146186800F00BB800BFEF
:1033D00004640020024B0146186805F069BC00BF78
:1033E000046400202DE9F04F01F10B05162D83B088
:1033F000064640F29F8035F0070500F1BF80A942E4
:1034000000F2BC8000F0A0FBB5F5FC7FC0F09C8210
:103410006B0A00F0BA80042B00F28381A80900F146
:10342000390E4FEA4E033830C44F07EB8303A3F144
:1034300008015C68A14207D1ACE0002A80F2AC80B0
:10344000E468A14200F0A680636823F003035A1BDE
:103450000F2AF2DDB9493C6901F1080E744500F00C
:10346000B381636823F003035A1B0F2A00F3998189
:10347000002AC1F814E0C1F810E080F29E80B3F594
:10348000007F80F06781DB0803F1010C01229B10B3
:1034900002FA03F34A6851F83C80C4F8088001EB53
:1034A000CC091A43A9F10803E3604A6041F83C40A3
:1034B000C8F80C40831001249C40944200F28A809A
:1034C000144206D120F003006400144200F104000D
:1034D000FAD007EBC009CC468046DCF80C108C45CE
:1034E00007D173E1002A80F28181C9688C4500F020
:1034F0006D814B6823F003035A1B0F2AF2DD0C4643
:10350000D1F80CC054F8088F4B1945F001054D60F7
:1035100042F00101C8F80CC03046CCF808807B614D
:103520003B61C3F80CE0C3F808E059609A5000F022
:103530000DFB1FE0102921D800F006FB1025062303
:1035400002207E4F07EB8303A3F108025C689442DC
:1035500000F045816368E168A56823F00303234414
:1035600030465A68E96042F001028D605A6000F00E
:10357000EDFA0834204603B0BDE8F08F00240C2398
:103580002046336003B0BDE8F08F80234FF0400E3B
:103590003F2049E770465DE72344E1685A68A56823
:1035A00042F00102E96030468D605A6000F0CEFAC8
:1035B0000834204603B0BDE8F08F234430465A68F3
:1035C00042F001025A6000F0C1FA0834204603B00C
:1035D000BDE8F08FBC68636823F00308A84504D3F6
:1035E000C5EB08030F2B00F38C80554BDFF860917F
:1035F0001A68D9F8003001332A4404EB080A00F0B5
:10360000608102F580520F3222F47F6222F00F02B5
:1036100011463046019200F00DFDB0F1FF3F8346A8
:10362000019A00F05881824500F2FC80454B1968F0
:10363000DA451144196000F05381D9F80000DFF831
:1036400010E101301BBFCAEB0B0A5144CEF800B0A9
:1036500019601BF0070100F01781C1F10800C1F5E6
:103660008051834408315A44C2F30B02C2EB010972
:1036700049463046019300F0DDFC431C019B00F0FD
:103680003F81CBEB00024A4442F001021968C7F8BF
:1036900008B04944BC42CBF804201960DFF8A4907C
:1036A00016D0B8F10F0F40F2FD806268A8F10C034C
:1036B00023F00703E01802F001024FF0050E1A4351
:1036C0000F2B6260C0F804E0C0F808E000F21C8133
:1036D0001D4BBC681A68914288BF19601B4B1A6861
:1036E0009142626888BF196022F003029542A2EB02
:1036F000050301D80F2B04DC304600F027FA002424
:1037000038E7621943F0010345F001056560304672
:10371000BA60536000F01AFA0834204603B0BDE8DE
:10372000F08F142B71D9542B00F2A480280B00F1D8
:103730006F0E4FEA4E036E3076E600BFF45F002056
:1037400024AA0020F4A900201CAA002020AA0020FE
:10375000FC6300205A0A042A5ED9142A00F2B380BE
:1037600002F15C0149005B3207EB810C57F8211034
:10377000DFF8DC81ACF1080C8C4500F088804A68E9
:1037800022F00302934202D289688C45F7D1D1F826
:103790000CC07A68C4F80CC0A160CCF80840CC60BA
:1037A00088E6631942F0010745F00105656030467F
:1037B0004B610B61C3F80CE0C3F808E05F609A50FE
:1037C000083400F0C3F9D5E64A6873E608F1010849
:1037D00018F0030F0CF1080C7FF47FAE30E0DC68CA
:1037E000A34208BF02303FF435AEB3E60B440C46AB
:1037F0005A68C96854F8085F42F001025A603046BE
:10380000E9608D6000F0A2F9B4E603F15C0E03F10B
:103810005B004FEA4E0307E69A0902F139014900BD
:103820003832A1E7BC424A4B3FF400AF9C68626863
:1038300022F003025AE759F80839994540F082808E
:1038400010F0030F00F1FF30F5D17B6823EA040389
:103850007B6064009C423FF6BDAE002C3FF4BAAEE4
:103860001C4240467FF435AE64001C4200F1040067
:10387000FAD02EE6B3F5AA7F18D8E80B00F1780E3F
:103880004FEA4E037730CFE54FF48051EBE601214C
:10389000D8F80430921001FA02F21A43C8F8042052
:1038A000614677E70123CBF8043025E740F2545214
:1038B000934220D8A80C00F17D0E4FEA4E037C30D5
:1038C000B2E51032A4E6542A26D81A0B02F16F0191
:1038D00049006E3248E7BC68626822F0030205E7DF
:1038E000CAF30B0000287FF4A8AE4244BB6842F044
:1038F00001025A60ECE6FE234FF07F0E7E2093E536
:1039000001224FF00009C1E604F10801304605F03C
:10391000CFF9D9F80010DBE6B2F5AA7F05D8DA0BAB
:1039200002F17801490077321EE740F254518A4291
:1039300005D89A0C02F17D0149007C3214E7FE2182
:103940007E2211E77B6884E7E808431C5B00F8E50A
:10395000F45F002082B049B15AB16BB113780B60AB
:103960001278101C18BF012002B0704701A9002A6C
:10397000F3D1104602B070476FF00100F4E700BFCA
:10398000032A70B426D940EA01039B0711D00478BA
:103990000D78AC4222D10244431C05E013F8014BE0
:1039A00011F8015FAC4219D19342F7D1002070BCED
:1039B00070470C4603461E682568AE4218462146ED
:1039C00003F1040304F10404E1D1043A032A184684
:1039D0002146F0D8002ADAD11046E8E7601B70BC17
:1039E000704700BF8842F0B50DD98B1898420AD2B3
:1039F0008118002A51D09A1A13F8014D01F8014D8F
:103A00009342F9D1F0BD0F2A48D941EA00039B0740
:103A100046D100F1100401F11003154653F8106C63
:103A200044F8106C53F80C6C44F80C6C53F8086CA8
:103A300044F8086C103D53F8046C44F8046C0F2DE6
:103A400003F1100304F11004E8D8A2F1100323F0ED
:103A50000F0302F00F0E1033BEF1030F194403449D
:103A600021D91E1F0D467446043C55F8047B46F8C8
:103A7000047F032CF8D8AEF1040424F003040434CA
:103A80002344214402F0030262B1013B0A4411F8CD
:103A9000014B03F8014F8A42F9D1F0BD0346F3E729
:103AA0000346F2E7F0BD7246EEE700BF70B484074C
:103AB00046D0541E002A41D0CDB2034602E0621E19
:103AC000E4B3144603F8015B9A07F8D1032C2ED90E
:103AD000CDB245EA05250F2C45EA054519D903F174
:103AE00010022646103E0F2E42F8105C42F80C5C85
:103AF00042F8085C42F8045C02F11002F2D8A4F12A
:103B0000100222F00F0204F00F041032032C1344B1
:103B10000DD91E462246043A032A46F8045BFAD819
:103B2000221F22F003020432134404F003042CB1D8
:103B3000C9B21C4403F8011BA342FBD170BC7047FF
:103B400014460346C2E700BF704700BF704700BF7E
:103B50000FB400B5074983B004AB086853F8042BD1
:103B60008168019302F08AFB03B05DF804EB04B0B6
:103B7000704700BF04640020034B1B6801469A682D
:103B8000184605F011BF00BF04640020F0B50546DB
:103B900089B008460C4600F035FDAB6B144F049419
:103BA0000126441C04A9022203940590AC680697E0
:103BB000079601910292B3B1B4F90C309A0406D47D
:103BC000626E43F4005322F40052A38162662146E0
:103BD000284601AA05F054F9002814BF4FF0FF3021
:103BE0000A2009B0F0BD284605F00AF8E4E700BF56
:103BF0001C2A0020024B01461868FFF7C7BF00BF10
:103C00000464002010B40C4B0C4C19680C4AD1F819
:103C1000A830D1F8AC0004FB03F402FB0040A3FB86
:103C200002230344013243F10003C1E92A2323F0B4
:103C300000405DF8044B7047046400202DF4515897
:103C40002D7F954C024B0A460146186800F002B8D9
:103C5000046400202DE9F04F174683B0002900F0DE
:103C6000C1800E46814607F10B05FFF76DFF56F840
:103C700004EC162D2EF00304A6F1080840D81022FB
:103C80001546AF4241D8944275DAC94B996808EBA2
:103C900004008842416800F0D98021F00103034408
:103CA0005B68DB077DD51EF0010F35D039464846ED
:103CB000FFF798FB0746E0B156F8043C23F00103F8
:103CC0004344A0F108029A4200F04481221F242AB2
:103CD00000F23181132A00F2048103463246116852
:103CE00019605168596092689A603146484604F0FC
:103CF000DFFF4846FFF72AFF384603B0BDE8F08FE4
:103D000025F00705002D2A46BBDA0C230020C9F850
:103D1000003003B0BDE8F08F56F8083CC3EB080A4A
:103D2000DAF8043023F0030C04EB0C039342BDDB00
:103D30005746DAF80C1057F8080F221F242AC160E2
:103D4000886000F21781132A40F212813168CAF8A4
:103D500008107168CAF80C101B2A00F22B81083673
:103D60000AF110023168116071685160B1689160A8
:103D70003E461C46D046631B0F2B1DD8D8F8043096
:103D800003F0010323434444C8F80430636843F05C
:103D9000010363604846FFF7D9FE304603B0BDE833
:103DA000F08F21F003012144914221DBC368826836
:103DB0000C46D3609A60DEE7D8F8042008EB0501D2
:103DC00002F00102154343F001020B44C8F804500D
:103DD0004A605A6842F0010208315A60484604F0CD
:103DE00067FFD7E7114603B0BDE8F04FFFF7FABA17
:103DF0001EF0010F7FF45AAF56F8083CC3EB080AD7
:103E0000DAF8043023F0030C01EB0C0E96458BDB43
:103E1000C36882685746D3609A6057F8081FDAF87B
:103E20000C30CB60221F242A996000F29980132A5B
:103E300062D93368CAF808307368CAF80C301B2A94
:103E400000F2A08008360AF1100356E021F0030BBF
:103E5000A34405F11000834559DA1EF0010F7FF4E9
:103E600025AF56F8081CC1EB080ADAF8041021F057
:103E7000030CE34458453FF757AF5746DAF80C10A8
:103E800057F8080F221F242AC160886000F2B4800E
:103E9000132A40F2A5803168CAF808107168CAF880
:103EA0000C101B2A00F2AF8008360AF110023168AC
:103EB000116071685160B16891600AEB0501C5EB52
:103EC0000B0242F0010299604A60DAF8043003F014
:103ED00001031D434846CAF80450FFF737FE384631
:103EE0005CE733680360736843601B2A27D800F1DE
:103EF000080306F10802F2E63B4632681A6072686F
:103F00005A60B2689A603E467446D04633E708EB82
:103F10000501C5EB0B0B4BF0010299604A6056F8A6
:103F2000043C03F001031D43484646F8045CFFF7D8
:103F30000DFE304632E73146FFF754FDD5E6B36853
:103F40008360F368C360242A28D000F1100306F1CF
:103F50001002C4E650F8043C23F003031C440AE7B3
:103F6000314638467446D046FFF73CFD3E4602E7F0
:103F70003A46F7E6314638461C46D046FFF732FD52
:103F80003E46F8E6B368CAF81030F368CAF8143051
:103F9000242A1BD010360AF11803AEE733690361F7
:103FA0007369436106F1180200F1180397E600BF38
:103FB000F45F0020B168CAF81010F168CAF8141054
:103FC000242A0FD010360AF11802CBE63369CAF85A
:103FD00018307369CAF81C3018360AF120038CE7D0
:103FE0003A4664E73269CAF818207269CAF81C2098
:103FF00018360AF12002B5E6314638460193FFF73C
:10400000F1FC019B59E7B168CAF81010F168CAF8D1
:104010001410242A03D010360AF1180247E7326937
:10402000CAF818207269CAF81C2018360AF1200252
:104030003DE700BF38B5074C00230546084623601E
:10404000FCF7A6FA431C00D038BD2368002BFBD038
:104050002B6038BD6CBA00200CB4F0B5244B00299D
:104060009DB01D683EDB4FF402730C460290069033
:10407000ADF8143023AE17D04C1E229A0494334668
:104080004FF6FF7702A9284607940196ADF81670FF
:1040900000F0C8FD421C1BDB029B00221A701DB001
:1040A000BDE8F04002B0704733464FF6FF77229AE2
:1040B000049402A9284607940196ADF8167000F002
:1040C000B1FD431C07DB1DB0BDE8F04002B07047F6
:1040D0008B232B60E0E78B232B601DB0BDE8F04005
:1040E00002B070478B232B604FF0FF30EBE700BF2F
:1040F000046400200EB4F0B59CB021AB0F4953F816
:10410000042B019305466FF00044086802954FF4B4
:1041100002774FF6FF7602A90695ADF81470049465
:104120000794ADF8166000F07DFD029B00221A7026
:104130001CB0BDE8F04003B0704700BF046400202D
:1041400041EA00039B0710B414D10B68A3F10132BC
:1041500022EA030212F0803F0CD10C1D40F8043B10
:10416000214654F8043BA3F1013222EA030212F083
:10417000803FF3D0034611F8012B184603F8012BBA
:10418000002AF8D15DF8044B704700BF70B411F0FD
:10419000FF0434D085070FD00378002B5AD09C42FF
:1041A0002BD0431C05E013F8012B002A4FD094427A
:1041B00023D09A071846F6D10E0206F47F4626430E
:1041C000036846EA064601E050F8043F86EA030524
:1041D000A5F10132A3F1013122EA050221EA03032C
:1041E000134313F0803FEFD0037823B932E010F887
:1041F000013F002B2ED09C42F9D170BC7047840740
:104200000BD00378002BF8D0431C03E00278013375
:10421000002AF2D099071846F8D10268A2F10133BA
:1042200023EA020313F0803F08D150F8042FA2F1D3
:10423000013323EA020313F0803FF6D00378002B0A
:10424000DBD010F8013F002BFBD170BC704710464B
:1042500070BC7047184670BC704700BF000000007B
:1042600000000000A2EB0300704700BF02780B784B
:10427000012A28BF9A42F5D16DE9044540EA0104BC
:10428000CDE902676FF0000C4FEA447212B380EA86
:10429000010414F0070F6AD100F0070420F00700B2
:1042A00004F0030521F007014FEAC505F0E80423F7
:1042B00014F0040FF1E804670CFA05F462EA040252
:1042C00066EA04060AD063EA0403624667EA040762
:1042D000664603E0F0E80423F1E8046782FA4CF54F
:1042E00082EA0604A4FA8CF46CBB83FA4CF583EAE8
:1042F0000705A5FA8CF595B950E9022351E9026743
:1043000082FA4CF582EA0604A4FA8CF483FA4CF59E
:1043100083EA0705A5FA8CF52543DBD09CB92DBAB5
:10432000B5FA85F424F0070427FA04F1DDE9026701
:1043300023FA04F303F0FF0001F0FF01FDE8044558
:10434000A0EB0100704724BAB4FA84F424F0070407
:1043500026FA04F1DDE9026722FA04F202F0FF0016
:1043600001F0FF01FDE80445A0EB0100704714F0E7
:10437000030F3CD110F0030428D150F8082B51F85A
:10438000083B82FA4CF582EA0305A5FA8CF55DB983
:1043900050F8042C51F8043C82FA4CF582EA0305EB
:1043A000A5FA8CF5002DE8D02DBAB5FA85F424F0E5
:1043B000070423FA04F122FA04F202F0FF0001F0EC
:1043C000FF01FDE80445A0EB010070474FEAC4047B
:1043D00020F0030050F8082B21F0030151F8083BAE
:1043E0000CFA04F462EA040263EA0403C9E710F079
:1043F00003041AD0A1EB040120F00300E40750F8F5
:10440000042B06D00FD28B785FFAA2F4E41A06D1FF
:104410002BB1CB785FFAB2F4E41A00D11BB9204675
:104420005DF8104B704701F1040150F8042BCC07E4
:1044300021F0030151F8043B48D824D222F07F44F4
:1044400082FA4CF594EA1325A5FA8CF50AD165B9E0
:1044500051F8043B84EA0204B4EB036F0ED150F828
:10446000042BEBE74FEA132355E035F07F454DD1A0
:104470000878FDE80445C0F1000070474FEA126279
:1044800003F0FF0347E002EA1C4482FA4CF594EA89
:104490001345A5FA8CF50AD165B951F8043B84EAB5
:1044A0000204B4EB034F0CD150F8042BEBE74FEAB6
:1044B000134330E015EA1C4528D10B884FEA12421D
:1044C00029E04FEA124203EA1C4324E002F0FF0411
:1044D00082FA4CF594EA1365A5FA8CF50AD165B910
:1044E00051F8043B84EA0204B4EB032F09D150F8DD
:1044F000042BEBE74FEA13630DE015F0FF0F05D136
:104500000B684FEA122223F07F4304E04FF00000D3
:10451000FDE80445704712BA1BBA82FA4CF482EAED
:104520000304A4FA8CF5B5FA85F402FA04F203FA4E
:1045300004F34FEA1260FDE80445A0EB13607047F6
:1045400080EA0102844612F0030F4FD111F0030FED
:1045500032D14DF8044D11F0040F51F8043B0BD04B
:10456000A3F101329A4312F0803F04BF4CF8043BA0
:1045700051F8043B16D100BF51F8044BA3F10132AE
:104580009A4312F0803FA4F101320BD14CF8043B66
:10459000A24312F0803F04BF51F8043B4CF8044B97
:1045A000EAD023460CF8013B13F0FF0F4FEA332308
:1045B000F8D15DF8044B704711F0010F06D011F8E7
:1045C000012B0CF8012B002A08BF704711F0020FD5
:1045D000BFD031F8022B12F0FF0F16BF2CF8022BC0
:1045E0008CF8002012F47F4FB3D1704711F8012BE3
:1045F0000CF8012B002AF9D1704700BF0000000021
:104600000000000090F800F06DE9024520F007017D
:104610006FF0000C10F0070491F820F040F0498092
:104620004FF000046FF00700D1E9002391F840F04B
:1046300000F1080082FA4CF2A4FA8CF283FA4CF3EF
:10464000A2FA8CF34BBBD1E9022382FA4CF200F1BF
:104650000800A4FA8CF283FA4CF3A2FA8CF3E3B9C3
:10466000D1E9042382FA4CF200F10800A4FA8CF29A
:1046700083FA4CF3A2FA8CF37BB9D1E9062301F15A
:10468000200182FA4CF200F10800A4FA8CF283FABD
:104690004CF3A2FA8CF3002BC6D0002A04BF0430DE
:1046A0001A4612BAB2FA82F2FDE8024500EBD200D5
:1046B0007047D1E9002304F00305C4F100004FEA7C
:1046C000C50514F0040F91F840F00CFA05F562EA04
:1046D00005021CBF63EA050362464FF00004A9E728
:1046E00040EA01039B0770B42BD1032A29D90C4659
:1046F0000346214654F8046BA6F1013525EA060568
:1047000015F0803F06D1043A032A43F8046B214692
:10471000EFD8A2B10C781C70013A013301313CB1E1
:104720006AB111F8014B03F8014B013A002CF7D1A3
:104730002AB11A44002103F8011B9A42FBD170BC34
:1047400070470346E5E700BF2DE9F0414FF0010E49
:10475000744600254FF0FF362B198B4200EB0607FD
:104760000DD23F5D10F803C0BC452DD21D4601247B
:10477000C6EB030E2B198B4200EB0607F1D34FF06B
:104780000108C2F800E0444600254FF0FF372B191E
:10479000994200EB070E0ED91EF804E010F803C092
:1047A000F44518D91D460124C7EB03082B1999427B
:1047B00000EB070EF0D80137701C874224BFC2F807
:1047C00000803846BDE8F0810CD04FF0010E2E4637
:1047D00074467544C0E70CD04FF001082F4644469C
:1047E0004544D4E7744509BFA64601341D4601245B
:1047F000B2E7444509BFA04601341D460124C6E77F
:104800002DE9F04FADF2144D164605468B46104685
:10481000194603AA1C46FFF797FF03AB81460DF22A
:104820000C4243F8044F9342FBD14CB1631E324615
:1048300004A812F8011B40F8213013F1FF33F8D21D
:1048400003994A4631443046FFF79AF8002871D15F
:1048500009F1FF330093F318824601932346804603
:10486000544658469A4608EB0A073A1A002128444B
:1048700004F038FD002858D1002F56D0EB1904AAB7
:1048800013F8013C52F823304BB124B1039A934200
:1048900001D2C2EB0A03984400243846E3E74C45B2
:1048A00023460AF1FF3E38BF4B46734513D208EB4F
:1048B000030216F803C0A85C84452A4406EB0301F2
:1048C00006D02EE011F801CF12F8010F844528D14F
:1048D00001337345F6D34C45009980F08B80009BE3
:1048E000019808EB03020378A85C83422A4440F055
:1048F0008180019B06EB040B06E013F801ED12F832
:10490000010D864504D161469B4501F1FF3CF4D180
:1049100001348C4270D8039C3846A044C4EB0A048E
:10492000A1E7C9F101029044B5E700200DF2144D52
:10493000BDE8F08FC9EB04034B4538BF4B4601334C
:1049400009F1FF38039306EB080358464FF0000ABD
:10495000CB4699460AEB04073A1A0021284404F092
:10496000C1FC0028E1D1002FDFD0EB1904AA13F815
:10497000013C52F82330A3BB611E8B4515D20AEBD4
:104980000B0216F80B3015F802E09E452A4406EBA0
:104990000B005B4606D027E010F801CF12F801EFBC
:1049A000F44521D101338B42F6D3B8F1FF3F11D04A
:1049B0000AEB080299F80010AB5C99422A440FD127
:1049C0004B4605E013F8010D12F8011D884207D18E
:1049D000B342F7D105EB0A000DF2144DBDE8F08F9C
:1049E000039B9A443846B5E7CBF1010292449A44BE
:1049F0003846AFE749468BE705EB080096E700BF6E
:104A00000378002B00F004812DE9F04F91F800802D
:104A100085B04446B8F1000F16D0864601F1010C6E
:104A2000012703E012F8014B6CB194469C4214BF7D
:104A3000002707F001071EF8013F6246002BF1D165
:104A40009CF800300BBB17B105B0BDE8F08F0E46E7
:104A5000054641460130C6EB0C04FFF797FB0746BD
:104A600098B1012CF0D02819874294BFC7EB000BF6
:104A70004FF0010B1F2C0CD92346324659463846BD
:104A8000FFF7BEFE05B0BDE8F08F002005B0BDE821
:104A9000F08F03AA21463046FFF756FE0399804661
:104AA000024631443046FEF76BFF002858D108F12A
:104AB000FF330193F3188146054600935846B246EA
:104AC0006619321A0021384404F00CFC0028DCD1AD
:104AD000002EDAD0C845434638BF4B469C4212D917
:104AE0005A191AF80310B85C88423A440AEB030ECC
:104AF00006D02DE01EF8010F12F8011F884227D1C1
:104B000001339C42F6D8019BC845194640F2838088
:104B1000EA1800980378B85C83423A447BD1009B42
:104B20000AEB090B06E013F801CD12F801EDF4458C
:104B300004D101465B4501F1FF30F4D109F10109CF
:104B4000894557D8039B30461D44C3EB0409B7E79A
:104B5000C8F1010215441D444FF000093046AFE78B
:104B6000C8EB0403434538BF4346013308F1FF391E
:104B7000039306EB090358460025BB469A4667197E
:104B80003A1A0021584404F0ADFB00287FF47DAFB1
:104B9000002F3FF47AAF444515D908EB050216F80B
:104BA00008301BF8020098425A4406EB08014346BD
:104BB00006D023E011F801EF12F8010F86451DD150
:104BC00001339C42F6D8B9F1FF3F12D005EB090240
:104BD0009AF800101BF8023099425A4414D15346F7
:104BE00005E013F8010D12F8011D88420CD1B34203
:104BF000F7D15F46781905B0BDE8F08FC8F1010222
:104C000015441D443846BAE7039B38461D44B6E7B1
:104C10000B7813B97047414690E70020704700BFFA
:104C2000000000002DE9F04F2DED068BB9B00C46C9
:104C3000039192460993059004F0CEFA036810930D
:104C40001846FFF7DFFCA3890F90190603D52369E7
:104C5000002B01F07D8000239FEDA48B9FEDA59B91
:104C60000D931D931C931193069328AB1B939946A8
:104C70009AF800305446EBB1252B02D11AE0252BCF
:104C800003D014F8013F002BF9D1CAEB04058DB114
:104C90001C9B1D9AC9F800A001332A44072BC9F8B0
:104CA00004501D921C9300F3A38009F10809069B90
:104CB0002B4406932378002B00F0A38000231A4690
:104CC0008DF84F30194607939B464FF0FF386378B5
:104CD00004F1010A45460AF1010AA3F1200058280F
:104CE00000F2F883DFE810F06303F603F6036B03CA
:104CF000F603F603F603F603F603F60370037E03EA
:104D0000F6035D00DF00F603FB000C010C010C0153
:104D10000C010C010C010C010C010C01F603F60353
:104D2000F603F603F603F603F603F603F603F603BB
:104D30001C015E01F6035E01F603F603F603F603BB
:104D4000A102F603F603A602F603F603F603F60342
:104D5000F603D802F603F6030503F603F603F6039B
:104D6000F603F603F603F603F603F603F60343032E
:104D700056035E015E015E015E035603F603F60311
:104D8000A403F603B103A2006200C303F603C80341
:104D9000F6038303F603F6038B0307980993404257
:104DA00007904BF0040B9AF8003094E7A846099856
:104DB00000213023782288458DF8503004688DF822
:104DC000512000F104074FF000058DF84F104BF013
:104DD0000203C0F29C832BF0800343F0020B54EAE1
:104DE0000503099700F069830F460C924348AEE231
:104DF0001BAA0399059804F03DFE48B90DF1A009DE
:104E000055E71D9B23B1059803991BAA04F032FEB8
:104E1000039B9B8913F0400F069B18BF4FF0FF3395
:104E2000184639B0BDEC068BBDE8F08F0C93A84650
:104E3000002A41F09A811BF0200300F00682099FAE
:104E4000073727F00703002703F10802B845099246
:104E5000D3E900458DF84F70C0F25E8654EA050331
:104E60002BF0800B00F04B8328AEE20842EA45723B
:104E7000E90804F007030D461446303354EA0502EE
:104E800006F8013DF1D11BF0010F00F02782302B15
:104E900000F024823022731E06F8012C28AAD21AB0
:104EA00008921E461DE29AF800302A2B0AF10104EE
:104EB00001F02F81A3F13000092898BF002501F2ED
:104EC000D58014F8013B05EB850500EB4505A3F102
:104ED00030000928F5D945EAE575A246FDE64BF014
:104EE000800B9AF80030F6E6AFF300800000000077
:104EF00000000000FFFFFFFFFFFFEF7F4052002098
:104F0000A3F1300000231C461AF8013B04EB840493
:104F100000EB4404A3F130000928F5D90794DCE63E
:104F20000C93A846002A41F02C814BF0100B1BF08B
:104F3000200F00F00385099F073727F00707D7E9FF
:104F4000002307F10801099114461D46002A73F158
:104F50000003C0F23785B8F1000F9DF84F70C0F222
:104F6000B58154EA05032BF0800B00F0F683002D89
:104F700008BF0A2CC0F0AE8128AE204629460A227E
:104F80000023FDF7BDFF303206F8012D20462946EB
:104F900000230A22FDF7B4FF04460D4654EA050338
:104FA000EBD19BE10C93A846002A41F0E680099FD3
:104FB0001BF0080F07F1070700F0408627F00703F2
:104FC00093ED008B03F108020992B0EEC87BB4EEBA
:104FD000497BF1EE10FA40F3BC85B5EEC08BF1EEE3
:104FE00010FA00F1CA879DF84F70A74EA74B0C9995
:104FF00003224FF0000804922BF0800B4729D8BF02
:105000001E460892CDF8388017B1049B01330493F3
:105010001BF002030A9302D0049B023304931BF09B
:1050200084030B9340F08082079B049A9C1A002C07
:1050300040F37A82102C1D991C9A954F23DD484627
:105040001025C146B046059E04E0103C102C00F12E
:10505000080015DD01321031072A1D911C920760EE
:105060004560F2DD1BAA0399304604F003FD0028D9
:105070007FF4CEAE103C102C1D991C9A28A8E9DCB8
:105080004646C846814601326318072A1D931C9282
:10509000C9F80070C9F8044000F3E2839DF84F702E
:1050A00009F1080977B11C9A013201330DF14F0063
:1050B0000121072A1D931C9289E8030000F35F83F6
:1050C00009F108090A9A6AB11C9A0132023314A83C
:1050D0000221072A1D931C9289E8030000F35B83D9
:1050E00009F108090B9A802A00F07E82089AC2EB27
:1050F0000804002C34DD102C1C9A664F23DD494631
:105100004FF01008B146059D039E04E0103C102CA2
:1051100001F1080115DD01321033072A1D931C929D
:1051200081E88001F2DD1BAA3146284604F0A2FC8A
:1051300000287FF46DAE103C102C1D9B1C9A28A9F2
:10514000E9DC4E46894601322344072A1D931C920E
:10515000C9F80070C9F8044000F3058309F1080993
:105160001BF4807F40F0E2811C9A0898C9F8006027
:1051700001320344072A1D93C9F804001C9200F36E
:10518000C28209F108091BF0040F3ED0079A049966
:10519000541A002C39DD102C1C9A3D4F22DD1025AD
:1051A000059EDDF80C8004E0103C102C09F1080984
:1051B00018DD01321033072A1D931C92C9F80070C4
:1051C000C9F80450F0DD1BAA4146304604F052FCF9
:1051D00000287FF41DAE103C102C1D9B1C9A0DF175
:1051E000A009E6DC01322344072A1D931C92C9F86A
:1051F0000070C9F8044008DD1BAA0399059804F063
:1052000039FC00287FF404AE1D9B069A0799049888
:105210008142ACBF521812180692002B40F07F82D8
:1052200000231C930DF1A00922E54BF0080B9AF81E
:10523000003050E50C93A846002A40F09A874BF0C6
:10524000100B1BF020037FF4FAAD1BF0100240F0AE
:1052500091831BF0400300F08D8309998DF84F2056
:105260000B46B8F1000F03F104030C884FF0000562
:10527000C0F2AB8554EA05012BF0800B099300F0D6
:105280003E811746F0E500BF345200203052002026
:10529000D0090020005300200C93A846002A40F0BB
:1052A00059874BF0100B1BF0200300F0E782099F99
:1052B000073727F00703002703F10802B8450992D2
:1052C000D3E900458DF84F70BFF64BAE54EA0503A5
:1052D0007FF44DAE38AE303406F8414D28AB9B1B01
:1052E0000893089B4345B8BF4346049300230E939D
:1052F0008AE60C93A846002A40F028871BF0200F6E
:10530000C24800F08680099F073727F00703D3E9DA
:10531000004503F1080209921BF0010700F04782E3
:1053200054EA050300F0A384002730239DF83020C1
:105330008DF85030B8458DF851208DF84F704BF0F6
:105340000203C0F217862BF0800343F0020B28AE55
:10535000230904F00F0143EA05732A091C46154688
:10536000435C06F8013D54EA0503F1D1B6E709991B
:105370000C930A688DF8782000230A461F468DF8A2
:105380004F30043201230493B8460E9709920893D4
:105390001EAE3DE60C93A846002A3FF4C8AD8DF83A
:1053A0004F10C4E54BF0400B9AF8003093E49AF8A4
:1053B000003000297FF48FAC012220218BE44BF0D8
:1053C000010B9AF8003086E4099C2368079318467D
:1053D0000028234603F10403FFF6DFAC09939AF893
:1053E000003078E49AF8003001222B2173E40C930A
:1053F000A846002A3FF457AF8DF84F1053E70C939F
:10540000A846002A40F0AA861BF0200F80487FF4AF
:105410007AAF099A1BF0100F134640F0C1821BF0BF
:10542000400F00F0BD82043314880993002573E710
:105430009AF800306C2B03BF9AF801304BF0200B28
:105440000AF1010A4BF0100B45E4002A40F06F8688
:105450001BF0200F00F06683099A06991368CD1798
:105460000846043229460992C3E9000100E44BF0E2
:10547000200B9AF800302EE4099A0C931668002449
:105480008DF84F40171D002E00F06585002DC0F2ED
:10549000A2842A462146304603F024FF002800F06B
:1054A000CC85831B0893A04623EAE37309970493F2
:1054B000CDF838809DF84F70A6E555480C92B8F1AC
:1054C000000F40F0848147464FF00008CDF820805F
:1054D00028AE06E70C93002A40F02D860C9A002A8D
:1054E0003FF48FAC002301211F4604918DF87820F2
:1054F0008DF84F3098460E9308911EAE88E5B8F1AE
:10550000000F00F08B85002700240025ACE4404804
:105510000C929B4654EA050309974FF000077FF46D
:1055200016AF0024002512E71D9BBBE50C9A652AE7
:1055300040F3A180B5EE408BF1EE10FA40F04981C6
:105540001C9A3449C9F80010013201330121072A9D
:105550001D931C92C9F8041000F3928309F1080905
:10556000159A0D998A4203DB1BF0010F3FF40BAE35
:105570001C9A0F981099C9F8001001320344072AA9
:105580001D93C9F804001C9200F3D68309F10809A1
:105590000D9A541E002C7FF7F6AD102C1C9A1E4F4E
:1055A00040F3DC811025059EDDF80C8005E009F153
:1055B0000809103C102C40F3D18101321033072A26
:1055C0001D931C92C9F80070C9F80450EFDD1BAAA6
:1055D0004146304604F04EFA00287FF419AC1D9B7A
:1055E0001C9A0DF1A009E4E7079A0499541A002CBB
:1055F0007FF77CAD102C1C9A074F2EDD49461025F5
:10560000C1461846B046059E0DE000BFA017002019
:1056100040520020BC17002000530020103C102CEA
:1056200001F1080115DD01321030072A1D901C928E
:105630000F604D60F2DD1BAA0399304604F01AFAA0
:1056400000287FF4E5AB103C102C1D981C9A28A96B
:10565000E9DC46460346C846894601322344072A08
:105660001D931C92C9F80070C9F8044000F34682EB
:1056700009F108093AE50D9AC9F80060012A1C9A57
:1056800003F1010302F101024FF001011D931C928D
:10569000C9F8041040F31082072A00F3158209F1BB
:1056A00008090F981099C9F8001001320344072A1D
:1056B0001D931C92C9F8040000F3138209F1080934
:1056C000B5EE408BF1EE10FA0D9900F0F58001393E
:1056D000013201360B44072AC9F800601C921D9361
:1056E000C9F8041000F31D8109F108091198C9F8DF
:1056F00004000132034417A9072A1D931C92C9F81C
:1057000000107FF73EAD1BAA0399059804F0B2F98B
:1057100000287FF47DAB1D9B0DF1A00933E51BAA8A
:105720000399059804F0A6F900283FF479ADFFF736
:105730006FBB0999B8F1000F0C688DF84F3001F17B
:1057400004074FF00005C0F2718354EA050209977F
:105750002BF0800B1F467FF40AACB8F1000F3FF42A
:10576000B3AE0024B6E51BAA0399059804F082F9AC
:1057700000287FF44DAB1D9B0DF1A009F0E41BAA9E
:105780000399059804F076F900287FF441AB1D9B3E
:105790000DF1A00996E41BAA0399059804F06AF993
:1057A00000287FF435AB1D9B0DF1A0099AE4B8F1F8
:1057B000000F8DF84F70C0F26F8254EA05032BF092
:1057C000800B7FF4C4ADB8F1000F3FF47CAE00272E
:1057D000A7E6159C002C40F361820E9A0D998A422F
:1057E000A8BF0A46002A14460DDD1C9AC9F80060BD
:1057F00001322344072A1D93C9F804401C9200F388
:10580000728309F108090E9A002CA8BF121B002A06
:10581000144640F3F180102C1C9AC14F40F31982BA
:1058200049461025B146DDF81480039E04E0083196
:10583000103C102C40F30B8201321033072A1D93C9
:105840001C920F604D60F2DD1BAA3146404604F009
:1058500011F900287FF4DCAA1D9B1C9A28A9E7E710
:105860001BAA0399059804F005F900287FF4D0AA33
:105870009DF84F701D9B0DF1A00913E41BF0100261
:105880007FF457AF1BF040033FF453AF09998DF8F5
:105890004F200B46B8F1000F03F104030C884FF0C2
:1058A0000005C0F2948254EA05012BF0800B0993A5
:1058B00017467FF45CAB50E74C1E002C7FF716AF09
:1058C000102C974F22DD1025059EDDF80C8004E09A
:1058D000103C102C09F1080918DD01321033072A99
:1058E0001D931C92C9F80070C9F80450F0DD1BAA82
:1058F0004146304604F0BEF800287FF489AA103CE7
:10590000102C1D9B1C9A0DF1A009E6DC01322344EA
:10591000072A1D931C92C9F80070C9F804407FF74C
:10592000E3AE1BAA0399059804F0A4F800287FF4BD
:105930006FAA1D9B1C9A0DF1A009D7E61BF0100F52
:1059400033D11BF0400F30D00999B1F90040043138
:10595000E51722462B460991FFF7F8BA0132234496
:10596000072A1D931C92C9F80070C9F804407FF7FC
:1059700008ACC8E60999B8F1000F0C688DF84F30F3
:1059800001F104074FF00005C0F2C58054EA05029A
:105990002BF0800B09973FF4B2AD1F46FFF764BAB6
:1059A0001C68043309930025B6E4099A1468134669
:1059B0000433E51722460993002A2B4673F10003AE
:1059C000BFF6C9AA64424FF02D0765EB4505B8F153
:1059D000000F8DF84F70FFF6CAAA2BF0800BFFF76F
:1059E000C6BA1BAA0399059804F044F800287FF46E
:1059F0000FAA1D9B0DF1A0090E99159A31440D4671
:105A00000D998A4247DB1BF0010F44D10D980644E3
:105A1000741B821A9442A8BF1446002C26460DDD42
:105A20001C99C9F800500131234407291D93C9F876
:105A300004401C9100F3808209F10809002EACBFDC
:105A4000941B1446002C7FF79EAB102C1C9A344FED
:105A500084DD1025059EDDF80C8005E009F10809BC
:105A6000103C102C7FF77AAF01321033072A1D93B8
:105A70001C92C9F80070C9F80450EFDD1BAA41461A
:105A8000304603F0F7FF00287FF4C2A91D9B1C9A43
:105A90000DF1A009E4E71C990F9C1098C9F80000CB
:105AA0000131234407291D93C9F804401C9100F3D8
:105AB000268209F10809A9E71BF0010F7FF4ECAD7C
:105AC000072A7FF711AE2CE71BAA0399059803F06C
:105AD000D1FF00287FF49CA91D9B1C9A0DF1A00901
:105AE000DFE51BAA0399059803F0C4FF00287FF4A3
:105AF0008FA91D9B1C9A0DF1A009E1E51BAA039932
:105B0000059803F0B7FF00287FF482A91D9B0DF1D3
:105B1000A009FFF7EBBA09970027FFF7A5B900BF67
:105B2000005300201BF0100F0BD11BF0400F08D0CA
:105B3000099A136804320992BDF818201A80FFF7F9
:105B400097B8099A136804320992069A1A60FFF707
:105B50008FB8B4EE488BF1EE10FA80F19E820C9B68
:105B6000B8F1FF3F23F0200500F02582472D00F01B
:105B700026814BF480730A9318EE903A002BC0F202
:105B80001D82B0EE48AB00270C9B662B00F0028212
:105B9000462B00F0EC80B0EE4A0B452D0CBF08F10F
:105BA0000104444619AA16AB01920093224615AB94
:105BB0000221059802F042F80C9B672B064640F044
:105BC0000E821BF0010F00F066823119B5EE40AB7A
:105BD000F1EE10FA00F08581199B994206D9302028
:105BE0005A1C19921870199B9942F9D89B1B472D82
:105BF0000D9300F01F810C9B652B40F3FF810C9BE4
:105C0000662B159B00F0FC810E930E9A0D998A422B
:105C1000C0F2D8811BF0010F40F0348222EAE27317
:105C2000089267220C92002F40F0F680B846049349
:105C3000DDF828B09DF84F70FFF7E6B927F00707A9
:105C400007F1080397ED008B0993FFF7BEB94E46A5
:105C5000894601322344072A1D931C92C9F800701B
:105C6000C9F804403FF7BDAE09F10809C4E60027B2
:105C7000B8458DF84F70FFF654AC2BF0800B1EE446
:105C80001BAA0399059803F0F5FE00287FF4C0A82D
:105C90001D9B0DF1A00963E4099F3BE41C9AB949DF
:105CA000C9F80010013201330121072A1D931C920B
:105CB000C9F8041076DC09F108092CB90D9A1AB953
:105CC0001BF0010F3FF45FAA1C9A0F981099C9F8B6
:105CD000001001320344072A1D93C9F804001C92E6
:105CE00000F3B68109F108096442002C40F3878073
:105CF000102CA54F40F3128149461025B146DDF81E
:105D00001480039E04E00831103C102C40F3048101
:105D100001321033072A1D931C920F604D60F2DD93
:105D20001BAA3146404603F0A5FE00287FF470A868
:105D30001D9B1C9A28A9E7E71BAA0399059803F065
:105D400099FE00287FF464A81D9B0DF1A0091FE4B3
:105D500040210598FDF746FB039A1060106100286A
:105D600000F0ED81039A40235361FEF774BF19AA36
:105D700016AB01920093424615AB0321B0EE4A0BDD
:105D8000059801F05BFF444606460C9B462B06EB4C
:105D900004017FF41BAF3378302B00F08D81159C0C
:105DA000214413E71BAA0399059803F063FE00281A
:105DB0007FF42EA8159C1D9B0DF1A0097DE7B8F17D
:105DC000000F08BF4FF00108D3E60993A4E609933A
:105DD0001746FFF77BBA3046FEF714FCA046034691
:105DE0000890FFF761BB1BAA0399059803F042FED8
:105DF00000287FF40DA81D9B1C9A0DF1A0090D9899
:105E0000C9F8006001320344072A1D931C92C9F8A7
:105E100004007FF7B6A976E42D270493DDF828B0B7
:105E20008DF84F704FF00008FFF7EFB809971F4645
:105E3000FFF74CBA159BDA1C02DB9845BFF6E4AEBF
:105E40000C9A023A0C92013B002B9DF830201593DE
:105E5000B8BF5B428DF85C20B4BF2D222B22092BEA
:105E60008DF85D2040F306810DF16B000446474A32
:105E700082FB0321DA17C2EBA10202EB8201A3EB42
:105E8000410303F13001092A134604F8011DEEDC39
:105E900021463033DAB201F8012D884240F26281A6
:105EA0000DF15E01234601E013F8012B01F8012BEF
:105EB0009842F9D1431C1B1B0DF15E02134417AA33
:105EC0009B1A0D9A1193012A1344089340F3FF8003
:105ED000089B0F9A1344002208930E9223EAE3735F
:105EE000A1E60B4682E61BAA0399059803F0C2FDC2
:105EF00000287EF48DAF1D9B0DF1A00983E41BAA41
:105F00000399059803F0B6FD00287EF481AF159A39
:105F10001D9B0DF1A00979E54E46894601322344C7
:105F2000072A1D931C92C9F80070C9F804403FF776
:105F30005AAF09F1080962E71BAA0399059803F013
:105F400099FD00287EF464AF159A0D991D9B8A1A5D
:105F50000DF1A00972E5062D2B4628BF06230893F4
:105F600023EAE373B04609970E9637460493084E2A
:105F7000FFF74AB89B46FFF7EAB92D278DF84F7017
:105F8000FFF733B8BC170020005300206766666631
:105F90005452002019AA16AB01920093032115ABAD
:105FA0004246B0EE4A0B059801F048FE44460646CC
:105FB00000EB0801EFE64FF00608DAE5B1EE48AB7A
:105FC0002D27E1E50F9A0D9B13440E9A0893002AA2
:105FD00040F38680672223EAE3730C9223E60C9B4E
:105FE000472B7FF4F2AD1BF0010F7FF4CEAE199B6F
:105FF000472DA3EB06030D933FF41CAF159B22E73F
:10600000002B1A460E9373DDB8F1000F4BD11BF035
:10601000010F48D123EAE373089204E61BF0010F55
:10602000474605D038AE302306F8413DFFF756B954
:10603000CDF8208028AEFFF754B925EAE57309971B
:106040000493089580460E909DF84F70FEF7DCBFD4
:106050001BAA0399059803F00DFD00287EF4D8AE25
:10606000159C1D9B1C9A0DF1A0093DE6A24600253A
:10607000FEF733BE303330228DF85F308DF85E206E
:1060800018AB1CE70F9A0E9B1344672208930C92DF
:1060900023EAE373C7E5199BA8E53C4E3C4B9DF80A
:1060A0004F70FEF7A4BF0E9B0F9A9D1805EB0803D7
:1060B000089323EAE373B6E5B5EE40ABF1EE10FAD0
:1060C0003FF46DAEC4F10104159421447EE51BF04C
:1060D00001037FF4FDAE0E93089B23EAE373A2E570
:1060E0000E9B089AC3F101031A441346089271E704
:1060F000B8F1000F02D11BF0010F07D00F9B5D1C00
:1061000005EB0803089323EAE3738CE50123089366
:1061100089E509989AF8013005680430002D099046
:10612000A246BEF6D8AD4FF0FF35FEF7D4BD8DF8D0
:106130004F10FFF78DB98DF84F10FFF7CFB9059AC3
:106140000C2313604FF0FF30FEF76BBE8DF84F103D
:10615000FFF7D4B88DF84F10FFF7A3B88DF84F10A4
:10616000FFF752B90DF15E03A9E68DF84F10FEF767
:1061700062BE8DF84F10FFF762B88DF84F10FEF732
:1061800016BF8DF84F10FEF7D0BE00BF3C52002066
:1061900038520020F0B5DFF878E0164604460F4686
:1061A000BEE80F008BB06D460FC5BEE80F000FC5EF
:1061B0009EE80300B31E45F8040B222B297022D859
:1061C0007D1E2846002200E01A46B4FBF6F10AAB19
:1061D00006FB114423440C4613F8283C00F8013F09
:1061E000531C0029F0D1F954BB184AB1197815F89D
:1061F000010F29700134111B8C4203F80109F5DBF2
:1062000038460BB0F0BD002038700BB0F0BD00BFB9
:106210005C520020FFF7BEBFF0B5ADF5057D04ADC3
:1062200000930F4613464FF4007403AA29460394C3
:10623000064603F09FFC88B1044602463946039B9C
:10624000304601F09BFBAC42039004D0304621461F
:1062500002F02EFD03980DF5057DF0BD4FF0FF30E7
:10626000F9E700BF10B4044C13460A460146206803
:106270005DF8044BFFF7D0BF046400202DE9F04F18
:106280002DED068BB9B01C468A461646054605908C
:1062900002F0A2FF036810931846FEF7B3F90994C1
:1062A0000F901DB1AB6B002B00F02781BAF90C20C9
:1062B00093B29F040AD4DAF8641042F4005321F434
:1062C0000051AAF80C30CAF864109BB21D0740F1C7
:1062D000DB80DAF81020002A00F0D68003F01A03E1
:1062E0000A2B00F0DF8000239FEDA68B9FEDA79B7C
:1062F0000D931D931C931193069328AB1B93994602
:10630000B3469BF800305C46EBB1252B02D11AE076
:10631000252B03D014F8013F002BF9D1CBEB04055A
:106320008DB11C9B1D9AC9F800B001332A44072B7C
:10633000C9F804501D921C9300F3C48009F10809A8
:10634000069B2B4406932378002B00F0C480002387
:106350001A468DF84F301946079303934FF0FF38D4
:10636000637804F1010B45460BF1010BA3F120000A
:10637000582800F23A84DFE810F0F00338043804BB
:10638000F9033804380438043804380438045C034A
:106390002A0438045D000F0138042B016A036A03E4
:1063A0006A036A036A036A036A036A036A033804B6
:1063B00038043804380438043804380438043804FD
:1063C00038047A03970338049703380438043804F0
:1063D0003804CC0338043804320138043804380453
:1063E000380438045B0138043804AE023804380439
:1063F00038043804380438043804380438043804BD
:10640000EF0202039703970397033903020338044B
:106410003804400338044A03C4006400010438040B
:1064200009043804D30338043804DB0307980993BC
:1064300040420790039B43F0040303939BF8003012
:1064400092E70998A846002104688DF84F10071DAF
:1064500003983023782288458DF850304FF000059E
:106460008DF8512040F00203C0F2DC8320F080035D
:1064700043F00203039354EA0503099700F0AD8348
:106480000F460C92434857E25146059801F08CFAAA
:10649000002840F0EB87BAF80C3003F01A030A2BFF
:1064A0007FF421AFBAF90E30002BFFF61CAF234664
:1064B00032465146059801F01DFA39B0BDEC068B05
:1064C000BDE8F08F1BAA5146059803F0BFFB48B901
:1064D0000DF1A00934E71D9B23B105981BAA514675
:1064E00003F0B4FBBAF80C30590600F1BF870698E8
:1064F00039B0BDEC068BBDE8F08F059802F080FB4B
:10650000D4E60C93A846002A41F0CC81039A12F0FD
:10651000200371D0099F073727F00703002703F1F5
:106520000801B8450991D3E900458DF84F70C0F2D4
:10653000168722F08003039354EA050300F06A8370
:1065400028AEE20842EA4572E90804F007030D4666
:106550001446303354EA050206F8013DF1D1039A9E
:10656000D40740F1A380302B00F0A0803022731EAE
:1065700006F8012C28AAD21A08921E4699E000BFFC
:10658000AFF300800000000000000000FFFFFFFFED
:10659000FFFFEF7F405200209BF800302A2B0BF1C9
:1065A000010401F05881A3F13000092898BF0025AB
:1065B00001F2FB8014F8013B05EB850500EB450576
:1065C000A3F130000928F5D945EAE575A346CDE6E3
:1065D000039B43F0800303939BF80030C4E60C93C5
:1065E000A846002A41F07581039B43F010030393F2
:1065F000039A12F020038DD1039911F0100200F0DC
:10660000838609988DF84F30B8F1000F046800F1C7
:1066100004074FF00005C0F2A1860A4622F080026E
:10662000039254EA0502099700F0F4821F4687E7B7
:106630000C93A846002A41F04481039B43F01003C9
:106640000393039A12F0200300F0B584099F0737E3
:1066500027F00703002703F10801B8450991D3E9A2
:1066600000458DF84F70C0F2DF8422F08003039361
:1066700054EA050300F0A981002D08BF0A2CC0F0E0
:10668000D78428AE204629460A220023FCF738FC8E
:10669000303206F8012D2046294600230A22FCF755
:1066A0002FFC04460D4654EA0503EBD128AB9B1B97
:1066B0000893089B4345B8BF4346049300230E93B9
:1066C00017B1049B01330493039B13F002030A9355
:1066D00002D0049B02330493039B13F084030B93B7
:1066E00040F0AD82079B049A9C1A002C40F3A782CD
:1066F000102C1D991C9ABA4F21DD4B461025B1462E
:10670000059E04E0103C102C03F1080315DD013256
:106710001031072A1D911C921F605D60F2DD1BAADB
:106720005146304603F092FA00287FF4DBAE103C6D
:10673000102C1D991C9A28ABE9DC4E469946013273
:106740006318072A1D931C92C9F80070C9F8044009
:1067500000F3F2839DF84F7009F1080977B11C9A94
:10676000013201330DF14F000121072A1D931C92C4
:1067700089E8030000F36D8309F108090A9A6AB1F8
:106780001C9A0132023314A80221072A1D931C927D
:1067900089E8030000F3698309F108090B9A802A4C
:1067A00000F0AB82089AC2EB0804002C30DD102CFC
:1067B0001C9A8C4F1FDD4FF01008059D04E0103C23
:1067C000102C09F1080916DD01321033072A1D9338
:1067D0001C9289E88001F2DD1BAA5146284603F08D
:1067E00035FA00287FF47EAE103C102C1D9B1C9ABD
:1067F0000DF1A009E8DC01322344072A1D931C9205
:10680000C9F80070C9F8044000F3178309F10809BA
:10681000039AD00500F115821C9A0898C9F8006007
:1068200001320344072A1D93C9F804001C9200F3A7
:10683000EE8209F10809039A50073CD5079A04999A
:10684000541A002C37DD102C1C9A654F20DD1025C2
:10685000059E04E0103C102C09F1080918DD0132F6
:106860001033072A1D931C92C9F80070C9F8045010
:10687000F0DD1BAA5146304603F0E8F900287FF40A
:1068800031AE103C102C1D9B1C9A0DF1A009E6DCCA
:1068900001322344072A1D931C92C9F80070C9F8DD
:1068A000044008DD1BAA5146059803F0CFF90028E3
:1068B0007FF418AE1D9B069A079904988142ACBFDD
:1068C000521812180692002B40F0AD8200231C9340
:1068D0000DF1A00915E50C93A846002A40F0ED87BC
:1068E000039B41489E0640F12D81099F073727F001
:1068F0000703D3E9004503F108020992039A12F055
:10690000010700F0BE8254EA050300F046859DF8B9
:1069100030208DF851200027039A8DF84F703023D6
:10692000B8458DF8503042F00203C0F2EC8622F0F8
:10693000800343F00203039328AE230904F00F0100
:1069400043EA05732A091C461546435C06F8013DD7
:1069500054EA0503F1D1A9E609990C930A688DF868
:10696000782000230A461F468DF84F300432012359
:106970000493B8460E97099208931EAEA4E60C93B2
:10698000A846002A40F0A187039B9C067BD5099F5F
:10699000073727F00707D7E9002307F10801099116
:1069A00014461D46002A73F10003C0F20284B8F1B8
:1069B000000F9DF84F70C0F23783039B23F08003D4
:1069C000039354EA05037FF457AEB8F1000F40F08B
:1069D000D5834FF00008CDF8208028AE69E600BFCF
:1069E000E009002010530020A0170020039B43F073
:1069F000400303939BF80030B6E49BF800306C2B07
:106A000000F08485039840F010000390ACE4002A65
:106A100040F04087039B9A0640F15D84099A0699ED
:106A20001368CD170846043229460992C3E90001CC
:106A300067E4099C2368079318460028234603F15E
:106A40000403FFF6F3AC09939BF800308CE4A3F148
:106A5000300000231C461BF8013B04EB840400EBD0
:106A60004404A3F130000928F5D907947EE40C937F
:106A7000A846002A40F01D87039B43F010030393B0
:106A8000039B9C0683D4039BD80600F16382039B7F
:106A9000590640F15F820999B1F900400431E517C8
:106AA00022462B4609917DE70C93A846002A40F028
:106AB0001887039B099F1A0707F1070740F1028413
:106AC00027F0070393ED008B03F108020992B0EE63
:106AD000C87BB4EE497BF1EE10FA40F37D83B5EE4E
:106AE000C08BF1EE10FA00F111869DF84F70A04EA8
:106AF000A04B039921F0800103910C9903224FF0E0
:106B0000000804924729D8BF1E460892CDF8388065
:106B1000D6E5039B43F0080303939BF8003023E47E
:106B20000C93A846002A3FF48CAD8DF84F1088E5F1
:106B30000C93A846002A40F0D086039B8E489E0600
:106B40003FF5D3AE039BDD0640F10C84099A134652
:106B50000433146809930025D0E69BF8003000291F
:106B60007FF402AC01222021FFF7FEBB039B43F020
:106B7000010303939BF80030FFF7F6BB039B43F040
:106B8000200303939BF80030FFF7EEBB099A0C93A8
:106B9000166800248DF84F40171D002E00F07885F0
:106BA000002DC0F2CA842A462146304602F09AFBE4
:106BB000002800F0CF85831B0893A04623EAE373E7
:106BC00009970493CDF838809DF84F7078E59BF8CD
:106BD000003001222B21FFF7C7BB67480C92B8F1A8
:106BE000000F40F05F814746F3E60C93002A40F027
:106BF00055860C9A002A3FF46EAC002301211F46F3
:106C000004918DF878208DF84F3098460E930891B6
:106C10001EAE59E5B8F1000F00F0A785002700244B
:106C200000258DE4544803930C9254EA0503099718
:106C30004FF000077FF480AE002400257CE61D9B0A
:106C40008CE50C9A652A40F39D80B5EE408BF1EE01
:106C500010FA40F029811C9A4849C9F80010013205
:106C600001330121072A1D931C92C9F8041000F377
:106C70009F8309F10809159A0D998A4203DB039A4B
:106C8000D1077FF5D8AD1C9A0F981099C9F800105C
:106C900001320344072A1D93C9F804001C9200F333
:106CA0003F8409F108090D9A541E002C7FF7C3ADEB
:106CB000102C1C9A324F40F398811025059E05E058
:106CC00009F10809103C102C40F38F810132103378
:106CD000072A1D931C92C9F80070C9F80450EFDD13
:106CE0001BAA5146304602F0B1FF00287FF4FAABF0
:106CF0001D9B1C9A0DF1A009E4E7079A0499541A08
:106D0000002C7FF74FAD102C1C9A1D4F21DD4946FA
:106D10001025B146059E04E0103C102C01F108013D
:106D200015DD01321033072A1D931C920F604D6050
:106D3000F2DD1BAA5146304602F088FF00287FF49E
:106D4000D1AB103C102C1D9B1C9A28A9E9DC4E46A7
:106D5000894601322344072A1D931C92C9F800700A
:106D6000C9F8044000F3188209F108091AE500BFC8
:106D7000345200203052002040520020BC17002026
:106D8000105300200D9A012A40F3C0811C9AC9F8C3
:106D90000060013201330121072A1D931C92C9F8BA
:106DA000041000F3D18109F108090F981099C9F86E
:106DB000001001320344072A1D931C92C9F80400F5
:106DC00000F3CF8109F10809B5EE408BF1EE10FA1E
:106DD0000D9900F0C8800139013201360B44072AB1
:106DE0001C921D93C9F80060C9F8041000F39F813C
:106DF00009F108091198C9F804000132034417A9E0
:106E0000072A1D931C92C9F800107FF712AD1BAA28
:106E10005146059802F01AFF00287FF463AB1D9BD2
:106E20000DF1A00907E51BAA5146059802F00EFFD7
:106E300000283FF44BADFFF755BB1BAA5146059800
:106E400002F004FF00287FF44DAB1D9B0DF1A0095B
:106E5000DEE41BAA5146059802F0F8FE00287FF4F4
:106E600041AB1D9B0DF1A00988E41BAA5146059872
:106E700002F0ECFE00287FF435AB1D9B0DF1A0095C
:106E80008CE4B8F1000F8DF84F70C0F2EC8222F064
:106E90008003039354EA05037FF44EADB8F1000F6D
:106EA0003FF4A1AE0027C7E6159C002C40F38C826E
:106EB0000E9A0D998A42A8BF0A46002A14460DDD93
:106EC0001C9AC9F8006001322344072A1D93C9F8AF
:106ED00004401C9200F3658309F108090E9A002C06
:106EE000A8BF121B002A144640F3B380102C1C9A32
:106EF000B84F40F344821025DDF8148005E009F115
:106F00000809103C102C40F33A8201321033072A52
:106F10001D931C92C9F80070C9F80450EFDD1BAA3C
:106F20005146404602F092FE00287FF4DBAA1D9BEA
:106F30001C9A0DF1A009E4E71BAA5146059802F03E
:106F400085FE00287FF4CEAA9DF84F701D9B0DF1A1
:106F5000A00903E4099A146813460433E51709935A
:106F600022462B461EE54C1E002C7FF743AF102C0B
:106F7000984F40F305811025059E05E009F10809A9
:106F8000103C102C40F3FC8001321033072A1D9373
:106F90001C92C9F80070C9F80450EFDD1BAA5146D5
:106FA000304602F053FE00287FF49CAA1D9B1C9AD9
:106FB0000DF1A009E4E7039911F0100221D009981E
:106FC0008DF84F30B8F1000F046800F104074FF05E
:106FD000000527DB0A4622F08002039254EA0502EC
:106FE00009971F467FF448ABEFE401322344072A98
:106FF0001D931C92C9F80070C9F804407FF719ACC2
:1070000005E7039911F0400340F03A8209998DF8A1
:107010004F30B8F1000F0C6801F104074FF0000584
:1070200080F2708109971F4654EA05037FF424AB70
:1070300038AE303406F8414DFFF738BB1BAA514635
:10704000059802F003FE00287FF44CAA1D9B0DF169
:10705000A0090E99159A31440D460D998A4244DBD8
:107060000399CF0741D40D980644741B821A9442A9
:10707000A8BF1446002C26460DDD1C99C9F8005007
:107080000131234407291D93C9F804401C9100F3E2
:10709000178309F10809002EACBF941B1446002C7D
:1070A0007FF7C9AB102C1C9A4A4F9EDD1025059E18
:1070B00004E009F10809103C102C96DD0132103370
:1070C000072A1D931C92C9F80070C9F80450F0DD1E
:1070D0001BAA5146304602F0B9FD00287FF402AAEF
:1070E0001D9B1C9A0DF1A009E5E71C990F9C1098B7
:1070F000C9F800000131234407291D93C9F8044051
:107100001C9100F3678209F10809ACE7039AD407E0
:107110003FF53CAE1C9AC9F80060013201330121F1
:10712000072A1D931C92C9F804107FF761AE1BAAB1
:107130005146059802F08AFD00287FF4D3A91D9BD3
:107140001C9A0DF1A00955E61BAA5146059802F0BC
:107150007DFD00287FF4C6A91D9B1C9A0DF1A00996
:1071600023E61BAA5146059802F070FD00287FF423
:10717000B9A91D9B1C9A0DF1A00925E6002457E72B
:1071800001322344072A1D931C92C9F80070C9F8E4
:1071900004407FF72DAECAE71BAA5146059802F0BE
:1071A00055FD00287FF49EA91D9B0DF1A009FFF756
:1071B000F9BA64424FF02D0765EB4505B8F1000FB1
:1071C0008DF84F70FFF658AA039B23F080030393BA
:1071D000FFF752BA10530020B4EE488BF1EE10FACC
:1071E00080F116830C9BB8F1FF3F23F0200500F0DF
:1071F0008782472D00F08481039B43F480730A93B8
:1072000018EE903A002BC0F28682B0EE48AB002711
:107210000C9B662B00F06382462B00F05681B0EE8B
:107220004A0B452D0CBF08F10104444619AA16ABC0
:1072300001920093224615AB0221059800F0FEFC56
:107240000C9B672B064640F09F82039BDA0740F1B8
:10725000D4823119B5EE40ABF1EE10FA00F09F8107
:10726000199B994206D930205A1C19921870199B03
:107270009942F9D89B1B472D0D9300F089810C9BF7
:10728000652B40F390820C9B662B159B0E9300F0B0
:1072900053820E9A0D998A42C0F24182039BD9070C
:1072A00000F1978222EAE273089267220C92002F83
:1072B00040F0648104930A9B0393B8469DF84F7095
:1072C000FFF7FEB927F0070707F1080397ED008BDA
:1072D0000993FFF7FCBB039BDB060BD4039B5F0604
:1072E00008D5099A136804320992BDF818201A804B
:1072F000FFF707B8099A136804320992069A1A60D0
:10730000FEF7FFBF039A66E6039911F0400317D01A
:1073100009988DF84F200346B8F1000F03F10403DC
:1073200004884FF00005C0F2528221F080010391E1
:1073300054EA050109933FF46DAC1746FFF700B915
:1073400009998DF84F30B8F1000F0C6801F104076E
:107350004FF0000502DB039AFFF760B90997002799
:10736000FFF7EEB8039B099A13F0400F134600F0A5
:1073700081800433148809930025FFF7BFBA0132D6
:107380002344072A1D931C92C9F80070C9F80440D1
:107390003FF754AE09F108095BE60027B8458DF8C0
:1073A0004F70FFF649AC039B23F08003039316E470
:1073B0001BAA5146059802F049FC00287FF492A8C8
:1073C0001D9B0DF1A00956E41C9AB949C9F800109B
:1073D000013201330121072A1D931C92C9F80410C0
:1073E00066DC09F108092CB90D9A1AB9039AD2077B
:1073F0007FF521AA1C9A0F981099C9F80010013244
:107400000344072A1D93C9F804001C9200F3D1819C
:1074100009F108096442002C40F3A380102CA54F09
:1074200040F3CB801025DDF8148005E009F1080950
:10743000103C102C40F3C18001321033072A1D93F9
:107440001C92C9F80070C9F80450EFDD1BAA514620
:10745000404602F0FBFB00287FF444A81D9B1C9AC9
:107460000DF1A009E4E7099FFFF7DFBB4FF0FF3004
:10747000FFF73EB80433146809930025FFF73EBABE
:1074800009988DF84F200346B8F1000F03F104036B
:1074900004884FF00005C0F2A58121F0800103911E
:1074A00054EA0501099317467FF4E6A8FFF78DBA61
:1074B0001BAA5146059802F0C9FB00287FF412A8C8
:1074C000159C1D9B0DF1A0098DE719AA16AB019221
:1074D0000093424615AB0321B0EE4A0B059800F02D
:1074E000ADFB444606460C9B462B06EB04017FF49D
:1074F000B1AE3378302B00F09181159C2144A9E680
:10750000B8F1000F08BF4FF0010875E6039B43F088
:10751000200303930BF1010B9BF80030FEF724BF0F
:107520001BAA5146059802F091FB00287EF4DAAFC1
:107530001D9B0DF1A009FFF7B6BB3046FDF762F8C1
:10754000A04603460890FFF739BB1BAA5146059891
:1075500002F07CFB00287EF4C5AF1D9B1C9A0DF148
:10756000A0090D98C9F8006001320344072A1D9351
:107570001C92C9F804007FF75CA948E42D27049306
:107580000A9B03938DF84F704FF00008FFF799B8EE
:10759000159BDD1C2BDB984529DB0E9379E60B460A
:1075A00068E61BAA5146059802F050FB00287EF4BD
:1075B00099AF1D9B0DF1A00990E401322344072AE5
:1075C0001D931C92C9F80070C9F80440BDDC09F194
:1075D0000809C6E71BAA5146059802F037FB0028A8
:1075E0007EF480AF159A1D9B0DF1A0093BE50C9A26
:1075F000023A0C92013B002B9DF830201593B8BF46
:107600005B428DF85C20B4BF2D222B22092B8DF814
:107610005D2040F3EA800DF16B000446264A82FBB0
:107620000321DA17C2EBA10202EB8201A3EB4103B3
:1076300003F13001092A134604F8011DEEDC21464E
:107640003033DAB201F8012D884240F22F810DF17A
:107650005E01234601E013F8012B01F8012B98424B
:10766000F9D1431C1B1B0DF15E02134417AA9B1A90
:107670000D9A1193012A1344089340F3DA80089B72
:107680000F9A1344002208930E9223EAE3730EE646
:10769000062D2B4628BF0623089323EAE373B04642
:1076A00009970E9637460493044EFFF709B800BFBA
:1076B000BC170020105300206766666654520020F5
:1076C0001BAA5146059802F0C1FA00287EF40AAFC1
:1076D000159A0D991D9B8A1A0DF1A009DBE419AAD0
:1076E00016AB01920093032115AB4246B0EE4A0B54
:1076F000059800F0A3FA4446064600EB0801F8E6B8
:107700004FF0060878E50393FFF716B92D278DF89B
:107710004F70FFF7ECB9B1EE48AB2D2778E50F9A23
:107720000D9B13440E9A0893002A40F38C80672225
:1077300023EAE3730C92BAE5002B40F39A80B8F188
:10774000000F5CD1039AD40759D41A46089223EA51
:10775000E373ACE525EAE573099704930895804641
:107760000E909DF84F70FEF7ABBF039BDB074746BB
:1077700005D538AE302306F8413DFEF797BFCDF86A
:10778000208028AEFEF795BF0C9B472B7FF461ADA0
:10779000039BDB073FF5A7AE199B472DA3EB060321
:1077A0000D933FF4F5AE159B24E7A3460025FEF7A5
:1077B000DDBD1BAA5146059802F048FA00287EF468
:1077C00091AE159C1D9B1C9A0DF1A00922E6099310
:1077D000C5E50F9A0E9B1344672208930C9223EA87
:1077E000E37364E5099317461EE4303330228DF8C5
:1077F0005F308DF85E2018AB38E7199B3AE50E9B99
:107800000F9A9D1805EB0803089323EAE3734EE5EE
:10781000364E374B9DF84F70FFF76BB9B5EE40AB66
:10782000F1EE10FA3FF469AEC4F10104159421445D
:1078300010E5039B13F001037FF421AF0E93089B27
:1078400023EAE37333E50E9B089AC3F101031A445C
:10785000134608926BE709989BF8013005680430DD
:10786000002D0990A346BEF67FAD4FF0FF35FEF721
:107870007BBDB8F1000F02D1039BD80707D50F9B42
:107880005D1C05EB0803089323EAE3730FE501236E
:1078900008930CE58DF84F10FFF7BCB88DF84F102A
:1078A000FFF7A7B98DF84F10FEF730BE0DF15E035C
:1078B000DCE68DF84F10FFF7DFB88DF84F10FFF7BB
:1078C0000FB88DF84F10FEF7B8BE8DF84F10FFF7C8
:1078D0005BB88DF84F10FEF787BE8DF84F10FFF79D
:1078E0002CB98DF84F10FFF7E4B800BF3C520020D0
:1078F00038520020F0B50C46ADF26C4D8989666EA9
:10790000E589199621F00201666AADF80E5000254E
:10791000E769ADF80C10099606951AAE4FF480652C
:107920006946009604960295059507970646FEF768
:10793000A5FC051E07DB3046694601F0CDF800289E
:1079400018BF4FF0FF35BDF80C305B0603D5A38997
:1079500043F04003A38128460DF26C4DF0BD00BFFB
:1079600021B1FF2A04D80A700120704708467047E9
:107970008A2303604FF0FF30704700BF70B50D469B
:10798000084C114606461A46284600232360F6F79F
:10799000BDFF431C00D070BD2368002BFBD03360BB
:1079A00070BD00BF6CBA002038B5304B1B6805466F
:1079B0000C4613B19A6B002A38D0B4F90C2093B25C
:1079C00018070CD52069A8B113F001021ED0636915
:1079D00000225B42A361A260F0B1002038BDD9064D
:1079E0003CD5580726D4206942F00803A3819BB2F6
:1079F0000028E9D103F42072B2F5007FE4D02846D4
:107A0000214601F027FCA3892069DDE7990758BFCB
:107A10006269A2600028E0D1B4F90C301A06DDD505
:107A200043F04003A3814FF0FF3038BD184601F00A
:107A3000E7F8C2E7216B51B104F14003994204D049
:107A4000284601F035F9B4F90C2000232363002304
:107A50002069636022F024022060C5E742F0400202
:107A600009232B604FF0FF30A28138BD0464002051
:107A70002DE9F047254C2568D5F84841064688464B
:107A800092469946C4B360681F2817DC431C76B140
:107A900004EB80050122C5F888A0D4F88811824043
:107AA0001143022EC4F88811C5F808911ED0023087
:107AB000636044F820800020BDE8F087144B03B3D6
:107AC0004FF4C870FBF77EFC0446D0B1D5F84831BE
:107AD000002780E88800C5F8484138460123C4F8EB
:107AE0008871C4F88C71002EE1D0D1E7D4F88C11E4
:107AF0000A43C4F88C21DAE705F5A674C5F84841B5
:107B0000C1E74FF0FF30BDE8F08700BFCC0900208F
:107B1000C13B010002690B69934200F38D802DE99E
:107B2000F04F03F1FF3801F1140700F1140B57F87F
:107B300028205BF828304FEA880483B00132B3FB79
:107B4000F2F90BEB0403009407EB040A0193B9F17B
:107B5000000F39D00025BC46DE462B465CF8046B8E
:107B6000DEF80020B4B209FB0455360C2C0C09FBDE
:107B70000644ADB25B1BA6B213FA82F3C6EB124603
:107B800006EB23469BB243EA0643E2454EF8043B2C
:107B90004FEA14454FEA2643E0D2009B5BF80330DE
:107BA00093B9019C231F9B450CD254F8043C4BB95C
:107BB000A4F1080302E01A68043B1AB99B4508F1D6
:107BC000FF38F8D3C0F81080044601F0E3FD002828
:107BD0002EDB09F101095D46002357F8041B2868D4
:107BE0008AB29A1A090C12FA80F2C1EB104303EB25
:107BF000224391B241EA0341BA4545F8041B4FEADA
:107C00002343EAD25BF828200BEB880382B91A1FC2
:107C100093450BD253F8042C42B9083B02E01A6892
:107C2000043B1AB99B4508F1FF38F8D3C4F810801B
:107C3000484603B0BDE8F08F002070472DE9F04FB3
:107C400057EC106B93B0056C019104469046049379
:107C500010EE10AABB464DB1426C6A6001239340FE
:107C6000AB60294601F0B4FB00232364BBF1000F95
:107C70005E4634DB1C9A00231360C44B1A46334023
:107C8000934215D04BEC17ABB5EE407BF1EE10FAFA
:107C9000CDE902AB2AD1049A012313601D9B002B6E
:107CA00000F0B780BA481860013813B0BDE8F08F13
:107CB000049A42F20F731360BAF1000F00F0928041
:107CC000B4481D9B002BF0D0C378002B00F0A3809C
:107CD00000F108031D9A136013B0BDE8F08F1C9AE1
:107CE00001232BF000461360B346C6E711A910AA82
:107CF0009DED020B204601F0F9FD310D07907AD180
:107D000010981199014401F23243202B40F3418233
:107D1000C3F1400301F212429E402AFA02F33343B8
:107D200007EE903AB8EE677B012553EC172B01392B
:107D3000A3F1F8730A9543EC172BB7EE086B9FED90
:107D40008D4B37EE466B9FED8D7B9FED8E5BA6EEE8
:107D5000047B06EE901AB8EEE66BA6EE057BFDEE10
:107D6000C76BB5EEC07BF1EE10FACDED026A00F103
:107D70001C81029D162D00F21581874B03EBC50374
:107D800093ED007B4BEC16ABB4EEC67BF1EE10FA34
:107D900040F306826B1E029300230C93411AB1F14B
:107DA000010900F1178100230693029B002BC0F20A
:107DB000088199440B9300230593019B092B2CD830
:107DC000052B40F35F85043B019300230E93019B39
:107DD000023B032B00F25F85DFE813F0A902E50107
:107DE000B502C8036B4B6D4AC6F31300002814BFDD
:107DF0001846104665E7DDE90223C3F3130040F09F
:107E00007F530025A1F2FF3143F4401310980A95E7
:107E100091E7634849E7C31C5CE7002161642046A1
:107E20008846019101F0AEFA4FF0FF370123089028
:107E300020640D970993119B002B7ADB029A0E2A7E
:107E400077DC554BB8F1000F03EBC20393ED004B09
:107E5000C0F28482B1EE442B4BEC17AB87EE046B7F
:107E6000BDEEC66B089A16EE103A012F03F13003EF
:107E7000B8EEC65B02F1010B1370A2EE057B22D0B7
:107E8000B2EE043B27EE037BB5EE407BF1EE10FA39
:107E90003AD0089A06E027EE037BB5EE407BF1EE80
:107EA00010FA31D087EE046BBDEEC66B16EE103AB9
:107EB00030330BF8013BC2EB0B03BB42B8EEC65BA1
:107EC000A2EE057BE7D137EE077BB4EEC74BF1EEB0
:107ED00010FA08D4B4EE474BF1EE10FA14D116EEB6
:107EE000103ADB0710D51BF8010C089A0BF1FF3391
:107EF00004E09A4200F0E58313F8010D392803F1FC
:107F0000010BF6D0013018700799204601F060FA95
:107F10000022029B8BF80020049A013313601D9B02
:107F2000002B00F066830898C3F800B013B0BDE8DA
:107F3000F08F099A002A53D0019A012A40F32E8229
:107F400005997A1E9142C0F257838B1A0E93002F27
:107F5000069BC0F224840A933B46069A01211A44E8
:107F600020460692994401F0CBFA06463DE000BF58
:107F7000AFF3008061436F63A787D23FB3C8608BC4
:107F8000288AC63FFB799F501344D33F0000F07FFF
:107F9000BD17002090520020B8020020845200201B
:107FA000BC17002001230C93F8E6B8EEE66BB4EEA4
:107FB000467BF1EE10FA3FF4DCAE029B013B0293EC
:107FC000D7E6069A029BD21A5B42059300230692DB
:107FD0000B93F2E6C9F1000306934FF00009E4E6C3
:107FE000059B0E93099E069B0A930A990B4661B165
:107FF000B9F1000F09DD4945069AA8BF4B46D21AD0
:108000000692CA1A0A92C3EB0909059B002B40F39A
:108010008082099A002A00F09A810E9A002A00F0C4
:1080200096813146204601F00DFB079A014606462F
:10803000204601F06FFA07990546204601F0C8F97D
:10804000059B0E9A9B1A059340F0808101212046E2
:1080500001F056FA0B9B0590002B00F0AC81014615
:108060001A46204601F0EEFA019B0590012B40F3E1
:10807000808200230793059A136902EB8303186932
:1080800001F0F0F9C0F12000484410F01F0000F0AA
:108090009081C0F12003042B40F3F883C0F11C0051
:1080A000069B034406930A9B03440A938144069B60
:1080B000002B05DD29461A46204601F013FB054634
:1080C000B9F1000F05DD4A460599204601F00AFB8B
:1080D00005900C9B002B40F00182002F40F3208282
:1080E000099B002B40F07B81DDF820B0DDF814A067
:1080F000D84602E001F076F9054651462846FFF7DA
:1081000009FD00F1300908F8019BCBEB0803BB42E5
:108110004FF00A024FF0000329462046EADB089B95
:10812000012FACBFDB1901339B464FF0000A2946F3
:108130000122204601F0D6FA0599079001F02AFBAA
:10814000002840F38C821BF8012C08990BF1FF33B7
:1081500004E08B4200F0038213F8012D392A03F169
:10816000010BF6D001321A700599204601F030F962
:10817000002E3FF4C9AEBAF1000F05D0B24503D0CE
:108180005146204601F024F93146204601F020F9FD
:10819000BAE6C3F120030AFA03F307EE903AC1E509
:1081A00000230C93FAE500230993029B43445F1CD0
:1081B000002F0D9340F32D823E463D460021172EA1
:1081C00061640AD9012204235B0003F11400B04268
:1081D000114602F10102F7D96164204601F0D2F89C
:1081E0000E2D089020643FF626AE0E9B002B3FF428
:1081F00022AE02990029CDE90EAB40F34182C64B75
:1082000001F00F0203EBC2020B11DE0692ED006BD0
:1082100040F1FB81C14A92ED087B4BEC14AB03F0BB
:108220000F03032184EE075B5BB1BC4ADD0704D575
:1082300092ED007B013126EE076B5B1002F1080224
:10824000F4D185EE064B0C9B3BB1B7EE007BB4EE50
:10825000C74BF1EE10FA00F1B78207EE901AB8EEB4
:10826000E76BB1EE0C7BA6EE047B53EC172BA3F16E
:108270005073002F00F0A681029E3946099800280D
:1082800000F04D82B6EE003BA348089D00EBC10014
:1082900010ED026BBDEEC47B83EE065B17EE100A99
:1082A00043EC162B3030C0B235EE465BB8EEC77BE0
:1082B00034EE477BB4EEC75BF1EE10FA287005F19F
:1082C000010B32DCB7EE003B33EE476BB4EEC65B1E
:1082D000F1EE10FA00F3AE82012940F3CD81B2EE47
:1082E000044B089B19440AE033EE476BB4EEC56BB0
:1082F000F1EE10FA00F19E828B4500F0BD8127EE71
:10830000047B25EE045BBDEEC76B16EE103A03F15D
:108310003000C0B2B8EEC66B37EE467BB4EEC57B1C
:10832000F1EE10FA0BF8010BDED50296ECE5002316
:108330000993B8F1000F40F3708146464546CDF8E9
:10834000348047463AE701230993F2E70795059AF7
:108350000799204601F076F9054677E6002F3FF7AA
:1083600079AD40F04281B1EE047B24EE074B4BEC3B
:1083700017ABB4EEC74BF1EE10FA3E460597C0F2CC
:10838000E5806FEA0803DDF820B0029305992046E6
:1083900001F01EF8002E3FF4B7ADF5E60A9A002A68
:1083A00000F00282059A0E92069A0A9203F2334373
:1083B000D3E51C2074E6019B012B40F340820B9B0C
:1083C0000793012060E6314600230A22204601F08F
:1083D00009F80D9B002B064640F34D821F460A9B71
:1083E000002B05DD31461A46204601F07BF9064692
:1083F000079B002B40F06E81B046089B013FDA19C5
:1084000009920AF001020A921F46DDF814B02846CC
:108410005946FFF77FFB31468246284601F0BAF9FC
:10842000424659468146204601F0D6F9C368834644
:108430000AF13002002B49D101462846079201F08B
:10844000A9F959460690204600F0C2FF069B079AFC
:108450002BB9019919B90A99002900F0F581B9F1F0
:10846000000FC0F2DF8005D1019919B90A990029DE
:1084700000F0D880002B00F34181099B3A7007F18E
:1084800001099F42CB4600F04681294600230A227B
:10849000204600F0A7FF4645054631464FF0000351
:1084A0004FF00A0220460BD000F09CFF41460646E2
:1084B00000230A22204600F095FF4F468046A4E79D
:1084C00000F090FF4F46064680469EE70146204654
:1084D000069200F07DFF0123069AC0E70599284621
:1084E00001F058F90028BFF6F8AD2946029D002397
:1084F000013D0A222046029500F074FF099B0546C3
:10850000002B7FF460AF0D9B002B40F3AD811F4625
:10851000EAE5079D9AE500BFB8020020900200201E
:10852000019B022B7FF7DCAD002F40F069813B46B9
:1085300005990522204600F055FF01460590284682
:1085400001F028F9002807957FF71BAF029A0899D8
:108550003123013202920B7001F1010B16E7029AEE
:1085600001320292089A31231370FDE50123099329
:108570001BE6BAF1000F7FF47CADCBF31303002BA5
:1085800040F01B812BF000431B0D1B05002B00F05E
:108590005481069B01330693012309F101090793D6
:1085A0000B9B0120002B3FF46FAD64E507EE901AA2
:1085B000B8EEE76BB1EE0C7BA4EE067B53EC172B09
:1085C000A3F1507343EC162BB1EE047B34EE477BE2
:1085D000B4EEC67BF1EE10FA00F3DD80B1EE466B2F
:1085E000B4EEC67BF1EE10FA46D5002305931E4685
:1085F000C7E60898FFF759BB059B0B990592D31A5C
:10860000194400230B910E93A1E49DED0E5B022112
:108610000AE63D4600216164DFE501250D952F4600
:10862000A846F7E7002B914611DD29460122204696
:1086300001F058F80599054601F0ACF8002840F320
:108640000C81B9F1390F00F0DD800AF13109B24631
:1086500087F8009007F1010B4646079584E504D1A1
:1086600019F0010F01D06EE593461BF8013C302B49
:108670000BF1FF32F8D077E5DDE90EABFFF7DBBB9E
:10868000029B5B42002B00F09B808B4A03F00F01A2
:1086900002EBC10292ED007B9DED0E6B1B1126EEED
:1086A000074B00F0E680854A0221D80704D592EDF9
:1086B000007B013124EE074B5B1002F10802F4D17C
:1086C000C1E5089930220A70029A1BF8010C0132A8
:1086D000029217E47168204600F054FE33699A1C38
:1086E0008046920006F10C010C30F7F709F941467B
:1086F0000122204600F0F6FF80467EE6392A00F08F
:10870000818002F10109B24687F8009007F1010B60
:108710004646079528E5B2469146464607E566482F
:10872000BDEEC46B4D1E00EBC50043EC172B90ED66
:10873000003B16EE103A23EE073B08983033012930
:10874000B8EEC66B037000F1010B34EE467B14D01B
:10875000B2EE045B089B19445B4627EE057BBDEE39
:10876000C76B16EE102A303203F8012B9942B8EE8F
:10877000C66B37EE467BF0D1AB44B6EE006B33EE02
:10878000065BB4EEC75BF1EE10FA43D502961BF818
:10879000010CFFF7AABB002305931E46D6E6DB1BA0
:1087A0000A930023FFF7D9BB059A109B0E92069AF5
:1087B0000A92C3F13603FFF7D0BB00230793EFE61D
:1087C0009DED0E4B02213EE5002F3FF4EFAE0D98DC
:1087D00000287FF751AFB2EE045BB1EE0C7B0131A4
:1087E00006EE901A24EE054B029BB8EEE66B5E1E79
:1087F000A4EE067B53EC172B0146A3F150733DE525
:108800000795BEE53922B246079546463A7007F10C
:10881000010B9AE436EE436BB4EEC76BF1EE10FA3F
:1088200001DC29E793461BF8013C302B0BF1FF32AA
:10883000F8D07AE50296FFF758BB0793B0E6BAF195
:10884000000F7FF4BCAD98E6392ACB469146D9D0CB
:10885000BBF1000F3FF7F9AEF9E67FF4F8AE19F07F
:10886000010F3FF4F4AEECE6019B022B08DC0D9FF8
:108870003AE40221E7E4019B022B01DC0D9FAEE507
:108880000D9F51E601230E93FFF7A1BA3FF40FAC01
:10889000C0F13C0004E4002565642946204600F050
:1088A00071FD4FF0FF3701230890A84620640D9713
:1088B0000993FFF7C0BA00BFB80200209002002061
:1088C0002DE9F043314D87B02F6804460E4690469F
:1088D0001D46002B3BD0B7EE007BB4EEC70B05ABBB
:1088E000F1EE10FA0193CDF8008038463346224667
:1088F00022D40321FFF7A2F9059B31689842C1F108
:1089000000012BD2491B2B4610F8012B03F8012B39
:10891000059A824203EB0106F6D8B44221DDA21B80
:108920001A44302103F8011B9A42FBD10023137033
:10893000284607B0BDE8F083BFEE007BB4EEC70B5E
:10894000F1EE10FAD5DD0221FFF778F9D4E73A6DA0
:1089500000F123039A4206DD7D6DBCE70E462B46EF
:10896000DBE71A46E2E700F124094A46796D38460A
:108970008DED020BFBF76EF905460028D8D0C7F83D
:10898000509078659DED020BA5E700BF04640020C0
:10899000B1F90C309AB22DE9F0410D46110780462D
:1089A0003CD46A6843F40063002AAB8173DDAC6A8F
:1089B000002C4BD09BB203F48052002192B2D8F825
:1089C0000060C8F80010002A69D02A6D5F0705D53D
:1089D00069682B6B521A0BB1EB6BD21A0023E96951
:1089E0004046A047441C3CD0B5F90C302A692A60A7
:1089F00023F400630022AB81DB046A6049D4296B55
:108A0000C8F8006011B305F14003994202D0404616
:108A100000F04EF900202863BDE8F0812E69AEB168
:108A20002C682E6090070CBF6B690023A41BAB6001
:108A30000AE0234632466F6AE9694046B847002893
:108A4000A4EB0004064404DD002CF2DC0020BDE8A9
:108A5000F081AB8943F04003AB814FF0FF30BDE8BC
:108A6000F081D8F800201D2AF3D81A4BD34003F028
:108A7000010383F00104002BEBD0B5F90C30296918
:108A8000296023F40063D9046C60AB81B7D5002A58
:108A9000B5D12865B3E7EA6B002A88DCD6E7012365
:108AA000E9694046A047431C024602D0AB89AC6A44
:108AB0008CE7D8F80030002BF8D01D2B01D0162BF6
:108AC00002D1C8F80060C1E7AB8943F04003AB8135
:108AD000BDE8F0810100402010B5044682B008B125
:108AE000836B53B1B1F90C0008B902B010BD204638
:108AF00002B0BDE81040FFF74BBF019100F080F8D5
:108B00000199EFE7014900F03DBB00BF2DA5010031
:108B10002DE9F04F354B4568C3630024074600F547
:108B20003B7204230321C0F8E412C0F8E822C0F825
:108B3000E04283B02C606C60AC606C66EC812C61B0
:108B40006C61AC61AB81214605F15C000822FAF74B
:108B5000ADFFBE68DFF898B0DFF898A0DFF8989016
:108B6000DFF89880C5F820B001230922C5F824A0B9
:108B7000C5F82890C5F82C80ED612146F381B281BB
:108B800006F15C0034607460B460746634617461D2
:108B9000B46108220193FAF789FFFD68F66112209B
:108BA0000222C6F820B0C6F824A0C6F82890C6F85D
:108BB0002C802146A881EA812C606C60AC606C66D8
:108BC0002C616C61AC6105F15C000822FAF76EFF64
:108BD000019BED61C5F820B0C5F824A0C5F8289028
:108BE000C5F82C80BB6303B0BDE8F08F0193010092
:108BF000E9A101000DA2010049A2010069A2010042
:108C0000836B03B17047FFF783BF00BF704700BF9E
:108C1000704700BFF8B5234F0C460646FAF794FF9D
:108C2000BB685D6825F00305291B01F6EF7121F48F
:108C30007F6121F00F01A1F58054B4F5805F07DB5F
:108C400000213046FBF7F6F9BB682B44984204D06C
:108C50003046FAF77BFF0020F8BD61423046FBF753
:108C6000E9F901300DD0104BBA6819682D1B45F099
:108C700001053046091B55601960FAF767FF0120AE
:108C8000F8BD00213046FBF7D5F9BA68831A0F2BDF
:108C9000DEDD064C0449246843F00103001B5360E9
:108CA0000860D5E7F45F0020F4A90020FC630020F1
:108CB000002945D02DE9F0410D468046FAF744FFE2
:108CC00055F8047C6A4927F00103A5F10804E2186D
:108CD0008E685068B24220F0030062D0FE075060F8
:108CE0000BD455F8087CE41B01F1080EA568754506
:108CF0003B446FD0E768EF60BD6015186D68ED0705
:108D000042D543F001026260E350B3F5007F18D210
:108D1000DB085A1C4D6851F83270A76001209B1087
:108D200000FA03F301EBC2001D430838E0604D6018
:108D300041F83240FC604046BDE8F041FAF706BF1A
:108D400070475A0A042A53D89A0902F139077F005A
:108D500002F1380501EB870051F827204449083813
:108D600090424DD0516821F003018B4202D29268AB
:108D70009042F7D1D068E060A2608460D460404641
:108D8000BDE8F041FAF7E2BE95683A4FBD420344B0
:108D90003FD0D068E86043F0010285606260E35034
:108DA000B3E7FF07034407D455F8082CA41A13446B
:108DB000A068E268C26090602F4A126843F0010028
:108DC000934260608C60B6D32C4B40461968FFF725
:108DD00021FFB0E711184968C90744D49168D268E7
:108DE000CA60034443F0010091606060E350A2E771
:108DF000142A17D802F15C077F0002F15B05A9E78E
:108E0000AA104B68012505FA02F213434B60024693
:108E1000B1E743F001024C610C61E560A56062605E
:108E2000E35088E7542A06D81A0B02F16F077F0037
:108E300002F16E058EE7B2F5AA7F06D8DA0B02F1D1
:108E400078077F0002F1770584E740F254508242B0
:108E500006D89A0C02F17D077F0002F17C0579E7C4
:108E6000FE277E2576E743F001026260E35062E769
:108E7000F45F0020FC5F00200064002024AA002092
:108E80009368002B76D02DE9F04F8B8985B00C4686
:108E900019070190164629D522693AB303F0020852
:108EA0001FFA88F0356800282FD04FF00009B44F22
:108EB000C846B246B84543464A4628BF3B46019895
:108EC000B8F1000F50D0E169666AB047002871DD43
:108ED000DAF808301B1A8144C0EB0808CAF80830D9
:108EE000002BE7D1002005B0BDE8F08F21460198A6
:108EF000FEF75AFD002840F03A81A389356803F057
:108F000002081FFA88F00028CFD113F001095BD1C5
:108F10004F4602961FB39A05D4F808802CD54745D2
:108F2000C246C0F0A48013F4906F40F0B180206876
:108F300052464946FAF756FDA0682368C8EB000080
:108F40005344A06023603846029A93681B1A8144F8
:108F50003F1A9360002BC5D0A389002FDBD1D5F831
:108F600000906F680835D5E7D5F80090D5F80480F3
:108F700008359FE70020704720682369984203D88E
:108F800061698F4280F0B780B84528BFB846424635
:108F90004946FAF727FDA3682268C8EB0303424459
:108FA000A3602260002B49D121460198FFF794FD70
:108FB000002843D0B4F90C3043F040034FF0FF30A9
:108FC000A38105B0BDE8F08F8046029082468146BD
:108FD000B9F1000F2AD0029B002B4CD020682369E6
:108FE0006269C845C34628BFCB4698425F4604D94C
:108FF000A36813449B4500F39080934520DB134600
:10900000676AE16901985246B847071ED2DDB8EB9E
:10901000070823D0B368DB1BBA44C7EB0909B36068
:10902000002B3FF45FAFB9F1000FD4D10023D5F886
:1090300000A0D5F8049002930835C9E7404683E7BD
:109040005A465146FAF7CEFCA2682368CBEB0202DF
:109050005B44B8EB0708A2602360DBD1214601988E
:10906000FFF73AFD0028A5D1CDF80880D2E72068A7
:10907000B846BA465CE74A460A21504600F032F943
:1090800000286FD001300123CAEB00080293A5E746
:1090900062692068216902EB4208C1EB000A08EB13
:1090A000D8780AF101004FEA680838444045424642
:1090B00084BF804642465B0542D511460198FAF7C7
:1090C00091F98346002855D052462169F6F718FCDD
:1090D000A38923F4906343F08003A381CAEB0803C0
:1090E0000BEB0A00C4F81480C4F810B02060A36031
:1090F000B846BA461CE76FF00043BB4228BF3B4668
:109100004A4693FBF1F30198666A01FB03F3E169B8
:10911000B04700283FF718AF4CE71A465146039373
:10912000FAF760FC2268039B01981A4422602146EA
:10913000FFF7D2FC039B00287FF43CAF1F4666E795
:109140000198FAF787FD83460028C7D1019D216960
:109150002846FFF7ADFDB4F90C300C2223F0800354
:109160002A6029E7012309F10108029336E74FF04D
:10917000FF30B8E6019A0C231360B4F90C301BE7FA
:1091800000FCFF7F2DE9F84310F538771FD08846A3
:1091900006464FF000097D68BC68013D11D4A389E3
:1091A000012B05F1FF3508D9B4F90E300133214602
:1091B000304602D0C04749EA00096B1C04F168043C
:1091C000EDD13F68002FE6D14846BDE8F883B946A7
:1091D0004846BDE8F88300BF044A054B1268506B4F
:1091E000002808BF1846F030704700BF0464002014
:1091F000885E002070B50D46B1F90E10002990B0C0
:1092000014461E4614DB01AA00F034FE00280FDBD2
:10921000029A02F47042A2F50052B2FA82F25209A6
:109220004FF480634FF400603260236010B070BD73
:10923000A88900F0800082B2002030601AB140237B
:10924000236010B070BD4FF480631046236010B0EF
:1092500070BD00BF8A8992070B4606D501F1430213
:1092600001211A601A6159617047F0B583B001ABF2
:109270006A460C460546FFF7BDFF0099064628469C
:10928000FAF7B0F8B4F90C30D0B1019A124F009946
:10929000EF6343F08003A3812060206161611AB90C
:1092A0003343A38103B0F0BD2846B4F90E1000F09B
:1092B000F5FDB4F90C300028F2D043F00103EFE7DC
:1092C0009A05EFD404F1430243F002030121A38184
:1092D000226022616161E5E7019301000000000066
:1092E0000000000001F0FF01102A2BDB10F0070F37
:1092F00008D010F8013B013A8B422DD010F0070F37
:1093000042B3F6D1F0B441EA012141EA014122F031
:1093100007047FF000070023F0E80256083C85EAC6
:10932000010586EA010685FA47F5A3FA87F586FA6C
:1093300047F6A5FA87F68EB9EED1F0BC01F0FF0131
:1093400002F0070232B110F8013B013A83EA01034F
:1093500013B1F8D10020704701387047002D06BFC7
:1093600035460338073815F0010F07D1013015F4E1
:10937000807F02BF013015F4C03F0130F0BC0138DE
:10938000704700BFC36C70B505460C464BB153F82F
:10939000240080B1026843F8242000230361C360E5
:1093A00070BD21220421F9F73FFFE864034600283D
:1093B000EDD1002070BD012101FA04F6721D28468E
:1093C0009200F9F731FF0028F3D044608660E4E7AB
:1093D00031B1C36C4A6853F82200086043F8221088
:1093E000704700BFF0B50C6983B00D46064601F129
:1093F000140E0027DEF8000081B202FB01310B0CD5
:10940000000C02FB003389B2013701EB0341BC427F
:109410004EF8041B4FEA1343ECDC3BB1AA689442BC
:1094200007DA05EB8402013453612C61284603B04E
:10943000F0BD6968019301313046FFF7A3FF2A6947
:10944000023205F10C01074692000C30F6F758FA8B
:10945000F26C6968019B52F82100286042F82150A3
:109460003D46DEE7030C1B04B3B90004102310F0E3
:109470007F4F04BF0002083310F0704F04BF00019B
:10948000043310F0404F04BF80000233002807DB94
:10949000420003D4202070470023E8E7581C70479F
:1094A00018467047036813F0070207D0D90720D485
:1094B0009A0720D49B0803600220704799B209B92B
:1094C0001B0C102213F0FF0F04BF1B0A08321907F0
:1094D00004BF1B090432990704BF9B080232D90755
:1094E00004D45B0801D1202070470132036010468C
:1094F0007047002070475B0803600120704700BF81
:1095000010B50C460121FFF73DFF012244610261C5
:1095100010BD00BF2DE9F04F0D691769BD4283B042
:109520000C46164604DA2A4634463D460E46174691
:10953000A368616805EB07089845C8BF0131FFF7CC
:1095400021FF00F1140C0CEB8809CC45009005D2EA
:109550006346002143F8041B9945FBD806F1140229
:1095600002EB870A04F11403524503EB850E54D233
:10957000CDF80490994652F8043B1FFA83FBBBF1E7
:10958000000F20D000204F466646054600E01E46EC
:1095900057F8044B3068A1B283B20BFB0131240CA5
:1095A000000C4B190BFB040000EB134099B233463F
:1095B00041EA0041BE454FEA104543F8041BE6D896
:1095C000756052F8043C5FEA134B20D0DCF80030A1
:1095D000674618464D46002100E037462C88000CAF
:1095E0000BFB040001449CB23E4644EA014346F8AA
:1095F000043B786855F8044B83B2240C0BFB04340D
:1096000004EB1143AE454FEA1341E6D87B60924527
:109610000CF1040CAFD8DDF80490B8F1000F0BDDAD
:1096200059F8043CA9F104091BB105E059F8043DBF
:1096300013B9B8F10108F9D10098C0F8108003B04F
:10964000BDE8F08F12F003032DE9F0411446074600
:109650002ED10E46A4101CD0BD6C95B3E3074FF07D
:10966000000806D4641014D02868A8B10546E307A2
:10967000F8D52A4631463846FFF74CFFB6B1726836
:10968000FB6C641053F82210316043F822600646E8
:10969000EAD13046BDE8F0812A4629463846FFF730
:1096A00039FF2860C0F800800546E0E70646D9E7A4
:1096B0005A1E0B4D002355F82220FFF793FE064655
:1096C000C8E701213846FFF75DFE40F27121012213
:1096D0000023416102610546B8640360BEE700BF34
:1096E000500E00202DE9F04791460A698B684FEA39
:1096F000691404EB020808F101059D420E468246FA
:10970000496804DD5B009D4201F10101FADC50462D
:10971000FFF738FE002C00F1140238DD02EB840361
:10972000002142F8041B9342FBD1346906F1140175
:1097300019F01F0901EB840E21D0C9F12002002489
:109740000F6807FA09FC4CEA04049C4643F8044BF2
:1097500051F8044B8E4524FA02F4F1D8CCF80440B9
:109760000CB108F10205DAF84C307268013D53F88B
:1097700022100561316043F82260BDE8F087043BA8
:1097800051F8042B43F8042F8E45F9D8EBE7134624
:10979000CBE700BF02690B69D21A13D19B001430CA
:1097A0001431194410B4034401E098420CD253F828
:1097B000044D51F8042D9442F7D009D301205DF8EF
:1097C000044B70471046704700205DF8044B70470B
:1097D0004FF0FF30F3E700BF2DE9F8430B690F4668
:1097E00011695B1A002B904617D1890007F114020A
:1097F00008F114055318294401E09A425ED253F847
:10980000046D51F8044DA642F7D060D23B46144691
:1098100047464FF00109984606E05DDB07F1140565
:1098200002F114044FF000097968FFF7ABFDD8F896
:1098300010303E69C0F80C9004EB830CA64605EB93
:10984000860700F1140400235EF8041B55F8048B0E
:109850008AB213FA88F3090C9A1AC1EB184303EB86
:10986000224392B242EA0342F44544F8042B4FEA01
:109870002343E9D8AF4217D9A446294651F804EB4F
:1098800013FA8EF2131403EB1E4392B242EA034220
:109890008F424CF8042B4FEA2343EFD8ED433D446D
:1098A00025F0030504352C44043C22B954F8043D4A
:1098B000013E002BFAD00661BDE8F8830021FFF7D6
:1098C00061FD0122002302614361BDE8F8832C465B
:1098D0004FF000091546A7E73B4607F1140408F1CD
:1098E000140547464FF0010998469DE72DE9F043DE
:1098F00057EC106B83B0884601213C46C7F30A55EC
:109900001746FFF73FFDC4F3130481460DB144F43D
:10991000801401941EB302A840F8086DFFF7C2FD41
:10992000002834D19DE80C00C9F81420002B0CBF8E
:1099300001210221C9F81830C9F81010DDB909EB6E
:109940008103A0F23240C8F800001869FFF78AFDD1
:10995000C0EB41103860484603B0BDE8F08301A871
:10996000FFF7A0FD019BC9F8143001212030C9F890
:109970001010002DE3D0A5F233450544C0F13500A9
:10998000C8F800503860484603B0BDE8F0839DE851
:109990000C00C0F1200103FA01F10A43C340019316
:1099A000C9F81420C2E700BF70B50D46144606463C
:1099B00018B1836B0BB9FFF723F9A368013B002BA8
:1099C000A36005DBE8B223685A1C22601D7070BDDD
:1099D000A269934202DBE8B20A28F4D12246294662
:1099E0003046BDE8704000F03BB900BF10B50C46F2
:1099F000B1F90E1000F07AFA002803DB236D03445E
:109A0000236510BDA38923F48053A38110BD00BF3B
:109A10002DE9F0411646B1F90C201F46D3050C463E
:109A2000054607D500220223B1F90E1000F048FACE
:109A3000B4F90C20B4F90E1022F48052A2813B46F6
:109A400032462846BDE8F041FDF798BF10B50C46F8
:109A5000B1F90E1000F034FAA389421C0EBF23F4B2
:109A6000805343F480532065A38110BDB1F90E10DB
:109A700000F04CB92DE9F04F936883B09046002B6D
:109A800072D083464FF00009166808688B680D464F
:109A90004C46002C45D09C421F469A4646D3AB8983
:109AA00013F4906F2DD06F69296907EB4707C1EB5D
:109AB000000A07EBD777601C7F105044B8423A4643
:109AC00084BF07463A465B0533D511465846F9F739
:109AD00089FC002837D0524629690190F5F710FF1C
:109AE000AA89019B22F4906242F08002AA81CAEB0B
:109AF000070203EB0A006F612B612860AA6027460A
:109B0000A24652464946F9F76DFFD8F80820AB68DF
:109B10002868DB1B5044141BAB602860C8F8084061
:109B200014B3D6F8009074680836B2E72746A24608
:109B3000E7E75846FAF78EF803460028D7D1296997
:109B40005846FFF7B5F80C23CBF80030AB8900225C
:109B500043F040034FF0FF30AB81C8F80820C8F84D
:109B6000042003B0BDE8F08F0020C8F8040003B063
:109B7000BDE8F08F70B515469AB0146809B1002C95
:109B80001AD100244FF42272ADF80C2000940494F2
:109B90001A464FF6FF761E9B029469460594ADF86F
:109BA0000E60FBF73FF8002811DB009B28600022C5
:109BB0001A7004981AB070BD4FF4C16200910491FC
:109BC000ADF80C20E4DA8B2303600020F2E70020DC
:109BD000F0E700BF4B6E2DE9F0479C0492462CD570
:109BE000936812683BB30F46804602F1080919E9F1
:109BF0006000B60817D0043D002401E0A64210D052
:109C00003A4655F8041F404600F020F9431C04F181
:109C10000104F3D10023CAF80830CAF80430BDE8C3
:109C2000F087DAF80830A3EB8603CAF8083009F1A8
:109C30000809002BDBD10020ECE7FFF721F9002316
:109C4000CAF80830CAF80430BDE8F08793680BB151
:109C5000FFF7C0BF10B4184653605DF8044B70475F
:109C6000F8B50D461446064610B1836B002B4AD05A
:109C7000B4F90C20A369A36091B2080738D5236911
:109C8000002B35D08904EFB215D522686169D31A4B
:109C90008B421CDA0133A168501C0139A16020609D
:109CA000157062699A421AD0A389DB0701D50A2F81
:109CB00015D03846F8BD616E42F4005221F40051CF
:109CC000A281226861666169D31A8B42E2DB214678
:109CD0003046FEF701FF40B922680123DBE7214649
:109CE0003046FEF7F9FE0028E3D04FF0FF37E0E7FB
:109CF00021463046FDF758FE0028F6D1B4F90C2075
:109D0000236991B2BEE7FEF77BFFB1E738B5074C98
:109D10000023054608462360F6F754FC431C00D098
:109D200038BD2368002BFBD02B6038BD6CBA0020F7
:109D300000293DD070B505460C4608B1836B7BB356
:109D4000B4F90C300BB9002070BD21462846FEF74F
:109D50001FFEE36A064633B1E169284698470028AA
:109D6000B8BF4FF0FF36A3891B061CD4216B41B14D
:109D700004F14003994202D02846FEF799FF0023E0
:109D80002363616C21B12846FEF792FF00236364D0
:109D9000FEF73CFF0023A381FEF73AFF304670BD7B
:109DA000FEF72EFFCCE721692846FEF781FFDDE7AD
:109DB000002070472DE9F04782B08046894614465E
:109DC000F9F7E8FA012833D004F15C034A4601A907
:109DD000404600F0A1F8B0F1FF3F824621D088B3A1
:109DE0009DF80460002508E023685A1C22601E705C
:109DF0000135554526D201AB5E5DA368013B002BC2
:109E0000A360F1DAA769BB4231462246404601DB36
:109E10000A2EE9D1FFF724FF431CE9D102B0BDE8C7
:109E2000F087A38943F04003A38102B0BDE8F08727
:109E300009F1FF33FE2BC7D85FFA89F682468DF809
:109E40000460CFE7484602B0BDE8F087B2F90C30B5
:109E500013F4005F0BD110B4546E43F4005344F478
:109E60000054546693815DF8044BFFF7A3BFFFF7DE
:109E7000A1BF00BF38B50B46074C05461146184632
:109E800000232360F6F7A2FB431C00D038BD2368F3
:109E9000002BFBD02B6038BD6CBA002038B5074CC6
:109EA0000023054608462360F6F796FB431C00D0C6
:109EB00038BD2368002BFBD02B6038BD6CBA002066
:109EC00070B50D46084C114606461A462846002332
:109ED0002360F6F783FB431C00D070BD2368002B82
:109EE000FBD0336070BD00BF6CBA002070B50D466A
:109EF000084C114606461A46284600232360F6F70A
:109F00005FFB431C00D070BD2368002BFBD0336087
:109F100070BD00BF6CBA0020F0B5064685B01F4684
:109F200089B1104C104D2468646B002C08BF2C467E
:109F3000D4F8E040A047431C03D100228A233A60B2
:109F4000336005B0F0BD0C460649074A0968496B05
:109F5000002908BF11462246D1F8E04001A9A047D8
:109F6000E9E700BF04640020885E00205FF800F08D
:109F7000212202605FF800F075DD01605FF800F0FB
:109F8000192C02605FF800F0C52B02605FF800F04A
:049F9000A9CE0160F5
:049F9400F8B500BF5D
:089F98005C8FFF7F0100000057
:109FA00000000000000000000000000000000000B1
:109FB00000000000000000000000000000000000A1
:109FC0000000000000000000000000000000000091
:109FD0000000000000000000000000000000000081
:109FE0000000000000000000000000000000000071
:109FF0000000000000000000000000000000000061
:10A000000000000000000000000000000000000050
:10A010000000000000000000000000000000000040
:10A020000000000000000000000000000000000030
:10A030000000000000000000000000000000000020
:10A040000000000000000000000000000000000010
:10A050000000000000000000000000000000000000
:10A0600000000000000000000000000000000000F0
:10A0700000000000000000000000000000000000E0
:10A0800000000000000000000000000000000000D0
:10A0900000000000000000000000000000000000C0
:10A0A00000000000000000000000000000000000B0
:10A0B00000000000000000000000000000000000A0
:10A0C0000000000000000000000000000000000090
:10A0D0000000000000000000000000000000000080
:10A0E0000000000000000000000000000000000070
:10A0F0000000000000000000000000000000000060
:10A10000000000000000000000000000000000004F
:10A11000000000000000000000000000000000003F
:10A12000000000000000000000000000000000002F
:10A13000000000000000000000000000000000001F
:10A14000000000000000000000000000000000000F
:10A1500000000000000000000000000000000000FF
:10A1600000000000000000000000000000000000EF
:10A1700000000000000000000000000000000000DF
:10A1800000000000000000000000000000000000CF
:10A1900000000000000000000000000000000000BF
:10A1A00000000000000000000000000000000000AF
:10A1B000000000000000000000000000000000009F
:10A1C000000000000000000000000000000000008F
:10A1D000000000000000000000000000000000007F
:10A1E000000000000000000000000000000000006F
:10A1F000000000000000000000000000000000005F
:10A20000000000000000000000000000000000004E
:10A21000000000000000000000000000000000003E
:10A22000000000000000304300000000000030C3C8
:10A230000080E03779C34143176E05B5B5B8934642
:10A24000F5F93FE9034F384D321D30F94877825A0E
:10A250003CBF737FDD4F1575000000000000F03F2C
:10A2600000000000000024400000000000005940F1
:10A270000000000000408F40000000000088C34044
:10A2800000000000006AF8400000000080842E41B9
:10A2900000000000D01263410000000084D7974105
:10A2A0000000000065CDCD41000000205FA002420B
:10A2B000000000E876483742000000A2941A6D4280
:10A2C000000040E59C30A2420000901EC4BCD64273
:10A2D00000003426F56B0C430080E03779C341431E
:10A2E00000A0D8855734764300C84E676DC1AB4394
:10A2F000003D9160E458E143408CB5781DAF1544B2
:10A3000050EFE2D6E41A4B4492D54D06CFF080448C
:10A31000F64AE1C7022DB544B49DD9794378EA44A1
:10A320004FBB610567ACDD3F182D4454FB21E93F6D
:10A330009BF681D20B73EF3F182D4454FB21F93F5C
:10A34000E2652F227F2B7A3C075C143326A6813CE2
:10A35000BDCBF07A8807703C075C143326A6913C8D
:10A36000B56200000000000001000400CC220020C3
:10A370004423002078230020AC230020E023002089
:10A38000142400202B810400210000002B810400F4
:10A3900022000000AABBCC03020100FFFFFFFFFF69
:10A3A0001122330A0B0CCCDDDDDDDDDD0000000009
:10A3B000020305070B0D1113171D1F25292B2F3520
:10A3C0003B3D4347494F53596165676B6D717F83CF
:10A3D000898B95979DA3A7ADB3B5BFC1C5C7D3DF83
:10A3E000E3E5E9EFF1FB0000FFFFFFFFFFFFFFFFE9
:10A3F000C90FDAA22168C234C4C6628B80DC1CD1CA
:10A4000029024E088A67CC74020BBEA63B139B221E
:10A41000514A08798E3404DDEF9519B3CD3A431BC8
:10A42000302B0A6DF25F14374FE1356D6D51C24527
:10A43000E485B576625E7EC6F44C42E9A637ED6BE4
:10A440000BFF5CB6F406B7EDEE386BFB5A899FA59F
:10A45000AE9F24117C4B1FE649286651ECE45B3D1E
:10A46000C2007CB8A163BF0598DA48361C55D39A60
:10A4700069163FA8FD24CF5F83655D23DCA3AD96FD
:10A480001C62F356208552BB9ED529077096966DA7
:10A49000670C354E4ABC9804F1746C08CA18217CCC
:10A4A00032905E462E36CE3BE39E772C180E860306
:10A4B0009B2783A2EC07A28FB5C55DF06F4C52C9F4
:10A4C000DE2BCBF6955817183995497CEA956AE545
:10A4D00015D2261898FA051015728E5A8AACAA68F9
:10A4E000FFFFFFFFFFFFFFFF00000000551D2500DD
:10A4F000000000000D0A000000C03D4000003E408A
:10A5000000403E4000C01D4000001E4000401E4074
:10A51000104A0020184A0020204A0020284A002023
:10A5200040CF026010CF0260E0CE0260B0CE026089
:10A5300080CE026050CE02600304050607080000CA
:10A540000102030405060000F0D50260C0D50260D8
:10A5500090D5026060D50260000200000004000097
:10A5600000080000001000004A4B0000000000003E
:10A5700000000000B1570000C15800003901000080
:10A58000C9570000A9570000D958000059590000C8
:10A59000ED5700007D590000CD570000995800008C
:10A5A00039580000A9580000CD5900001159000089
:10A5B0008957000091570000A1570000B5580000CE
:10A5C000A5570000000000000000000019ED000089
:10A5D00071F000000DE70000E5E700002DE7000046
:10A5E00055E7000001E80000000000000000000046
:10A5F000C5170100BD170100B9170100B51701000B
:10A60000B1170100AD170100A9170100A51701003E
:10A61000000000000000000091E10000C1E1000026
:10A62000390100008DE10000FD3F000009400000FD
:10A6300075E100000000000000000000B5EE000021
:10A640000000C1C081C1400101C3C003800241C2FA
:10A6500001C6C006800741C70005C1C581C44004CA
:10A6600001CCC00C800D41CD000FC1CF81CE400E7A
:10A67000000AC1CA81CB400B01C9C009800841C88A
:10A6800001D8C018801941D9001BC1DB81DA401AFA
:10A69000001EC1DE81DF401F01DDC01D801C41DCCA
:10A6A0000014C1D481D5401501D7C017801641D6FA
:10A6B00001D2C012801341D30011C1D181D040100A
:10A6C00001F0C030803141F10033C1F381F24032FA
:10A6D0000036C1F681F7403701F5C035803441F4CA
:10A6E000003CC1FC81FD403D01FFC03F803E41FE7A
:10A6F00001FAC03A803B41FB0039C1F981F840388A
:10A700000028C1E881E9402901EBC02B802A41EAF9
:10A7100001EEC02E802F41EF002DC1ED81EC402CC9
:10A7200001E4C024802541E50027C1E781E64026F9
:10A730000022C1E281E3402301E1C021802041E009
:10A7400001A0C060806141A10063C1A381A24062F9
:10A750000066C1A681A7406701A5C065806441A4C9
:10A76000006CC1AC81AD406D01AFC06F806E41AE79
:10A7700001AAC06A806B41AB0069C1A981A8406889
:10A780000078C1B881B9407901BBC07B807A41BAF9
:10A7900001BEC07E807F41BF007DC1BD81BC407CC9
:10A7A00001B4C074807541B50077C1B781B64076F9
:10A7B0000072C1B281B3407301B1C071807041B009
:10A7C0000050C190819140510193C05380524192F9
:10A7D0000196C056805741970055C19581944054C9
:10A7E000019CC05C805D419D005FC19F819E405E79
:10A7F000005AC19A819B405B0199C0598058419889
:10A800000188C04880494189004BC18B818A404AF8
:10A81000004EC18E818F404F018DC04D804C418CC8
:10A820000044C184818540450187C04780464186F8
:10A830000182C042804341830041C1818180404008
:10A84000015400009554000091540000055400008C
:10A850000954000000000000D8399D270054EA2A5E
:10A8600000A4781F007B9A170020202020202020A1
:10A8700020202828282828202020202020202020B0
:10A8800020202020202020202088101010101010C0
:10A89000101010101010101010040404040404040C
:10A8A00004040410101010101010414141414141A6
:10A8B0000101010101010101010101010101010188
:10A8C0000101010110101010101042424242424298
:10A8D0000202020202020202020202020202020258
:10A8E0000202020210101010200000000000000000
:10A8F0000000000000000000000000000000000058
:10A900000000000000000000000000000000000047
:10A910000000000000000000000000000000000037
:10A920000000000000000000000000000000000027
:10A930000000000000000000000000000000000017
:10A940000000000000000000000000000000000007
:10A9500000000000000000000000000000000000F7
:10A96000000000000000000000000000285300204C
:10A9700020202020202020202020202020202020D7
:10A9800020202020202020202020202020202020C7
:10A9900000000042C8801F40B8821F40080000002D
:10A9A00000000042C4801F40B4821F400400000029
:10A9B00000C0004224801F4014821F40100000008D
:10A9C00000C0004228801F4018821F402000000065
:10A9D00000C000422C801F401C821F40400000002D
:10A9E00000C0004234801F4024821F40000100004C
:10A9F0000040004264811F4054831F400004000057
:10AA00000040004280811F4070831F400000020010
:10AA1000004000427C811F406C831F400000010009
:10AA20000040004268811F4058831F40000800001A
:10AA3000004000423C811F402C831F400100000069
:10AA40000040004244811F4034831F400400000046
:10AA50000040004240811F4030831F400200000040
:10AA60000040004248811F4038831F40080000001A
:10AA70000000004204811F40F4821F4000000400D7
:10AA80000000004208811F40F8821F4000000800BB
:10AA90000000004218811F4008831F400000800012
:10AAA0000000004214811F4004831F40000040004A
:10AAB0000000004200811F40F0821F4000000200A1
:10AAC00000000042FC801F40EC821F40000001009B
:10AAD0000000004224811F4014831F400000000436
:10AAE0000000004228811F4018831F40000000081A
:10AAF000000000421C811F400C831F400000000129
:10AB00000000004220811F4010831F40000000020F
:10AB100000000042EC801F40DC821F40001000005B
:10AB200000000042F0801F40E0821F400020000033
:10AB30000000004234811F4024831F400000004079
:10AB40000000004238811F4028831F400000008021
:10AB50000080004294801F4084821F400000040057
:10AB600000C0004290801F4080821F400000008093
:10AB700000800042A8801F4098821F400000800093
:10AB800000800042A4801F4094821F4000004000CB
:10AB9000004000426C811F405C831F400010000099
:10ABA00000C0004230801F4020821F408000000013
:10ABB00000400042B0811F40A0831F4000000020E1
:10ABC00000400042AC811F409C831F4000000010E9
:10ABD0000040004284811F4074831F400000040035
:10ABE0000040004288811F4078831F400000080019
:10ABF000000000422C811F401C831F4000000010F9
:10AC00000000004230811F4020831F4000000020D0
:10AC1000000000420C811F40FC821F400000100019
:10AC20000000004210811F4000831F4000002000F0
:10AC300000800042C8811F40B8831F400080000090
:10AC400000800042C4811F40B4831F4000400000C8
:10AC500000800042C0811F40B0831F4000200000E0
:10AC600000800042BC811F40AC831F4000100000E8
:10AC700000800042D0811F40C0831F4000000200BE
:10AC800000800042CC811F40BC831F4000000100B7
:10AC900000C0004274801F4064821F400000000119
:10ACA00000C0004280801F4070821F4000000008EA
:10ACB00000C0004284801F4074821F4000000010CA
:10ACC00000C000426C801F405C821F4000004000BA
:10ACD00000C000427C801F406C821F4000000004C6
:10ACE00000C0004278801F4068821F4000000002C0
:10ACF00000C0004288801F4078821F400000002072
:10AD000063825363FFFFFFFFFFFF000000000000AE
:10AD1000000000000100000006000000B963000010
:10AD200091630000818000004D8000004980000098
:10AD3000BD61000011630000F981000001620000A4
:10AD40005D81000019810000AC0D00204962000007
:10AD5000AD6200003465002098660020BC660020CB
:10AD600074660020000000009DA4000075A600008D
:10AD700041A6000000000000DDA50000E5A40000E1
:10AD8000B5A400006D870000AD8700000000000042
:10AD90000100000049BB000009D70000EDCD000014
:10ADA00015BB000005C5000089CC000015C70000D8
:10ADB00001BE000095BA00004DD600000000000062
:10ADC00049DC0000C5DE000099DE00000000000044
:10ADD00039DE0000A1DC000071DC00006D8700009E
:10ADE000AD870000000000001B05000017050000F3
:10ADF00005000000190000007D00000007080C0B92
:10AE000006050F000D0E0102838407080C0B0605D2
:10AE10000F000D0E01028384FFFFFFFFFFFFFFFF06
:10AE2000FFFF8182090A0000010100040100000403
:10AE30000132010101320201011001010111010180
:10AE400001120102010302060103010601120202BE
:10AE500002000001020200010201000102100001D3
:10AE60000222000102230001000000000000000097
:10AE7000022100010220000100000000000000008B
:10AE8000013001010131010101020004010300044C
:10AE90000000000000000000012102010121010169
:10AEA000000000000000000000000000011002018E
:10AEB000000000000000000001130106011302065B
:10AEC0000000000000000000000000000000000082
:10AED0000101020101010101010002010100010162
:10AEE0000102020101020101000000000000000057
:10AEF000000000000123020100000000000000002B
:10AF0000012001012C0000002A253032580D0A00D2
:10AF100024474E474741000024475047474100001F
:10AF200041444320436F6E6E6563746F6E204F4BD8
:10AF30000000000041444320436F6E6E6563746FF0
:10AF40006E204641494C4544210000004175746F14
:10AF500073746565722072756E6E696E672C2077EA
:10AF6000616974696E6720666F722041674F706512
:10AF70006E475053000000004175746F737465652F
:10AF8000722064697361626C65642C2047505320A1
:10AF90006F6E6C79206D6F6465000000536574748A
:10AFA000696E67207570204879647261756C696399
:10AFB000732100004879647261756C696373206164
:10AFC0007265207265616479210000004E4F542043
:10AFD00041637469766520486967683A200000001B
:10AFE000547269676765722050696E3A20000000EC
:10AFF000202D2073746174653A200000202D207488
:10B00000696D65723A2000000D0A487964726175B5
:10B010006C696373202D20323339202D204D6163FC
:10B0200068696E6520696E666F3A00002075736509
:10B0300072342000206879644C6966742000000036
:10B04000206879644C69667450726576200000004F
:10B05000207472616D4C696E6520000020656E6120
:10B06000626C65546F6F6C4C696674200000000060
:10B070000D0A00000D0A204879647261756C6963DD
:10B0800073202D323338202D20436F6E6669673A66
:10B090002000000052616973652054696D653A2093
:10B0A00000000000204C6F7765722074696D653A6E
:10B0B0002000000020456E61626C6520746F6F6C2B
:10B0C0006966743A2000000020697352656C6179EA
:10B0D0004163746976654869676820002055736527
:10B0E00072313A20000000002055736572323A2018
:10B0F000000000002055736572333A200000000004
:10B100002055736572343A20000000000D0A204873
:10B1100079647261756C696373202D203233362037
:10B1200000000000205472616D6C696E653A200069
:10B130002047656F2053746F703A2000204879646F
:10B140002075702F646F776E3A2000000D0A20532F
:10B15000656374696F6E733A20000000546F6F204E
:10B1600062696720646174612066726F6D20544D5E
:10B1700031373121000000004352432077617320B2
:10B18000626164203A2800004C656E6774683A205A
:10B190000000000046756C6C206C656E3A20000063
:10B1A000496E697469616C697A696E672065746853
:10B1B00065726E6574207769746820737461746950
:10B1C000632049502061646472657373000000005D
:10B1D00045746865726E657420736869656C642077
:10B1E000776173206E6F7420666F756E642E2047D2
:10B1F00050532076696120555342206F6E6C792E32
:10B200000000000045746865726E657420636162B9
:10B210006C65206973206E6F7420636F6E6E65635A
:10B22000746564202D2057686F20636172657320F8
:10B2300077652077696C6C20737461727420657413
:10B240006865726E657420616E797761792E000091
:10B250000D0A45746865726E657420737461747547
:10B2600073204F4B00000000495020736574204D3F
:10B27000616E75616C6C793A200000000D0A4574AE
:10B280006865726E6574204950206F66206D6F642A
:10B29000756C653A2000000045746865726E6574CF
:10B2A0002073656E64696E6720746F2049503A2080
:10B2B00000000000416C6C20646174612073656E55
:10B2C00064696E6720746F20706F72743A2000009A
:10B2D00045746865726E657420475053205544501C
:10B2E0002073656E64696E672066726F6D20706F83
:10B2F00072743A200000000045746865726E6574CF
:10B30000204E5452495020554450206C6973746546
:10B310006E696E6720746F20706F72743A2000003F
:10B3200045746865726E6574204175746F537465F9
:10B33000657220554450206C697374656E696E6740
:10B3400020746F20262073656E642066726F6D20F6
:10B35000706F72743A2000004B5358542D00000057
:10B36000472D565447000000472D47474100000035
:10B3700053746172742073657475700044657465EC
:10B380006374696E6720474E535320706F72742048
:10B390002853657269616C32202F20536572696190
:10B3A0006C37292E2E2E0000474E535320646574AF
:10B3B0006563746564206F6E2053657269616C37D4
:10B3C0000000000053657269616C414F472C2053A7
:10B3D000657269616C52544B2C2053657269616CC3
:10B3E00047505320616E642053657269616C475009
:10B3F000533220696E697469616C697A6564000012
:10B400000D0A5374617274696E67204175746F53CD
:10B41000746565722E2E2E000D0A53746172746964
:10B420006E672045746865726E65742E2E2E00005E
:10B430000D0A5374617274696E6720487964726191
:10B44000756C6963732E2E2E000000000D0A537474
:10B45000617274696E6720494D552E2E2E000000D2
:10B46000434D5053313420414444524553733A20A4
:10B4700030780000434D50533134204F6B2E000084
:10B48000434D5053206E6F7420436F6E6E6563742E
:10B490006564206F7220466F756E640020424E4FC7
:10B4A000303858204F6B2E00424E4F303830206ECF
:10B4B0006F742064657465637465642061742067CB
:10B4C0006976656E204932432061646472657373E6
:10B4D0002E00000020424E4F303858206E6F7420EE
:10B4E000436F6E6E6563746564206F7220466F757E
:10B4F0006E6400000D0A436865636B696E672066C1
:10B500006F7220544D313731206F6E205365726950
:10B51000616C37202F2053657269616C3500000023
:10B520005265636569766564206461746120667242
:10B530006F6D20544D313731206F6E205365726925
:10B54000616C370052656365697665642064617477
:10B55000612066726F6D20544D313731206F6E203F
:10B5600053657269616C35000D0A757365434D5002
:10B5700053203D2000000000757365424E4F303867
:10B5800078203D2000000000757365544D3137313F
:10B59000203D20000D0A456E642073657475702C83
:10B5A0002077616974696E6720666F722047505317
:10B5B0002E2E2E0D0A000000544D313731206E6FB3
:10B5C0007420436F6E6E6563746564206F722046ED
:10B5D0006F756E6400000000474E5353206465741D
:10B5E0006563746564206F6E2053657269616C32A7
:10B5F00000000000474E5353206E6F742064657442
:10B600006563746564206F6E2053657269616C3286
:10B61000206F722053657269616C372C20757369D5
:10B620006E672064656661756C7473002450414FC9
:10B6300047492C002450414E44412C002A00000070
:10B640004861726477617265204D657373616765E7
:10B650002044756D703A00002530325820000000FB
:10B66000494D552028544D31373129206E6F7420B3
:10B670007265616479212054656D703A2000000084
:10B68000432020516F533A200000000053656E6440
:10B69000696E67204861726477617265206D6573B9
:10B6A0007361676521212020202020202020202078
:10B6B00020202020202020200000000053776170EF
:10B6C00070696E672047505320706F7274732E2E0E
:10B6D0002E0D0A00436865636B696E6720626175B1
:10B6E00064726174653A2000752D626C6F78204732
:10B6F0004E5353206E6F7420646574656374656483
:10B700002E20506C6561736520636865636B2077DC
:10B710006972696E672E0000466F756E64207265EF
:10B720006369657665722061742062617564726117
:10B7300074653A200000000021414F474F4B000044
:10B740003031323334353637383941424344454657
:10B75000000000004865616465723A003000000036
:10B7600020426F64793A0000205B436F6E74696E0B
:10B77000756564207061636B65745D200000000076
:10B78000204C656E6774683A0000000020436861D1
:10B790006E6E656C3A000000436F6D6D616E640003
:10B7A00045786563757461626C650000436F6E7403
:10B7B000726F6C0053656E736F722D7265706F726D
:10B7C0007400000057616B652D7265706F727400B4
:10B7D0004779726F2D766563746F72004D45204313
:10B7E000616C207265706F727420666F756E642173
:10B7F0000000000067657451756174493A207175E5
:10B8000061743A2000000000207261775175617404
:10B81000493A200020726F746174696F6E566563D7
:10B82000746F725F51313A200000000067657451F7
:10B830007561744A3A20717561743A200000000005
:10B8400020726177517561744A3A200067657451BE
:10B850007561744B3A20717561743A2000000000E4
:10B8600020726177517561744B3A20004932432050
:10B8700074696D656F757400535049205761697420
:10B880000000000053504920494E542074696D65F2
:10B890006F75740073656E645061636B65742849DD
:10B8A0003243293A20656E645472616E736D697318
:10B8B00073696F6E2072657475726E65643A2000EC
:10B8C00053572056657273696F6E204D616A6F72AF
:10B8D0003A203078000000002053572056657273DC
:10B8E000696F6E204D696E6F723A203078000000EB
:10B8F0002053572050617274204E756D6265723A04
:10B9000020307800205357204275696C64204E75B2
:10B910006D6265723A203078000000002053572095
:10B9200056657273696F6E2050617463683A203097
:10B93000780000006D657461446174612061727209
:10B940006179206F7665722072756E2E2052657453
:10B9500075726E696E672E005374617465457272FC
:10B960003A200000436F6E6E656374204572723A30
:10B970002000000053656E644572723A200000009A
:10B980002563000064656300656E63002020414507
:10B99000532D4543422D25336420282573293A2011
:10B9A00000000000736B69707065640070617373F0
:10B9B0006564000020204145532D4342432D25332B
:10B9C0006420282573293A200000000020204145EA
:10B9D000532D4346423132382D25336420282573B8
:10B9E000293A200020204145532D4354522D313215
:10B9F0003820282573293A20000000006661696C10
:10BA000065640000202042617365363420656E63F2
:10BA10006F64696E6720746573743A2000000000DB
:10BA20007061737365640A20204261736536342047
:10BA30006465636F64696E6720746573743A20008F
:10BA40007061737365640A00454645303231433294
:10BA50003634354644314443353836453639313845
:10BA60003441463441333145443546353345393325
:10BA70004235463132334641343136383038363744
:10BA8000424131313031333139343446453739353B
:10BA9000324532353137333337373830434230442B
:10BAA00042383045363141414537433844444336C6
:10BAB00043354336414144454233344542333841AE
:10BAC00032463430443545360000000042324537B6
:10BAD00045464433373037354239463033464639A8
:10BAE00038394337433530353143323033344432DB
:10BAF00041333233383130323531313237453742E4
:10BB0000463836323541344634394135463345328C
:10BB10003746344441384244353943343744364457
:10BB20004141424134433831323742443542354352
:10BB30003235373633323232464546434346433355
:10BB4000384238333233363643323945000000004C
:10BB50003030363641313938313836433138433177
:10BB6000304232463545443942353232373532413A
:10BB70003938333042363939313645353335433843
:10BB8000463034373531384138383941343341352E
:10BB90003934423642454432374131363844333104
:10BBA00044344135324638383932354141384635EA
:10BBB00000000000363032414237454341353937C5
:10BBC00041334436423536464639383239413545B7
:10BBD00038423835394538353745413935413033C4
:10BBE00035313245324241453733393136383844C0
:10BBF00032363441413536363342303334314442C3
:10BC00003943434644324334433546343231464562
:10BC100043383134383030314237324538343841A6
:10BC2000333843414531433635463738453536415B
:10BC3000424445464531324433433033394238413A
:10BC4000303244364245353933463042424244412F
:10BC50003536463145434636373731353245463835
:10BC6000303433373043314133303543414633424A
:10BC70003542463133303837394235364336314430
:10BC80004535383441304635334132343437413527
:10BC90003145000020204D504920746573742023E5
:10BCA0003120286D756C5F6D7069293A20000000A5
:10BCB000323536353637333336303539453532431C
:10BCC00041453232393235343734373035463339FD
:10BCD000413934003636313346323631363232323B
:10BCE0003344463438384539434434384343313398
:10BCF00032433741304143393343373031423030BA
:10BD00003142303932453445354239463733424382
:10BD1000443237423945453530443036353743377C
:10BD2000374633373445393033434446413443365C
:10BD30003432000020204D50492074657374202354
:10BD40003220286469765F6D7069293A200000000E
:10BD500020204D50492074657374202333202865BA
:10BD600078705F6D6F64293A2000000020204D50EC
:10BD70004920746573742023342028696E765F6DC2
:10BD80006F64293A200000006661696C6564206177
:10BD9000742025640A000000556E65787065637430
:10BDA0006564206572726F722C2072657475726E94
:10BDB00020636F6465203D20253038580A0000005C
:10BDC00033364531333941454135353231353630F9
:10BDD00039443238313639393845443032304242CC
:10BDE00042443936433337383930463635313731C6
:10BDF0004439343845394243374342414134443968
:10BE000033323544323444364133433132373130C2
:10BE100046313041303946413038414238370000F0
:10BE2000303033413041414544443745373834465A
:10BE30004330374438463945433645334246443526
:10BE4000433344424137363435363336334131306B
:10BE5000383639363232454143324444383445432A
:10BE60004335423841373444414334443039453016
:10BE7000334235453042453737394632444636310C
:10BE80000000000020204D50492074657374202369
:10BE900035202873696D706C6520676364293A20CA
:10BEA00000000000202043414D454C4C49412D45A8
:10BEB00043422D25336420282573293A20000000B1
:10BEC000202043414D454C4C49412D4342432D25B3
:10BED000336420282573293A2000000020204341A4
:10BEE0004D454C4C49412D4354522D313238202878
:10BEF0002573293A20000000202043434D3A207347
:10BF000065747570206661696C6564002020434328
:10BF10004D2D414553202325753A20004445532D8E
:10BF2000454445332D434243000000004445532D12
:10BF3000454445332D454342000000004445532D00
:10BF40004544452D434243004445532D4544452D2A
:10BF5000454342004445532D4543420043414D452E
:10BF60004C4C49412D3235362D43434D00000000E5
:10BF700043414D454C4C49412D3139322D43434DC0
:10BF80000000000043414D454C4C49412D313238B1
:10BF90002D43434D0000000043414D454C4C494169
:10BFA0002D3235362D47434D0000000043414D45AD
:10BFB0004C4C49412D3139322D47434D0000000092
:10BFC00043414D454C4C49412D3132382D47434D6D
:10BFD0000000000043414D454C4C49412D3235365F
:10BFE0002D4354520000000043414D454C4C494103
:10BFF0002D3139322D4354520000000043414D454C
:10C000004C4C49412D3132382D4354520000000030
:10C0100043414D454C4C49412D3235362D43464226
:10C020003132380043414D454C4C49412D31393274
:10C030002D4346423132380043414D454C4C494135
:10C040002D3132382D4346423132380043414D457F
:10C050004C4C49412D3235362D43424300000000FF
:10C0600043414D454C4C49412D3139322D434243DA
:10C070000000000043414D454C4C49412D313238C0
:10C080002D4342430000000043414D454C4C494183
:10C090002D3235362D4543420000000043414D45C9
:10C0A0004C4C49412D3139322D45434200000000AE
:10C0B00043414D454C4C49412D3132382D45434289
:10C0C000000000004145532D3235362D43434D00CD
:10C0D0004145532D3139322D43434D004145532DB8
:10C0E0003132382D43434D004145532D3235362DE5
:10C0F00047434D004145532D3139322D47434D00C3
:10C100004145532D3132382D47434D004145532D84
:10C110003235362D435452004145532D3139322D9D
:10C12000435452004145532D3132382D435452006F
:10C130004145532D3235362D4346423132380000C9
:10C140004145532D3139322D4346423132380000BA
:10C150004145532D3132382D4346423132380000AB
:10C160004145532D3235362D434243004145532D31
:10C170003139322D434243004145532D3132382D60
:10C18000434243004145532D3235362D454342004D
:10C190004145532D3139322D454342004145532D00
:10C1A0003132382D45434200202044455325632D2C
:10C1B0004543422D25336420282573293A20000069
:10C1C000202044455325632D4342432D25336420CD
:10C1D000282573293A2000002D2D2D2D2D454E4464
:10C1E00020444820504152414D45544552532D2D35
:10C1F0002D2D2D002D2D2D2D2D424547494E20440E
:10C200004820504152414D45544552532D2D2D2D1E
:10C210002D000000202044484D20706172616D6542
:10C22000746572206C6F61643A20000073656370FE
:10C2300033383472310000002020454350207465AB
:10C2400073742023312028636F6E7374616E7420C1
:10C250006F705F636F756E742C2062617365207000
:10C260006F696E742047293A20000000303030306A
:10C2700030303030303030303030303030303030BE
:10C2800030303030303030303030303030303030AE
:10C29000303030303030303030303031000000005D
:10C2A0006661696C656420282575290A0000000014
:10C2B0002020454350207465737420233220286366
:10C2C0006F6E7374616E74206F705F636F756E74E0
:10C2D0002C206F7468657220706F696E74293A2023
:10C2E0000000000046464646464646464646464606
:10C2F00046464646464646464646464639394445FB
:10C30000463833363134364243394231423444328E
:10C310003238333000000000354541364633383975
:10C320004133384238424338314537363737353371
:10C33000423135414135353639453137383245336B
:10C34000304142453744323500000000343030304F
:10C3500030303030303030303030303030303030DD
:10C3600030303030303030303030303030303030CD
:10C37000303030303030303030303030000000007D
:10C38000374646464646464646464646464646465C
:10C39000464646464646464646464646464646463D
:10C3A000464646464646464646464646464646462D
:10C3B0000000000035353535353535353535353501
:10C3C000353535353535353535353535353535351D
:10C3D000353535353535353535353535353535350D
:10C3E00035353535000000007365637032353672BF
:10C3F0003100000073656370323234723100000026
:10C40000736563703139327231000000202041457C
:10C41000532D47434D2D25336420232564202825A3
:10C4200073293A200000000020204145532D474346
:10C430004D2D253364202325642073706C6974208E
:10C44000282573293A2000002020484D41435F44AD
:10C4500052424720285052203D20547275652920B1
:10C460003A2000002020484D41435F44524247207B
:10C47000285052203D2046616C736529203A2000E7
:10C480004D44350020204D443520746573742023BD
:10C4900025643A20000000002A864886F70D010135
:10C4A0000400000025642E25640000002E25640091
:10C4B000551D1300550403002A864886F70D010117
:10C4C000010000002A8648CE3D0201002A8648CE9F
:10C4D0003D030101000000002A864886F70D020591
:10C4E000000000002A864886F70D020700000000C1
:10C4F0002B06010505070301000000002B0E0302B7
:10C500001A0000002B0E0302070000002A8648864E
:10C51000F70D010C010300007062655769746853E0
:10C520004841416E64332D4B6579547269706C6576
:10C530004445532D43424300504245207769746877
:10C54000205348413120616E6420332D4B657920A2
:10C5500033444553000000002A864886F70D010C3D
:10C560000104000070626557697468534841416E68
:10C5700064322D4B6579547269706C654445532D56
:10C580004342430050424520776974682053484134
:10C590003120616E6420322D4B6579203344455340
:10C5A00000000000686D61635348413100000000E5
:10C5B000484D41432D5348412D3100002A8648867D
:10C5C000F70D020800000000686D616353484132B6
:10C5D00032340000484D41432D5348412D3232340E
:10C5E000000000002A864886F70D020900000000BE
:10C5F000686D61635348413235360000484D414310
:10C600002D5348412D323536000000002A864886D9
:10C61000F70D020A00000000686D61635348413362
:10C6200038340000484D41432D5348412D333834B0
:10C63000000000002A864886F70D020B000000006B
:10C64000686D61635348413531320000484D4143C4
:10C650002D5348412D3531320000000069642D6DA5
:10C660006435000069642D73686131005348412DC1
:10C6700031000000608648016503040204000000E8
:10C6800069642D7368613232340000005348412DD3
:10C690003232340060864801650304020100000064
:10C6A00069642D7368613235360000005348412DAE
:10C6B000323536006086480165030402020000003E
:10C6C00069642D7368613338340000005348412D8C
:10C6D000333834006086480165030402030000001B
:10C6E00069642D7368613531320000005348412D73
:10C6F0003531320064657343424300002A86488620
:10C70000F70D0307000000006465732D6564653351
:10C710002D636263000000002A8648CE3D030107B6
:10C7200000000000727361456E6372797074696F06
:10C730006E0000005253410069642D6563507562BC
:10C740006C69634B6579000047656E6572696320AB
:10C750004543206B657900002B8104010C0000002B
:10C7600069642D65634448004543206B6579206604
:10C770006F722045434448006D64355769746852B0
:10C780005341456E6372797074696F6E00000000EA
:10C790005253412077697468204D443500000000F1
:10C7A0002A864886F70D0101050000007368612D97
:10C7B0003157697468525341456E63727970746978
:10C7C0006F6E0000525341207769746820534841CE
:10C7D000310000002A864886F70D01010E00000096
:10C7E00073686132323457697468525341456E63DD
:10C7F00072797074696F6E00525341207769746862
:10C80000205348412D323234000000002A864886E9
:10C81000F70D01010B00000073686132353657696E
:10C820007468525341456E6372797074696F6E001B
:10C830005253412077697468205348412D32353670
:10C84000000000002A864886F70D01010C00000058
:10C8500073686133383457697468525341456E6365
:10C8600072797074696F6E005253412077697468F1
:10C87000205348412D333834000000002A86488672
:10C88000F70D01010D000000736861353132576901
:10C890007468525341456E6372797074696F6E00AB
:10C8A0005253412077697468205348412D35313205
:10C8B000000000002B0E03021D0000002A8648CE57
:10C8C0003D04010065636473612D776974682D53BD
:10C8D00048413100454344534120776974682053EF
:10C8E000484131002A8648CE3D0403010000000083
:10C8F00065636473612D776974682D5348413232E2
:10C900003400000045434453412077697468205344
:10C9100048413232340000002A8648CE3D040302EA
:10C920000000000065636473612D776974682D539E
:10C930004841323536000000454344534120776971
:10C940007468205348413235360000002A8648CEAC
:10C950003D0403030000000065636473612D776983
:10C9600074682D5348413338340000004543445324
:10C9700041207769746820534841333834000000FF
:10C980002A8648CE3D0403040000000065636473FA
:10C99000612D776974682D534841353132000000AC
:10C9A00045434453412077697468205348413531E9
:10C9B000320000002A864886F70D01010A000000B7
:10C9C0005253415353412D505353000069642D6B12
:10C9D000702D736572766572417574680000000091
:10C9E000544C53205765622053657276657220411E
:10C9F000757468656E7469636174696F6E000000B8
:10CA00002B060105050703020000000069642D6B79
:10CA1000702D636C69656E74417574680000000068
:10CA2000544C532057656220436C69656E742041F5
:10CA3000757468656E7469636174696F6E00000077
:10CA40002B060105050703030000000069642D6B38
:10CA5000702D636F64655369676E696E67000000CF
:10CA6000436F6465205369676E696E67000000005C
:10CA70002B060105050703040000000069642D6B07
:10CA8000702D656D61696C50726F74656374696F48
:10CA90006E000000452D6D61696C2050726F7465E9
:10CAA0006374696F6E0000002B060105050703081B
:10CAB0000000000069642D6B702D74696D655374FE
:10CAC000616D70696E67000054696D652053746113
:10CAD0006D70696E670000002B06010505070309EC
:10CAE0000000000069642D6B702D4F435350536953
:10CAF000676E696E670000004F43535020536967AB
:10CB00006E696E670000000069642D63652D6261C7
:10CB1000736963436F6E73747261696E747300003E
:10CB2000426173696320436F6E73747261696E74DE
:10CB300073000000551D0F0069642D63652D6B6542
:10CB400079557361676500004B657920557361679E
:10CB500065000000551D250069642D63652D65780D
:10CB6000744B65795573616765000000457874659D
:10CB70006E646564204B65792055736167650000BC
:10CB8000551D110069642D63652D7375626A6563B7
:10CB900074416C744E616D65000000005375626AEB
:10CBA00065637420416C74204E616D650000000067
:10CBB0006086480186F842010100000069642D6E1C
:10CBC000657473636170652D6365727474797065E3
:10CBD000000000004E6574736361706520436572E8
:10CBE000746966696361746520547970650000003A
:10CBF00069642D61742D636F6D6D6F6E4E616D652F
:10CC000000000000436F6D6D6F6E204E616D65001A
:10CC1000434E00005504060069642D61742D636F56
:10CC2000756E7472794E616D65000000436F756EAC
:10CC300074727900430000005504070069642D6197
:10CC4000742D6C6F63616C69747900004C6F636163
:10CC50006C697479000000004C0000005504080065
:10CC600069642D61742D737461746500537461740B
:10CC7000650000005354000055040A0069642D61EA
:10CC8000742D6F7267616E697A6174696F6E4E613F
:10CC90006D6500004F7267616E697A6174696F6ECD
:10CCA000000000004F00000055040B0069642D6176
:10CCB000742D6F7267616E697A6174696F6E616CF1
:10CCC000556E69744E616D65000000004F726720FB
:10CCD000556E6974000000004F5500002A86488692
:10CCE000F70D010901000000656D61696C41646424
:10CCF0007265737300000000452D6D61696C2061E1
:10CD000064647265737300005504050069642D61E5
:10CD1000742D73657269616C4E756D626572000089
:10CD200053657269616C206E756D626572000000FA
:10CD300073657269616C4E756D626572000000000A
:10CD40005504100069642D61742D706F7374616CEB
:10CD50004164647265737300506F7374616C206119
:10CD60006464726573730000706F7374616C416406
:10CD700064726573730000005504110069642D61CD
:10CD8000742D706F7374616C436F646500000000F4
:10CD9000506F7374616C20636F646500706F73749F
:10CDA000616C436F646500005504040069642D6183
:10CDB000742D7375724E616D650000005375726E4F
:10CDC000616D6500534E000055042A0069642D61B1
:10CDD000742D676976656E4E616D6500476976658D
:10CDE0006E206E616D650000474E000055042B00FB
:10CDF00069642D61742D696E697469616C730000DA
:10CE0000496E697469616C7300000000696E697431
:10CE100069616C730000000055042C0069642D6189
:10CE2000742D67656E65726174696F6E5175616CA2
:10CE3000696669657200000047656E6572617469B4
:10CE40006F6E207175616C69666965720000000023
:10CE500067656E65726174696F6E5175616C696644
:10CE60006965720055040C0069642D61742D746944
:10CE7000746C65005469746C650000007469746CAE
:10CE80006500000055042E0069642D61742D646EE8
:10CE90005175616C6966696572000000446973745C
:10CEA000696E67756973686564204E616D65207190
:10CEB00075616C696669657200000000646E517589
:10CEC000616C6966696572005504410069642D6191
:10CED000742D70736575646F6E796D005073657530
:10CEE000646F6E796D00000070736575646F6E79A4
:10CEF0006D0000000992268993F22C64011900004C
:10CF000069642D646F6D61696E436F6D706F6E65DE
:10CF10006E740000446F6D61696E20636F6D706F99
:10CF20006E656E74000000004443000055042D003F
:10CF300069642D61742D756E697175654964656EDE
:10CF40007469666965720000556E6971756520497E
:10CF500064656E746966696572000000756E69715A
:10CF600075654964656E74696669657200000000E4
:10CF700050726F632D547970653A20342C454E43BE
:10CF8000525950544544000044454B2D496E666F3C
:10CF90003A204445532D454445332D4342432C000C
:10CFA00044454B2D496E666F3A204445532D43420C
:10CFB000432C000044454B2D496E666F3A20414595
:10CFC000532D000044454B2D496E666F3A20414574
:10CFD000532D3132382D4342432C000044454B2D14
:10CFE000496E666F3A204145532D3139322D434207
:10CFF000432C000044454B2D496E666F3A20414555
:10D00000532D3235362D4342432C0000696E766134
:10D010006C696420504B00007273612E4E0000005A
:10D020007273612E4500000065636B65792E5100B7
:10D030005253412D616C740045434453410000003C
:10D0400045435F4448000000454300002A86488667
:10D05000F70D01050C000000202050424B444632E1
:10D0600020285348413129202325643A200000001C
:10D070002A8648CE3D0101002A864886F70D010C1C
:10D08000010100002A864886F70D01050D00000009
:10D090002D2D2D2D2D454E442052534120505249C7
:10D0A00056415445204B45592D2D2D2D2D00000066
:10D0B0002D2D2D2D2D424547494E205253412050B4
:10D0C000524956415445204B45592D2D2D2D2D00AB
:10D0D0002D2D2D2D2D454E4420454320505249568F
:10D0E000415445204B45592D2D2D2D2D000000007C
:10D0F0002D2D2D2D2D424547494E20454320505280
:10D100004956415445204B45592D2D2D2D2D0000BC
:10D110002D2D2D2D2D454E4420505249564154451C
:10D12000204B45592D2D2D2D2D0000002D2D2D2D61
:10D130002D424547494E2050524956415445204BB7
:10D1400045592D2D2D2D2D002D2D2D2D2D454E44A8
:10D1500020454E435259505445442050524956415F
:10D160005445204B45592D2D2D2D2D002D2D2D2D88
:10D170002D424547494E20454E435259505445444F
:10D180002050524956415445204B45592D2D2D2DA7
:10D190002D0000002D2D2D2D2D454E4420525341A4
:10D1A000205055424C4943204B45592D2D2D2D2DB6
:10D1B000000000002D2D2D2D2D424547494E2052B7
:10D1C0005341205055424C4943204B45592D2D2D5C
:10D1D0002D2D00002D2D2D2D2D454E442050554236
:10D1E0004C4943204B45592D2D2D2D2D000000007D
:10D1F0002D2D2D2D2D424547494E205055424C494D
:10D2000043204B45592D2D2D2D2D0000393239321B
:10D210003735383435333036334438303344443698
:10D22000303344354537373744373838384544315B
:10D230004435424633353738363139304641324647
:10D240003233454243303834384145414444413912
:10D25000324341364333443830423332433444312D
:10D260003039424530463336443641453731333024
:10D2700042394345443741434446353443464337B6
:10D2800035353541433134454542414239334138E2
:10D2900039383133464246334334463830363644E3
:10D2A00032443830304637433338413831414533E2
:10D2B0003139343239313734303346463439343603
:10D2C00042304138334433443345303545453537B2
:10D2D0004336463546353630364642354434424389
:10D2E000364344333445453038303141354539349F
:10D2F00042423737423037353037323333413042AC
:10D300004337424143384639304637390000000040
:10D31000433336443045423746434432383532325F
:10D32000334346423541414241354244413344381A
:10D330003243303143414431394541343834413846
:10D340003745413433373736333745373535303065
:10D350004643423230303543354337444436454303
:10D36000344143303233434441323835443739361F
:10D3700043334439453735453145464334323438F3
:10D3800038424234463144313341433330413537FA
:10D3900000000000433030304446353141374337D8
:10D3A00037414538443743373337304331464635C4
:10D3B00035423639453231314332423945354442BE
:10D3C00031454430424636314430443938393936B3
:10D3D00032304634393130453431363833383745D8
:10D3E00033433330414131453030433333394137B2
:10D3F000393530383834353244443936413941359D
:10D40000454135443944434136384441363336305A
:10D41000333241460000000032344246363138355E
:10D420003436383738364644443330333038334472
:10D430003235453634454643363643413437324239
:10D440004334344432353331303246384234413952
:10D450004433424641373530393133383643303042
:10D460003737393337464533334641333235324423
:10D470003238383535383337414531423438344124
:10D4800038413941343546374545384330433633E2
:10D4900034463939453843444446373943354345A2
:10D4A0003037454537324337463132333134323104
:10D4B00039383136343233344341424237323443DF
:10D4C00046373842383137334239463838304643A8
:10D4D000383633323234303741463146454446449B
:10D4E000444532424542363734434131354633456F
:10D4F00038314131353231453037313531334131D1
:10D500004538354235444641303331463231454362
:10D51000414539314133344400000000313030306E
:10D52000310000002020525341206B657920766144
:10D530006C69646174696F6E3A2000007061737386
:10D5400065640A2020504B43532331206465637285
:10D55000797074696F6E203A2000000070617373F7
:10D5600065640A2020504B4353233120656E63725B
:10D57000797074696F6E203A200000002020504BB3
:10D58000435323312064617461207369676E2020E6
:10D590003A2000007061737365640A2020504B4389
:10D5A000532331207369672E207665726966793A54
:10D5B0002000000020205348412D312074657374F1
:10D5C000202325643A20000042756666657220615A
:10D5D0006C6C6F636174696F6E206661696C656401
:10D5E0000000000020205348412D256420746573FD
:10D5F00074202325643A2000544C532D454344485D
:10D60000452D45434453412D574954482D414553D9
:10D610002D3132382D4342432D5348410000000044
:10D62000756E6B6E6F776E00544C532D45434448B6
:10D63000452D45434453412D574954482D414553A9
:10D640002D3235362D4342432D5348410000000012
:10D65000544C532D45434448452D45434453412D97
:10D66000574954482D4145532D3132382D434243BB
:10D670002D53484132353600544C532D45434448D0
:10D68000452D45434453412D574954482D41455359
:10D690002D3132382D47434D2D5348413235360018
:10D6A000544C532D45434448452D45434453412D47
:10D6B000574954482D4145532D3235362D43424369
:10D6C0002D53484133383400544C532D454344487E
:10D6D000452D45434453412D574954482D41455309
:10D6E0002D3235362D47434D2D53484133383400C4
:10D6F000544C532D45434448452D45434453412DF7
:10D70000574954482D4145532D3235362D43434D0D
:10D7100000000000544C532D45434448452D4543DB
:10D720004453412D574954482D4145532D323536E8
:10D730002D43434D2D380000544C532D4543444850
:10D74000452D45434453412D574954482D41455398
:10D750002D3132382D43434D00000000544C532DE1
:10D7600045434448452D45434453412D574954486A
:10D770002D4145532D3132382D43434D2D38000076
:10D78000544C532D45434448452D45434453412D66
:10D79000574954482D43414D454C4C49412D313258
:10D7A000382D4342432D53484132353600000000A6
:10D7B000544C532D45434448452D45434453412D36
:10D7C000574954482D43414D454C4C49412D323524
:10D7D000362D4342432D5348413338340000000076
:10D7E000544C532D45434448452D45434453412D06
:10D7F000574954482D43414D454C4C49412D3132F8
:10D80000382D47434D2D5348413235360000000036
:10D81000544C532D45434448452D45434453412DD5
:10D82000574954482D43414D454C4C49412D3235C3
:10D83000362D47434D2D5348413338340000000006
:10D84000544C532D45434448452D45434453412DA5
:10D85000574954482D334445532D4544452D4342A3
:10D86000432D534841000000544C532D4543444838
:10D87000452D5253412D574954482D4145532D3183
:10D8800032382D4342432D5348410000544C532D10
:10D8900045434448452D5253412D574954482D4145
:10D8A00045532D3235362D4342432D534841000018
:10D8B000544C532D45434448452D5253412D57490F
:10D8C00054482D4145532D3132382D4342432D5379
:10D8D0004841323536000000544C532D45434448EE
:10D8E000452D5253412D574954482D4145532D3113
:10D8F00032382D47434D2D53484132353600000014
:10D90000544C532D45434448452D5253412D5749BE
:10D9100054482D4145532D3235362D4342432D5326
:10D920004841333834000000544C532D454344489B
:10D93000452D5253412D574954482D4145532D32C1
:10D9400035362D47434D2D534841333834000000C0
:10D95000544C532D45434448452D5253412D57496E
:10D9600054482D43414D454C4C49412D3132382DC1
:10D970004342432D5348413235360000544C532D19
:10D9800045434448452D5253412D574954482D4352
:10D99000414D454C4C49412D3235362D4342432DA6
:10D9A0005348413338340000544C532D45434448C8
:10D9B000452D5253412D574954482D43414D454C17
:10D9C0004C49412D3132382D47434D2D534841327A
:10D9D00035360000544C532D45434448452D525391
:10D9E000412D574954482D43414D454C4C49412DFB
:10D9F0003235362D47434D2D5348413338340000DE
:10DA0000544C532D45434448452D5253412D5749BD
:10DA100054482D334445532D4544452D4342432D11
:10DA200053484100544C532D4448452D5253412DE9
:10DA3000574954482D4145532D3235362D47434DD6
:10DA40002D53484133383400544C532D4448452D10
:10DA50005253412D574954482D4145532D313238A9
:10DA60002D47434D2D53484132353600544C532DEC
:10DA70004448452D5253412D574954482D41455353
:10DA80002D3132382D4342432D5348413235360033
:10DA9000544C532D4448452D5253412D5749544819
:10DAA0002D4145532D3235362D4342432D534841A8
:10DAB00032353600544C532D4448452D5253412D98
:10DAC000574954482D4145532D3132382D43424357
:10DAD0002D53484100000000544C532D4448452D1F
:10DAE0005253412D574954482D4145532D32353617
:10DAF0002D4342432D53484100000000544C532D08
:10DB00004448452D5253412D574954482D414553C2
:10DB10002D3235362D43434D00000000544C532D1B
:10DB20004448452D5253412D574954482D414553A2
:10DB30002D3235362D43434D2D380000544C532D96
:10DB40004448452D5253412D574954482D41455382
:10DB50002D3132382D43434D00000000544C532DDD
:10DB60004448452D5253412D574954482D41455362
:10DB70002D3132382D43434D2D380000544C532D58
:10DB80004448452D5253412D574954482D43414D4A
:10DB9000454C4C49412D3132382D4342432D534899
:10DBA0004132353600000000544C532D4448452D79
:10DBB0005253412D574954482D43414D454C4C49F2
:10DBC000412D3235362D4342432D534841323536AF
:10DBD00000000000544C532D4448452D5253412D14
:10DBE000574954482D43414D454C4C49412D313204
:10DBF000382D4342432D534841000000544C532DCF
:10DC00004448452D5253412D574954482D43414DC9
:10DC1000454C4C49412D3235362D4342432D534816
:10DC200041000000544C532D4448452D5253412D82
:10DC3000574954482D43414D454C4C49412D3132B3
:10DC4000382D47434D2D53484132353600000000F2
:10DC5000544C532D4448452D5253412D5749544857
:10DC60002D43414D454C4C49412D3235362D4743CE
:10DC70004D2D53484133383400000000544C532D8F
:10DC80004448452D5253412D574954482D3344455E
:10DC9000532D4544452D4342432D53484100000038
:10DCA000544C532D5253412D574954482D414553FF
:10DCB0002D3235362D47434D2D53484133383400EE
:10DCC000544C532D5253412D574954482D414553DF
:10DCD0002D3132382D47434D2D53484132353600D2
:10DCE000544C532D5253412D574954482D414553BF
:10DCF0002D3132382D4342432D53484132353600C1
:10DD0000544C532D5253412D574954482D4145539E
:10DD10002D3235362D4342432D534841323536009E
:10DD2000544C532D5253412D574954482D4145537E
:10DD30002D3132382D4342432D534841000000001D
:10DD4000544C532D5253412D574954482D4145535E
:10DD50002D3235362D4342432D53484100000000FB
:10DD6000544C532D5253412D574954482D4145533E
:10DD70002D3235362D43434D00000000544C532DB9
:10DD80005253412D574954482D4145532D32353674
:10DD90002D43434D2D380000544C532D5253412DEB
:10DDA000574954482D4145532D3132382D43434D69
:10DDB00000000000544C532D5253412D57495448F4
:10DDC0002D4145532D3132382D43434D2D38000020
:10DDD000544C532D5253412D574954482D43414DD6
:10DDE000454C4C49412D3132382D4342432D534847
:10DDF0004132353600000000544C532D5253412D12
:10DE0000574954482D43414D454C4C49412D3235DD
:10DE1000362D4342432D5348413235360000000031
:10DE2000544C532D5253412D574954482D43414D85
:10DE3000454C4C49412D3132382D4342432D5348F6
:10DE400041000000544C532D5253412D5749544822
:10DE50002D43414D454C4C49412D3235362D4342E1
:10DE6000432D534841000000544C532D5253412D33
:10DE7000574954482D43414D454C4C49412D313271
:10DE8000382D47434D2D53484132353600000000B0
:10DE9000544C532D5253412D574954482D43414D15
:10DEA000454C4C49412D3235362D47434D2D534875
:10DEB0004133383400000000544C532D5253412D4F
:10DEC000574954482D334445532D4544452D43422D
:10DED000432D534841000000544C532D45434448C2
:10DEE0002D5253412D574954482D4145532D313220
:10DEF000382D4342432D534841000000544C532DCC
:10DF0000454344482D5253412D574954482D4145CE
:10DF1000532D3235362D4342432D534841000000E6
:10DF2000544C532D454344482D5253412D57495489
:10DF3000482D4145532D3132382D4342432D53480E
:10DF40004132353600000000544C532D45434448BF
:10DF50002D5253412D574954482D4145532D3132AF
:10DF6000382D47434D2D53484132353600000000CF
:10DF7000544C532D454344482D5253412D57495439
:10DF8000482D4145532D3235362D4342432D5348BC
:10DF90004133383400000000544C532D454344486D
:10DFA0002D5253412D574954482D4145532D32355B
:10DFB000362D47434D2D534841333834000000007F
:10DFC000544C532D454344482D5253412D574954E9
:10DFD000482D43414D454C4C49412D3132382D435C
:10DFE00042432D534841323536000000544C532DE6
:10DFF000454344482D5253412D574954482D4341E0
:10E000004D454C4C49412D3235362D4342432D531D
:10E010004841333834000000544C532D45434448A4
:10E020002D5253412D574954482D43414D454C4C99
:10E0300049412D3132382D47434D2D53484132351A
:10E0400036000000544C532D454344482D52534153
:10E050002D574954482D43414D454C4C49412D3293
:10E0600035362D47434D2D53484133383400000099
:10E07000544C532D454344482D5253412D57495438
:10E08000482D334445532D4544452D4342432D539C
:10E0900048410000544C532D454344482D454344CA
:10E0A00053412D574954482D4145532D3132382D78
:10E0B0004342432D53484100544C532D454344485B
:10E0C0002D45434453412D574954482D4145532D27
:10E0D0003235362D4342432D53484100544C532D85
:10E0E000454344482D45434453412D574954482DF9
:10E0F0004145532D3132382D4342432D534841324F
:10E1000035360000544C532D454344482D45434477
:10E1100053412D574954482D4145532D3132382D07
:10E1200047434D2D5348413235360000544C532D52
:10E13000454344482D45434453412D574954482DA8
:10E140004145532D3235362D4342432D53484133FB
:10E1500038340000544C532D454344482D45434426
:10E1600053412D574954482D4145532D3235362DB5
:10E1700047434D2D5348413338340000544C532D00
:10E18000454344482D45434453412D574954482D58
:10E1900043414D454C4C49412D3132382D4342438A
:10E1A0002D53484132353600544C532D4543444895
:10E1B0002D45434453412D574954482D43414D4526
:10E1C0004C4C49412D3235362D4342432D53484165
:10E1D00033383400544C532D454344482D45434473
:10E1E00053412D574954482D43414D454C4C4941CD
:10E1F0002D3132382D47434D2D53484132353600AD
:10E20000544C532D454344482D45434453412D57C9
:10E210004954482D43414D454C4C49412D323536EA
:10E220002D47434D2D53484133383400544C532D22
:10E23000454344482D45434453412D574954482DA7
:10E24000334445532D4544452D4342432D534841C6
:10E2500000000000544C532D50534B2D5749544847
:10E260002D4145532D3132382D47434D2D534841D3
:10E2700032353600544C532D50534B2D574954488A
:10E280002D4145532D3235362D47434D2D534841B1
:10E2900033383400544C532D50534B2D5749544868
:10E2A0002D4145532D3132382D4342432D534841A2
:10E2B00032353600544C532D50534B2D574954484A
:10E2C0002D4145532D3235362D4342432D53484180
:10E2D00033383400544C532D50534B2D5749544828
:10E2E0002D4145532D3132382D4342432D53484162
:10E2F00000000000544C532D50534B2D57495448A7
:10E300002D4145532D3235362D4342432D5348413F
:10E3100000000000544C532D50534B2D5749544886
:10E320002D4145532D3235362D43434D000000001D
:10E33000544C532D50534B2D574954482D41455360
:10E340002D3235362D43434D2D380000544C532D7E
:10E3500050534B2D574954482D4145532D31323898
:10E360002D43434D00000000544C532D50534B2D72
:10E37000574954482D4145532D3132382D43434D93
:10E380002D380000544C532D50534B2D57495448B1
:10E390002D43414D454C4C49412D3132382D43429E
:10E3A000432D53484132353600000000544C532D64
:10E3B00050534B2D574954482D43414D454C4C49E2
:10E3C000412D3235362D4342432D534841333834A5
:10E3D00000000000544C532D50534B2D57495448C6
:10E3E0002D43414D454C4C49412D3132382D474349
:10E3F0004D2D53484132353600000000544C532D0A
:10E4000050534B2D574954482D43414D454C4C4991
:10E41000412D3235362D47434D2D53484133383445
:10E4200000000000544C532D50534B2D5749544875
:10E430002D334445532D4544452D4342432D5348E8
:10E4400041000000544C532D4448452D50534B2D52
:10E45000574954482D4145532D3132382D47434DAE
:10E460002D53484132353600544C532D4448452DE8
:10E4700050534B2D574954482D4145532D32353675
:10E480002D47434D2D53484133383400544C532DC0
:10E490004448452D50534B2D574954482D41455321
:10E4A0002D3132382D4342432D5348413235360009
:10E4B000544C532D4448452D50534B2D57495448E7
:10E4C0002D4145532D3235362D4342432D5348417E
:10E4D00033383400544C532D4448452D50534B2D64
:10E4E000574954482D4145532D3132382D4342432D
:10E4F0002D53484100000000544C532D4448452DF5
:10E5000050534B2D574954482D4145532D323536E4
:10E510002D4342432D53484100000000544C532DDD
:10E520004448452D50534B2D574954482D41455390
:10E530002D3235362D43434D00000000544C532DF1
:10E540004448452D50534B2D574954482D41455370
:10E550002D3235362D43434D2D380000544C532D6C
:10E560004448452D50534B2D574954482D41455350
:10E570002D3132382D43434D00000000544C532DB3
:10E580004448452D50534B2D574954482D41455330
:10E590002D3132382D43434D2D380000544C532D2E
:10E5A0004448452D50534B2D574954482D43414D18
:10E5B000454C4C49412D3132382D4342432D53486F
:10E5C0004132353600000000544C532D4448452D4F
:10E5D00050534B2D574954482D43414D454C4C49C0
:10E5E000412D3235362D4342432D53484133383483
:10E5F00000000000544C532D4448452D50534B2DE2
:10E60000574954482D43414D454C4C49412D3132D9
:10E61000382D47434D2D5348413235360000000018
:10E62000544C532D4448452D50534B2D5749544875
:10E630002D43414D454C4C49412D3235362D4743F4
:10E640004D2D53484133383400000000544C532DB5
:10E650004448452D50534B2D574954482D3344457C
:10E66000532D4544452D4342432D5348410000005E
:10E67000544C532D45434448452D50534B2D574939
:10E6800054482D4145532D3132382D4342432D53AB
:10E690004841323536000000544C532D4543444820
:10E6A000452D50534B2D574954482D4145532D323C
:10E6B00035362D4342432D53484133383400000052
:10E6C000544C532D45434448452D50534B2D5749E9
:10E6D00054482D4145532D3132382D4342432D535B
:10E6E00048410000544C532D45434448452D505358
:10E6F0004B2D574954482D4145532D3235362D4326
:10E7000042432D5348410000544C532D4543444847
:10E71000452D50534B2D574954482D43414D454CA1
:10E720004C49412D3132382D4342432D534841321B
:10E7300035360000544C532D45434448452D505325
:10E740004B2D574954482D43414D454C4C49412D83
:10E750003235362D4342432D53484133383400007F
:10E76000544C532D45434448452D50534B2D574948
:10E7700054482D334445532D4544452D4342432DA4
:10E7800053484100544C532D5253412D50534B2D5F
:10E79000574954482D4145532D3132382D47434D6B
:10E7A0002D53484132353600544C532D5253412D90
:10E7B00050534B2D574954482D4145532D32353632
:10E7C0002D47434D2D53484133383400544C532D7D
:10E7D0005253412D50534B2D574954482D414553C9
:10E7E0002D3132382D4342432D53484132353600C6
:10E7F000544C532D5253412D50534B2D574954488F
:10E800002D4145532D3235362D4342432D5348413A
:10E8100033383400544C532D5253412D50534B2D0B
:10E82000574954482D4145532D3132382D434243E9
:10E830002D53484100000000544C532D5253412D9C
:10E8400050534B2D574954482D4145532D323536A1
:10E850002D4342432D53484100000000544C532D9A
:10E860005253412D50534B2D574954482D43414D40
:10E87000454C4C49412D3132382D4342432D5348AC
:10E880004132353600000000544C532D5253412D77
:10E8900050534B2D574954482D43414D454C4C49FD
:10E8A000412D3235362D4342432D534841333834C0
:10E8B00000000000544C532D5253412D50534B2D0A
:10E8C000574954482D43414D454C4C49412D313217
:10E8D000382D47434D2D5348413235360000000056
:10E8E000544C532D5253412D50534B2D574954489E
:10E8F0002D43414D454C4C49412D3235362D474332
:10E900004D2D53484133383400000000544C532DF2
:10E910005253412D50534B2D574954482D334445A4
:10E92000532D4544452D4342432D5348410000009B
:10E93000636C69656E742066696E697368656400EE
:10E940007365727665722066696E697368656400C6
:10E9500044544C5376312E300000000044544C5344
:10E9600076312E3200000000756E6B6E6F776E2070
:10E970002844544C53290000657874656E646564BE
:10E98000206D617374657220736563726574000035
:10E990006D61737465722073656372657400000045
:10E9A0006B657920657870616E73696F6E00000029
:10E9B00053534C76332E3000544C5376312E300066
:10E9C000544C5376312E3100544C5376312E320054
:10E9D000202B20002C20000025733D003F3F3D00F0
:10E9E00025303258257300002E2E2E2E00000000F8
:10E9F0002020582E3530392063657274696669634A
:10EA0000617465206C6F61643A20000070617373FB
:10EA100065640A2020582E353039207369676E618D
:10EA200074757265207665726966793A2000000017
:10EA30002A864886F70D0101080000003F3F3F008D
:10EA4000202825732C204D4746312D25732C20304E
:10EA500078253032582900002573206B65792073A2
:10EA6000697A6500747275650000000066616C73F8
:10EA7000650000000A4365727469666963617465C4
:10EA800020697320756E696E697469616C6973655C
:10EA900064210A002573636572742E207665727393
:10EAA000696F6E20202020203A2025640A00000093
:10EAB000257373657269616C206E756D6265722075
:10EAC000202020203A2000000A25736973737565A1
:10EAD00072206E616D65202020202020203A2000C9
:10EAE0000A25737375626A656374206E616D6520B3
:10EAF00020202020203A20000A2573697373756551
:10EB00006420206F6E20202020202020203A202505
:10EB10003034642D253032642D2530326420253088
:10EB200032643A253032643A253032640000000005
:10EB30000A257365787069726573206F6E202020D6
:10EB400020202020203A20253034642D25303264C6
:10EB50002D2530326420253032643A253032643A33
:10EB600025303264000000000A25737369676E6502
:10EB700064207573696E672020202020203A2000D1
:10EB80000A2573252D3138733A2025642062697473
:10EB9000730000000A2573626173696320636F6EFE
:10EBA00073747261696E7473203A2043413D25731A
:10EBB000000000002C206D61785F706174686C65E6
:10EBC0006E3D2564000000000A25737375626A6556
:10EBD000637420616C74206E616D6520203A2000A2
:10EBE0000A2573636572742E207479706520202065
:10EBF00020202020203A2000257353534C20436CC2
:10EC000069656E7400000000257353534C205365F2
:10EC100072766572000000002573456D61696C00B5
:10EC200025734F626A656374205369676E696E6706
:10EC300000000000257352657365727665640000FC
:10EC4000257353534C204341000000002573456D4C
:10EC500061696C204341000025734F626A656374EB
:10EC6000205369676E696E67204341000A25736B04
:10EC70006579207573616765202020202020202081
:10EC8000203A200025734469676974616C205369D8
:10EC9000676E61747572650025734E6F6E205265E4
:10ECA000707564696174696F6E00000025734B654F
:10ECB0007920456E6369706865726D656E740000D9
:10ECC00025734461746120456E6369706865726D77
:10ECD000656E740025734B65792041677265656DBB
:10ECE000656E740025734B657920436572742053FB
:10ECF00069676E00257343524C205369676E0000AC
:10ED00002573456E636970686572204F6E6C79007B
:10ED100025734465636970686572204F6E6C790075
:10ED20000A2573657874206B657920757361676552
:10ED300020202020203A20002573257300000000A9
:10ED400054686520636572746966696361746520DF
:10ED500076616C6964697479206861732065787084
:10ED60006972656400000000257325730A000000C5
:10ED70002573556E6B6E6F776E20726561736F6E63
:10ED80002028746869732073686F756C64206E6FD7
:10ED9000742068617070656E290A00002D2D2D2D7C
:10EDA0002D424547494E2043455254494649434127
:10EDB00054452D2D2D2D2D002D2D2D2D2D454E4421
:10EDC0002043455254494649434154452D2D2D2D4C
:10EDD0002D0000005468652063657274696669637C
:10EDE00061746520686173206265656E2072657666
:10EDF0006F6B656420286973206F6E206120435219
:10EE00004C29000054686520636572746966696303
:10EE100061746520436F6D6D6F6E204E616D65206E
:10EE200028434E2920646F6573206E6F74206D61D6
:10EE300074636820776974682074686520657870E9
:10EE4000656374656420434E0000000054686520CB
:10EE50006365727469666963617465206973206EA5
:10EE60006F7420636F72726563746C792073696765
:10EE70006E6564206279207468652074727573749D
:10EE800065642043410000005468652043524C20D3
:10EE90006973206E6F7420636F72726563746C792E
:10EEA000207369676E6564206279207468652074D8
:10EEB00072757374656420434100000054686520D6
:10EEC00043524C2069732065787069726564000054
:10EED0004365727469666963617465207761732044
:10EEE0006D697373696E67004365727469666963FF
:10EEF00061746520766572696669636174696F6EB5
:10EF00002077617320736B69707065640000000086
:10EF10004F7468657220726561736F6E202863613B
:10EF20006E20626520757365642062792076657253
:10EF30006966792063616C6C6261636B2900000013
:10EF400054686520636572746966696361746520DD
:10EF500076616C696469747920737461727473206A
:10EF6000696E2074686520667574757265000000AE
:10EF70005468652043524C2069732066726F6D207F
:10EF800074686520667574757265000055736167F5
:10EF90006520646F6573206E6F74206D61746368A3
:10EFA00020746865206B65795573616765206578A5
:10EFB00074656E73696F6E00557361676520646F69
:10EFC0006573206E6F74206D61746368207468656A
:10EFD00020657874656E6465644B65795573616707
:10EFE0006520657874656E73696F6E00557361672F
:10EFF0006520646F6573206E6F74206D6174636843
:10F0000020746865206E734365727454797065204E
:10F01000657874656E73696F6E00000054686520D2
:10F0200063657274696669636174652069732073CE
:10F0300069676E6564207769746820616E20756EFB
:10F0400061636365707461626C6520686173682ECA
:10F050000000000054686520636572746966696326
:10F06000617465206973207369676E6564207769D0
:10F07000746820616E20756E61636365707461628F
:10F080006C6520504B20616C6720286567205253C7
:10F0900041207673204543445341292E000000004F
:10F0A000546865206365727469666963617465207C
:10F0B0006973207369676E6564207769746820617D
:10F0C0006E20756E61636365707461626C65206B40
:10F0D00065792028656720626164206375727665B2
:10F0E0002C2052534120746F6F2073686F72742903
:10F0F0002E0000005468652043524C206973207331
:10F1000069676E6564207769746820616E20756E2A
:10F1100061636365707461626C6520686173682EF9
:10F12000000000005468652043524C20697320732E
:10F1300069676E6564207769746820616E20756EFA
:10F1400061636365707461626C6520504B20616C13
:10F150006720286567205253412076732045434439
:10F160005341292E000000005468652043524C2072
:10F170006973207369676E656420776974682061BC
:10F180006E20756E61636365707461626C65206B7F
:10F1900065792028656720626164206375727665F1
:10F1A0002C2052534120746F6F2073686F72742942
:10F1B0002E0000006173696E00000000706F770020
:10F1C0007371727400000000504F534958000000E2
:10F1D000494E4600696E66004E414E006E616E00FB
:10F1E00030313233343536373839616263646566BD
:10F1F00000000000286E756C6C290000303132333D
:10F200003435363738396162636465666768696AC0
:10F210006B6C6D6E6F707172737475767778797AC6
:10F2200000000000496E66696E6974790000000094
:10F230004E614E00000100008464002012000000B6
:10F2400000060000F8F702600A000000000200005B
:10F25000ACF702604B0000000007000060F702609E
:10F260004B000000000300005CF70260000000009B
:10F270000103090444F702600000000002030904CE
:10F280002CF70260000000000303090490690020CD
:10F29000000000000000000000000000000000006E
:10F2A000303030303030303030303030303030305E
:10F2B000303030303030303030303030303030304E
:10F2C0000000000000208C400000000014560020C8
:10F2D0007C560020E45600200000000000000000E2
:10F2E000000000000000000000000000000000001E
:10F2F000000000000000000000000000000000000E
:10F3000000000000000000000000000000000000FD
:10F3100000000000000000000000000000000000ED
:10F3200000000000000000000000000000000000DD
:10F3300000000000000000000000000000000000CD
:10F3400000000000000000000000000000000000BD
:10F3500000000000000000000000000000000000AD
:10F36000000000000000000000000000000000009D
:10F3700001000000000000000E33CDAB34126DE63A
:10F38000ECDE05000B0000000000000000000000A3
:10F39000000000000000000000000000000000006D
:10F3A000000000000000000000000000000000005D
:10F3B000000000000000000000000000000000004D
:10F3C000000000000000000000000000000000003D
:10F3D000000000000000000000000000000000002D
:10F3E000000000000000000000000000000000001D
:10F3F000000000000000000000000000000000000D
:10F4000000000000000000000000000000000000FC
:10F4100000000000000000000000000000000000EC
:10F4200000000000000000000000000000000000DC
:10F4300000000000000000000000000000000000CC
:10F4400000000000000000000000000000000000BC
:10F4500000000000000000000000000000000000AC
:10F46000000000000000000000000000000000009C
:10F47000000000000000000000000000000000008C
:10F48000000000000000000000000000000000007C
:10F49000000000000000000000000000000000006C
:10F4A000000000000000000000000000000000005C
:10F4B000000000000000000000000000000000004C
:10F4C000000000000000000000000000000000003C
:10F4D000000000000000000000000000000000002C
:10F4E000000000000000000000000000000000001C
:10F4F000000000000000000000000000000000000C
:10F5000000000000000000000000000000000000FB
:10F5100000000000000000000000000000000000EB
:10F5200000000000000000000000000000000000DB
:10F5300000000000000000000000000000000000CB
:10F5400000000000000000000000000000000000BB
:10F5500000000000000000000000000000000000AB
:10F56000000000000000000000000000000000009B
:10F57000000000000000000000000000000000008B
:10F58000000000000000000000000000000000007B
:10F59000000000000000000000000000000000006B
:10F5A000000000000000000000000000000000005B
:10F5B000000000000000000000000000000000004B
:10F5C000000000000000000000000000000000003B
:10F5D000000000000000000000000000000000002B
:10F5E000000000000000000000000000000000001B
:10F5F000000000000000000000000000000000000B
:10F6000000000000000000000000000000000000FA
:10F6100000000000000000000000000000000000EA
:10F6200000000000000000000000000000000000DA
:10F6300000000000000000000000000000000000CA
:10F6400000000000000000000000000000000000BA
:10F6500000000000000000000000000000000000AA
:10F66000000000000000000000000000000000009A
:10F67000000000000000000000000000000000008A
:10F68000000000000000000000000000000000007A
:10F69000000000000000000000000000000000006A
:10F6A000000000000000000000000000000000005A
:10F6B000000000000000000000000000000000004A
:10F6C000000000000000000000000000000000003A
:10F6D000000000000000000000000000000000002A
:10F6E000000000000000000000000000000000001A
:10F6F00000000000B8220000B90800000029DE0761
:10F70000007B9A1780817EFA08000000000000004C
:10F7100000CC000080817EFD080000000000000099
:10F7200000CC00005006002000000000E8030000AC
:10F73000000000002C06002000000000E80300008C
:10F7400000000000000019404C5D00200000000097
:10F75000D8A80020D8A7002000000000000000006A
:10F7600028000000400000002800000040000000C9
:10F770000000000000000000000000000000000089
:10F780000000000000000000000000000000000079
:10F79000000000002C06002000000000E80300002C
:10F7A0000000000000801840E85C0020000000001D
:10F7B00000A9002018A800200000000000000000A0
:10F7C0002800000040000000280000004000000069
:10F7D0000000000000000000000000000000000029
:10F7E0000000000000000000000000000000000019
:10F7F000000000002C06002000000000E8030000CC
:10F800000000000000001A40145E0020000000000C
:10F8100028A9002058A800200000000000000000D7
:10F820002800000040000000280000004000000008
:10F8300000000000000000000000000000000000C8
:10F8400000000000000000000000000000000000B8
:10F85000000000002C06002000000000E80300006B
:10F860000000000000C01940B05D00200000000052
:10F8700050A9002098A8002000000000000000000F
:10F8800028000000400000002800000040000000A8
:10F890000000000000000000000000000000000068
:10F8A0000000000000000000000000000000000058
:10F8B00000000000B4580020945700205458002045
:10F8C0007806002000000000E803000000000000AF
:10F8D00000003F40D8F60260000000000000000079
:10F8E0000000000000000000000000000000000018
:10F8F0000000000000000000000000000000000008
:10F9000000000000000000000000000000000000F7
:10F9100000000000000000000000000000000000E7
:10F9200000000000000000000000000000000000D7
:10F9300000000000000000000000000000000000C7
:10F9400000000000000000000000000000000000B7
:10F9500000000000000000000000000000000000A7
:10F960000000000000000000000000000000000097
:10F970000000000000000000000000000000000087
:10F980000000000000000000000000000000000077
:10F990000000000000000000000000000000000067
:10F9A0000000000000000000000000000000000057
:10F9B0000000000000000000000000000000000047
:10F9C0000000000000000000000000000000000037
:10F9D0000000000000000000000000000000000027
:10F9E0000000000000000000000000000000000017
:10F9F0000000000000000000000000000000000007
:10FA00007806002000000000E8030000000000006D
:10FA100000803F4088F60260000000000000000007
:10FA200000000000000000000000000000000000D6
:10FA300000000000000000000000000000000000C6
:10FA400000000000000000000000000000000000B6
:10FA500000000000000000000000000000000000A6
:10FA60000000000000000000000000000000000096
:10FA70000000000000000000000000000000000086
:10FA80000000000000000000000000000000000076
:10FA90000000000000000000000000000000000066
:10FAA0000000000000000000000000000000000056
:10FAB0000000000000000000000000000000000046
:10FAC0000000000000000000000000000000000036
:10FAD0000000000000000000000000000000000026
:10FAE0000000000000000000000000000000000016
:10FAF0000000000000000000000000000000000006
:10FB000000000000000000000000000000000000F5
:10FB100000000000000000000000000000000000E5
:10FB200000000000000000000000000000000000D5
:10FB300000000000000000000000000000000000C5
:10FB40007806002000000000E8030000000000002C
:10FB500000C03F4038F602600000000000000000D6
:10FB60000000000000000000000000000000000095
:10FB70000000000000000000000000000000000085
:10FB80000000000000000000000000000000000075
:10FB90000000000000000000000000000000000065
:10FBA0000000000000000000000000000000000055
:10FBB0000000000000000000000000000000000045
:10FBC0000000000000000000000000000000000035
:10FBD0000000000000000000000000000000000025
:10FBE0000000000000000000000000000000000015
:10FBF0000000000000000000000000000000000005
:10FC000000000000000000000000000000000000F4
:10FC100000000000000000000000000000000000E4
:10FC200000000000000000000000000000000000D4
:10FC300000000000000000000000000000000000C4
:10FC400000000000000000000000000000000000B4
:10FC500000000000000000000000000000000000A4
:10FC60000000000000000000000000000000000094
:10FC70000000000000000000000000000000000084
:10FC800000000000800000000215000091EE00005E
:10FC9000F10B010029F7026068C00F40000000303E
:10FCA0000F000000020000002C851F400100000032
:10FCB000FF000000FF000000000000000000000046
:10FCC0000E0000000200000030851F40010000000F
:10FCD000FF000000FF000000000000000000000026
:10FCE00013024000260018007800000001170000F1
:10FCF00085EE0000ED0B010028F702606CC00F409C
:10FD000000000003070000000200000040851F40C3
:10FD100002000000FF000000FF00000000000000E3
:10FD200000000000080000000200000044851F40A1
:10FD300002000000FF000000FF00000000000000C3
:10FD400000000000FF004000260018007A000000BC
:10FD5000061A0000A9EE0000F90B01002BF7026063
:10FD60007CC00F400000000C1C00000002000000DE
:10FD700058851F4001000000FF000000FF00000048
:10FD800000000000000000001D0000000200000054
:10FD90005C851F4001000000FF000000FF00000024
:10FDA0000000000000000000FF00400026001800D6
:10FDB0007D000000041B00009DEE0000F50B01001B
:10FDC0002AF7026080C00F4000C00000150000004C
:10FDD0000200000060851F40010000002E000000AE
:10FDE0000200000060851F400000000014000000B9
:10FDF0000200000064851F40010000002F00000089
:10FE00000200000064851F40000000002B0240003B
:10FE1000260018007E0000000000000080000000A6
:10FE2000FFFFFFFF803020204300000000000000A3
:10FE300000000000000000000000000000000000C2
:10FE4000000000000000000043000000000000006F
:10FE500000000000000000000000000000000000A2
:10FE6000000000000000000043000000000000004F
:10FE70000000000000000000000000000000000082
:10FE8000000000000000000043000000000000002F
:10FE90000000000000000000000000000000000062
:10FEA000000000000000000043000000000000000F
:10FEB0000000000000000000000000000000000042
:10FEC00000000000000000004300000000000000EF
:10FED0000000000000000000000000000000000022
:10FEE00000000000000000004300000000000000CF
:10FEF0000000000000000000000000000000000002
:10FF000000000000000000005D810100514101007F
:10FF100000000000C80800201052002034250020F6
:10FF200034250020342500203425002034250020ED
:10FF300034250020342500203425002034250020DD
:10FF4000FFFFFFFFFFFFFFFFFFFFFFFFFFFF0000BF
:10FF50000100415343494900000000000000000037
:10FF60000000000000000000000000000000000091
:10FF70000000415343494900000000000000000018
:10FF80000000000000000000000000000000000071
:10FF9000000000000000000000000000F45F0020EE
:10FFA000F45F0020FC5F0020FC5F00200460002064
:10FFB000046000200C6000200C6000201460002011
:10FFC000146000201C6000201C60002024600020C1
:10FFD000246000202C6000202C6000203460002071
:10FFE000346000203C6000203C6000204460002021
:10FFF000446000204C6000204C60002054600020D1
:02000004600595
:10000000546000205C6000205C6000206460002080
:10001000646000206C6000206C6000207460002030
:10002000746000207C6000207C60002084600020E0
:10003000846000208C6000208C6000209460002090
:10004000946000209C6000209C600020A460002040
:10005000A4600020AC600020AC600020B4600020F0
:10006000B4600020BC600020BC600020C4600020A0
:10007000C4600020CC600020CC600020D460002050
:10008000D4600020DC600020DC600020E460002000
:10009000E4600020EC600020EC600020F4600020B0
:1000A000F4600020FC600020FC600020046100205F
:1000B000046100200C6100200C610020146100200C
:1000C000146100201C6100201C61002024610020BC
:1000D000246100202C6100202C610020346100206C
:1000E000346100203C6100203C610020446100201C
:1000F000446100204C6100204C61002054610020CC
:10010000546100205C6100205C610020646100207B
:10011000646100206C6100206C610020746100202B
:10012000746100207C6100207C61002084610020DB
:10013000846100208C6100208C610020946100208B
:10014000946100209C6100209C610020A46100203B
:10015000A4610020AC610020AC610020B4610020EB
:10016000B4610020BC610020BC610020C46100209B
:10017000C4610020CC610020CC610020D46100204B
:10018000D4610020DC610020DC610020E4610020FB
:10019000E4610020EC610020EC610020F4610020AB
:1001A000F4610020FC610020FC610020046200205A
:1001B000046200200C6200200C6200201462002007
:1001C000146200201C6200201C62002024620020B7
:1001D000246200202C6200202C6200203462002067
:1001E000346200203C6200203C6200204462002017
:1001F000446200204C6200204C62002054620020C7
:10020000546200205C6200205C6200206462002076
:10021000646200206C6200206C6200207462002026
:10022000746200207C6200207C62002084620020D6
:10023000846200208C6200208C6200209462002086
:10024000946200209C6200209C620020A462002036
:10025000A4620020AC620020AC620020B4620020E6
:10026000B4620020BC620020BC620020C462002096
:10027000C4620020CC620020CC620020D462002046
:10028000D4620020DC620020DC620020E4620020F6
:10029000E4620020EC620020EC620020F4620020A6
:1002A000F4620020FC620020FC6200200463002055
:1002B000046300200C6300200C6300201463002002
:1002C000146300201C6300201C63002024630020B2
:1002D000246300202C6300202C6300203463002062
:1002E000346300203C6300203C6300204463002012
:1002F000446300204C6300204C63002054630020C2
:10030000546300205C6300205C6300206463002071
:10031000646300206C6300206C6300207463002021
:10032000746300207C6300207C63002084630020D1
:10033000846300208C6300208C6300209463002081
:10034000946300209C6300209C630020A463002031
:10035000A4630020AC630020AC630020B4630020E1
:10036000B4630020BC630020BC630020C463002091
:10037000C4630020CC630020CC630020D463002041
:10038000D4630020DC630020DC630020E4630020F1
:10039000E4630020EC630020EC630020FFFFFFFF1C
:1003A0000000020028530020B562013C000000005C
:1003B000000000000000000000000000000000003D
:1003C000000000000000000000000000000000002D
:1003D000000000000000000000000000000000001D
:1003E000000000000000000000000000000000000D
:1003F00021414F47A017002019000000C012000043
:1004000080250000004B00000096000000E1000085
:1004100000C20100008403000008070000100E0065
:100420001900000012010002EF020140C01683040F
:1004300080020102030100006574683000000000C2
:10044000DC05000058650020740D0020000000004D
:10045000000000000000000000000000000000009C
:10046000000000000000000000000000000000008C
:10047000000000000000000000000000000000007C
:10048000000000000000000000000000000000006C
:1004900000000000010306333A3B000001040000A5
:1004A00000802D4000802D408200000000000000F0
:1004B000000000000000000000000000000000003C
:1004C000000000000000000000000000000000002C
:1004D000C06E0020000000000100000001000000CC
:1004E00000000000000000001D840000000000006B
:1004F0000000000000000000006500200000000077
:1005000000000000416600002D670000C167000088
:10051000B15F0000AD5F00000000000000000000BF
:1005200000000000000000000000000000000000CB
:1005300000000000000000000000000000000000BB
:1005400000000000000000000000000000000000AB
:10055000000000000000000000000000000000009B
:10056000000000000000000000000000000000008B
:10057000000000000000000000000000000000007B
:10058000000000000000000000000000000000006B
:10059000000000000000000000000000000000005B
:1005A000000000000000000000000000000000004B
:1005B000000000000000000000000000000000003B
:1005C000000000000000000000000000000000002B
:1005D000000000000000000000000000000000001B
:1005E000000000000000000000000000000000000B
:1005F00000000000000000000000000000000000FB
:1006000000000000000000000000000000000000EA
:1006100000000000000000000100030000000000D6
:100620000000000091A60000ADA600000000000040
:1006300000000000C40D00200000000001000100C7
:10064000060000001DBF0000E5DA0000A5CE000096
:10065000A5BE0000A9D60000F00D0020000000009B
:10066000010002001100000000000000E1DE0000B7
:10067000FDDE0000E1E00000000000001C0E002094
:1006800080817E7E0500000000004700808179792E
:100690000500000000004700020400000000000008
:1006A00085FF000085FF000085FF000085FF00003A
:1006B00085FF000085FF000085FF000085FF00002A
:1006C00085FF000085FF000085FF000085FF00001A
:1006D00085FF000085FF000085FF000085FF00000A
:1006E00085FF000085FF000085FF000085FF0000FA
:1006F00085FF000085FF000085FF000085FF0000EA
:1007000085FF000085FF000085FF000085FF0000D9
:1007100085FF000085FF000085FF000085FF0000C9
:1007200085FF000085FF000085FF000085FF0000B9
:1007300085FF000085FF000085FF000085FF0000A9
:1007400085FF000085FF000085FF000085FF000099
:1007500085FF000085FF000085FF000085FF000089
:1007600085FF000085FF000085FF000085FF000079
:1007700085FF000085FF000085FF000085FF000069
:1007800085FF000085FF000085FF000085FF000059
:1007900085FF000085FF000085FF000085FF000049
:1007A00085FF000085FF000085FF000085FF000039
:1007B00085FF000085FF000085FF000085FF000029
:1007C00085FF000085FF000085FF000085FF000019
:1007D00085FF000085FF000085FF000085FF000009
:1007E00085FF000085FF000085FF000085FF0000F9
:1007F00085FF000085FF000085FF000085FF0000E9
:1008000085FF000085FF000085FF000085FF0000D8
:1008100085FF000085FF000085FF000085FF0000C8
:1008200085FF000085FF000085FF000085FF0000B8
:1008300085FF000085FF000085FF000085FF0000A8
:1008400085FF000085FF000085FF000085FF000098
:1008500085FF000085FF000085FF000085FF000088
:1008600085FF000085FF000085FF000085FF000078
:1008700085FF000085FF000085FF000085FF000068
:1008800085FF000085FF000085FF000085FF000058
:1008900085FF000085FF000085FF000085FF000048
:1008A0000000560000780000009702603875026072
:1008B000A9420100C0A805000100000001020300D8
:1008C0000000000000000000000000000000000028
:1008D000000000000F2700000014000008000000C6
:1008E00007000000060000000500000004000000F2
:1008F000000000002BC000002CC000000000000021
:1009000003040000060000000700000000000000D3
:1009100000000001010000000000050000000000D0
:10092000280A0000093C00000000F0410000803F60
:100930000C030000000000000000000000000000A8
:1009400000000000000000C0010D0DFF01010801C2
:100950000301246601000000000000000000000008
:100960000000000000000000000000000000000087
:100970000000000000000000000000000000000077
:100980000000000000000000000000000000000067
:100990000000000000000000000000000000000057
:1009A0000000000000000000000000000000000047
:1009B0000000000000000000000000000000000037
:1009C0000000000000000000000000000000000027
:1009D0000000000000000000000000000000000017
:1009E0000000000000000000000000000000000007
:1009F00000000000000000000000000000000000F7
:100A000000000000000000000000000000000000E6
:100A100000000000000000000000000000000000D6
:100A200000000000000000000000000000000000C6
:100A300000000000000000000000000000000000B6
:100A400000000000000000000000000000000000A6
:100A50000000000000000000000000000000000096
:100A60000000000000000000000000000000000086
:100A70000000000000000000000000000000000076
:100A80000000000000000000000000000000000066
:100A90000000000000000000000000000000000056
:100AA0000000000000000000000000000000000046
:100AB0000000000000000000000000000000000036
:100AC0000000000000000000000000000000000026
:100AD0000000000000000000000000000000000016
:100AE0000000000000000000000000000000000006
:100AF00000000000000000000000000000000000F6
:100B000000000000000000000000000000000000E5
:100B100000000000000000000000000000000000D5
:100B200000000000000000000000000000000000C5
:100B300000000000000000000000000000000000B5
:100B400000000000000000000000000000000000A5
:100B50000000000000000000000000000000000095
:100B60000000000000000000000000000000000085
:100B70000000000000000000000000000000000075
:100B80000000000000000000000000000000000065
:100B90000000000000000000000000000000000055
:100BA0000000000000000000000000000000000045
:100BB0000000000000000000000000000000000035
:100BC0000000000000000000000000000000000025
:100BD0000000000000000000000000000000000015
:100BE0000000000000000000000000000000000005
:100BF00000000000000000000000000000000000F5
:100C000000000000000000000000000000000000E4
:100C100000000000000000000000000000000000D4
:100C200000000000000000000000000000000000C4
:100C300000000000000000000000000000000000B4
:100C400000000000000000000000000000000000A4
:100C50000000000000000000000000000000000094
:100C60000000000000000000000000000000000084
:100C70000000000000000000000000000000000074
:100C80000000000000000000000000000000000064
:100C90000000000000000000000000000000000054
:100CA0000000000000000000000000000000000044
:100CB0000000000000000000000000000000000034
:100CC0000000000000000000000000000000000024
:100CD0000000000000000000000000000000000014
:100CE0000000000000000000000000000000000004
:100CF00000000000000000000000000000000000F4
:100D000000000000000000000000000000000000E3
:100D100000000000000000000000000000000000D3
:100D200000000000000000000000000000000000C3
:100D300000000000000000000000000000000000B3
:100D400000000000000000000000000000000000A3
:100D50000000000000000000000000000000000093
:100D60000000000000000000000000000000000083
:100D70000000000000000000000000000000000073
:100D80000000000000000000000000000000000063
:100D90000000000000000000000000000000000053
:100DA0000000000000000000000000000000000043
:100DB0000000000000000000000000000000000033
:100DC0000000000000000000000000000000000023
:100DD0000000000000000000000000000000000013
:100DE0000000000000000000000000000000000003
:100DF00000000000000000000000000000000000F3
:100E000000000000000000000000000000000000E2
:100E100000000000000000000000000000000000D2
:100E200000000000000000000000000000000000C2
:100E300000000000000000000000000000000000B2
:100E400000000000000000000000000000000000A2
:100E50000000000000000000000000000000000092
:100E60000000000000000000000000000000000082
:100E70000000000000000000000000000000000072
:100E80000000000000000000000000000000000062
:100E90000000000000000000000000000000000052
:100EA0000000000000000000000000000000000042
:100EB0000000000000000000000000000000000032
:100EC0000000000000000000000000000000000022
:100ED0000000000000000000000000000000000012
:100EE0000000000000000000000000000000000002
:100EF00000000000000000000000000000000000F2
:100F000000000000000000000000000000000000E1
:100F100000000000000000000000000000000000D1
:100F200000000000000000000000000000000000C1
:100F300000000000000000000000000000000000B1
:100F400000000000000000000000000000000000A1
:100F50000000000000000000000000000000000091
:100F60000000000000000000000000000000000081
:100F70000000000000000000000000000000000071
:100F80000000000000000000000000000000000061
:100F90000000000000000000000000000000000051
:100FA0000000000000000000000000000000000041
:100FB0000000000000000000000000000000000031
:100FC0000000000000000000000000000000000021
:100FD0000000000000000000000000000000000011
:100FE0000000000000000000000000000000000001
:100FF00000000000000000000000000000000000F1
:1010000000000000000000000000000000000000E0
:1010100000000000000000000000000000000000D0
:1010200000000000000000000000000000000000C0
:1010300000000000000000000000000000000000B0
:1010400000000000000000000000000000000000A0
:101050000000000000000000000000000000000090
:101060000000000000000000000000000000000080
:101070000000000000000000000000000000000070
:101080000000000000000000000000000000000060
:101090000000000000000000000000000000000050
:1010A0000000000000000000000000000000000040
:1010B0000000000000000000000000000000000030
:1010C0000000000000000000000000000000000020
:1010D0000000000000000000000000000000000010
:1010E0000000000000000000000000000000000000
:1010F00000000000000000000000000000000000F0
:1011000000000000000000000000000000000000DF
:1011100000000000000000000000000000000000CF
:1011200000000000000000000000000000000000BF
:1011300000000000000000000000000000000000AF
:10114000000000000000000000000000000000009F
:10115000000000000000000000000000000000008F
:10116000000000000000000000000000000000007F
:10117000000000000000000000000000000000006F
:10118000000000000000000000000000000000005F
:10119000000000000000000000000000000000004F
:1011A000000000000000000000000000000000003F
:1011B000000000000000000000000000000000002F
:1011C000000000000000000000000000000000001F
:1011D000000000000000000000000000000000000F
:1011E00000000000000000000000000000000000FF
:1011F00000000000000000000000000000000000EF
:1012000000000000000000000000000000000000DE
:1012100000000000000000000000000000000000CE
:1012200000000000000000000000000000000000BE
:1012300000000000000000000000000000000000AE
:10124000000000000000000000000000000000009E
:10125000000000000000000000000000000000008E
:10126000000000000000000000000000000000007E
:10127000000000000000000000000000000000006E
:10128000000000000000000000000000000000005E
:10129000000000000000000000000000000000004E
:1012A000000000000000000000000000000000003E
:1012B000000000000000000000000000000000002E
:1012C000000000000000000000000000000000001E
:1012D000000000000000000000000000000000000E
:1012E00000000000000000000000000000000000FE
:1012F00000000000000000000000000000000000EE
:1013000000000000000000000000000000000000DD
:1013100000000000000000000000000000000000CD
:1013200000000000000000000000000000000000BD
:1013300000000000000000000000000000000000AD
:10134000000000000000000000000000000000009D
:10135000000000000000000000000000000000008D
:10136000000000000000000000000000000000007D
:10137000000000000000000000000000000000006D
:10138000000000000000000000000000000000005D
:10139000000000000000000000000000000000004D
:1013A000000000000000000000000000000000003D
:1013B000000000000000000000000000000000002D
:1013C000000000000000000000000000000000001D
:1013D000000000000000000000000000000000000D
:1013E00000000000000000000000000000000000FD
:1013F00000000000000000000000000000000000ED
:1014000000000000000000000000000000000000DC
:1014100000000000000000000000000000000000CC
:1014200000000000000000000000000000000000BC
:1014300000000000000000000000000000000000AC
:10144000000000000000000000000000000000009C
:10145000000000000000000000000000000000008C
:10146000000000000000000000000000000000007C
:10147000000000000000000000000000000000006C
:10148000000000000000000000000000000000005C
:10149000000000000000000000000000000000004C
:1014A000000000000000000000000000000000003C
:1014B000000000000000000000000000000000002C
:1014C000000000000000000000000000000000001C
:1014D000000000000000000000000000000000000C
:1014E00000000000000000000000000000000000FC
:1014F00000000000000000000000000000000000EC
:1015000000000000000000000000000000000000DB
:1015100000000000000000000000000000000000CB
:1015200000000000000000000000000000000000BB
:1015300000000000000000000000000000000000AB
:10154000000000000000000000000000000000009B
:10155000000000000000000000000000000000008B
:10156000000000000000000000000000000000007B
:10157000000000000000000000000000000000006B
:10158000000000000000000000000000000000005B
:10159000000000000000000000000000000000004B
:1015A000000000000000000000000000000000003B
:1015B000000000000000000000000000000000002B
:1015C000000000000000000000000000000000001B
:1015D000000000000000000000000000000000000B
:1015E00000000000000000000000000000000000FB
:1015F00000000000000000000000000000000000EB
:1016000000000000000000000000000000000000DA
:1016100000000000000000000000000000000000CA
:1016200000000000000000000000000000000000BA
:1016300000000000000000000000000000000000AA
:10164000000000000000000000000000000000009A
:10165000000000000000000000000000000000008A
:10166000000000000000000000000000000000007A
:10167000000000000000000000000000000000006A
:10168000000000000000000000000000000000005A
:10169000000000000000000000000000000000004A
:1016A000000000000000000000000000000000003A
:1016B000000000000000000000000000000000002A
:1016C000000000000000000000000000000000001A
:1016D000000000000000000000000000000000000A
:1016E00000000000000000000000000000000000FA
:1016F00000000000000000000000000000000000EA
:1017000000000000000000000000000000000000D9
:1017100000000000000000000000000000000000C9
:1017200000000000000000000000000000000000B9
:1017300000000000000000000000000000000000A9
:101740000000000000000000000000000000000099
:101750000000000000000000000000000000000089
:101760000000000000000000000000000000000079
:101770000000000000000000000000000000000069
:101780000000000000000000000000000000000059
:101790000000000000000000000000000000000049
:1017A0000000000000000000000000000000000039
:1017B0000000000000000000000000000000000029
:1017C0000000000000000000000000000000000019
:1017D0000000000000000000000000000000000009
:1017E00000000000000000000000000000000000F9
:1017F00000000000000000000000000000000000E9
:1018000000000000000000000000000000000000D8
:1018100000000000000000000000000000000000C8
:1018200000000000000000000000000000000000B8
:1018300000000000000000000000000000000000A8
:101840000000000000000000000000000000000098
:101850000000000000000000000000000000000088
:101860000000000000000000000000000000000078
:101870000000000000000000000000000000000068
:101880000000000000000000000000000000000058
:101890000000000000000000000000000000000048
:1018A0000000000000000000000000000000000038
:1018B0000000000000000000000000000000000028
:1018C0000000000000000000000000000000000018
:1018D0000000000000000000000000000000000008
:1018E00000000000000000000000000000000000F8
:1018F00000000000000000000000000000000000E8
:1019000000000000000000000000000000000000D7
:1019100000000000000000000000000000000000C7
:1019200000000000000000000000000000000000B7
:1019300000000000000000000000000000000000A7
:101940000000000000000000000000000000000097
:101950000000000000000000000000000000000087
:101960000000000000000000000000000000000077
:101970000000000000000000000000000000000067
:101980000000000000000000000000000000000057
:101990000000000000000000000000000000000047
:1019A0000000000000000000000000000000000037
:1019B0000000000000000000000000000000000027
:1019C0000000000000000000000000000000000017
:1019D0000000000000000000000000000000000007
:1019E00000000000000000000000000000000000F7
:1019F00000000000000000000000000000000000E7
:101A000000000000000000000000000000000000D6
:101A100000000000000000000000000000000000C6
:101A200000000000000000000000000000000000B6
:101A300000000000000000000000000000000000A6
:101A40000000000000000000000000000000000096
:101A50000000000000000000000000000000000086
:101A60000000000000000000000000000000000076
:101A70000000000000000000000000000000000066
:101A80000000000000000000000000000000000056
:101A90000000000000000000000000000000000046
:101AA0000000000000000000000000000000000036
:101AB0000000000000000000000000000000000026
:101AC0000000000000000000000000000000000016
:101AD0000000000000000000000000000000000006
:101AE00000000000000000000000000000000000F6
:101AF00000000000000000000000000000000000E6
:101B000000000000000000000000000000000000D5
:101B100000000000000000000000000000000000C5
:101B200000000000000000000000000000000000B5
:101B300000000000000000000000000000000000A5
:101B40000000000000000000000000000000000095
:101B50000000000000000000000000000000000085
:101B60000000000000000000000000000000000075
:101B70000000000000000000000000000000000065
:101B80000000000000000000000000000000000055
:101B90000000000000000000000000000000000045
:101BA0000000000000000000000000000000000035
:101BB0000000000000000000000000000000000025
:101BC0000000000000000000000000000000000015
:101BD0000000000000000000000000000000000005
:101BE00000000000000000000000000000000000F5
:101BF00000000000000000000000000000000000E5
:101C000000000000000000000000000000000000D4
:101C100000000000000000000000000000000000C4
:101C200000000000000000000000000000000000B4
:101C300000000000000000000000000000000000A4
:101C40000000000000000000000000000000000094
:101C50000000000000000000000000000000000084
:101C60000000000000000000000000000000000074
:101C70000000000000000000000000000000000064
:101C80000000000000000000000000000000000054
:101C90000000000000000000000000000000000044
:101CA0000000000000000000000000000000000034
:101CB0000000000000000000000000000000000024
:101CC0000000000000000000000000000000000014
:101CD0000000000000000000000000000000000004
:101CE00000000000000000000000000000000000F4
:101CF00000000000000000000000000000000000E4
:101D000000000000000000000000000000000000D3
:101D100000000000000000000000000000000000C3
:101D200000000000000000000000000000000000B3
:101D300000000000000000000000000000000000A3
:101D40000000000000000000000000000000000093
:101D50000000000000000000000000000000000083
:101D60000000000000000000000000000000000073
:101D70000000000000000000000000000000000063
:101D80000000000000000000000000000000000053
:101D90000000000000000000000000000000000043
:101DA0000000000000000000000000000000000033
:101DB0000000000000000000000000000000000023
:101DC0000000000000000000000000000000000013
:101DD0000000000000000000000000000000000003
:101DE00000000000000000000000000000000000F3
:101DF00000000000000000000000000000000000E3
:101E000000000000000000000000000000000000D2
:101E100000000000000000000000000000000000C2
:101E200000000000000000000000000000000000B2
:101E300000000000000000000000000000000000A2
:101E40000000000000000000000000000000000092
:101E50000000000000000000000000000000000082
:101E60000000000000000000000000000000000072
:101E70000000000000000000000000000000000062
:101E80000000000000000000000000000000000052
:101E90000000000000000000000000000000000042
:101EA0000000000000000000000000000000000032
:101EB0000000000000000000000000000000000022
:101EC0000000000000000000000000000000000012
:101ED0000000000000000000000000000000000002
:101EE00000000000000000000000000000000000F2
:101EF00000000000000000000000000000000000E2
:101F000000000000000000000000000000000000D1
:101F100000000000000000000000000000000000C1
:101F200000000000000000000000000000000000B1
:101F300000000000000000000000000000000000A1
:101F40000000000000000000000000000000000091
:101F50000000000000000000000000000000000081
:101F60000000000000000000000000000000000071
:101F70000000000000000000000000000000000061
:101F80000000000000000000000000000000000051
:101F90000000000000000000000000000000000041
:101FA0000000000000000000000000000000000031
:101FB0000000000000000000000000000000000021
:101FC0000000000000000000000000000000000011
:101FD0000000000000000000000000000000000001
:101FE00000000000000000000000000000000000F1
:101FF00000000000000000000000000000000000E1
:1020000000000000000000000000000000000000D0
:1020100000000000000000000000000000000000C0
:1020200000000000000000000000000000000000B0
:1020300000000000000000000000000000000000A0
:102040000000000000000000000000000000000090
:102050000000000000000000000000000000000080
:102060000000000000000000000000000000000070
:102070000000000000000000000000000000000060
:102080000000000000000000000000000000000050
:102090000000000000000000000000000000000040
:1020A0000000000000000000000000000000000030
:1020B0000000000000000000000000000000000020
:1020C0000000000000000000000000000000000010
:1020D0000000000000000000000000000000000000
:1020E00000000000000000000000000000000000F0
:1020F00000000000000000000000000000000000E0
:1021000000000000000000000000000000000000CF
:1021100000000000000000000000000000000000BF
:1021200000000000000000000000000000000000AF
:10213000000000000000000000000000000000009F
:10214000000000000000000000000000000000008F
:10215000000000000000000000000000000000007F
:10216000000000000000000000000000000000006F
:10217000000000000000000000000000000000005F
:10218000000000000000000000000000000000004F
:10219000000000000000000000000000000000003F
:1021A000000000000000000000000000000000002F
:1021B000000000000000000000000000000000001F
:1021C000000000000000000000000000000000000F
:1021D00000000000000000000000000000000000FF
:1021E00000000000000000000000000000000000EF
:1021F00000000000000000000000000000000000DF
:1022000000000000000000000000000000000000CE
:1022100000000000000000000000000000000000BE
:1022200000000000000000000000000000000000AE
:10223000000000000000000000000000000000009E
:10224000000000000000000000000000000000008E
:10225000000000000000000000000000000000007E
:10226000000000000000000000000000000000006E
:10227000000000000000000000000000000000005E
:10228000000000000000000000000000000000004E
:10229000000000000000000000000000000000003E
:1022A000000000000000000000000000000000002E
:1022B000000000000000000000000000000000001E
:1022C000000000000000000000000000000000000E
:1022D00000000000000000000000000000000000FE
:1022E00000000000000000000000000000000000EE
:1022F00000000000000000000000000000000000DE
:1023000000000000000000000000000000000000CD
:1023100000000000000000000000000000000000BD
:1023200000000000000000000000000000000000AD
:10233000000000000000000000000000000000009D
:10234000000000000000000000000000000000008D
:10235000000000000000000000000000000000007D
:10236000000000000000000000000000000000006D
:10237000000000000000000000000000000000005D
:10238000000000000000000000000000000000004D
:10239000000000000000000000000000000000003D
:1023A000000000000000000000000000000000002D
:1023B000000000000000000000000000000000001D
:1023C000000000000000000000000000000000000D
:1023D00000000000000000000000000000000000FD
:1023E00000000000000000000000000000000000ED
:1023F00000000000000000000000000000000000DD
:1024000000000000000000000000000000000000CC
:1024100000000000000000000000000000000000BC
:1024200000000000000000000000000000000000AC
:10243000000000000000000000000000000000009C
:10244000000000000000000000000000000000008C
:10245000000000000000000000000000000000007C
:10246000000000000000000000000000000000006C
:10247000000000000000000000000000000000005C
:10248000000000000000000000000000000000004C
:10249000000000000000000000000000000000003C
:1024A000000000000000000000000000000000002C
:1024B000000000000000000000000000000000001C
:1024C000000000000000000000000000000000000C
:1024D00000000000000000000000000000000000FC
:1024E00000000000000000000000000000000000EC
:1024F00000000000000000000000000000000000DC
:1025000000000000000000000000000000000000CB
:1025100000000000000000000000000000000000BB
:1025200000000000000000000000000000000000AB
:10253000000000000000000000000000000000009B
:10254000000000000000000000000000000000008B
:10255000000000000000000000000000000000007B
:10256000000000000000000000000000000000006B
:10257000000000000000000000000000000000005B
:10258000000000000000000000000000000000004B
:10259000000000000000000000000000000000003B
:1025A000000000000000000000000000000000002B
:1025B000000000000000000000000000000000001B
:1025C000000000000000000000000000000000000B
:1025D00000000000000000000000000000000000FB
:1025E00000000000000000000000000000000000EB
:1025F00000000000000000000000000000000000DB
:1026000000000000000000000000000000000000CA
:1026100000000000000000000000000000000000BA
:1026200000000000000000000000000000000000AA
:10263000000000000000000000000000000000009A
:10264000000000000000000000000000000000008A
:10265000000000000000000000000000000000007A
:10266000000000000000000000000000000000006A
:10267000000000000000000000000000000000005A
:10268000000000000000000000000000000000004A
:10269000000000000000000000000000000000003A
:1026A000000000000000000000000000000000002A
:1026B000000000000000000000000000000000001A
:1026C000000000000000000000000000000000000A
:1026D00000000000000000000000000000000000FA
:1026E00000000000000000000000000000000000EA
:1026F00000000000000000000000000000000000DA
:1027000000000000000000000000000000000000C9
:1027100000000000000000000000000000000000B9
:1027200000000000000000000000000000000000A9
:102730000000000000000000000000000000000099
:102740000000000000000000000000000000000089
:102750000000000000000000000000000000000079
:102760000000000000000000000000000000000069
:102770000000000000000000000000000000000059
:102780000000000000000000000000000000000049
:102790000000000000000000000000000000000039
:1027A0000000000000000000000000000000000029
:1027B0000000000000000000000000000000000019
:1027C0000000000000000000000000000000000009
:1027D00000000000000000000000000000000000F9
:1027E00000000000000000000000000000000000E9
:1027F00000000000000000000000000000000000D9
:1028000000000000000000000000000000000000C8
:1028100000000000000000000000000000000000B8
:1028200000000000000000000000000000000000A8
:102830000000000000000000000000000000000098
:102840000000000000000000000000000000000088
:102850000000000000000000000000000000000078
:102860000000000000000000000000000000000068
:102870000000000000000000000000000000000058
:102880000000000000000000000000000000000048
:102890000000000000000000000000000000000038
:1028A0000000000000000000000000000000000028
:1028B0000000000000000000000000000000000018
:1028C0000000000000000000000000000000000008
:1028D00000000000000000000000000000000000F8
:1028E00000000000000000000000000000000000E8
:1028F00000000000000000000000000000000000D8
:1029000000000000000000000000000000000000C7
:1029100000000000000000000000000000000000B7
:1029200000000000000000000000000000000000A7
:102930000000000000000000000000000000000097
:102940000000000000000000000000000000000087
:102950000000000000000000000000000000000077
:102960000000000000000000000000000000000067
:102970000000000000000000000000000000000057
:102980000000000000000000000000000000000047
:102990000000000000000000000000000000000037
:1029A0000000000000000000000000000000000027
:1029B0000000000000000000000000000000000017
:1029C0000000000000000000000000000000000007
:1029D00000000000000000000000000000000000F7
:1029E00000000000000000000000000000000000E7
:1029F00000000000000000000000000000000000D7
:102A000000000000000000000000000000000000C6
:102A100000000000000000000000000000000000B6
:102A200000000000000000000000000000000000A6
:102A30000000000000000000000000000000000096
:102A40000000000000000000000000000000000086
:102A50000000000000000000000000000000000076
:102A60000000000000000000000000000000000066
:102A70000000000000000000000000000000000056
:102A80000000000000000000000000000000000046
:102A90000000000000000000000000000000000036
:102AA0000000000000000000000000000000000026
:102AB0000000000000000000000000000000000016
:102AC0000000000000000000000000000000000006
:102AD00000000000000000000000000000000000F6
:102AE00000000000000000000000000000000000E6
:102AF00000000000000000000000000000000000D6
:102B000000000000000000000000000000000000C5
:102B100000000000000000000000000000000000B5
:102B200000000000000000000000000000000000A5
:102B30000000000000000000000000000000000095
:102B40000000000000000000000000000000000085
:102B50000000000000000000000000000000000075
:102B60000000000000000000000000000000000065
:102B70000000000000000000000000000000000055
:102B80000000000000000000000000000000000045
:102B90000000000000000000000000000000000035
:102BA0000000000000000000000000000000000025
:102BB0000000000000000000000000000000000015
:102BC0000000000000000000000000000000000005
:102BD00000000000000000000000000000000000F5
:102BE00000000000000000000000000000000000E5
:102BF00000000000000000000000000000000000D5
:102C000000000000000000000000000000000000C4
:102C100000000000000000000000000000000000B4
:102C200000000000000000000000000000000000A4
:102C30000000000000000000000000000000000094
:102C40000000000000000000000000000000000084
:102C50000000000000000000000000000000000074
:102C60000000000000000000000000000000000064
:102C70000000000000000000000000000000000054
:102C80000000000000000000000000000000000044
:102C90000000000000000000000000000000000034
:102CA0000000000000000000000000000000000024
:102CB0000000000000000000000000000000000014
:102CC0000000000000000000000000000000000004
:102CD00000000000000000000000000000000000F4
:102CE00000000000000000000000000000000000E4
:102CF00000000000000000000000000000000000D4
:102D000000000000000000000000000000000000C3
:102D100000000000000000000000000000000000B3
:102D200000000000000000000000000000000000A3
:102D30000000000000000000000000000000000093
:102D40000000000000000000000000000000000083
:102D50000000000000000000000000000000000073
:102D60000000000000000000000000000000000063
:102D70000000000000000000000000000000000053
:102D80000000000000000000000000000000000043
:102D90000000000000000000000000000000000033
:102DA0000000000000000000000000000000000023
:102DB0000000000000000000000000000000000013
:102DC0000000000000000000000000000000000003
:102DD00000000000000000000000000000000000F3
:102DE00000000000000000000000000000000000E3
:102DF00000000000000000000000000000000000D3
:102E000000000000000000000000000000000000C2
:102E100000000000000000000000000000000000B2
:102E200000000000000000000000000000000000A2
:102E30000000000000000000000000000000000092
:102E40000000000000000000000000000000000082
:102E50000000000000000000000000000000000072
:102E60000000000000000000000000000000000062
:102E70000000000000000000000000000000000052
:102E80000000000000000000000000000000000042
:102E90000000000000000000000000000000000032
:102EA0000000000000000000000000000000000022
:102EB0000000000000000000000000000000000012
:102EC0000000000000000000000000000000000002
:102ED00000000000000000000000000000000000F2
:102EE00000000000000000000000000000000000E2
:102EF00000000000000000000000000000000000D2
:102F000000000000000000000000000000000000C1
:102F100000000000000000000000000000000000B1
:102F200000000000000000000000000000000000A1
:102F30000000000000000000000000000000000091
:102F40000000000000000000000000000000000081
:102F50000000000000000000000000000000000071
:102F60000000000000000000000000000000000061
:102F70000000000000000000000000000000000051
:102F80000000000000000000000000000000000041
:102F90000000000000000000000000000000000031
:102FA0000000000000000000000000000000000021
:102FB0000000000000000000000000000000000011
:102FC0000000000000000000000000000000000001
:102FD00000000000000000000000000000000000F1
:102FE00000000000000000000000000000000000E1
:102FF00000000000000000000000000000000000D1
:1030000000000000000000000000000000000000C0
:1030100000000000000000000000000000000000B0
:1030200000000000000000000000000000000000A0
:103030000000000000000000000000000000000090
:103040000000000000000000000000000000000080
:103050000000000000000000000000000000000070
:103060000000000000000000000000000000000060
:103070000000000000000000000000000000000050
:103080000000000000000000000000000000000040
:103090000000000000000000000000000000000030
:1030A0000000000000000000000000000000000020
:1030B0000000000000000000000000000000000010
:1030C0000000000000000000000000000000000000
:1030D00000000000000000000000000000000000F0
:1030E00000000000000000000000000000000000E0
:1030F00000000000000000000000000000000000D0
:1031000000000000000000000000000000000000BF
:1031100000000000000000000000000000000000AF
:10312000000000000000000000000000000000009F
:10313000000000000000000000000000000000008F
:10314000000000000000000000000000000000007F
:10315000000000000000000000000000000000006F
:10316000000000000000000000000000000000005F
:10317000000000000000000000000000000000004F
:10318000000000000000000000000000000000003F
:10319000000000000000000000000000000000002F
:1031A000000000000000000000000000000000001F
:1031B000000000000000000000000000000000000F
:1031C00000000000000000000000000000000000FF
:1031D00000000000000000000000000000000000EF
:1031E00000000000000000000000000000000000DF
:1031F00000000000000000000000000000000000CF
:1032000000000000000000000000000000000000BE
:1032100000000000000000000000000000000000AE
:10322000000000000000000000000000000000009E
:10323000000000000000000000000000000000008E
:10324000000000000000000000000000000000007E
:10325000000000000000000000000000000000006E
:10326000000000000000000000000000000000005E
:10327000000000000000000000000000000000004E
:10328000000000000000000000000000000000003E
:10329000000000000000000000000000000000002E
:1032A000000000000000000000000000000000001E
:1032B000000000000000000000000000000000000E
:1032C00000000000000000000000000000000000FE
:1032D00000000000000000000000000000000000EE
:1032E00000000000000000000000000000000000DE
:1032F00000000000000000000000000000000000CE
:1033000000000000000000000000000000000000BD
:1033100000000000000000000000000000000000AD
:10332000000000000000000000000000000000009D
:10333000000000000000000000000000000000008D
:10334000000000000000000000000000000000007D
:10335000000000000000000000000000000000006D
:10336000000000000000000000000000000000005D
:10337000000000000000000000000000000000004D
:10338000000000000000000000000000000000003D
:10339000000000000000000000000000000000002D
:1033A000000000000000000000000000000000001D
:1033B000000000000000000000000000000000000D
:1033C00000000000000000000000000000000000FD
:1033D00000000000000000000000000000000000ED
:1033E00000000000000000000000000000000000DD
:1033F00000000000000000000000000000000000CD
:1034000000000000000000000000000000000000BC
:1034100000000000000000000000000000000000AC
:10342000000000000000000000000000000000009C
:10343000000000000000000000000000000000008C
:10344000000000000000000000000000000000007C
:10345000000000000000000000000000000000006C
:10346000000000000000000000000000000000005C
:0C34700000000000000000000000000050
:10347C00FFFFFFFFFFFFFFFFFFFFFFFFFFFFFFFF50
:10348C00FFFFFFFFFFFFFFFFFFFFFFFFFFFFFFFF40
:10349C00FFFFFFFFFFFFFFFFFFFFFFFFFFFFFFFF30
:1034AC00FFFFFFFFFFFFFFFFFFFFFFFFFFFFFFFF20
:1034BC00FFFFFFFFFFFFFFFFFFFFFFFFFFFFFFFF10
:1034CC00FFFFFFFFFFFFFFFFFFFFFFFFFFFFFFFF00
:1034DC00FFFFFFFFFFFFFFFFFFFFFFFFFFFFFFFFF0
:1034EC00FFFFFFFFFFFFFFFFFFFFFFFFFFFFFFFFE0
:1034FC00FFFFFFFFFFFFFFFFFFFFFFFFFFFFFFFFD0
:10350C00FFFFFFFFFFFFFFFFFFFFFFFFFFFFFFFFBF
:10351C00FFFFFFFFFFFFFFFFFFFFFFFFFFFFFFFFAF
:10352C00FFFFFFFFFFFFFFFFFFFFFFFFFFFFFFFF9F
:10353C00FFFFFFFFFFFFFFFFFFFFFFFFFFFFFFFF8F
:10354C00FFFFFFFFFFFFFFFFFFFFFFFFFFFFFFFF7F
:10355C00FFFFFFFFFFFFFFFFFFFFFFFFFFFFFFFF6F
:10356C00FFFFFFFFFFFFFFFFFFFFFFFFFFFFFFFF5F
:10357C00FFFFFFFFFFFFFFFFFFFFFFFFFFFFFFFF4F
:10358C00FFFFFFFFFFFFFFFFFFFFFFFFFFFFFFFF3F
:10359C00FFFFFFFFFFFFFFFFFFFFFFFFFFFFFFFF2F
:1035AC00FFFFFFFFFFFFFFFFFFFFFFFFFFFFFFFF1F
:1035BC00FFFFFFFFFFFFFFFFFFFFFFFFFFFFFFFF0F
:1035CC00FFFFFFFFFFFFFFFFFFFFFFFFFFFFFFFFFF
:1035DC00FFFFFFFFFFFFFFFFFFFFFFFFFFFFFFFFEF
:1035EC00FFFFFFFFFFFFFFFFFFFFFFFFFFFFFFFFDF
:1035FC00FFFFFFFFFFFFFFFFFFFFFFFFFFFFFFFFCF
:10360C00FFFFFFFFFFFFFFFFFFFFFFFFFFFFFFFFBE
:10361C00FFFFFFFFFFFFFFFFFFFFFFFFFFFFFFFFAE
:10362C00FFFFFFFFFFFFFFFFFFFFFFFFFFFFFFFF9E
:10363C00FFFFFFFFFFFFFFFFFFFFFFFFFFFFFFFF8E
:10364C00FFFFFFFFFFFFFFFFFFFFFFFFFFFFFFFF7E
:10365C00FFFFFFFFFFFFFFFFFFFFFFFFFFFFFFFF6E
:10366C00FFFFFFFFFFFFFFFFFFFFFFFFFFFFFFFF5E
:10367C00FFFFFFFFFFFFFFFFFFFFFFFFFFFFFFFF4E
:10368C00FFFFFFFFFFFFFFFFFFFFFFFFFFFFFFFF3E
:10369C00FFFFFFFFFFFFFFFFFFFFFFFFFFFFFFFF2E
:1036AC00FFFFFFFFFFFFFFFFFFFFFFFFFFFFFFFF1E
:1036BC00FFFFFFFFFFFFFFFFFFFFFFFFFFFFFFFF0E
:1036CC00FFFFFFFFFFFFFFFFFFFFFFFFFFFFFFFFFE
:1036DC00FFFFFFFFFFFFFFFFFFFFFFFFFFFFFFFFEE
:1036EC00FFFFFFFFFFFFFFFFFFFFFFFFFFFFFFFFDE
:1036FC00FFFFFFFFFFFFFFFFFFFFFFFFFFFFFFFFCE
:10370C00FFFFFFFFFFFFFFFFFFFFFFFFFFFFFFFFBD
:10371C00FFFFFFFFFFFFFFFFFFFFFFFFFFFFFFFFAD
:10372C00FFFFFFFFFFFFFFFFFFFFFFFFFFFFFFFF9D
:10373C00FFFFFFFFFFFFFFFFFFFFFFFFFFFFFFFF8D
:10374C00FFFFFFFFFFFFFFFFFFFFFFFFFFFFFFFF7D
:10375C00FFFFFFFFFFFFFFFFFFFFFFFFFFFFFFFF6D
:10376C00FFFFFFFFFFFFFFFFFFFFFFFFFFFFFFFF5D
:10377C00FFFFFFFFFFFFFFFFFFFFFFFFFFFFFFFF4D
:10378C00FFFFFFFFFFFFFFFFFFFFFFFFFFFFFFFF3D
:10379C00FFFFFFFFFFFFFFFFFFFFFFFFFFFFFFFF2D
:1037AC00FFFFFFFFFFFFFFFFFFFFFFFFFFFFFFFF1D
:1037BC00FFFFFFFFFFFFFFFFFFFFFFFFFFFFFFFF0D
:1037CC00FFFFFFFFFFFFFFFFFFFFFFFFFFFFFFFFFD
:1037DC00FFFFFFFFFFFFFFFFFFFFFFFFFFFFFFFFED
:1037EC00FFFFFFFFFFFFFFFFFFFFFFFFFFFFFFFFDD
:1037FC00FFFFFFFF000000000000000000000000C1
:10380C0000000000000000000000000000000000AC
:10381C00000000000000000000000000000000009C
:10382C00000000000000000000000000000000008C
:10383C00000000000000000000000000000000007C
:10384C00000000000000000000000000000000006C
:10385C00000000000000000000000000000000005C
:10386C00000000000000000000000000000000004C
:10387C00000000000000000000000000000000003C
:10388C00000000000000000000000000000000002C
:10389C00000000000000000000000000000000001C
:1038AC00000000000000000000000000000000000C
:1038BC0000000000000000000000000000000000FC
:1038CC0000000000000000000000000000000000EC
:1038DC0000000000000000000000000000000000DC
:1038EC0000000000000000000000000000000000CC
:1038FC0000000000000000000000000000000000BC
:10390C0000000000000000000000000000000000AB
:10391C00000000000000000000000000000000009B
:10392C00000000000000000000000000000000008B
:10393C00000000000000000000000000000000007B
:10394C00000000000000000000000000000000006B
:10395C00000000000000000000000000000000005B
:10396C00000000000000000000000000000000004B
:10397C00000000000000000000000000000000003B
:10398C00000000000000000000000000000000002B
:10399C00000000000000000000000000000000001B
:1039AC00000000000000000000000000000000000B
:1039BC0000000000000000000000000000000000FB
:1039CC0000000000000000000000000000000000EB
:1039DC0000000000000000000000000000000000DB
:1039EC0000000000000000000000000000000000CB
:1039FC0000000000000000000000000000000000BB
:103A0C0000000000000000000000000000000000AA
:103A1C00000000000000000000000000000000009A
:103A2C00000000000000000000000000000000008A
:103A3C00000000000000000000000000000000007A
:103A4C00000000000000000000000000000000006A
:103A5C00000000000000000000000000000000005A
:103A6C00000000000000000000000000000000004A
:103A7C00000000000000000000000000000000003A
:103A8C00000000000000000000000000000000002A
:103A9C00000000000000000000000000000000001A
:103AAC00000000000000000000000000000000000A
:103ABC0000000000000000000000000000000000FA
:103ACC0000000000000000000000000000000000EA
:103ADC0000000000000000000000000000000000DA
:103AEC0000000000000000000000000000000000CA
:103AFC0000000000000000000000000000000000BA
:103B0C0000000000000000000000000000000000A9
:103B1C000000000000000000000000000000000099
:103B2C000000000000000000000000000000000089
:103B3C000000000000000000000000000000000079
:103B4C000000000000000000000000000000000069
:103B5C000000000000000000000000000000000059
:103B6C000000000000000000000000000000000049
:103B7C000000000000000000000000000000000039
:103B8C000000000000000000000000000000000029
:103B9C000000000000000000000000000000000019
:103BAC000000000000000000000000000000000009
:103BBC0000000000000000000000000000000000F9
:103BCC0000000000000000000000000000000000E9
:103BDC0000000000000000000000000000000000D9
:103BEC0000000000000000000000000000000000C9
:103BFC0000000000000000000000000000000000B9
:103C0C0000000000000000000000000000000000A8
:103C1C000000000000000000000000000000000098
:103C2C000000000000000000000000000000000088
:103C3C000000000000000000000000000000000078
:103C4C000000000000000000000000000000000068
:103C5C000000000000000000000000000000000058
:103C6C000000000000000000000000000000000048
:103C7C000000000000000000000000000000000038
:103C8C000000000000000000000000000000000028
:103C9C000000000000000000000000000000000018
:103CAC000000000000000000000000000000000008
:103CBC0000000000000000000000000000000000F8
:103CCC0000000000000000000000000000000000E8
:103CDC0000000000000000000000000000000000D8
:103CEC0000000000000000000000000000000000C8
:103CFC0000000000000000000000000000000000B8
:103D0C0000000000000000000000000000000000A7
:103D1C000000000000000000000000000000000097
:103D2C000000000000000000000000000000000087
:103D3C000000000000000000000000000000000077
:103D4C000000000000000000000000000000000067
:103D5C000000000000000000000000000000000057
:103D6C000000000000000000000000000000000047
:103D7C000000000000000000000000000000000037
:103D8C000000000000000000000000000000000027
:103D9C000000000000000000000000000000000017
:103DAC000000000000000000000000000000000007
:103DBC0000000000000000000000000000000000F7
:103DCC0000000000000000000000000000000000E7
:103DDC0000000000000000000000000000000000D7
:103DEC0000000000000000000000000000000000C7
:103DFC0000000000000000000000000000000000B7
:103E0C0000000000000000000000000000000000A6
:103E1C000000000000000000000000000000000096
:103E2C000000000000000000000000000000000086
:103E3C000000000000000000000000000000000076
:103E4C000000000000000000000000000000000066
:103E5C000000000000000000000000000000000056
:103E6C000000000000000000000000000000000046
:103E7C000000000000000000000000000000000036
:103E8C000000000000000000000000000000000026
:103E9C000000000000000000000000000000000016
:103EAC000000000000000000000000000000000006
:103EBC0000000000000000000000000000000000F6
:103ECC0000000000000000000000000000000000E6
:103EDC0000000000000000000000000000000000D6
:103EEC0000000000000000000000000000000000C6
:103EFC0000000000000000000000000000000000B6
:103F0C0000000000000000000000000000000000A5
:103F1C000000000000000000000000000000000095
:103F2C000000000000000000000000000000000085
:103F3C000000000000000000000000000000000075
:103F4C000000000000000000000000000000000065
:103F5C000000000000000000000000000000000055
:103F6C000000000000000000000000000000000045
:103F7C000000000000000000000000000000000035
:103F8C000000000000000000000000000000000025
:103F9C000000000000000000000000000000000015
:103FAC000000000000000000000000000000000005
:103FBC0000000000000000000000000000000000F5
:103FCC0000000000000000000000000000000000E5
:103FDC0000000000000000000000000000000000D5
:103FEC0000000000000000000000000000000000C5
:103FFC0000000000000000000000000000000000B5
:10400C0000000000000000000000000000000000A4
:10401C000000000000000000000000000000000094
:10402C000000000000000000000000000000000084
:10403C000000000000000000000000000000000074
:10404C000000000000000000000000000000000064
:10405C000000000000000000000000000000000054
:10406C000000000000000000000000000000000044
:10407C000000000000000000000000000000000034
:10408C000000000000000000000000000000000024
:10409C000000000000000000000000000000000014
:1040AC000000000000000000000000000000000004
:1040BC0000000000000000000000000000000000F4
:1040CC0000000000000000000000000000000000E4
:1040DC0000000000000000000000000000000000D4
:1040EC0000000000000000000000000000000000C4
:1040FC0000000000000000000000000000000000B4
:10410C0000000000000000000000000000000000A3
:10411C000000000000000000000000000000000093
:10412C000000000000000000000000000000000083
:10413C000000000000000000000000000000000073
:10414C000000000000000000000000000000000063
:10415C000000000000000000000000000000000053
:10416C000000000000000000000000000000000043
:10417C000000000000000000000000000000000033
:10418C000000000000000000000000000000000023
:10419C000000000000000000000000000000000013
:1041AC000000000000000000000000000000000003
:1041BC0000000000000000000000000000000000F3
:1041CC0000000000000000000000000000000000E3
:1041DC0000000000000000000000000000000000D3
:1041EC0000000000000000000000000000000000C3
:1041FC0000000000000000000000000000000000B3
:10420C0000000000000000000000000000000000A2
:10421C000000000000000000000000000000000092
:10422C000000000000000000000000000000000082
:10423C000000000000000000000000000000000072
:10424C000000000000000000000000000000000062
:10425C000000000000000000000000000000000052
:10426C000000000000000000000000000000000042
:10427C000000000000000000000000000000000032
:10428C000000000000000000000000000000000022
:10429C000000000000000000000000000000000012
:1042AC000000000000000000000000000000000002
:1042BC0000000000000000000000000000000000F2
:1042CC0000000000000000000000000000000000E2
:1042DC0000000000000000000000000000000000D2
:1042EC0000000000000000000000000000000000C2
:1042FC0000000000000000000000000000000000B2
:10430C0000000000000000000000000000000000A1
:10431C000000000000000000000000000000000091
:10432C000000000000000000000000000000000081
:10433C000000000000000000000000000000000071
:10434C000000000000000000000000000000000061
:10435C000000000000000000000000000000000051
:10436C000000000000000000000000000000000041
:10437C000000000000000000000000000000000031
:10438C000000000000000000000000000000000021
:10439C000000000000000000000000000000000011
:1043AC000000000000000000000000000000000001
:1043BC0000000000000000000000000000000000F1
:1043CC0000000000000000000000000000000000E1
:1043DC0000000000000000000000000000000000D1
:1043EC0000000000000000000000000000000000C1
:0443FC0000000000BD
:040000056000100087
:00000001FF
