:0200000460009A
:100000004643464200000156000000000103030081
:1000100000000000000000000000000000000000E0
:1000200000000000000000000000000000000000D0
:1000300000000000000000000000000000000000C0
:1000400000000000010408000000000000000000A3
:100050000000800000000000000000000000000020
:100060000000000000000000000000000000000090
:100070000000000000000000000000000000000080
:10008000EB04180A063204260000000000000000FD
:10009000050404240000000000000000000000002F
:1000A0000000000000000000000000000000000050
:1000B0000604000000000000000000000000000036
:1000C0000000000000000000000000000000000030
:1000D00020041808000000000000000000000000DC
:1000E0000000000000000000000000000000000010
:1000F0000000000000000000000000000000000000
:10010000D8041808000000000000000000000000F3
:100110000204180804200000000000000000000095
:1001200000000000000000000000000000000000CF
:10013000600400000000000000000000000000005B
:1001400000000000000000000000000000000000AF
:10015000000000000000000000000000000000009F
:10016000000000000000000000000000000000008F
:10017000000000000000000000000000000000007F
:10018000000000000000000000000000000000006F
:10019000000000000000000000000000000000005F
:1001A000000000000000000000000000000000004F
:1001B000000000000000000000000000000000003F
:1001C000000100000010000001000000000000001D
:1001D000000001000000000000000000000000001E
:1001E000000000000000000000000000000000000F
:1001F00000000000000000000000000000000000FF
:10020000FFFFFFFFFFFFFFFFFFFFFFFFFFFFFFFFFE
:10021000FFFFFFFFFFFFFFFFFFFFFFFFFFFFFFFFEE
:10022000FFFFFFFFFFFFFFFFFFFFFFFFFFFFFFFFDE
:10023000FFFFFFFFFFFFFFFFFFFFFFFFFFFFFFFFCE
:10024000FFFFFFFFFFFFFFFFFFFFFFFFFFFFFFFFBE
:10025000FFFFFFFFFFFFFFFFFFFFFFFFFFFFFFFFAE
:10026000FFFFFFFFFFFFFFFFFFFFFFFFFFFFFFFF9E
:10027000FFFFFFFFFFFFFFFFFFFFFFFFFFFFFFFF8E
:10028000FFFFFFFFFFFFFFFFFFFFFFFFFFFFFFFF7E
:10029000FFFFFFFFFFFFFFFFFFFFFFFFFFFFFFFF6E
:1002A000FFFFFFFFFFFFFFFFFFFFFFFFFFFFFFFF5E
:1002B000FFFFFFFFFFFFFFFFFFFFFFFFFFFFFFFF4E
:1002C000FFFFFFFFFFFFFFFFFFFFFFFFFFFFFFFF3E
:1002D000FFFFFFFFFFFFFFFFFFFFFFFFFFFFFFFF2E
:1002E000FFFFFFFFFFFFFFFFFFFFFFFFFFFFFFFF1E
:1002F000FFFFFFFFFFFFFFFFFFFFFFFFFFFFFFFF0E
:10030000FFFFFFFFFFFFFFFFFFFFFFFFFFFFFFFFFD
:10031000FFFFFFFFFFFFFFFFFFFFFFFFFFFFFFFFED
:10032000FFFFFFFFFFFFFFFFFFFFFFFFFFFFFFFFDD
:10033000FFFFFFFFFFFFFFFFFFFFFFFFFFFFFFFFCD
:10034000FFFFFFFFFFFFFFFFFFFFFFFFFFFFFFFFBD
:10035000FFFFFFFFFFFFFFFFFFFFFFFFFFFFFFFFAD
:10036000FFFFFFFFFFFFFFFFFFFFFFFFFFFFFFFF9D
:10037000FFFFFFFFFFFFFFFFFFFFFFFFFFFFFFFF8D
:10038000FFFFFFFFFFFFFFFFFFFFFFFFFFFFFFFF7D
:10039000FFFFFFFFFFFFFFFFFFFFFFFFFFFFFFFF6D
:1003A000FFFFFFFFFFFFFFFFFFFFFFFFFFFFFFFF5D
:1003B000FFFFFFFFFFFFFFFFFFFFFFFFFFFFFFFF4D
:1003C000FFFFFFFFFFFFFFFFFFFFFFFFFFFFFFFF3D
:1003D000FFFFFFFFFFFFFFFFFFFFFFFFFFFFFFFF2D
:1003E000FFFFFFFFFFFFFFFFFFFFFFFFFFFFFFFF1D
:1003F000FFFFFFFFFFFFFFFFFFFFFFFFFFFFFFFF0D
:10040000FFFFFFFFFFFFFFFFFFFFFFFFFFFFFFFFFC
:10041000FFFFFFFFFFFFFFFFFFFFFFFFFFFFFFFFEC
:10042000FFFFFFFFFFFFFFFFFFFFFFFFFFFFFFFFDC
:10043000FFFFFFFFFFFFFFFFFFFFFFFFFFFFFFFFCC
:10044000FFFFFFFFFFFFFFFFFFFFFFFFFFFFFFFFBC
:10045000FFFFFFFFFFFFFFFFFFFFFFFFFFFFFFFFAC
:10046000FFFFFFFFFFFFFFFFFFFFFFFFFFFFFFFF9C
:10047000FFFFFFFFFFFFFFFFFFFFFFFFFFFFFFFF8C
:10048000FFFFFFFFFFFFFFFFFFFFFFFFFFFFFFFF7C
:10049000FFFFFFFFFFFFFFFFFFFFFFFFFFFFFFFF6C
:1004A000FFFFFFFFFFFFFFFFFFFFFFFFFFFFFFFF5C
:1004B000FFFFFFFFFFFFFFFFFFFFFFFFFFFFFFFF4C
:1004C000FFFFFFFFFFFFFFFFFFFFFFFFFFFFFFFF3C
:1004D000FFFFFFFFFFFFFFFFFFFFFFFFFFFFFFFF2C
:1004E000FFFFFFFFFFFFFFFFFFFFFFFFFFFFFFFF1C
:1004F000FFFFFFFFFFFFFFFFFFFFFFFFFFFFFFFF0C
:10050000FFFFFFFFFFFFFFFFFFFFFFFFFFFFFFFFFB
:10051000FFFFFFFFFFFFFFFFFFFFFFFFFFFFFFFFEB
:10052000FFFFFFFFFFFFFFFFFFFFFFFFFFFFFFFFDB
:10053000FFFFFFFFFFFFFFFFFFFFFFFFFFFFFFFFCB
:10054000FFFFFFFFFFFFFFFFFFFFFFFFFFFFFFFFBB
:10055000FFFFFFFFFFFFFFFFFFFFFFFFFFFFFFFFAB
:10056000FFFFFFFFFFFFFFFFFFFFFFFFFFFFFFFF9B
:10057000FFFFFFFFFFFFFFFFFFFFFFFFFFFFFFFF8B
:10058000FFFFFFFFFFFFFFFFFFFFFFFFFFFFFFFF7B
:10059000FFFFFFFFFFFFFFFFFFFFFFFFFFFFFFFF6B
:1005A000FFFFFFFFFFFFFFFFFFFFFFFFFFFFFFFF5B
:1005B000FFFFFFFFFFFFFFFFFFFFFFFFFFFFFFFF4B
:1005C000FFFFFFFFFFFFFFFFFFFFFFFFFFFFFFFF3B
:1005D000FFFFFFFFFFFFFFFFFFFFFFFFFFFFFFFF2B
:1005E000FFFFFFFFFFFFFFFFFFFFFFFFFFFFFFFF1B
:1005F000FFFFFFFFFFFFFFFFFFFFFFFFFFFFFFFF0B
:10060000FFFFFFFFFFFFFFFFFFFFFFFFFFFFFFFFFA
:10061000FFFFFFFFFFFFFFFFFFFFFFFFFFFFFFFFEA
:10062000FFFFFFFFFFFFFFFFFFFFFFFFFFFFFFFFDA
:10063000FFFFFFFFFFFFFFFFFFFFFFFFFFFFFFFFCA
:10064000FFFFFFFFFFFFFFFFFFFFFFFFFFFFFFFFBA
:10065000FFFFFFFFFFFFFFFFFFFFFFFFFFFFFFFFAA
:10066000FFFFFFFFFFFFFFFFFFFFFFFFFFFFFFFF9A
:10067000FFFFFFFFFFFFFFFFFFFFFFFFFFFFFFFF8A
:10068000FFFFFFFFFFFFFFFFFFFFFFFFFFFFFFFF7A
:10069000FFFFFFFFFFFFFFFFFFFFFFFFFFFFFFFF6A
:1006A000FFFFFFFFFFFFFFFFFFFFFFFFFFFFFFFF5A
:1006B000FFFFFFFFFFFFFFFFFFFFFFFFFFFFFFFF4A
:1006C000FFFFFFFFFFFFFFFFFFFFFFFFFFFFFFFF3A
:1006D000FFFFFFFFFFFFFFFFFFFFFFFFFFFFFFFF2A
:1006E000FFFFFFFFFFFFFFFFFFFFFFFFFFFFFFFF1A
:1006F000FFFFFFFFFFFFFFFFFFFFFFFFFFFFFFFF0A
:10070000FFFFFFFFFFFFFFFFFFFFFFFFFFFFFFFFF9
:10071000FFFFFFFFFFFFFFFFFFFFFFFFFFFFFFFFE9
:10072000FFFFFFFFFFFFFFFFFFFFFFFFFFFFFFFFD9
:10073000FFFFFFFFFFFFFFFFFFFFFFFFFFFFFFFFC9
:10074000FFFFFFFFFFFFFFFFFFFFFFFFFFFFFFFFB9
:10075000FFFFFFFFFFFFFFFFFFFFFFFFFFFFFFFFA9
:10076000FFFFFFFFFFFFFFFFFFFFFFFFFFFFFFFF99
:10077000FFFFFFFFFFFFFFFFFFFFFFFFFFFFFFFF89
:10078000FFFFFFFFFFFFFFFFFFFFFFFFFFFFFFFF79
:10079000FFFFFFFFFFFFFFFFFFFFFFFFFFFFFFFF69
:1007A000FFFFFFFFFFFFFFFFFFFFFFFFFFFFFFFF59
:1007B000FFFFFFFFFFFFFFFFFFFFFFFFFFFFFFFF49
:1007C000FFFFFFFFFFFFFFFFFFFFFFFFFFFFFFFF39
:1007D000FFFFFFFFFFFFFFFFFFFFFFFFFFFFFFFF29
:1007E000FFFFFFFFFFFFFFFFFFFFFFFFFFFFFFFF19
:1007F000FFFFFFFFFFFFFFFFFFFFFFFFFFFFFFFF09
:10080000FFFFFFFFFFFFFFFFFFFFFFFFFFFFFFFFF8
:10081000FFFFFFFFFFFFFFFFFFFFFFFFFFFFFFFFE8
:10082000FFFFFFFFFFFFFFFFFFFFFFFFFFFFFFFFD8
:10083000FFFFFFFFFFFFFFFFFFFFFFFFFFFFFFFFC8
:10084000FFFFFFFFFFFFFFFFFFFFFFFFFFFFFFFFB8
:10085000FFFFFFFFFFFFFFFFFFFFFFFFFFFFFFFFA8
:10086000FFFFFFFFFFFFFFFFFFFFFFFFFFFFFFFF98
:10087000FFFFFFFFFFFFFFFFFFFFFFFFFFFFFFFF88
:10088000FFFFFFFFFFFFFFFFFFFFFFFFFFFFFFFF78
:10089000FFFFFFFFFFFFFFFFFFFFFFFFFFFFFFFF68
:1008A000FFFFFFFFFFFFFFFFFFFFFFFFFFFFFFFF58
:1008B000FFFFFFFFFFFFFFFFFFFFFFFFFFFFFFFF48
:1008C000FFFFFFFFFFFFFFFFFFFFFFFFFFFFFFFF38
:1008D000FFFFFFFFFFFFFFFFFFFFFFFFFFFFFFFF28
:1008E000FFFFFFFFFFFFFFFFFFFFFFFFFFFFFFFF18
:1008F000FFFFFFFFFFFFFFFFFFFFFFFFFFFFFFFF08
:10090000FFFFFFFFFFFFFFFFFFFFFFFFFFFFFFFFF7
:10091000FFFFFFFFFFFFFFFFFFFFFFFFFFFFFFFFE7
:10092000FFFFFFFFFFFFFFFFFFFFFFFFFFFFFFFFD7
:10093000FFFFFFFFFFFFFFFFFFFFFFFFFFFFFFFFC7
:10094000FFFFFFFFFFFFFFFFFFFFFFFFFFFFFFFFB7
:10095000FFFFFFFFFFFFFFFFFFFFFFFFFFFFFFFFA7
:10096000FFFFFFFFFFFFFFFFFFFFFFFFFFFFFFFF97
:10097000FFFFFFFFFFFFFFFFFFFFFFFFFFFFFFFF87
:10098000FFFFFFFFFFFFFFFFFFFFFFFFFFFFFFFF77
:10099000FFFFFFFFFFFFFFFFFFFFFFFFFFFFFFFF67
:1009A000FFFFFFFFFFFFFFFFFFFFFFFFFFFFFFFF57
:1009B000FFFFFFFFFFFFFFFFFFFFFFFFFFFFFFFF47
:1009C000FFFFFFFFFFFFFFFFFFFFFFFFFFFFFFFF37
:1009D000FFFFFFFFFFFFFFFFFFFFFFFFFFFFFFFF27
:1009E000FFFFFFFFFFFFFFFFFFFFFFFFFFFFFFFF17
:1009F000FFFFFFFFFFFFFFFFFFFFFFFFFFFFFFFF07
:100A0000FFFFFFFFFFFFFFFFFFFFFFFFFFFFFFFFF6
:100A1000FFFFFFFFFFFFFFFFFFFFFFFFFFFFFFFFE6
:100A2000FFFFFFFFFFFFFFFFFFFFFFFFFFFFFFFFD6
:100A3000FFFFFFFFFFFFFFFFFFFFFFFFFFFFFFFFC6
:100A4000FFFFFFFFFFFFFFFFFFFFFFFFFFFFFFFFB6
:100A5000FFFFFFFFFFFFFFFFFFFFFFFFFFFFFFFFA6
:100A6000FFFFFFFFFFFFFFFFFFFFFFFFFFFFFFFF96
:100A7000FFFFFFFFFFFFFFFFFFFFFFFFFFFFFFFF86
:100A8000FFFFFFFFFFFFFFFFFFFFFFFFFFFFFFFF76
:100A9000FFFFFFFFFFFFFFFFFFFFFFFFFFFFFFFF66
:100AA000FFFFFFFFFFFFFFFFFFFFFFFFFFFFFFFF56
:100AB000FFFFFFFFFFFFFFFFFFFFFFFFFFFFFFFF46
:100AC000FFFFFFFFFFFFFFFFFFFFFFFFFFFFFFFF36
:100AD000FFFFFFFFFFFFFFFFFFFFFFFFFFFFFFFF26
:100AE000FFFFFFFFFFFFFFFFFFFFFFFFFFFFFFFF16
:100AF000FFFFFFFFFFFFFFFFFFFFFFFFFFFFFFFF06
:100B0000FFFFFFFFFFFFFFFFFFFFFFFFFFFFFFFFF5
:100B1000FFFFFFFFFFFFFFFFFFFFFFFFFFFFFFFFE5
:100B2000FFFFFFFFFFFFFFFFFFFFFFFFFFFFFFFFD5
:100B3000FFFFFFFFFFFFFFFFFFFFFFFFFFFFFFFFC5
:100B4000FFFFFFFFFFFFFFFFFFFFFFFFFFFFFFFFB5
:100B5000FFFFFFFFFFFFFFFFFFFFFFFFFFFFFFFFA5
:100B6000FFFFFFFFFFFFFFFFFFFFFFFFFFFFFFFF95
:100B7000FFFFFFFFFFFFFFFFFFFFFFFFFFFFFFFF85
:100B8000FFFFFFFFFFFFFFFFFFFFFFFFFFFFFFFF75
:100B9000FFFFFFFFFFFFFFFFFFFFFFFFFFFFFFFF65
:100BA000FFFFFFFFFFFFFFFFFFFFFFFFFFFFFFFF55
:100BB000FFFFFFFFFFFFFFFFFFFFFFFFFFFFFFFF45
:100BC000FFFFFFFFFFFFFFFFFFFFFFFFFFFFFFFF35
:100BD000FFFFFFFFFFFFFFFFFFFFFFFFFFFFFFFF25
:100BE000FFFFFFFFFFFFFFFFFFFFFFFFFFFFFFFF15
:100BF000FFFFFFFFFFFFFFFFFFFFFFFFFFFFFFFF05
:100C0000FFFFFFFFFFFFFFFFFFFFFFFFFFFFFFFFF4
:100C1000FFFFFFFFFFFFFFFFFFFFFFFFFFFFFFFFE4
:100C2000FFFFFFFFFFFFFFFFFFFFFFFFFFFFFFFFD4
:100C3000FFFFFFFFFFFFFFFFFFFFFFFFFFFFFFFFC4
:100C4000FFFFFFFFFFFFFFFFFFFFFFFFFFFFFFFFB4
:100C5000FFFFFFFFFFFFFFFFFFFFFFFFFFFFFFFFA4
:100C6000FFFFFFFFFFFFFFFFFFFFFFFFFFFFFFFF94
:100C7000FFFFFFFFFFFFFFFFFFFFFFFFFFFFFFFF84
:100C8000FFFFFFFFFFFFFFFFFFFFFFFFFFFFFFFF74
:100C9000FFFFFFFFFFFFFFFFFFFFFFFFFFFFFFFF64
:100CA000FFFFFFFFFFFFFFFFFFFFFFFFFFFFFFFF54
:100CB000FFFFFFFFFFFFFFFFFFFFFFFFFFFFFFFF44
:100CC000FFFFFFFFFFFFFFFFFFFFFFFFFFFFFFFF34
:100CD000FFFFFFFFFFFFFFFFFFFFFFFFFFFFFFFF24
:100CE000FFFFFFFFFFFFFFFFFFFFFFFFFFFFFFFF14
:100CF000FFFFFFFFFFFFFFFFFFFFFFFFFFFFFFFF04
:100D0000FFFFFFFFFFFFFFFFFFFFFFFFFFFFFFFFF3
:100D1000FFFFFFFFFFFFFFFFFFFFFFFFFFFFFFFFE3
:100D2000FFFFFFFFFFFFFFFFFFFFFFFFFFFFFFFFD3
:100D3000FFFFFFFFFFFFFFFFFFFFFFFFFFFFFFFFC3
:100D4000FFFFFFFFFFFFFFFFFFFFFFFFFFFFFFFFB3
:100D5000FFFFFFFFFFFFFFFFFFFFFFFFFFFFFFFFA3
:100D6000FFFFFFFFFFFFFFFFFFFFFFFFFFFFFFFF93
:100D7000FFFFFFFFFFFFFFFFFFFFFFFFFFFFFFFF83
:100D8000FFFFFFFFFFFFFFFFFFFFFFFFFFFFFFFF73
:100D9000FFFFFFFFFFFFFFFFFFFFFFFFFFFFFFFF63
:100DA000FFFFFFFFFFFFFFFFFFFFFFFFFFFFFFFF53
:100DB000FFFFFFFFFFFFFFFFFFFFFFFFFFFFFFFF43
:100DC000FFFFFFFFFFFFFFFFFFFFFFFFFFFFFFFF33
:100DD000FFFFFFFFFFFFFFFFFFFFFFFFFFFFFFFF23
:100DE000FFFFFFFFFFFFFFFFFFFFFFFFFFFFFFFF13
:100DF000FFFFFFFFFFFFFFFFFFFFFFFFFFFFFFFF03
:100E0000FFFFFFFFFFFFFFFFFFFFFFFFFFFFFFFFF2
:100E1000FFFFFFFFFFFFFFFFFFFFFFFFFFFFFFFFE2
:100E2000FFFFFFFFFFFFFFFFFFFFFFFFFFFFFFFFD2
:100E3000FFFFFFFFFFFFFFFFFFFFFFFFFFFFFFFFC2
:100E4000FFFFFFFFFFFFFFFFFFFFFFFFFFFFFFFFB2
:100E5000FFFFFFFFFFFFFFFFFFFFFFFFFFFFFFFFA2
:100E6000FFFFFFFFFFFFFFFFFFFFFFFFFFFFFFFF92
:100E7000FFFFFFFFFFFFFFFFFFFFFFFFFFFFFFFF82
:100E8000FFFFFFFFFFFFFFFFFFFFFFFFFFFFFFFF72
:100E9000FFFFFFFFFFFFFFFFFFFFFFFFFFFFFFFF62
:100EA000FFFFFFFFFFFFFFFFFFFFFFFFFFFFFFFF52
:100EB000FFFFFFFFFFFFFFFFFFFFFFFFFFFFFFFF42
:100EC000FFFFFFFFFFFFFFFFFFFFFFFFFFFFFFFF32
:100ED000FFFFFFFFFFFFFFFFFFFFFFFFFFFFFFFF22
:100EE000FFFFFFFFFFFFFFFFFFFFFFFFFFFFFFFF12
:100EF000FFFFFFFFFFFFFFFFFFFFFFFFFFFFFFFF02
:100F0000FFFFFFFFFFFFFFFFFFFFFFFFFFFFFFFFF1
:100F1000FFFFFFFFFFFFFFFFFFFFFFFFFFFFFFFFE1
:100F2000FFFFFFFFFFFFFFFFFFFFFFFFFFFFFFFFD1
:100F3000FFFFFFFFFFFFFFFFFFFFFFFFFFFFFFFFC1
:100F4000FFFFFFFFFFFFFFFFFFFFFFFFFFFFFFFFB1
:100F5000FFFFFFFFFFFFFFFFFFFFFFFFFFFFFFFFA1
:100F6000FFFFFFFFFFFFFFFFFFFFFFFFFFFFFFFF91
:100F7000FFFFFFFFFFFFFFFFFFFFFFFFFFFFFFFF81
:100F8000FFFFFFFFFFFFFFFFFFFFFFFFFFFFFFFF71
:100F9000FFFFFFFFFFFFFFFFFFFFFFFFFFFFFFFF61
:100FA000FFFFFFFFFFFFFFFFFFFFFFFFFFFFFFFF51
:100FB000FFFFFFFFFFFFFFFFFFFFFFFFFFFFFFFF41
:100FC000FFFFFFFFFFFFFFFFFFFFFFFFFFFFFFFF31
:100FD000FFFFFFFFFFFFFFFFFFFFFFFFFFFFFFFF21
:100FE000FFFFFFFFFFFFFFFFFFFFFFFFFFFFFFFF11
:100FF000FFFFFFFFFFFFFFFFFFFFFFFFFFFFFFFF01
:10100000D10020432914006000000000000000000F
:10101000201000600010006000300560000000003B
:1010200000000060003C050000000000FFFFFFFF23
:10103000FFFFFFFFFFFFFFFFFFFFFFFFFFFFFFFFC0
:10104000FFFFFFFFFFFFFFFFFFFFFFFFFFFFFFFFB0
:10105000FFFFFFFFFFFFFFFFFFFFFFFFFFFFFFFFA0
:10106000FFFFFFFFFFFFFFFFFFFFFFFFFFFFFFFF90
:10107000FFFFFFFFFFFFFFFFFFFFFFFFFFFFFFFF80
:10108000FFFFFFFFFFFFFFFFFFFFFFFFFFFFFFFF70
:10109000FFFFFFFFFFFFFFFFFFFFFFFFFFFFFFFF60
:1010A000FFFFFFFFFFFFFFFFFFFFFFFFFFFFFFFF50
:1010B000FFFFFFFFFFFFFFFFFFFFFFFFFFFFFFFF40
:1010C000FFFFFFFFFFFFFFFFFFFFFFFFFFFFFFFF30
:1010D000FFFFFFFFFFFFFFFFFFFFFFFFFFFFFFFF20
:1010E000FFFFFFFFFFFFFFFFFFFFFFFFFFFFFFFF10
:1010F000FFFFFFFFFFFFFFFFFFFFFFFFFFFFFFFF00
:10110000FFFFFFFFFFFFFFFFFFFFFFFFFFFFFFFFEF
:10111000FFFFFFFFFFFFFFFFFFFFFFFFFFFFFFFFDF
:10112000FFFFFFFFFFFFFFFFFFFFFFFFFFFFFFFFCF
:10113000FFFFFFFFFFFFFFFFFFFFFFFFFFFFFFFFBF
:10114000FFFFFFFFFFFFFFFFFFFFFFFFFFFFFFFFAF
:10115000FFFFFFFFFFFFFFFFFFFFFFFFFFFFFFFF9F
:10116000FFFFFFFFFFFFFFFFFFFFFFFFFFFFFFFF8F
:10117000FFFFFFFFFFFFFFFFFFFFFFFFFFFFFFFF7F
:10118000FFFFFFFFFFFFFFFFFFFFFFFFFFFFFFFF6F
:10119000FFFFFFFFFFFFFFFFFFFFFFFFFFFFFFFF5F
:1011A000FFFFFFFFFFFFFFFFFFFFFFFFFFFFFFFF4F
:1011B000FFFFFFFFFFFFFFFFFFFFFFFFFFFFFFFF3F
:1011C000FFFFFFFFFFFFFFFFFFFFFFFFFFFFFFFF2F
:1011D000FFFFFFFFFFFFFFFFFFFFFFFFFFFFFFFF1F
:1011E000FFFFFFFFFFFFFFFFFFFFFFFFFFFFFFFF0F
:1011F000FFFFFFFFFFFFFFFFFFFFFFFFFFFFFFFFFF
:10120000FFFFFFFFFFFFFFFFFFFFFFFFFFFFFFFFEE
:10121000FFFFFFFFFFFFFFFFFFFFFFFFFFFFFFFFDE
:10122000FFFFFFFFFFFFFFFFFFFFFFFFFFFFFFFFCE
:10123000FFFFFFFFFFFFFFFFFFFFFFFFFFFFFFFFBE
:10124000FFFFFFFFFFFFFFFFFFFFFFFFFFFFFFFFAE
:10125000FFFFFFFFFFFFFFFFFFFFFFFFFFFFFFFF9E
:10126000FFFFFFFFFFFFFFFFFFFFFFFFFFFFFFFF8E
:10127000FFFFFFFFFFFFFFFFFFFFFFFFFFFFFFFF7E
:10128000FFFFFFFFFFFFFFFFFFFFFFFFFFFFFFFF6E
:10129000FFFFFFFFFFFFFFFFFFFFFFFFFFFFFFFF5E
:1012A000FFFFFFFFFFFFFFFFFFFFFFFFFFFFFFFF4E
:1012B000FFFFFFFFFFFFFFFFFFFFFFFFFFFFFFFF3E
:1012C000FFFFFFFFFFFFFFFFFFFFFFFFFFFFFFFF2E
:1012D000FFFFFFFFFFFFFFFFFFFFFFFFFFFFFFFF1E
:1012E000FFFFFFFFFFFFFFFFFFFFFFFFFFFFFFFF0E
:1012F000FFFFFFFFFFFFFFFFFFFFFFFFFFFFFFFFFE
:10130000FFFFFFFFFFFFFFFFFFFFFFFFFFFFFFFFED
:10131000FFFFFFFFFFFFFFFFFFFFFFFFFFFFFFFFDD
:10132000FFFFFFFFFFFFFFFFFFFFFFFFFFFFFFFFCD
:10133000FFFFFFFFFFFFFFFFFFFFFFFFFFFFFFFFBD
:10134000FFFFFFFFFFFFFFFFFFFFFFFFFFFFFFFFAD
:10135000FFFFFFFFFFFFFFFFFFFFFFFFFFFFFFFF9D
:10136000FFFFFFFFFFFFFFFFFFFFFFFFFFFFFFFF8D
:10137000FFFFFFFFFFFFFFFFFFFFFFFFFFFFFFFF7D
:10138000FFFFFFFFFFFFFFFFFFFFFFFFFFFFFFFF6D
:10139000FFFFFFFFFFFFFFFFFFFFFFFFFFFFFFFF5D
:1013A000FFFFFFFFFFFFFFFFFFFFFFFFFFFFFFFF4D
:1013B000FFFFFFFFFFFFFFFFFFFFFFFFFFFFFFFF3D
:1013C000FFFFFFFFFFFFFFFFFFFFFFFFFFFFFFFF2D
:1013D000FFFFFFFFFFFFFFFFFFFFFFFFFFFFFFFF1D
:1013E000FFFFFFFFFFFFFFFFFFFFFFFFFFFFFFFF0D
:1013F000FFFFFFFFFFFFFFFFFFFFFFFFFFFFFFFFFD
:10140000884207D0904205D251F8043B40F8043B93
:101410008242F9D8704700BF884204D2002340F8C6
:10142000043B8142FBD87047664B4FF42A01664A61
:1014300066482DE9F0475A641864654A99639546F1
:10144000BFF34F8FBFF36F8F21F030F8614B08204F
:10145000614A6249C3F854016148FFF7D1FF614A0C
:1014600061496248FFF7CCFF61496248FFF7D4FF4A
:10147000614C62494FF470000023614A086044F8EF
:1014800023200133B02BFAD15E4B80215E4A03F852
:10149000011B9342FBD14F4D4FF080385B494FF019
:1014A000FF325B4B0026DFF8A4A1DFF8A4911C609B
:1014B000C5F80481C5F800A1C5F8F480C5F8F0901E
:1014C0000B68544F43F4E0230B60FB693D4923F064
:1014D0007F0343F04003FB617B6A23F07F0343F00B
:1014E00040037B628A66CA660A674A6720F0E4FFA7
:1014F000494A4A4B6320A2630321E363484A494BAC
:10150000106000F160401E6042F8041C00F6A170FB
:101510004549464AC3F8082D0B68454A43F0807395
:101520000B601368434943F00103136003680B60C9
:1015300021F012FAC5F804813F48C5F800A1C5F8AA
:10154000F480C5F8F09021F09FFBF96E3B4A41F41E
:1015500040513B4BF9661660C2F80861C2F8186149
:10156000C2F82861C2F838619A6BD20708D442F6F3
:101570001562344959651A659A6B42F001029A6303
:101580002F4A314C936843F00113936021F006F821
:1015900020F060FF21F070FB21F010FA20F088FFAE
:1015A0002368132BFCD921F097FA2368B3F5967FB3
:1015B000FBD320F07FFF21F07BFB21F045FB30BF08
:1015C000FDE700BF00C00A40FFAAAAAA070020004A
:1015D0000000062000800D4018A4010004F80260FD
:1015E00000000000C06A0020209C04600000002071
:1015F000A0B60020DC9000200068002088ED00E00C
:101600007508010000E400E0A0E400E024ED00E043
:1016100008ED00E000C00F40C9E40000CDE4000088
:1016200014E000E018E000E0FCED00E00000202005
:10163000001000E050B400200046C32300400840E2
:1016400000400D400000C05654B400201B1018206C
:101650000C0D11134FF48C72002121F021BB00BF3F
:1016600018B14FF48C7110F079BA7047C02A2DE987
:10167000F0473AD0B2F5807F33D0802A03D06FF0A4
:101680001F00BDE8F0870A239846036000F10803B5
:101690008446520900274CF8043F01EB870E11F8ED
:1016A000275001379EF802609EF8014097424FEAAA
:1016B00006469EF803E046EA042444EA050444EAA8
:1016C0000E644CF8044FE8D3B8F10C0F11D0B8F108
:1016D0000E0F00F08180B8F10A0F47D00020BDE85E
:1016E000F0870E2303609846D0E70C2303609846EA
:1016F000CCE76B4AC8300121964601E05EF8041F32
:101700005E69183353F8184CC6F3072702EB166CC2
:1017100052FA86F517449CF8288095F828C097F867
:101720002850C6F3074745EA08451744654097F82F
:10173000288053F8147C85EA0C6453F8105C84EA22
:101740000824614053F8084C4F40196053F80C1CB2
:101750007D405F6069409D604C40D96066401C617F
:101760005E619842CAD10020BDE8F0874C4A00F182
:10177000A80C0121964601E05EF8041FD8681033DA
:1017800053F8104CC0F3072702EB106852FA80F5AB
:10179000C0F30746174498F828A095F828901644F7
:1017A00097F8285096F8288045EA0A4553F80C6CBB
:1017B00053F8087C654085EA096484EA082461409E
:1017C0004E40196077405E6078409F60D860634506
:1017D000D2D10020BDE8F087314AE8304FF001084F
:1017E000964601E05EF8048FDF69203353F8201C31
:1017F000C7F3072502EB176652FA87F4154496F8EB
:1018000028C094F8284095F82860C7F3074546EAB1
:101810000C461544714095F828C053F81C6C81EAB9
:10182000046153F8185C81EA0C2484EA080484EA11
:1018300006011C6053F80C6C81EA0504596053F8EA
:10184000141C9C60614053F8104C53F8085C52FA29
:1018500081FC02EB1169C1F30728D9609CF828C00C
:10186000C1F3074199F8289090448CEA040402EBF4
:10187000010C98F8281084EA09649CF828C084EACE
:10188000012484EA0C414E40196175405E616F404D
:101890009D61DF619842A5D10020BDE8F08700BFBF
:1018A000E82C02602DE9F04FC9B005460C461646FB
:1018B00000214FF48C7202A821F0F2F905F108031F
:1018C000324621466B6002A8FFF7D0FE0190002847
:1018D0006DD1DDF8089005F1180A039A4FEA09184E
:1018E00009F1FF3CC5F8009052F8083002EB080EF1
:1018F000BCF1000FAB60AEF1100BDEF80430EB6012
:10190000DEF808302B61DEF80C306B613FDDAEF1A4
:10191000140E14352A4805F11004714651F8043F9D
:1019200050FA83F700EB1366C3F30722C3F30743B0
:1019300097F8287096F82860024400EB8707034464
:1019400000EB860692F82820D7F82871D6F828658B
:1019500000EB820293F828307740D2F8282900EB78
:1019600083037A40D3F8283D534045F8043FAC4206
:10197000D4D1BCF1010CAEF1100E2546CBD14FEA0B
:101980000919A8F11003C9F110099A44CB44DBF8F6
:101990000030CAF80030DBF80430CAF80430DBF855
:1019A0000830CAF80830DBF80C30CAF80C3002A84E
:1019B0004FF48C7110F0D2F8019849B0BDE8F08F67
:1019C000E82C026003682DE9F04F5B1089B0D1F874
:1019D0000080059242681846079302F110041368CC
:1019E00001388D68069488EA0308044693680290DB
:1019F000D1F804E05D405068002CD368D1F80CA009
:101A00008EEA000E12698AEA030B019240F32B82E0
:101A1000069F7046DFF858A429465FFA88F2C0F3A3
:101A200007254FEA1B63C1F3074E0AEB82020AEB5C
:101A30008303166B0AEB8505D3F83024CBB25FFA2B
:101A40008BF40AEB830372400AEB8E0E1B6B060EBF
:101A50000AEB840403934FEA1169D5F830380AEB96
:101A60008605246B5FFA80FC82EA0306DEF8303CD0
:101A70000AEB8909C0F307407340FE68D9F8309437
:101A80004FEA18627440C8F307260AEB8000C1F3DE
:101A900007210AEB860684EA09040AEB8C0CD0F8CD
:101AA00030ECD6F830980AEB8202DCF830C00AEB52
:101AB0008101786884EA0909019EC8F30748D2F8D1
:101AC00030248CEA00005E40CBF307235040039A99
:101AD0000AEB8304BB68D5F83054CBF3074B534073
:101AE000D4F83048D1F830180AEB88080AEB8B0B91
:101AF0005D4089EA0E024140DBF830CC6540D8F801
:101B0000300C5FFA86FE81EA0C01130E6840C2F3C6
:101B1000074CCDB20196C0F3074B0AEB8E0E0AEBD1
:101B20008303C1F30729340EDEF830E0D3F83034F4
:101B30000AEB8B0B0AEB85050AEB8C0CDBF8306C9F
:101B40004FEA1168D5F830B08EEA030EC0F30725CE
:101B5000DCF8303C0AEB84045FFA80FC0396D4F88E
:101B600030440AEB88080AEB8C0C04930AEB8909D1
:101B70008BEA040B0AEB8505C1F30741D9F83098CD
:101B8000000ED5F830580AEB8101D8F830340AEB52
:101B900080007E69DCF83040C2F3072C8BEA060B2C
:101BA000D2B2BE695C403B690AEB8C0C74400AEB14
:101BB0008202019E8EEA0303D0F830048BEA050509
:101BC00083EA0909126BDCF83038C6F3072C42406F
:101BD000C6F307465C400AEB8C0CFB690AEB8606F1
:101BE000DCF830085A40D1F8303CD6F8301C42407E
:101BF000039E0498614082EA030B029B57F8204F32
:101C000089EA0608013B85EA0000019402937FF40B
:101C100004AF6FF07843079A86460D461A44134680
:101C2000069A02EB43130693069B5FFA8EF7C5F301
:101C300007244FEA186259682E0EEBB2C5F3074528
:101C40005FFA8BF0CBF3072C02950AEB82020AEBCA
:101C500087050AEB8000D2F830242D6B0AEB86064C
:101C6000076B4FEA1E605540D6F830645FFA88F281
:101C70007E404FEA1B670AEB8202694004960AEB3A
:101C80008000166B0AEB83030AEB8702D0F830540E
:101C90001B6BC8F30727D2F830240AEB840406989C
:101CA0005D400AEB8C0386EA020CCEF30722039117
:101CB000049ECBF30741D3F830B80AEB8203C26825
:101CC0000AEB8707CEF3074E0AEB8109724086685C
:101CD00001980AEB8E0E0399C8F30748D7F83078BD
:101CE0008CEA000CD4F830480AEB8808D3F83008A6
:101CF00085EA0603029D4C40DEF830EC7A40D9F8C4
:101D0000301C0AEB850582EA0E02D8F8307C61406F
:101D100083EA0B03D5F8304C8CEA000C83EA070009
:101D2000524B8CEA040CC2F30744C2F30728C1F3F8
:101D3000072E1C4453FA8CF69E4403EB126901945F
:101D400003EB08049EF828E0C0F30747039453FA16
:101D500082F41F4453FA80F80494C0F3072596F8E0
:101D6000282003EB1060069E53FA81FB99F8289017
:101D700003EB1C6A36691D440790724097F82800EF
:101D8000019C03EB116782EA0962CCF3072694F801
:101D90002840C1F3074182EA0E22CCF3074C02949B
:101DA000194482EA00429C441E44039B1446069A4E
:101DB00093F828E0506998F828800190019B906979
:101DC0009BF828B09AF828A088EA000097F82870B5
:101DD0008BEA030BD2F81C90049B8BEA0A6B079AE0
:101DE00080EA076095F8285092F8288080EA0E274C
:101DF000059A8BEA052B93F82830A646147000202C
:101E0000029C83EA090996F828608BEA04449CF84E
:101E1000285089EA086391F82810147187EA054769
:101E200083EA06231646724683EA01433772110A93
:101E3000150C3373120E7170210AB570F2703A0CE2
:101E40007171390A250CB272240E71721A0CB571B7
:101E5000190AF4713F0EB2731B0E7173F772F373AC
:101E600009B0BDE8F08FDFF808A0DDE6E82C0260DD
:101E7000E03D02602DE9F047089E984607461C6841
:101E8000DDF82490DDF828A0B1B182B10AF1FF3A63
:101E9000154654B3315D621C19F8013B013D83EADC
:101EA00001030AF8013F335502F00F04F1D1C8F8DD
:101EB00000400020BDE8F087002AF8D0154674B134
:101EC000335D611C19F8012B013D83EA02030AF816
:101ED000013B325501F00F04E9D0002CF0D132461D
:101EE00031463846FFF76EFDEAE73246314638465E
:101EF000FFF768FDCEE700BF002A45D02DE9F04787
:101F000086B01C46894682460F9B164603F101089F
:101F10000E9B5F1C19E017F8012C23788DF8142014
:101F2000534008F8013CDDF80500013EDDF80910DA
:101F300008F10108DDF80D2007F10107DDF8113087
:101F400020606160A260E3601AD0206801AD616822
:101F5000A268E3680FC5224621465046FFF732FDCE
:101F6000B9F1000FD7D02278B9F1010F17F8013C71
:101F700083EA020308F8013C08BF8DF81430D2E769
:101F8000002006B0BDE8F087002070472DE9F04F33
:101F9000156883B00F2DDDF830B0DDF83480DDF842
:101FA00038902AD81F460E468246019271B19DB1E3
:101FB0001BF80510013E18F8012B05F1010582EA16
:101FC000010205F00F0509F8012BF0D1019B00205B
:101FD0001D6003B0BDE8F08F5A4639465046FFF702
:101FE000F1FC07F1100212F8014D0134E4B2147053
:101FF000002CDDD19742F6D1DAE76FF02000E8E758
:102000002DE9F04F03688BB0D1F804805B10089283
:1020100042680993013B02F110041068029307948F
:102020001C465368D1F800E0002C88EA03038F684F
:102030008EEA000EC96890681E46D368126987EA66
:10204000000783EA0103019240F34082DDF81C900F
:10205000B446DFF884A41C465FFA8EF0C4F307216F
:102060004FEA1C62C7F30743FEB20AEB80000AEB9B
:102070008202D0F828010AEB8606D2F828250AEB5E
:1020800081015FFA8CF580EA020BD6F828010AEB91
:10209000830303900AEB8505D1F828094FEA1E61F6
:1020A000D3F8283D5FFA84F88BEA00000AEB81013F
:1020B000D5F828513A0E80EA030BD9F80430D1F84C
:1020C0002805CEF307215D40CEF307430AEB810ECE
:1020D000D9F80C100AEB8808C7F3072704910AEB1C
:1020E000820201990AEB8707D8F82881260E8BEA2D
:1020F000010B0499D2F82825C4F3074488EA0101AA
:10210000D7F828795540DEF828294840CCF3072E27
:102110006A400AEB8606039D0AEB8E0E7840D9F8DA
:102120000870DEF828190AEB840485EA070ED6F851
:102130002865D4F8284D0AEB83038EEA0606CCF313
:10214000074C6240D3F8285D0AEB8C0C7140130EEB
:102150006940DCF8287D5FFA8BF47840C1F3074CC6
:102160000AEB8303CBF307275FFA82FEC0F307284D
:10217000D3F828350AEB8C0C0AEB8404C0F307462D
:1021800003930AEB8E0EDCF8283D0AEB8808D4F89E
:1021900028410AEB8707DEF828C1050E0194C0B27A
:1021A000D8F828890AEB860604930AEB8505D7F848
:1021B0002879C2F30724D6F8286DC2F307420597A1
:1021C0000AEB8007039B0AEB840401980AEB820266
:1021D00006964340D5F82865D9F810000D0ED2F8C0
:1021E000282D43400AEB8505C8B2C1F30721D5F875
:1021F000285583EA08030AEB800E8CEA050C4FEAA7
:102200001B60DEF828510AEB81010AEB8000CBF35A
:10221000074B6E40049D0AEB8B0B83EA050ED9F841
:102220001450D4F828398CEA050CD9F81850D7F88E
:1022300028416E40059FD0F828558CEA070C5E4077
:10224000069B6C40D1F828098CEA030CD9F81C10C5
:1022500059F8203F4C40DBF8287D0193029B444015
:102260007740013B84EA020402937FF4F5AE6FF0FD
:10227000784209996646234611440A46079901EBBC
:10228000421207925FFA8EF5B146340EC7F3072863
:102290000AEB8505C3F3072CF0B2C7F30746390EE6
:1022A000CEF3072B0296FAB2D5F828611D0E0AEB81
:1022B0008404CEF307470AEB80000AEB8101D4F8CF
:1022C00028450AEB8202D0F828010AEB8505D1F8EF
:1022D0002815D2F828217440D5F8285541404FEAF6
:1022E0001E660397D8B26A40019D0AEB86060AEB88
:1022F0008000C3F307436C40079DD0F828710AEBB8
:102300008C00D6F828650AEB880E6D68C9F307487B
:1023100087EA060C029E0195C9F307250AEB86079A
:10232000079E0AEB8509019D0AEB8303D0F8280973
:102330006940B56801930AEB8B0B02950AEB88089C
:10234000029B4440DEF828595A40039BDBF8286979
:102350000AEB830E079BD7F8287D7140DB687C4031
:10236000D9F828B98CEA030C019B82EA0B02D3F856
:10237000280D8CEA0506D8F8283D4840C4F307210B
:102380005E40544BDEF828EDC0F307271944C6F32E
:10239000072A82EA0E0553FA80F211F8C81CDF19E9
:1023A00003EB156812F8C82C02919A44079953FA66
:1023B00084F918F8C88C03EB106C4969C6F3074B15
:1023C0000397C5F3074E4A4053FA85F703EB1661AE
:1023D0001AF8C8AC82EA0862C0F3074003EB14683D
:1023E000C5F30725C4F30744CDF804A0184419F831
:1023F000C8AC9B441CF8C89C9E4411F8C8CC1D4432
:10240000079953FA86F62344079C0490A46902981E
:1024100017F8C87C096982EA002267400398079C84
:102420008AEA010116F8C86C87EA0C6710F8C8AC94
:1024300081EA09610198E46987EA0A2A1BF8C8BCA5
:1024400081EA002118F8C88C6640049882EA0B42A1
:102450001EF8C8EC86EA086610F8C84C002081EA2D
:102460000E4E15F8C85C13F8C8CC089986EA052604
:102470008AEA0C4A0A710D4681F800E04FEA1E21F3
:1024800086EA044385F808A04FEA1E446970110AE1
:102490002B73AC70140C6971120E4FEA1A21AC71D7
:1024A0004FEA1E6EEA714FEA1A4469721A0C85F8F7
:1024B00003E0190AAC724FEA1A6AAA731B0E697319
:1024C00085F80BA0EB730BB0BDE8F08FDFF808A028
:1024D000D8E600BFD84E0260E82C026010B4012993
:1024E00014461A46214603D05DF8044BFFF788BD19
:1024F0005DF8044BFFF766BA2DE9F047160784B084
:102500000C9C0D9D59D1174680468A461E4669BBD4
:1025100042B303F1FF392068EE466168A268E368C0
:10252000AEE80F002B46002122464046FFF7D6FFBB
:102530006B1E494605F10F0E13F8010F11F8012F1C
:10254000734582EA00021A70F6D1EE46103F04F19C
:10255000100405F11005BEE80F0030607160B26034
:10256000F360D8D1002004B0BDE8F087002AF9D08C
:10257000013C03F1FF3949466A1E04F1100E14F8BC
:10258000010F11F8013F744583EA000302F8013F8F
:10259000F5D12B462A4651464046FFF79FFF286853
:1025A0006968103FAA6805F1100555F8043C3060D1
:1025B0007160B260F360DED1D4E76FF02100D2E742
:1025C000FFF700BAFFF71CBD2DE9F04FF7B000216F
:1025D000202283460DF1600A884620ACDFF8A891DE
:1025E000504620F05DFB30A84FF48C72414620F03D
:1025F00057FB4FEA680708F00106BD1CAD01BBF1AF
:10260000000F07D05A4A29465A48002E08BF4A46AA
:1026100020F056FB00232A46514630A82360636011
:10262000A360E36066BBFFF73DF9534B03EB07176D
:1026300010F1230F01D1C02D28D068B942F21075D6
:1026400002E0013D00F09D8123462246314630A83C
:10265000FFF744FF0028F4D00346BBF1000F04D07D
:102660004648049320F014FB049B30A84FF48C716F
:1026700004930FF073FA049B184677B0BDE8F08F0F
:10268000FEF7F4FF3E4B03EB0717D1E73D4820F080
:10269000FFFA08F10108B8F1060FAAD1BBF1000F4B
:1026A00040F05A8100230DF120090CAE0493049BE5
:1026B0005F1003F00108BD1CAD01BBF1000F09D094
:1026C0002B4A2946304B3148B8F1000F08BF1A4653
:1026D00020F0F6FA00232A46514630A8C9F8003007
:1026E000C9F80430C9F80830C9F80C303360736099
:1026F000B360F36023606360A360E360B8F1000F30
:102700002ED0FEF7B3FF224B03EB0713059310F116
:10271000230F01D1C02D41D000289DD142F2107568
:1027200014AFB8F1000F40F01F8101944B460094A4
:102730001022414630A8FFF7DFFE00288CD1013D72
:10274000EFD105991022204620F0A6FA002840F08B
:102750005781BBF1000F24D00E4820F099FA20E0F9
:10276000FFF7A0F80C4B03EB07130593CFE700BF6F
:10277000E8190020EC190020504F02605C1A00207C
:10278000804F0260041A0020E4190020141A00206F
:10279000E04F02600C1A0020B04F0260994820F010
:1027A00077FA049B0133062B049380D1BBF1000F11
:1027B00040F00D8100277D1007F0010605F10208A9
:1027C0004FEA8818BBF1000F08D08F4A41468F4B63
:1027D0008F48002E08BF1A4620F072FA8D4B0FCB9F
:1027E00089E80F008C4B4FEAD802504603EB4511A5
:1027F00020F032FA00234246514630A80793FEF7F4
:1028000035FF10F1230F03D1B8F1C00F00F0A880FD
:1028100000287FF421AF002E40F0C1807F4BA646F8
:1028200003EB851503F1380805F5D4750FCDAEE837
:102830000F000FCDAEE80F000FCDAEE80F0095E80A
:102840000F008EE80F0002943146019407ABCDF8DB
:102850000090402230A8FFF70DFB00287FF4FCAE6B
:1028600041464022204620F017FA002840F0C88058
:10287000BBF1000F40F0BC800137062F9BD1BBF1AC
:10288000000F40F0B980654B00260DF1400905931B
:10289000751006F00108BBF1000F08D05A495B4BD8
:1028A0005F48B8F1000F08BF194620F009FA4FEA57
:1028B000051E059B5B490022734407928E4403F575
:1028C0001A73A1F526770FCB89E80F009EE80F0059
:1028D0008AE80F008022514630A8FEF7C7FE034663
:1028E00000287FF4BAAE07EB8507204605EB4505C7
:1028F000D7F8C8723A46B8F1000F6CD12D014A4B97
:10290000591990331D4420F0A7F914AA4B4602949C
:102910003946009230A8019407AAFFF737FB034617
:1029200000287FF49AAE04903A462946204620F0CB
:10293000B3F9002864D1049BBBF1000F53D10136D9
:10294000062EA5D1BBF1000F3FF48FAE0A200493F1
:1029500020F06EF9049B88E60A2020F069F9A1E6D0
:10296000284820F095F987E796E80F0087E80F00E0
:1029700094E80F0086E80F0097E80F0084E80F0046
:10298000D3E639461022204620F086F9C0BBBBF1C1
:10299000000F3FF47EAE254820F07AF979E6DFF8A3
:1029A00090E0A446BEE80F00ACE80F00BEE80F00C0
:1029B000ACE80F00BEE80F00ACE80F000EF5A07801
:1029C0009EE80F0008EB85188CE80F003BE70A2013
:1029D00020F02EF9EEE62901134B5D1890331944CF
:1029E00020F03AF991E7114820F052F9049BA6E74C
:1029F0000E4820F04DF93FE70A2020F019F942E790
:102A000001232AE6041A0020E8190020E419002016
:102A10002C1A00201050026020500260D84E026034
:102A2000441A002070510260AC5102600C1A002060
:102A3000104F02600368F0B5CD1A002D43DD1C78FD
:102A4000260608D45E1C06601C781460891BA1420F
:102A500039D30020F0BD04F07F04013C032C35D8AD
:102A6000DFE804F02A201302042D2CDD9F785E1D80
:102A700093F801E03F041D79DC7847EA0E632B43AD
:102A800043EA042414600660E0E7032D1BDD9C7814
:102A90001E1D5D782402DB7844EA05441C43146063
:102AA0000660D3E7022D0EDD5C78DE1C9B7843EADE
:102AB000042414600660C9E7012D04D05C789E1CD4
:102AC00014600660C2E76FF05F00F0BD6FF0630056
:102AD000F0BD00BF70B404680E1B002E0BDD26781D
:102AE0009E4204D10134046070BCFFF7A3BF6FF0B5
:102AF000610070BC70476FF05F00FAE770B5056861
:102B000082B04C1B002C06DD2C78012C07D06FF016
:102B1000610002B070BD6FF05F0002B070BD0135A2
:102B2000164601AA04460560FFF784FF0028F0D18D
:102B3000019B012B09D1236813F8011B003118BF39
:102B400001213160236002B070BD6FF06300E0E7E7
:102B50000368F0B5CC1A83B0002C06DD1C78022C7B
:102B600007D06FF0610003B0F0BD6FF05F0003B0FD
:102B7000F0BD0133174601AA06460360FFF75AFF6E
:102B80000028F0D1019B013B032B13D8316891F948
:102B90000020002A0EDB04463860019311F8015B27
:102BA000013B45EA04245A1C01933C603160F5D195
:102BB00003B0F0BD6FF06300D5E700BFF8B5036860
:102BC000CF1A002F05DD1F78032F05D06FF06100AD
:102BD000F8BD6FF05F00F8BD013304460E46036098
:102BE000FFF728FF0028F3D113681546002BF0D01B
:102BF0002268013B2B601278072A2A710CD82268C0
:102C000001322260AA60226813449E4223600CBFF6
:102C100000206FF06500F8BD6FF06300F8BD00BFE5
:102C200070B505684C1B002C05DD2C78032C05D0F5
:102C30006FF0610070BD6FF05F0070BD013504463C
:102C40000560FFF7F7FE0028F4D113681646012B44
:102C500003F1FF32326005D923685A1C22601B78C9
:102C6000002BE7D06FF0670070BD00BF2DE9F04387
:102C700099460368164683B0CA1A002A08DD1A78F6
:102C8000302A0BD06FF06108404603B0BDE8F083F6
:102C90006FF05F08404603B0BDE8F083013301AA3E
:102CA00005460F460360FFF7C5FE80460028EBD1BE
:102CB0002A68019B13449F421FD19742A7EB02034E
:102CC00016D91178002B3160E2DD13789945D9D1FE
:102CD000541C3946321D28462C60FFF7ABFED8B98C
:102CE0002B687268B3602B681A4497422A6007D831
:102CF0000023F3602B689F42C6D06FF06508C3E7DE
:102D0000102101201FF0D8FFF060064608B12A68A4
:102D1000D3E76FF06908B7E78046B5E770B5056897
:102D200082B04C1B002C06DD2C78022C07D06FF0F3
:102D3000610002B070BD6FF05F0002B070BD013580
:102D4000164601AA04460560FFF774FE0028F0D17C
:102D5000019A3046216801F037F92268019B13443B
:102D6000236002B070BD00BF2DE9F041066882B05B
:102D7000C6EB010EBEF1000F0ADD96F800E0BEF1D1
:102D8000300F0BD06FF06106304602B0BDE8F08125
:102D90006FF05F06304602B0BDE8F0810136904624
:102DA00001AA044606600D461F46FFF743FE06468D
:102DB0000028E9D12368ED1A002DE9DD019D1A787C
:102DC000002DC8F80020E3DD1A78062ADAD11D4468
:102DD000013308F10402204623602946FFF72AFE4A
:102DE00006460028D0D12368D8F80420C8F8083057
:102DF00021688B189D4223601ED08E5C01333A46B9
:102E00002946204642F8046B2360FFF713FE70B991
:102E100022687B68BA60226813449D4223600CBF1D
:102E200000266FF06506304602B0BDE8F081064628
:102E3000304602B0BDE8F08138460C210EF08EFE1F
:102E4000A2E700BF10B584B0002401AB0294019446
:102E50000394FFF789FF48B9019B052B00D03BB9CC
:102E6000029B002B14BF6FF06700002004B010BD60
:102E70006FF06700FAE700BF70B5044670B10E4608
:102E8000154601E0A4694CB16368AB42FAD12A4609
:102E90003146A0681FF000FF0028F3D1204670BD26
:102EA00068B110B5044680681FF0BEFE60691FF06F
:102EB000BBFE20462021BDE810400EF04FBE7047FB
:102EC00038B504685CB10546A36920462B60FFF75E
:102ED000E7FF20461FF0A8FE2C68002CF4D138BD77
:102EE0007F2A0346F0B40AD80468611A00296ADD13
:102EF000611E0120196004F8012CF0BC7047FF2A04
:102F000010D80468611A01295DDD651E8121022047
:102F10001D6004F8012C1A68541E1C6002F8011C84
:102F2000F0BC7047B2F5803F1FD3B2F1807F28D24A
:102F30000468611A032946DD601E160A150C8321F8
:102F40001860042004F8012C1A68541E1C6002F852
:102F5000016C1A68541E1C6002F8015C1A68541E49
:102F60001C6002F8011CF0BC70470468611A022959
:102F700029DD661E150A822103201E6004F8012C3B
:102F8000E7E70068411A04291DDD441E160A150CE6
:102F900084211C60140E00F8012C05201A68571EAD
:102FA0001F6002F8016C1A68561E1E6002F8015C70
:102FB0001A68551E1D6002F8014C1A68541E1C60E8
:102FC00002F8011C99E76FF06B0096E70368591A45
:102FD000002909DD012110B45C1E0460084603F8D5
:102FE000012C5DF8044B70476FF06B010846704789
:102FF00038B505688D420CD36C1A9C4209D31C4627
:1030000003461146281B224618601FF025FE204665
:1030100038BD6FF06B0038BDF8B5054610460E465A
:10302000174600F0CBFF2968B1422ED38B1B044614
:1030300098422AD8091A02463846296000F0FAFF59
:10304000A0B93B68012B12D0224631462846FFF733
:1030500047FF00280ADB2B6801349E1B002E14DD7D
:10306000591E02222044296003F8012CF8BD2B6868
:1030700093F90020002AE7DA9A1B002A05DD5A1E80
:1030800001342A6003F8010CDEE76FF06B00F8BD35
:1030900002680346501A002812DD002010B4541EA6
:1030A0001C6002F8010C1A68511A81420BDD541E93
:1030B000052102201C6002F8011C5DF8044B7047DA
:1030C0006FF06B0070476FF06B005DF8044B70475A
:1030D000F8B50568A94202D86C1AA34203D96FF06B
:1030E0006B042046F8BD0746E81A1C460E463860B9
:1030F00011461A461FF0B0FD002CF2DB2246314685
:103100003846FFF7EDFE00280CDB3B680134991BC5
:103110000029E4DD591E062204443960204603F8E4
:10312000012CF8BD04462046F8BD00BFF8B5069D49
:103130008DB90468661A002E27DD661E066004F845
:10314000015C0468651A002D1FDD671E0526022537
:10315000076004F8016C0C460646FFF7B9FF00282B
:1031600015DB0544214630462A46FFF7B9FE002804
:103170000DDB336801351C1B002C06DD591E302287
:103180002844316003F8012CF8BD6FF06B00F8BDE6
:10319000F8B505686E1A002E1BDD131C05F1FF370C
:1031A0004FF00102044618BF012307600E465B4240
:1031B00005F8013CFFF794FE002809DB2368991B02
:1031C000002906DD591E01220230216003F8012C7E
:1031D000F8BD6FF06B00F8BD036870B55C1A002C89
:1031E0001EDD5C1E002A046003F8012C04DD036868
:1031F00093F90020002A16DB012632460C460546CC
:10320000FFF76EFE00280ADB2B680136191B002928
:1032100006DD591E02223044296003F8012C70BDDE
:103220006FF06B0070BD5A1A002AF9DD5C1E002297
:103230000226046003F8012CDFE700BFF8B505683B
:10324000A94202D86C1AA34203D96FF06B0420463E
:10325000F8BD0746E81A1C460E46386011461A4665
:103260001FF0FAFC002CF2DB224631463846FFF70D
:1032700037FE00280CDB3B680134991B0029E4DD94
:10328000591E132204443960204603F8012CF8BD6E
:1032900004462046F8BD00BFF8B50568A94202D82B
:1032A0006C1AA34203D96FF06B042046F8BD0746A1
:1032B000E81A1C460E46386011461A461FF0CCFC30
:1032C000002CF2DB224631463846FFF709FE002883
:1032D0000CDB3B680134991B0029E4DD591E1622E2
:1032E00004443960204603F8012CF8BD044620460A
:1032F000F8BD00BF2DE9F84313F00704066818BFB6
:1033000001248E4204EBD3042DD30F4604F10109AE
:10331000711A494527D38046301B11462246C8F80A
:1033200000001D461FF098FCD8F80060C5EBC403F0
:103330004A46751E39464046C8F8005006F8013C1A
:10334000FFF7CEFD00280CDBD8F800300234DF1B7D
:10335000002F08DD591E03222044C8F8001003F88E
:10336000012CBDE8F8836FF06B00BDE8F88300BF67
:10337000F8B50568A94202D86C1AA34203D96FF0C8
:103380006B042046F8BD0746E81A1C460E46386016
:1033900011461A461FF060FC002CF2DB2246314633
:1033A0003846FFF79DFD00280CDB3B680134991B74
:1033B0000029E4DD591E042204443960204603F844
:1033C000012CF8BD04462046F8BD00BF2DE9F047AA
:1033D00082B0074600681E46894690460A9DFFF760
:1033E0004BFDF0B1036904469D4209D8AEB12A46AF
:1033F000314660691FF030FC204602B0BDE8F0871E
:10340000294601201FF058FC074640B360691FF0B1
:103410000BFC67612561002EE9D1204602B0BDE8B2
:10342000F087202101201FF047FC0446B8B1C0F806
:103430000480414601201FF03FFC8246A06080B11D
:10344000424649461FF008FC2561294601201FF02D
:1034500033FC606150B13B683C60A361C6E700206B
:10346000CBE720461FF0E0FB5046C6E701905046F0
:103470001FF0DAFB20461FF0D7FB019B1846BCE784
:103480002DE9F04F099D4D4CA4FB0554099D64089E
:1034900004EB440B5D4518BF0134B4F1804F80F05C
:1034A0008580A400013400287BD08C4294BF002189
:1034B0000121002975D1BBF1000F6FD08946DD1CB9
:1034C000041D3F4915F803EC09F1030915F8027CC6
:1034D0002B4615F8016C4FEA0E184FEA870CCB45C6
:1034E00008F0300801EB961A0CF03C0C4FEAAE0ED7
:1034F00001EB171706F03F0611F80EE005F1030582
:1035000017F808708E5D1AF80C80A44604F8037C46
:1035100004F1040404F808EC04F8068C04F8056CC3
:10352000D0D8099949451FD909F10109099C197891
:103530004C4522D95B780E01214D89109C0006F084
:10354000300605EB13136F5C04F03C019C5D0CF13D
:103550000303695C8CF801408CF802108CF8007051
:103560003D2103F1010C1970C0EB0C000023106029
:1035700018468CF80030BDE8F08F0C01104D891012
:103580003D2604F030040CF103036F5C295D8CF8D8
:1035900000708CF801108CF80260E1E7D94684468F
:1035A000BFE714606FF02900BDE8F08F4FF0FF33E4
:1035B0006FF029001360BDE8F08F00BFABAAAAAA84
:1035C000CC52026030B4029C0CB130BC58E72046AB
:1035D000146030BC704700BF2DE9F047DDF820E0F3
:1035E0009146BEF1000F00F09E8000229C46DFF85D
:1035F0005CA1904617461CF807300CEB07053C46CB
:10360000202B04D07DE015F8016F202E04D1013469
:10361000A645A4EB0703F6D8A6451DD0C4EB0E05BE
:10362000012D1CF8045001D90D2D5BD00A2D0FD0AF
:10363000002B5ED13D2D60D02E065AD4554495F80E
:1036400040307F2B55D00AB13F2B52D908F10108E9
:10365000671CBE45CFD8BE46B8F1000F63D008F056
:1036600007034FEAD80803EB430308EB48085B0065
:10367000C2EB4808073308EBD30300285DD08B4228
:1036800094BF00210121002957D1BEF1000F52D073
:1036900007460326E6440C46DFF8B0802A4D0EE0CC
:1036A0004244013492F8403003F03F02402B08BFFF
:1036B000013E042C42EA811125D0E6450CD01CF8CD
:1036C000012BA2F10A03DBB2162BE9D825FA03F38A
:1036D000DB07E5D5E645F2D1381AC9F8000000202D
:1036E000BDE8F087671C1CF807600A2EB1D0002BDC
:1036F000A4D06FF02B00BDE8F0870132022A9DD9DB
:10370000F7E7002388E766B10B0C012E3B7007D06A
:103710000B0A022E7B700BD0B97000240337CCE764
:1037200001370024C9E70020C9F80000BDE8F08790
:1037300002370024C1E77046CFE7C9F800306FF0C8
:103740002900BDE8F08700BF09004000CC520260AC
:1037500010B54024A4B058B92B4B03AA04A8009478
:103760008021FFF78DFED8B10124204624B010BD82
:1037700026481FF0A5FA03AA04A80094224B802132
:10378000FFF77EFE28B9582204A921481FF084FAC9
:1037900000B301241F481FF07BFA204624B010BD5F
:1037A000582204A91A481FF077FA0028DCD15820C3
:1037B00003AA174B8021009004A8FFF70DFF0028F3
:1037C000D2D1224604A910481FF066FA0446002808
:1037D000CAD1CAE710481FF073FA582103AA0C4B4C
:1037E000009104A88021FFF7F7FE0028D1D12246DE
:1037F00004A905481FF050FA04460028C9D107481B
:103800001FF046FAB1E700BF8C530260641A002033
:10381000CC5302605C1A0020801A0020A01A0020FD
:1038200050B30023F0B5A1F1040E15461E462F68D3
:103830000136FC1A2C605EF8041F8C42A4EB0104D4
:103840002CBF4FF0000C4FF0010C45F8044B9F4289
:103850002CBF63460CF10103B042E8D102EB8002B9
:103860004BB111689942A1EB030134BF012300233E
:1038700042F8041BF5D3F0BD704700BFF0B5864693
:1038800087B00020BEF10F0F0391029201930590C3
:1038900040F2D080F446ACF1100C03980299059ADE
:1038A000019B50F8044B4FF000050E68E3FB042524
:1038B000B71845F1000241F8047B50F8044B4FF073
:1038C00000050E68E3FB0425B71845F1000241F836
:1038D000047B50F8044B4FF000050E68E3FB042511
:1038E000B71845F1000241F8047B50F8044B4FF043
:1038F00000050E68E3FB0425B71845F1000241F806
:10390000047B50F8044B4FF000050E68E3FB0425E0
:10391000B71845F1000241F8047B50F8044B4FF012
:1039200000050E68E3FB0425B71845F1000241F8D5
:10393000047B50F8044B4FF000050E68E3FB0425B0
:10394000B71845F1000241F8047B50F8044B4FF0E2
:1039500000050E68E3FB0425B71845F1000241F8A5
:10396000047B50F8044B4FF000050E68E3FB042580
:10397000B71845F1000241F8047B50F8044B4FF0B2
:1039800000050E68E3FB0425B71845F1000241F875
:10399000047B50F8044B4FF000050E68E3FB042550
:1039A000B71845F1000241F8047B50F8044B4FF082
:1039B00000050E68E3FB0425B71845F1000241F845
:1039C000047B50F8044B4FF000050E68E3FB042520
:1039D000B71845F1000241F8047B50F8044B4FF052
:1039E00000050E68E3FB0425B71845F1000241F815
:1039F000047B50F8044B4FF000050E68E3FB0425F0
:103A0000B71845F1000241F8047B50F8044B4FF021
:103A100000050E68E3FB0425B71845F1000241F8E4
:103A2000047B059202910390BCF10F0F3FF633AF78
:103A30000EF00F0EBEF1070F68D90EF0070E0398B7
:103A40000299059A019B50F8044B4FF000050E684F
:103A5000E3FB0425B71845F1000241F8047B50F858
:103A6000044B4FF000050E68E3FB0425B71845F141
:103A7000000241F8047B50F8044B4FF000050E683B
:103A8000E3FB0425B71845F1000241F8047B50F828
:103A9000044B4FF000050E68E3FB0425B71845F111
:103AA000000241F8047B50F8044B4FF000050E680B
:103AB000E3FB0425B71845F1000241F8047B50F8F8
:103AC000044B4FF000050E68E3FB0425B71845F1E1
:103AD000000241F8047B50F8044B4FF000050E68DB
:103AE000E3FB0425B71845F1000241F8047B50F8C8
:103AF000044B4FF000050E68E3FB0425B71845F1B1
:103B0000000241F8047B059202910390BEF1000F80
:103B100015D003980299059A019B50F8044B4FF079
:103B200000050E68E3FB0425B71845F1000241F8D3
:103B3000047B059202910390BEF1010EE9D1029936
:103B4000059A0B68134441F8043B059A934234BF2D
:103B5000012200220592F4D307B0F0BDF0B44E6804
:103B60001EB38F68002307EB860656F8044D250C1C
:103B7000B742A4B245EA0343B3FBF2F502FB1533A7
:103B800044EA0343B3FBF2F402FB1433EDD10968BA
:103B9000002903DB03600020F0BC7047002BF9D044
:103BA000D31AF0BC0360002070473346F2E700BF31
:103BB00020B100230122836080E80C00704700BF21
:103BC00080B110B50446806830B1616889000DF09D
:103BD000C5FFA0681FF028F800230122A36084E835
:103BE0000C0010BD704700BF42F21073994223D8F9
:103BF0002DE9F0414668B14202D80020BDE8F081CD
:103C00000C460546042120461FF056F88046B0B108
:103C1000AF685FB1B600394632461FF01DF838462E
:103C200031460DF09BFFA8681EF0FEFF6C6000207F
:103C3000C5F80880BDE8F0816FF00F0070476FF0A5
:103C40000F00BDE8F08100BF2DE9F04146688E42CB
:103C50002ED9731E05460C460CD081689A0051F887
:103C6000230048BB0A4403E052F8040D18B90B4680
:103C7000591EF9D101239C424FF0040138BF1C4664
:103C800020461FF019F88046C0B1AF6857B1A200B6
:103C900039461EF0E1FF3846B1000DF05FFFA8681D
:103CA0001EF0C2FF6C600020C5F80880BDE8F081FE
:103CB000BDE8F041FFF798BF3346DCE76FF00F0037
:103CC000BDE8F08188423AD08A68F0B50E4683B0EC
:103CD000002A36D04D6807466B1E0BD052F82310D1
:103CE0009C0041B9224403E052F8045D05BB234621
:103CF0005C1EF9D101257A683368AA423B600FD374
:103D0000521BB868AD000021920028441EF0C8FF85
:103D10002A46B168B8681EF09FFF002003B0F0BDCE
:103D200029463846FFF760FF0028F7D1AD00EFE7DE
:103D30001D467A683368AA423B60E1D2F0E7002072
:103D400070470192FFF73CFF019A1046E6E700BF7B
:103D5000F0B585B005460C46006801AB6968AA68F5
:103D60001E46D4F800C0D4F804E0A768C5F800C027
:103D7000C5F804E0AF6007C307CE20606160A260B1
:103D800005B0F0BD2DE9F0410C4649681646804665
:103D9000FFF72AFF98BB73422568D8F8001046EA5F
:103DA00003026368C2F3C012C2F1010705FB02F50A
:103DB00001FB0751C8F8001083B1A668D8F80810B5
:103DC000043E01EB830E56F8045F0C6805FB02F518
:103DD00004FB075441F8044B8E45F4D1D8F8041085
:103DE0008B420CD2D8F8082002EB830302EB81014E
:103DF0001A6807FB02F243F8042B9942F8D1BDE898
:103E0000F08100BF88423BD0F8B50C4649681546A2
:103E10000646FFF7E9FE00B1F8BD71682046FFF7DE
:103E2000E3FE0028F8D16A423168206815437368C0
:103E3000C5F3C015C5F1010705FB01FE07FB01F144
:103E400000FB05113160226802FB07E22260ABB182
:103E5000A268B168043A01EB83060B6852F8040FBC
:103E600007FB03F405FB03F300FB054041F8040BDB
:103E7000B142106800FB07331360EED10020F8BD9B
:103E80000020704770B50E4601210546FFF7ACFED5
:103E9000044688B96A680146A86892001EF000FFCF
:103EA000002E86EAE671AA68B4BF4FF0FF33012303
:103EB000A1EBE67111602B60204670BD4368B1EB49
:103EC000431F0AD283684A0901F01F0053F82230C9
:103ED00023FA00F000F0010070470020704700BF97
:103EE000012A22D8F8B5436805464F091646B1EBBA
:103EF000431F0C4602D392B91046F8BD04F01F01CF
:103F0000AD680124002055F8273006FA01F204FAC2
:103F100001F123EA01031A4345F82720F8BD791C73
:103F2000FFF762FE0028E9D0F8BD6FF0030070478C
:103F300003464068A0B170B49D680026043D314638
:103F400055F8044F002203E0202A01F1010108D0B6
:103F500024FA02F3013213F00103F5D0084670BCD5
:103F600070470136B042EBD11846F8E74368DBB141
:103F7000013B1ED080689A0050F82310B1B902446A
:103F800002E052F8041D89B9013BFAD101682023EF
:103F900000204FF0004202E00130202803D00A4206
:103FA0004FEA5202F8D01B1A184670475B012033C3
:103FB000EEE7826820231168EAE700BF08B5FFF743
:103FC000D5FF0730C00808BDF8B50C4612F0030154
:103FD0004368174618BF0121064601EB92059D4232
:103FE0000BD0FFF7EDFD0023012229463046736018
:103FF0003260B360FFF7F8FDD0B900213046FFF71B
:1040000041FFB0B99FB1B268E1190546EB0011F864
:10401000014DAE08013503F01803AF4204FA03F373
:1040200052F8264043EA040342F82630EED1F8BDA8
:10403000F8BDF8BDF8B514460D460746FFF796FFE4
:104040000730C608B44217D32246002128461EF086
:1040500027FE7EB12A1900239808B968DC000133D5
:1040600051F8205004F01804B34225FA04F402F881
:10407000014DF1D10020F8BD6FF00700F8BD00BF81
:10408000F8B50D460646FFF771FF72682B186C09EC
:1040900005F01F05B3EB421F34D8DCB173689C42B6
:1040A0003CD26FF04042B0681A4400EB840700EB4A
:1040B0008303121B00EB820252F8041943F8041D1B
:1040C000BB42F9D1234600EB8303002243F8042DC1
:1040D0009842FBD1A5B17068844211D2B268002128
:1040E000C5F1200602EB840302EB8004186800FA95
:1040F00005F20A4320FA06F143F8042B9C42F5D15D
:104100000020F8BD13F01F01304618BF012101EB5C
:104110005311FFF769FD0028BFD0F8BD002BD9D09F
:10412000B068D0E7F0B443684D099D4205D8CA068F
:1041300001F01F0605D09D4203D10021F0BCFFF71E
:10414000A1BECDB15A1B0BD08468214604EB850477
:1041500001EB820754F8045B41F8045BB942F9D1E2
:10416000934209D98168002401EB820201EB8301AB
:1041700042F8044B9142FBD18EB183B18468C6F101
:104180002005002004EB830353F8041D21FA06F2F6
:104190009C4242EA000201FA05F01A60F4D10020C4
:1041A000F0BC7047436870B473B16FF040448268EC
:1041B0001C4452F8245002EB84021DB11BE052F85B
:1041C000044DC4B9013BFAD14A68002A46D06FF0C9
:1041D00040448D68144455F8243005EB84011BB12C
:1041E0003EE051F8044D94B9013AFAD1181C18BFB9
:1041F000012070BC70474A684AB36FF040448D6834
:10420000144455F8246005EB8401002EECD09A424A
:104210001DD39A421ED8BBB16FF0404481681C4444
:10422000A20051F8240055F8244011442A44844245
:104230000DD307D90EE051F8044D52F8040D844215
:1042400005D807D3013BF6D1184670BC7047012052
:1042500070BC70474FF0FF3070BC70471046C8E725
:104260000023D6E72DE9F04F5C6887B00134119D3B
:10427000AC4272D8129C2668002E6ED01F460C46A7
:1042800093468246AA003046002102931EF008FDA4
:104290002368D7F80480129A4345126828BF434622
:1042A00004920393B8F1000F54D008F101030026E3
:1042B00015469B00019602EB03090593019E2A46D1
:1042C000DAF80830DBF8001053F8264033460F6860
:1042D0002E680133039807FB0467109E0193234661
:1042E000FFF7CCFA06FB07F702992A463B46404601
:1042F0008968FFF7C3FA002345F8044B49F8043FE7
:10430000019B9845DAD1059B049A043B1A44049218
:10431000059A0499DAF808001EF09EFC029C5046AB
:104320002146FFF73FFF002809DB4046DAF8082066
:10433000A168FFF775FA002007B0BDE8F08F129B67
:104340004046DAF808101A68FFF76AFA002007B04A
:10435000BDE8F08F04230593DAE76FF00300EBE785
:10436000436870B473B16FF0404482681C4452F8E3
:10437000245002EB84021DB11EE052F8044DDCB95A
:10438000013BFAD14A6882B16FF040448E68144410
:1043900056F8243006EB84041BB150E054F8045D59
:1043A000BDB9013AFAD11BB91A46104670BC704724
:1043B000026870BC104670474A68002AF8D06FF057
:1043C00040448E68144456F8245006EB8404002DB3
:1043D000E7D09A42ECD39A4225D802680968002AAD
:1043E00001DD002929DB002901DD002A22DB002B69
:1043F000DAD06FF0404480681C44A10050F824508B
:1044000056F8244008443144AC42CED307D90FE0DB
:1044100050F8045D51F8044DA542C6D808D3013BBD
:10442000F6D11A46C1E70A68524270BC104670477E
:104430005242BAE74FF0FF32B7E70122B5E7002357
:10444000C9E700BF0B4610B583EAE37284B0002BC6
:104450004FF00104A2EBE37201A9B4BF4FF0FF33A8
:10446000234602940092CDF80CD00193FFF778FF19
:1044700004B010BD90422DE9F041074664D0884257
:10448000144603D0FFF71EFC0646C8B90123656831
:104490003B6075B16FF04042A3682A4453F8221084
:1044A00003EB820319B10EE053F8041D59B9013D25
:1044B000FAD138460021BDE8F041FFF795BB06462A
:1044C0003046BDE8F08129463846FFF78DFB0646A9
:1044D0000028F5D1A068B6463446B968043800E033
:1044E000C6460B680EF1010850F8042FE418144476
:1044F0002CBF0123002341F8044BA24294BF1C4669
:104500005C1C45450A46EBD8002CD9D00EF10205BB
:104510004FEA88080BE01368013508F104082344CA
:10452000A34242F8043B34BF01240024C8D26B1ECE
:1045300079689942EFD829463846FFF755FB00289D
:10454000BDD1BA684244E6E70C469FE72DE9F04149
:10455000884684B00546114640461746FFF722FEBE
:10456000002838DB00230122AF4201AE0192029302
:10457000039325D0A84505D041462846FFF7A2FB66
:104580000446B0B9012378682B6010B36FF0404344
:10459000B968034451F8232001EB83031AB104E006
:1045A00053F8042D0AB90138FAD1AA680024FFF79C
:1045B00037F93046FFF704FB204604B0BDE8F08130
:1045C00039463046FFF77EFB04460028F1D13746D6
:1045D000D0E7B968E9E76FF00900EEE7F8B50E68D3
:1045E0000746136803FB06F3002B04DBFFF742FFCB
:1045F00000B93E60F8BD0D46114614462846FFF747
:10460000D1FD002807DB224629463846FFF79EFFEA
:104610000028EED0F8BD2A4621463846FFF796FF1F
:104620000028E7D176423E60F8BD00BFF8B50E68BD
:104630000746136803FB06F3002B0EDD0D461146FB
:1046400014462846FFF7AEFD00280CDB224629461B
:104650003846FFF77BFF20B1F8BDFFF70BFF0028BE
:10466000FAD13E60F8BD2A4621463846FFF76EFF74
:104670000028F1D176423E60F8BD00BF134630B548
:10468000002B85B083EAE3744FF0010501AACDF851
:104690000CD0A4EBE374B4BF4FF0FF332B4602956C
:1046A00000940193FFF79AFF05B030BD134630B573
:1046B000002B85B083EAE3744FF0010501AACDF821
:1046C0000CD0A4EBE374B4BF4FF0FF332B4602953C
:1046D00000940193FFF7AAFF05B030BD2DE9F04F1C
:1046E000074689B0002301208F4291460290059031
:1046F00003930493069307935ED002AB884601931D
:104700004F450DF1140B60D0D8F804507DB16FF017
:104710004042D8F808302A4453F8221003EB8203B1
:1047200019B104E053F8042D0AB9013DFAD1D9F8C2
:1047300004407CB16FF04042D9F80830224453F86D
:10474000221003EB820319B104E053F8042D0AB9D7
:10475000013CFAD129193846FFF746FA824648B19A
:104760005846FFF72DFA0198FFF72AFA504609B08C
:10477000BDE8F08F01463846FFF784FB82460028EB
:10478000EED18CB16FF040462644B600D9F808301F
:104790002846BA689B593244D8F80810FFF76EF8DB
:1047A000013CA6F10406F1D1D8F80020D9F8003078
:1047B00003FB02F33B60D3E702A80190FFF782FA04
:1047C000824658B9DDF804809AE739465846FFF723
:1047D00079FA82460028C3D1D94695E70DF1140B2A
:1047E000BEE700BF8B1E0E2B00F2D3802DE9F04FE9
:1047F0000C468BB04FF00009012605461046924644
:104800000F460496CDF81490CDF818901EF018FAC3
:10481000102C804632D049462846FFF733FB01462C
:1048200000283DD1B8F1000F00F0AD8083460DF1B6
:104830001009BBF1000F00F0AF801AF80B20A2F1B5
:104840003004A2F14101E0B2092888BFFF24052904
:10485000A2F1610198BFA2F13704052998BFA2F126
:104860005704A7421FD86FF0050148460191FFF792
:10487000A7F9019908460BB0BDE8F08FB0F1804F61
:1048800080F084808100284611F01C0F14BF33464D
:104890004B4603EB5111FFF7A7F90146002831D031
:1048A0000DF11009E1E703AB294607AA4846079630
:1048B000089609930397FFF711FF01460028D4D10A
:1048C0002B6807AA4946012B10D003AB2846039456
:1048D000079608960993FFF7A9FE01460028C4D160
:1048E0000BF1010BD845A4D10021BEE70793284660
:1048F000089303AB03940993FFF770FE0146002869
:10490000EED0B2E72846FFF7BDFA01460028C7D12E
:10491000B8F1000F37D00AEB080301938300B8F118
:10492000010F4FEAD00608F1FF3803F01C033CD01A
:10493000019A013012F801ED0192AEF13002AEF1B0
:104940004109AEF1610C5FFA82FBBBF1090F88BF30
:10495000FF22B9F1050F98BFAEF13702BCF1050F88
:1049600098BFAEF15702944202FA03F302D80DF158
:10497000100978E7AA6852F826703B4342F82630BF
:10498000B8F1000FCAD10DF11009ADE76FF00300C7
:1049900071E76FF0030070479AF800202D2A7FF42A
:1049A0004CAF4FF0FF322A609AE79AF800202D2A88
:1049B000BED14FF0FF330DF110092B6055E700BF5A
:1049C00000B585B00123009201AA01930293CDF8AE
:1049D0000CD0FFF783FE05B05DF804FB2DE9F04F26
:1049E000A7B04FF0010B0024814620AE019118467C
:1049F00023A91D4617462094CDF88CB0CDF890B071
:104A00002596FFF7ADFC00286FD029463846CDF833
:104A100050B015941694CDF85CB018941994CDF854
:104A200068B01B941C94CDF874B01E941F94CDF8FC
:104A300080B021942294FFF7B5FBA04220DB0DF15A
:104A4000500839460DF15C0A4046FFF73BF9044631
:104A500080B31AAB0DF1740B00934046FFF7B0F82A
:104A60005046FFF7ADF80098FFF7AAF85846FFF751
:104A7000A7F83046FFF7A4F8204627B0BDE8F08F2E
:104A8000B9F1000F05D021464846FFF7FBF904466F
:104A900038B9019B2BB339460198FFF713F9044647
:104AA000F8B11AAB0DF150080DF15C0A0DF1740B61
:104AB0000093D2E729465046FFF704F90446002840
:104AC000C7D11AAB7968CDF85CB0023118460093B3
:104AD000CDF850B0FFF788F8044648B10DF1740BDB
:104AE000BBE7002027B0BDE8F08F6FF00B00C4E7F4
:104AF00001460098FFF7C6F90DF1740B0446002833
:104B0000ABD102215846FFF76FF804460028A4D124
:104B100003213046FFF768F8044600289DD150462F
:104B2000FFF724FA00F01F001F2800F0C280C0F138
:104B30001F03404619460793FFF7A2FA04460028D0
:104B40008BD107995046FFF79BFA0446002884D181
:104B5000159B5046189A0293013B0392013A049325
:104B60009B1A05925A010A9311460692FFF788FA9A
:104B7000044600287FF471AF0A9B9B001C460BE0A3
:104B8000DDF870E05EF8043001334EF80430FFF7D2
:104B90004DFD002840F08F8051464046FFF7E0FB76
:104BA0000028524641464046EADA06995046FFF749
:104BB000B9FA044600287FF450AF05986FF04042E0
:104BC0006FF078438F4980000E94CDF83C900A90A6
:104BD000029810970244034401440A98119504383E
:104BE0008900CDF808A00C9003980391121A1B1AA3
:104BF00092005B0114460693049B059A934240F28F
:104C0000AE80039B16990433199A0A980D93125893
:104C1000CB581C9D9342C0F085804FF0FF332B5141
:104C20002B5913AF039A0133DDF83490043ADDF8C1
:104C300008A02B510B922DE0199B0C9A9A580A99B7
:104C4000026023AA5B5859461C9D436058462B5965
:104C500001252597239513932495FFF73FFD0146E2
:104C600058BB3046FFF70EF928BB049A229BAA4294
:104C7000169D01D00B9AA858039A314618605846E1
:104C8000AA585A6055F809209A60FFF769FB002876
:104C900015DD1C9D2B5900215846013B2B51FFF778
:104CA000F1F840B9059B1F98002BC5D1059A199BB7
:104CB000C5E707944CE70446CFE60446CDE61C9BC7
:104CC0000125514623AA1B595846CDF808A0239523
:104CD000139324952597FFF701FD002840F08D8060
:104CE00006995846FFF7CCF9002840F086805A46CE
:104CF00041464046FFF79AFC00287ED1139023A935
:104D00004046239524952597FFF72AFB00285FDB73
:104D1000049B043C013B0493069B203B06930B9BA6
:104D2000039369E703982F190858AAB10993002340
:104D30000893DDE9089A4B4649EA0009484651467E
:104D40001DF096FF00234FF0FF328B4208BF8242D6
:104D500000D21046386063E74FF0FF30FAE7DDF825
:104D60003C900E9C109F119DDDF808A0B9F1000F3A
:104D70000BD000994846FEF7A5FF00289BD12B6871
:104D80003A6803FB02F3C9F80030019B002B3FF4A3
:104D900064AE07994046FFF7C5F900288BD13B6800
:104DA0004146019F14933846FEF78CFF002882D1BC
:104DB000012513AB139023A93846239524952593F9
:104DC000FFF7CEFA00287FF448AE3D60044644E683
:104DD00002995846FEF776FF78B906995846FFF7CC
:104DE0004FF950B95A4641464046FFF7F7FB20B904
:104DF0001C9A1359013B13518AE7DDF808A00446B9
:104E00002BE600BFFEFFFF3F70B51C4684B00126B5
:104E100084EAE475002C01AB0296A5EBE475B4BFFF
:104E20004FF0FF343446CDF80CD000950194FFF7D5
:104E3000D5FD04B070BD00BF2DE9F04184B0002560
:104E4000012604468846104601A917460296CDF869
:104E50000CD08DE86000FFF783FAA8422ADB4246B7
:104E600028463B462146FFF7B9FD00BB054602E058
:104E7000FFF7B4FBD8B901A920460296CDF80CD0B3
:104E80008DE86000FFF76CFA00283A46214620467C
:104E9000EEDB02E0FFF7CAFB48B939462046FFF7D0
:104EA0005FFA00283A4621462046F3DA002004B093
:104EB000BDE8F0816FF00900F9E700BF131E15D0BF
:104EC00017DB012B30B4044604D0022B06D030BCD3
:104ED000FEF744BE0020206030BC70478B68002085
:104EE0001B6803F00103236030BC70476FF00B00B8
:104EF00070476FF0090070478B1E0E2B44D82DE9C8
:104F0000F04186B0164607460C460A46014601A8FF
:104F1000FFF7D4FF20BB4FF0010802AD014603AB01
:104F20003A4638460294CDF80C80CDF810800595AD
:104F3000FFF754FD034698B903A938460293CDF80C
:104F40000C80CDF810800595FFF70AFAA0B9019BF7
:104F5000092B08D9326837330020511C3160137097
:104F600006B0BDE8F081326830330020511C31605A
:104F7000137006B0BDE8F081214638463246FFF78F
:104F8000BBFF0028E3D0EBE76FF00300704700BFE2
:104F90002DE9F0438C1E85B00E2C00F282800C4669
:104FA00080461D461646FEF7E1FF032C25DC431C18
:104FB000033003F001031844A84275D8D8F8002044
:104FC000002301210096013202930191039360D0E6
:104FD000102C17D001AF41463846FEF773FE054648
:104FE00000283FD1019B013358D021466A463846FC
:104FF000FFF782FF054658B334E04008102C08BF85
:105000004008D4E7D8F8041009B36FF040400027F7
:10501000DFF8A0E00844800004235D1ED8F80820D3
:10502000CC184FEAC50C135823FA0CF303F00F0CFD
:1050300013F0FF034FEA23131BD1D7B9022C18D06A
:105040002B46002DE9D10139A0F10400E4D101AFD4
:10505000009B0022591C154600911A70009B9E1B54
:105060000C9B1E603846FEF7ABFD284605B0BDE838
:10507000F083009A01271EF8033002EB07091EF89F
:105080000C40CDF800901370009BDA1900921C7050
:10509000D6E772182D230092337099E7012301930C
:1050A000A3E76FF00300E1E70C9B18606FF00700C7
:1050B000DCE700BFA017002083681B68DB0729D549
:1050C0002DE9F04186B00546144F03240DF1080880
:1050D000012608E0FFF7F2FEA0B9019BABB157F83B
:1050E000044F002C0EDD03A9284602940396049673
:1050F000CDF81480FFF734F900282246294601A88C
:10510000E8DC012006B0BDE8F0816FF00D0006B0CC
:10511000BDE8F0816FF00D00704700BF28540260B9
:105120002DE9F04FA7B04FF0000801259A4617ACC3
:105130000590079118461AA90692CDF85C801A9539
:105140001B951C94FFF70CF94045309E40F3E88016
:10515000DAF808301F68FA0740F1E2801AA90698C9
:10516000CDF85C801A951B951C94FFF7F9F8002880
:10517000C0F2D680BD1C03236D0005F008053D4438
:1051800005FB07F2013BC2F1020202FB05F5F7D174
:105190004FF0010B194630221AA80F931DAC109343
:1051A0001293139315931693CDF838B0CDF844B0FD
:1051B000CDF850B01DF074FDDAF80430059803EB1B
:1051C0000B084146FEF710FD8146F0B111AF0DF11D
:1051D00050082046FEF7F4FC2046FEF7F1FC384666
:1051E000FEF7EEFC4046FEF7EBFC2EB1B3681BB1B8
:1051F000484627B0BDE8F08F0DF1380B5846FEF752
:10520000DFFC484627B0BDE8F08F41462046FEF758
:10521000EBFC11AF814610B10DF15008D9E74FEA10
:1052200048013846FEF7E0FC81460028F4D1079B90
:105230000DF150081B680893013374D0002E00F064
:10524000B980B368002B7BD00DF1380B30687168E2
:105250005B46B26807C3DDF81C9051464846FFF72D
:105260007FF80028C0F28180494652462046FFF769
:10527000E3FD81460028ACD16B42129813A91A466F
:1052800007930291534600920FA9019010AA20465D
:10529000FEF7E8FF814600289BD159460598FEF7A6
:1052A00011FD8146002894D113A926AA129B0DA8AE
:1052B000029101250799DDF814B0009118A942F870
:1052C000340D5846019353460B920D95179518953A
:1052D000FEF7C8FF814600287FF47BAF5A4603469D
:1052E00006980832406809925A46CB46A1460432D5
:1052F00004460A92BBF1000F00F097800BF1FF3BD0
:10530000069A926852F8245025FA0BF505F001052B
:1053100085F00102002B63D1002A61D00023E9E768
:105320006FF0030065E707994046FEF7CBFC814626
:1053300000287FF44EAFCDF81C80CDF850B07DE74B
:105340000DF1380B01215846FEF79CFD8146A8B1AE
:105350002046FEF735FC2046FEF732FC3846FEF7C5
:105360002FFC4046FEF72CFC40E707992046FEF74D
:10537000A9FC814600287FF42CAF7DE7DAF8041001
:1053800058468901FEF77CFE814600287FF421AF54
:10539000524659465846FFF74FFD814600287FF494
:1053A00018AF002E3FF457AF5B4607CB30607160FB
:1053B000B26050E70DF1380B01215846FEF762FD4F
:1053C00081460028DAD02046FEF7FAFB2046FEF799
:1053D000F7FB3846FEF7F4FB4046FEF7F1FB0DE71E
:1053E000012B00D132BB129813AA0799534602929F
:1053F00000910190099A0A990598FEF733FF38BB8E
:105400006900129A13AB0598294401921AAA079DC4
:105410000293534602EB8101009501F10802043129
:10542000FEF720FFA0B9012364E7A4B1013C4FF0CF
:105430001F0B65E7129813AA079953460292009131
:105440000190099A0A990598FEF70CFF0028EAD006
:105450004C468146BDE613A9129B4FF0010E0DADDF
:1054600002914C46079901935346009118A90B9A53
:1054700005981995CDF834E0CDF85CE0CDF860E002
:10548000FEF7F0FE814600287FF4A3AE089B0133AF
:105490007FF49FAE069A5368002B3FF49AAE936850
:1054A0001B68DB077FF595AE059A089910461160D9
:1054B0005146FFF793F881468BE600BFB1F5007FB8
:1054C0001BD870B5ADF5007D154606460A460C465C
:1054D00018466946A847054640B168464FF4007132
:1054E0000CF03CFB28460DF5007D70BD2246304691
:1054F0006946FEF769FD0546EFE76FF00300704768
:105500002DE9F04F00239BB00124054609938846FE
:105510000A9301460C9391460D9317AA0F9308A87E
:105520001093129313931593169307AB08940B944F
:105530000E94119414940794179418941993FFF7E8
:1055400075F88346002837D1099F8FB10A9E01461E
:10555000043E56F8044F002203E0202A01F1010125
:1055600025D024FA02F3013213F00103F5D00F46DF
:105570000BAE08A93046FEF7A5FB834618B314AB63
:1055800011AC0DF1380A029308A8FEF719FB30465A
:10559000FEF716FB5046FEF713FB2046FEF710FB06
:1055A0000298FEF70DFB58461BB0BDE8F08F0130A6
:1055B000B842CED11F46DBE714AB0BAE11AC0DF1F8
:1055C000380A0293E0E739463046FEF7ABFD8346E2
:1055D0000028D4D12846FEF7C9FC40F21353984264
:1055E00016D840F25133984200F2C88040F2892325
:1055F000984200F2C680B0F5AF7F80F0CD80F928E8
:1056000000F2CD80962834BF1B231223049301E0BF
:1056100002230493002311AC0397059369684B465A
:10562000424620468900FFF749FF8346002840F0A4
:105630009D8008A92046FEF793FE002810DB204637
:10564000FEF794FC824608A8FEF790FC0AF10101DF
:10565000091A2046FEF766FD8346002840F0868042
:10566000139A4FF0200A039F136843F0030313605B
:1056700069684B46424620468900FFF71FFF002815
:1056800073D12046FEF772FC834608A8FEF76EFC35
:10569000834563D8BAF1010A08A920466BD0FEF70A
:1056A0005FFE0028E4DA012317A920460793179329
:1056B000189307AB1993FEF753FE0028D8DD14ABFF
:1056C000039714AF3246009321462B46204602979B
:1056D000FFF726FD834600284AD108A92046FEF799
:1056E0003FFE002850D0012317A9204607931793A7
:1056F000189307AB1993FEF733FE002844D0039BA1
:10570000012B50D94FF0010A039F19E00EA8FEF7B4
:10571000E5FF2A460EA9002859D12046FFF78CFB49
:1057200017A9002853D101232046079317931893F4
:1057300007AB1993FEF714FE002833D0574531D03C
:105740000EAB08A920460AF1010A0393FEF708FEF2
:10575000224621460028D9D1039729E0C0EB0B014E
:105760002046FEF7DFFC002894D0834614AB02935A
:105770000DF1380A08E76FF00D0015E703230493D5
:1057800048E70423049345E7059B049A01339A42B2
:1057900005937FF443AFEBE7082304933AE70C2328
:1057A000049337E7039708A92046FEF7D9FD58B9B7
:1057B000012317A9204607931793189307AB199352
:1057C000FEF7CEFD0028DFD16FF00D0BD0E7DDF83E
:1057D0000CA08346D8E600BF2DE9F0478EB0002329
:1057E0000124074605A815460294059408940393DE
:1057F00004930693079309930A93FEF763FA70B133
:10580000824608AC02A8FEF7DBF905A8FEF7D8F936
:105810002046FEF7D5F950460EB0BDE8F08708AC3B
:1058200029462046FEF74EFA82460028EAD1DDF8E6
:1058300018E0BEF1000F00F0D780079E0146043E3D
:1058400056F8045F002204E0202A01F1010100F073
:105850009E8025FA02F3013213F00103F4D0099E71
:10586000C6B10A9B4FF0000CA3F1040E60465EF82F
:10587000045F002204E0202A00F1010000F08D8086
:1058800025FA02F3013213F00103F4D0814228BF5C
:1058900001460E46314605A8FEF744FC8246002824
:1058A000B0D131462046FEF73DFC82460028A9D102
:1058B000012381460DF104081D46089305930BA9A9
:1058C00005A8CDF804900B950C95CDF83480FEF723
:1058D00047FD00287AD00699A1B1079B4FF0000A36
:1058E000A3F1040C50465CF804EF002203E0202AE8
:1058F00000F1010040D02EFA02F3013213F001034F
:10590000F5D0014605A8FEF70DFC824600287FF47D
:1059100079AF099991B10A9B8646A3F1040A5AF816
:1059200004CF002203E0202A0EF1010E2AD02CFA27
:1059300002F3013213F00103F5D071462046FEF761
:10594000F1FB824600287FF45DAF214605A8FEF7F3
:1059500007FD002828DB05A922460846FEF7F6FDCC
:10596000824600287FF44EAF012105A8FEF7DAFB3E
:1059700082460028A3D045E70AF1010A5145B2D179
:105980001946BFE701308842C9D11946D6E7013030
:1059900086457FF455AF194661E70CF1010CB4451B
:1059A0007FF465AF1E4675E705AA21462046FEF73F
:1059B000CDFD824600287FF425AF01212046FEF769
:1059C000B1FB824600283FF47AAF1BE73146204600
:1059D000FEF756FB824600287FF414AF3846214676
:1059E000FEF770F982460DE7714638E72DE9F04F72
:1059F000A5B001270E4614461EAD009021A9104601
:105A00001E97219722972395FEF7AAFC002840F3C2
:105A1000148100232246314606A80A930B930D9366
:105A20000E93109311931393149307930893169363
:105A3000179319931A931C931D931F9320930997FF
:105A40000C970F9712970697159718971B971E9705
:105A5000FFF7C2FE034660B30DF1240A0CAE0DF150
:105A600054080DF160090FAA0DF1480B01921BAF0C
:105A700050460093FEF7A4F83046FEF7A1F80198CF
:105A8000FEF79EF85846FEF79BF806A8FEF798F832
:105A90004046FEF795F84846FEF792F83846FEF77E
:105AA0008FF82846FEF78CF8009B184625B0BDE815
:105AB000F08F05AB21A906A805972197229723937C
:105AC000FEF74EFC10B16FF00D03C5E70DF1240A8F
:105AD000314622460CAE5046FFF7AEF90346002889
:105AE000BDD151463046FEF7EDF80DF1540803469E
:105AF0000028B6D121464046FEF7E4F80DF16009D2
:105B000003460028AFD121464846FEF7DBF803469E
:105B10000028A8D10FAB39460DF1480B1846019368
:105B2000FEF7B0F903460028A1D101465846FEF71A
:105B3000A9F91BAF034600289AD101463846FEF763
:105B4000A1F90346002893D101212846FEF79AF9CE
:105B5000034600288CD10394019C02900E9B1B6885
:105B6000DA0726D46CE0FEF7DDFA42463946002813
:105B700061D11D9B38461B68DB0703D4209B1B6843
:105B8000DB070AD5FEF72AFD52462946002852D1E6
:105B90002846FEF74BFD00284DD101213846FEF77F
:105BA000C1FA0121002846D12846FEF7BBFA002899
:105BB00041D11A9B012148461B68DB07D3D54946D2
:105BC0003046FEF7CDFB002864DB4A4631463046BE
:105BD000FEF72CFD00282ED13A4621462046FEF73E
:105BE00025FD40BB2A4659465846FEF71FFD10BB0F
:105BF000029B21A93046059301232193229305ABF3
:105C00002393FEF7ADFB0028A8D1039C0290029BD2
:105C100021A93846059301232193229305AB2393B1
:105C2000FEF79EFB002822463946384624DAFEF766
:105C3000D5FC0028EBD003461AE76FF0030035E7E8
:105C400001213046FEF76EFA0028F4D1119B1B6843
:105C5000D80735D4149B1B68D90731D401212046BD
:105C6000FEF760FA0028E6D101215846FEF75AFAFD
:105C700000283FF473AFDEE721463846FEF770FB9D
:105C8000002822463946384629DBFEF7CFFC00289B
:105C9000F2D0D0E7324649464846FEF7C7FC002816
:105CA000C9D1224639463846FEF7C0FC0028C2D189
:105CB0005A4629462846FEF7B9FC002898D0BAE78C
:105CC000424621462046FEF789FC0028B3D15246C1
:105CD00059465846FEF7AAFC0028BFD0ABE700980B
:105CE000FDF7F0FF0346C3E62DE9F04188B04668B2
:105CF00080680124002301AD0F46049005A902A885
:105D00009046039602940594069401930795FEF736
:105D100027FB38B305A902A80194059406940795BA
:105D2000FEF71EFBF0B1022305A902A80594069414
:105D300007950193FEF714FB18B9002008B0BDE8E1
:105D4000F08102A8FFF7B8F920B10128F5D008B01A
:105D5000BDE8F0814246394602A8FFF7D1FB08B002
:105D6000BDE8F0816FF00D00E8E700BF2DE9F04FCE
:105D700040F6FD77A1F1030E8DB0BE45169E00F2F0
:105D8000C68011F01F0A02924FF001021D464FF02B
:105D90000003044618BF92468B4607930AEB511A3C
:105DA0000893DFF890914FEA8A0706924FEA4A1A61
:105DB000A7F104080197C1EB0A03039333462A466F
:105DC00001992046FFF77AFBB0B9A36853F8082081
:105DD0004A45F3D9D3451AD3D3F800E03246029F9F
:105DE00029464EF0010C2046C3F800C0BFB9FFF7AA
:105DF0007BFF10F10E0FE1D0034606AF384601934A
:105E0000FDF7DEFE019B18460DB0BDE8F08F03994B
:105E10002046FEF787F90028EED1A368DCE74EF0B4
:105E200003070322214604A81F60FDF797FE0346DF
:105E300000286AD1049B002B6CD0012B55D006AFF3
:105E400021463846FDF73EFF03460028D6D1012102
:105E50003846FEF767F903460028CFD14FF00C0A09
:105E60004FF001080DF1140922E013F10E0F09AAF9
:105E700021462046C2D1CDF814A0CDF82480CDF81B
:105E80002880CDF82C90FEF7A9FB03460028B5D159
:105E9000062309AA394638460593CDF82480CDF863
:105EA0002880CDF82C90FEF799FB03460028A5D159
:105EB0002046FFF701F903460028D6D13846FFF700
:105EC000FBF803460028D0D1324629462046FFF78A
:105ED00017FB03460028C8D1324629463846FFF74B
:105EE0000FFB03460028C0D188E74FF0040E05AF32
:105EF00009AA2146204609930A93CDF814E00B978E
:105F0000FEF76CFB0346002899D006AF76E76FF0EA
:105F1000030079E70820012305AF09AA059021466F
:105F2000204609930A930B97FEF758FB0346002877
:105F3000EBD184E733F304B52DE9F04F9FB0002394
:105F4000012482467E4A06A81021069409940C94E6
:105F50000F94129415941894079308930A930B9333
:105F60000D930E9310931193139314931693179309
:105F700019931A93FEF736FC20B3834609AC0CAD97
:105F80000FAE15AF0DF160080DF14809BAF1000F21
:105F90002AD106A8FDF714FE2046FDF711FE28467B
:105FA000FDF70EFE3046FDF70BFE4846FDF708FEF6
:105FB0003846FDF705FE4046FDF702FE58461FB085
:105FC000BDE8F08F09AC5F4A10210CAD2046FEF70A
:105FD00009FC834640B30FAE15AF0DF160080DF11B
:105FE0004809BAF1000FD4D0594657481CF068FE52
:105FF00006A8FDF7E5FD2046FDF7E2FD2846FDF782
:10600000DFFD3046FDF7DCFD4846FDF7D9FD38469B
:10601000FDF7D6FD4046FDF7D3FD0A201CF008FE33
:1060200058461FB0BDE8F08F484A102128460FAEF1
:10603000FEF7D8FB834628B115AF0DF160080DF1CE
:106040004809A3E72A4606A9304615AFFEF746FBE6
:10605000834620B10DF160080DF1480996E73C4AEE
:1060600010213846FEF7BEFB83460028F2D1BAF174
:10607000000F19D139463046FEF772F938B10DF1EB
:1060800060080DF1480906A84FF0010B82E70DF1F9
:1060900048092B4606AA30464946FEF79FFC834630
:1060A00020B30DF1600874E72A481CF009FE394658
:1060B0003046FEF755F948B10DF160080DF1480979
:1060C00025481CF0E5FD4FF0010B8DE70DF1480967
:1060D00022481CF0DDFD2B46494606AA3046FEF755
:1060E0007DFC834608B30DF160087DE71C4A102152
:1060F0003846FEF777FB83460028D2D10DF16008C1
:10610000184A10214046FEF76DFB834600287FF4B5
:106110003DAFBAF1000F40F0B18039463046FEF78E
:106120001FF908B34FF0010B33E70D4A1021384631
:10613000FEF758FB83460028E0D00DF1600825E704
:10614000A81A00202C1B0020F81D0020B01B0020E6
:10615000141C0020F41C00205C1A00200C1A0020E3
:10616000101D0020341D002041464846FEF7F8F877
:10617000002888D1CDF800A02B46224606A930463B
:10618000FEF7CEFF834600287FF403AF724A10214A
:106190003846FEF727FB834600287FF4FAAE3946DF
:1061A0003046FEF7DDF800287FF46DAF2A4606A9D9
:1061B0003046FFF71BFC834600287FF4EAAE674AAF
:1061C00010213846FEF70EFB834600287FF4E1AE2F
:1061D00039463046FEF7C4F800287FF454AF604BD0
:1061E0000022C346B8462F4625461C46029254F864
:1061F000081C3046FDF746FE0346002840F0A58007
:1062000054F8041C4846FDF73DFE4A460346314615
:10621000002840F09A8006A8FFF7DEFA1BA9034683
:10622000002840F0928022680123039006A882EAA9
:10623000E27E002A1C9305ABAEEBE27EB4BF4FF0CA
:10624000FF3201221D93CDF814E00C341B92FEF7AF
:1062500087F8039B00286BD1029A0132032A02922D
:10626000C5D12C463D464746D8469B46BAF1000F5D
:106270003FF48FAE3B481CF00BFDB9E63A481CF0EA
:106280001FFD39463046FEF76BF800287FF418AF43
:1062900041464846FEF764F8834600287FF410AF75
:1062A00030481CF0F5FCCDF800B02B46224606A97C
:1062B0003046FEF735FF834600287FF495AE264A28
:1062C00010213846FEF78EFA834600287FF45EAE32
:1062D00026481CF0F5FC39463046FEF741F8002808
:1062E0007FF4EEAE1F481CF0D3FC2A4606A93046C8
:1062F000FFF77CFB834600287FF476AE174A102117
:106300003846FEF76FFA834600287FF43FAE184800
:106310001CF0D6FC39463046FEF722F800287FF400
:10632000CFAE10481CF0B4FC12481CF0C9FC56E774
:106330002C463D464746D846BAF1000F3FF4A3AE7F
:1063400002990D481CF0BCFCBDE62C463D46474674
:10635000D8469B461AE600BF201E0020801E002063
:10636000D05602600C1A0020941D0020B01D0020A1
:10637000CC1D0020E41E0020E81D00202DE9F003C4
:106380000B680468496840686340214D4840C3F386
:10639000074705EB136155FA83F605EB10682F44A8
:1063A00091F80011C3F3072C96F8006298F80033B7
:1063B00055FA80F897F8009346EA0166C0F307277C
:1063C00098F80011C0F3074846EA09462F4441EA0D
:1063D000036115F8083015F80C0041EA034197F8FD
:1063E000003246EA0020146841EA032380EA336160
:1063F000506883EA314381EA3321634080EA010532
:1064000083EA312182E82200BDE8F003704700BF33
:10641000EC5602604FF48A7200211CF041BC00BFB0
:1064200018B14FF48A710BF099BB70472DE9F04F0A
:10643000C5B01646041D0746019240220D460021B4
:106440000DEB02001CF02CFC20464FF4887200215A
:106450001CF026FCC02E00F01B82B6F5807F00F0F9
:106460001782802E04D06FF0230045B0BDE8F08F76
:1064700003234FF004094FF0150810263B6000235A
:1064800002936A1E0DF13F010023013312F8010F40
:10649000B34201F8010FF8D3019BC02B00F0038237
:1064A000744904AD4FF0CC0C4FF07F0E66279E234D
:1064B0000020CDF80CC04FF08B0BF4464FF0900A43
:1064C000BE463B222F46A026054608461946CC2349
:1064D0000CE0067A0830417890F802E090F803C0AA
:1064E0000279437990F806A090F807B009040837BC
:1064F0001B0441EA066604A943EA026346EA0C0269
:1065000043EA0B0342EA0E2243EA0A2341F835200C
:10651000013547F8043C062DDBD14022002120A89C
:106520001FAD1CF0BDFB0DF161060DF141000378BC
:10653000043010F8051C1B0410F8022C43EA016318
:1065400010F8031CB04243EA020343EA012345F872
:10655000043FECD120A924A851F8043BCA68814229
:1065600083EA0203CB61F7D104A92AAA28A827ADA0
:10657000FFF704FF2AA806A928AAFFF7FFFE29466D
:106580002BA851F8042F51F8203C884283EA0203DB
:106590000B60F6D12AAA08A928A8FFF7EFFE28AABF
:1065A0002AA80AA9FFF7EAFE019B802B12D923A98A
:1065B00051F8042F0B698D4283EA02030B62F7D175
:1065C0000CA92EAA2CA8FFF7D9FE2CAA2EA80EA93A
:1065D000FFF7D4FE029B0121219A0DF1C00E4FEA74
:1065E000031A254B0D46319203EB0A07209B239A91
:1065F00076463093229B33923293C5EB05130135D7
:10660000E1B103F01F033199309AC3F120009A40A1
:10661000C1404A403261319A32999A40C1404A4061
:106620007261329A33999A40C1404A40B261309ABD
:106630003399C24001FA03F35340F361052D06F18B
:1066400010060AD017F8011FC5EB05130135002904
:10665000D7D1052D06F11006F4D1029943AF8B0076
:106660001A4603937346511800224FEA011B03494F
:10667000594407E0EC5A02601C5B02603C5B02601C
:1066800011F9012F561C02D0186844F822009F42CD
:1066900003F10403F4D1019B802B42D9249B0AF11E
:1066A000040C8649764630930F25269B8C44259A08
:1066B0003293279B3192339305F01F031CF8012B73
:1066C0000F35C3F12001C2B13098319A9840CA40C9
:1066D000424032613198329A9840CA4042407261D9
:1066E0003298339A9840CA404240B2613398309A07
:1066F00000FA03F3CA405340F3614B2D06F1100634
:10670000DAD10BF113016E4A44A87346114411F912
:10671000012F551C02D01D6844F8225004339842C2
:10672000F5D1289B0AF1090C644D0122299976467E
:106730002A98AC44309315462B9B31913393C5EB8B
:10674000051332900135E2B103F01F033199309AFD
:10675000C3F120009A40C1404A403261319A3299D7
:106760009A40C1404A407261329A33999A40C1407E
:106770004A40B261309A3399C24001FA03F3534060
:10678000F361052D06F110060AD01CF8012BC5EBAC
:1067900005130135002AD7D1052D06F11006F4D1D5
:1067A0000BF12802464973460A4401E012F9019FA1
:1067B000B9F1FF3F02D0196844F829109F4203F154
:1067C0000403F3D1019B802B43D92C9B0AF10C05C8
:1067D0003A4977462D9A0F260D4430932E992F9BD8
:1067E00031923291339306F01F0315F8012B0F36C7
:1067F000C3F12001C2B13098319A9840CA4042405A
:106800003A613198329A9840CA4042407A6132984F
:10681000339A9840CA404240BA613398309A00FA9D
:1068200003F3CA405340FB614B2E07F11007DAD146
:106830000BF13B02224B44A81A4412F9013F591CA8
:1068400003D0DEF8001044F823100EF1040E70455A
:10685000F3D10298039A430011461A4A03440144B3
:106860001B0102EB810203F1D0008033204423445A
:1068700001E012F9018FB8F1FF3F02D054F828105F
:10688000196004339842F4D1002045B0BDE8F08F80
:106890000423019A4FF0FF394FF019083B600123A0
:1068A000D6080293EDE50DF14F030DF1570113F8F2
:1068B000012FD2438B421A72F9D1F1E51C5B0260C1
:1068C0003C5B0260DC5B02602DE9F041C6B00C4627
:1068D000154600214FF48A72804601A81CF0E0F9A9
:1068E0002A46214601A8FFF7A1FD0746002842D10C
:1068F000019B02A808F1140E08F11C02A3F1040682
:10690000C8F80030B6FA86F67609F31CF6009B014B
:1069100006F1160100EB030CC358DCF80400ACF1DF
:106920000805C8F80430ACF11003C8F80800DCF81A
:106930000840DCF80C00C8F80C40C8F810009C684F
:106940000139D86802F1080242F8104CA3F108039B
:1069500042F80C0CF3D17342153605EBC3030EEB72
:10696000C606A3F1B800A83B07C853F8043CB060C2
:10697000F1603261736101A84FF48A710BF0EEF897
:10698000384646B0BDE8F0812DE9F04192F805C0E7
:106990001D4692F804E084B0547A4FEA0C4792F80E
:1069A000088000F1140647EA0E6C5178240492F82E
:1069B00007E0537B090444EA08674CEA0E0E947919
:1069C0001B0492F800C092F80C804EEA042E41EAB3
:1069D0000C6C8168D47A43EA08638EEA010ED17B9D
:1069E0003C43977A0B43D17844EA0724C7684CEAC2
:1069F000010192F80EC092787C4043EA0C230769AB
:106A000041EA022142687B40076881EA020CCDF826
:106A100004E002940393CDF800C0002F4BD034461D
:106A2000B84619E0206B40340099019A0840039B56
:106A300082EAF072019254F80C0C1043484002991B
:106A4000009054F8042C1A434A40029254F8081C4F
:106A50000A4083EAF273039302AA2146684608F1CA
:106A6000FF38FFF78BFC6A4604F1080102A8FFF724
:106A700085FC02AA04F110016846FFF77FFC6A4614
:106A800004F1180102A8FFF779FC02AA04F1200121
:106A90006846FFF773FC6A4604F1280102A8FFF775
:106AA0006DFCB8F1000FBDD106EB8716029C039B6D
:106AB000103E9DE800503268002084EA02070297E9
:106AC0003C0E726853400393B168F2688CEA01018E
:106AD000EB718EEA0202EF704FEA116EE9720E0C52
:106AE000EA73090A85F808E06E724FEA126E160C16
:106AF000A972120A85F80CE0190E6E73AA731E0CA7
:106B000029711B0A390C6E713A0AAB712C706970CD
:106B1000AA7004B0BDE8F0812DE9F047160784B0F3
:106B20000C9C0D9D59D1174680468A461E4669BB6E
:106B300042B303F1FF392068EE466168A268E3685A
:106B4000AEE80F002B46002122464046FFF71CFF0F
:106B50006B1E494605F10F0E13F8010F11F8012FB6
:106B6000734582EA00021A70F6D1EE46103F04F136
:106B7000100405F11005BEE80F0030607160B260CE
:106B8000F360D8D1002004B0BDE8F087002AF9D026
:106B9000013C03F1FF3949466A1E04F1100E14F856
:106BA000010F11F8013F744583EA000302F8013F29
:106BB000F5D12B462A4651464046FFF7E5FE2868A8
:106BC0006968103FAA6805F1100555F8043C30606B
:106BD0007160B260F360DED1D4E76FF02500D2E7D8
:106BE0002DE9F047089E9A4681461C68DDF824800E
:106BF0000A9FA9B17AB1013F15465CB3315D621CB1
:106C000018F8013B013D83EA010307F8013F3355C2
:106C100002F00F04F1D1CAF800400020BDE8F0876F
:106C2000002AF8D0154674B1335D611C18F8012BA9
:106C3000013D83EA020307F8013B325501F00F04DE
:106C4000E9D0002CF0D13346324601214846FFF707
:106C50009BFEE9E73346324601214846FFF794FEA2
:106C6000CCE700BF2DE9F84FDDF828909346146873
:106C70000B9FDDF8308089B182461E460D4694B1E7
:106C800019F80420013D17F8013B04F1010483EADF
:106C9000020304F00F0408F8013BF0D1CBF80040E8
:106CA0000020BDE8F88F32464B4601215046FFF7E1
:106CB0006BFE06F1100212F8013D0133DBB21370D6
:106CC000002BDDD19642F6D1DAE700BF2DE9F04F77
:106CD0004FF0000AFDB02022069051461FA80DF18A
:106CE0002C0B0DF13C091BF0DBFF4FEA6A06069BFB
:106CF0000AF00107B41C002B40F046814FEA8418CB
:106D0000E30000240593B04B03EB8615C03303EB7F
:106D100046130793059A29461FA81BF09DFF42467C
:106D20001FA937A8002F40F00C81FFF7CDFD079B6E
:106D3000DC46A64A234402EB040E186859684E4606
:106D40009A681034DB682035ACE80F00DEF80000EC
:106D5000DEF80410DEF80820DEF80C300FC65A46C4
:106D6000394627AB37A8FFF70FFE1022494627A860
:106D70001BF092FF002840F06181202CCAD1069BB5
:106D8000002B40F01C810AF1010ABAF1060FACD1C8
:106D9000069B002B40F0708100230893089B5C1039
:106DA00003F001030593A51C069B002B40F0FB801C
:106DB000AE01874B0FCB8BE80F00854B0FCB89E8DB
:106DC0000F00844BEA001FA803EB44111BF044FFA3
:106DD000059B32461FA937A8002B40F0E180FFF742
:106DE00073FD04EB440400267B4B03EB0413344691
:106DF00007937A4B5F46079A5D4603EB040C059BAD
:106E000002EB040A4E46CDF82490002B40F0A380FC
:106E100013AD9BE80F0085E80F00DAF80000DAF800
:106E20000410DAF80820DAF80C300FC7DCF800009C
:106E3000DCF80410DCF80820DCF80C300FC627ABB7
:106E40001022059937A8019313ABCDF800B0103488
:106E5000FFF762FE1022494627A81BF01DFF0028FD
:106E600040F0EC80302CC4D1069B0546002B40F04E
:106E7000EC80089B0133062B08938FD1069B002BD7
:106E800040F0068100274FF01009DFF878B13C464A
:106E90004E46DDF818A0059507F001085048013767
:106EA000BAF1000F07D04F494F4BB8F1000F08BFA0
:106EB00019461BF005FF250100224C490DF15C0E1F
:106EC0000BEB05030A920D4403F5F1630FCB8EE83B
:106ED0000F0095E80F001FAD85E80F00294604EB71
:106EE0004405802237A8FFF7A1FA414B2D01324615
:106EF00027A87C105919B8F1000F40F085801BF0CD
:106F0000ABFE27AB1BAA3146029337A8019317AB00
:106F100000920AAAFFF7A6FE364B324627A8591957
:106F20001BF0BAFE002840F08980BAF1000F40F053
:106F30009080062F0BEB840300F09380D3F8086950
:106F4000AAE742461FA937A8FFF770FA1F4BDC4695
:106F5000079A2344EFE699E80F0013AE86E80F0086
:106F6000DCF80000DCF80410DCF80820DCF80C3059
:106F70000FC5DAF800004D46DAF80410DAF80820F8
:106F8000DAF80C300FC55AE7174B4FEA8418154A48
:106F900041461948002F08BF1A461BF091FEAFE684
:106FA000FFF744FA1DE70599AE010F4B0D4A134850
:106FB000002908BF1A4631461BF082FEF9E6104848
:106FC0001BF066FEDFE600BF045C0260245D026029
:106FD000445D0260545D0260B45D0260445E026024
:106FE0003C1F0020E8190020E4190020A45E026084
:106FF000D45E0260645F0260041F0020201F002036
:107000000C1A0020EC560260234B324627A859196F
:107010001BF022FE27AB1BAA3146029337A801932F
:1070200017AB00920AAAFFF71DFE1C4B324627A899
:1070300059191BF031FE00283FF477AF069BFBB9CE
:10704000012528467DB0BDE8F08F15481BF020FED5
:107050000FE713481BF01CFE062F0BEB84037FF495
:107060006DAF069B059D002BEBD00A201BF0E0FDC9
:1070700028467DB0BDE8F08F0A201BF0D9FD8BE6D5
:10708000012508481BF004FE28467DB0BDE8F08FBE
:107090000A201BF0CDFDF5E6645F0260D45E02605D
:1070A0000C1A00205C1A00202DE9F04F9BB00793CA
:1070B0002A9B0390022BDDF89890289E00F099817E
:1070C000102B00F296812A9BDB0700F19281249B12
:1070D000073B062B00F28D81B9F57F4F00F28981C5
:1070E0002A9BB9F1000F9DF890409246A3F102024D
:1070F0008B4608BF0023C4F10E0118BF402352087D
:10710000C4F10F041AAF43EAC2030DF13900CAB249
:107110000799E4B215460992249A2B43C5F10F054D
:10712000089407F8303D04951BF096FD791912AAD2
:107130005346279D02F8013D8A424FEA1323F9D1B5
:107140002795002B40F055810DF137011A4612ACFE
:107150009E46084606910DF147011293139305913F
:107160001493159301E014F801EF10F8013F013278
:107170008EEA0303102A01F8013FF4D112AB0DA8E7
:10718000279500901946039800F0F4FC0446002867
:1071900040F00C81B9F1000F71D04B46C9F30728BC
:1071A0000E940DF13A000E2B7C60BC6028BF0E23BC
:1071B000FC6025991A460A938DF839908DF838802D
:1071C0001BF04AFD059B22463846279D194601E0E3
:1071D00010F8018F13F8014F013288EA0404102AD5
:1071E00001F8014FF4D10DAB2795039D009312AB2D
:1071F0002846194600F0BEFC002840F0D7800A9AC5
:10720000B9EB020319463AD01346259ACDF828B0B7
:1072100004461344CDF82CA028960DF15708994642
:10722000AB46DDF818A00E46102E354649463846C6
:1072300028BF10253C607C602A46BC60FC601BF0C7
:107240000BFD5046059911F8012F10F8013F4145FB
:1072500083EA02030B70F6D10DAB1022584600935F
:1072600012AB194600F086FC002840F09F80761B88
:10727000A944D9D1DDF828B0DDF82CA0289E9DF8CE
:1072800024300DF1680907990DF15900249A09F885
:10729000103D1BF0E1FC249B0021089A581C484437
:1072A0001BF0FEFC01238DF86730BAF1000F58D0B7
:1072B0000DF15708279D5446102C28BF1024BBF110
:1072C000000F21D1294622463846C7F800B0C7F83A
:1072D00004B0C7F808B0C7F80CB01BF0BDFC0698A6
:1072E000059911F8012F10F8013F414583EA020387
:1072F0000B70F6D10DAB10220398009312AB194618
:1073000000F038FC002851D10DAB102249460398FB
:1073100000933B4600F02EFC002847D103461AAAF2
:10732000295C1A44013312F8302CDBB24A409C42EB
:1073300032541846F3D8BBF1010F3AD0049B2644CF
:107340002544C4EB0A0A1AAA09EB030112F8013D0D
:107350000133DBB213700BB99142F7D1BAF1000FD0
:10736000A9D1049B00224B4419461AAB03F8012D06
:107370009942FBD10DAB49460398102200933B463E
:1073800000F0F8FB90B90DF15701059B069813F832
:10739000014F10F8012F994282EA04021A70F6D1C7
:1073A0002A9A12A929981BF057FC00201BB0BDE8AF
:1073B000F08F00233146224638463B607B60BB603D
:1073C000FB601BF049FC0698059911F8012F10F895
:1073D000013F414583EA02030B70F6D10DAB102249
:1073E0000398009312AB194600F0C4FB0028A5D007
:1073F000DCE76FF00C001BB0BDE8F08F40220021ED
:107400001BF04EBC2DE9F041054617460846012207
:1074100019461E4600F0A6FAA8B143690446102B8F
:1074200011D1284600F0B6FA2146284600F0C2FAEB
:1074300008B1BDE8F0813246394628460123BDE84F
:10744000F04100F0E3BA6FF00C00BDE8F08100BF3E
:1074500010B5044600F09EFA40212046BDE81040D9
:107460000AF07CBB30B589B0119D9DB106951C46D4
:107470000E9D13460A46109903950D9D05910295A0
:107480000F990C9D049100218DE83000FFF70CFE50
:1074900009B030BD6FF00C00FAE700BFF0B589B05D
:1074A0000F9E119C0E9F109D02960494139E129C99
:1074B000009313460A46002101970395059406960A
:1074C000FFF7F2FD09B0F0BD2DE9F0418CB0884620
:1074D0000121129F08AD139E159C01970296149FDF
:1074E000179E00931346059542460397049406960B
:1074F000169DFFF7D9FD80B996B1014603460CAA47
:10750000695C1A44013312F8102CDBB24A409E42E7
:10751000194640EA0200F2D820B90CB0BDE8F0816B
:107520003046FAE7204641460AF018FB6FF00E009D
:10753000F3E700BFF0B50A9C05AD95E8E0401CB14B
:10754000BDE8F040FFF7C0BF6FF00C00F0BD00BF1A
:107550002DE9F04FA5B040220021814614A81BF070
:107560009FFB14A88023534A0221FFF74BFF00BB67
:10757000514F082304264FF0010A089307F10C032A
:1075800007F130053446099307F118034FF0070B54
:10759000B8460A9307F124030B93B9F1000F67D1A2
:1075A00096B9B9F1000F7FD10124204625B0BDE87E
:1075B000F08FB9F1000FF7D0012440481BF080FB99
:1075C000204625B0BDE8F08F0CAF3D4B0899224610
:1075D00003933B19029114A83A49059301910021A4
:1075E0000696CDF800B00497374BFFF75DFD0028F5
:1075F000D7D1A219294638461BF04EFB0028D0D11E
:107600002A19089805965B462E4E2146019014A82B
:107610000492A6F12402039702950096FFF754FF07
:107620000028BED122463846A6F118011BF034FBD3
:1076300004460028B5D1B9F1000F31D1BAF1030FDA
:1076400005F120051BD0099B0AF1010A58F804BF77
:107650001A4652F8043F08930A9B099253F8044FC4
:107660000A930B9B53F8046F0B93B9F1000F97D05B
:10767000514616481BF024FB002E92D0A4E714A814
:1076800000F088F914A840210AF068FAB9F1000F57
:107690008BD00A201BF0CCFA204625B0BDE8F08F35
:1076A0000B481BF0F5FAC9E70A4801241BF0F0FA71
:1076B0007BE700BF0060026010600260581F00207E
:1076C000AC600260C4600260A06002606C1F0020B9
:1076D0000C1A00205C1A0020891A0BD030B4002448
:1076E000CDB2234601330444DBB2A55499421C4673
:1076F000F8D830BC704700BF48B3F0B4B2FA82F497
:10770000640934BB431813F8016CB6FA86F38F1B77
:107710005B091760B14238BF43F0010389B10138FA
:107720002246974210F8014F02F101028CBF00255A
:1077300001257440914214FB05F443EA0403DBB2D3
:10774000EFD1002B044808BF0020F0BC704703486D
:1077500070470248F9E700BF009EFFFF009FFFFF50
:10776000891A8023012983540BD930B401240025C0
:10777000234601330444DBB2A55499421C46F8D891
:1077800030BC704770B48D1A012D0AD90124013A1A
:107790000026234601330444DBB2A6549D421C4616
:1077A000F8D8084400F8015C70BC704740B3F0B4EE
:1077B000B2FA82F464092CBB4D1E475DB7FA87F319
:1077C000CE1B5B091660B9422CBF194643F001017C
:1077D00085B1013823469E4210F8014F03F10103A1
:1077E0008CBF002201229D4214FB02F241EA0201F9
:1077F000C9B2F0D10029044808BF0020F0BC70478E
:10780000024870470148F9E7009EFFFF009FFFFF15
:107810008A4206D202440144002302F8013B8A4214
:10782000FBD1704728B1B2FA82F0400908B9116063
:1078300070470148704700BF009FFFFF20B3F0B4BE
:10784000B2FA82F56D090DBB1560D9B146182F4605
:10785000802016F8014D0139002C0CBF3C4647F042
:10786000010484EA0703274601FB03F4254315605E
:10787000347814FB03F34340D8B20029E9D108B9A6
:10788000F0BC70470248FBE7024870470148F7E741
:10789000009EFFFF009FFFFFE0B170B4B2FA82F5D7
:1078A0006D09CDB9156091B108442E4610F8013D1F
:1078B000002B0CBF334646F0010383EA06041E4644
:1078C00001FB04F3013945EA03051560EED1002000
:1078D00070BC7047014870470048F9E7009FFFFF00
:1078E000094803686BB9094A094913782BB141F873
:1078F000043B12F8083F002BF9D1002201230A6053
:1079000003600348704700BF48B4002070A90260BC
:10791000A0B5002070B578B1084C656855B1064631
:1079200001E0656835B13146A86808341BF098F964
:107930000028F6D1284670BD0546FBE770A9026015
:10794000074B5A6852B11978814204D106E013F806
:10795000081F814202D0DA68002AF8D11046704729
:1079600070A9026030B4084C636853B19D69083453
:107970002D788542F8D15D688D42F5D15D789542CC
:10798000F2D1184630BC704770A902604022002135
:107990001BF086B968B110B50446C06B18B12368F6
:1079A0009B691B6A984720464021BDE810400AF0B9
:1079B000D5B87047E9B170B5B0FA80F406466409ED
:1079C000ACB90D46402221461BF06AF9AB69DB6970
:1079D0009847F06378B16B783560022B01D0204670
:1079E00070BD064A2046064BF260336170BD054803
:1079F00070BD04487047044870BD00BFD976006070
:107A0000F9760060009FFFFF809EFFFFF0B130B469
:107A10000468C4B12569AD0712D5012B4260037219
:107A200009D06578033D022D05D963B9A369C06B00
:107A30009B6930BC1847A369C06B5B6930BC1847B1
:107A400065689542E9D0024830BC704700487047ED
:107A5000009FFFFF0346002827D002685278022AC1
:107A600023D1042923D8DFE801F0080E141A0300FB
:107A70000020104AD8601A6170470F4900200F4A51
:107A8000D9601A6170470E4900200E4AD9601A6108
:107A900070470D4900200D4AD9601A6170470C49A2
:107AA00000200C4AD9601A6170470B4870470B4898
:107AB000704700BF25780060D9760060F9760060D5
:107AC000617700603D78006085770060AD77006089
:107AD0001178006099780060009FFFFF809FFFFF92
:107AE000C8B138B50368A3B199B1102A0FD81C6981
:107AF000E4070AD4DD68AA420BD304462A4628309C
:107B00001BF0AAF8A563002038BD1546F5E7034829
:107B100038BD034838BD0248704700BF809FFFFF53
:107B2000009FFFFF28B103681BB100234362184682
:107B300070470148704700BF009FFFFFB0B1036866
:107B4000A3B15B78062B01D00020704730B51546F5
:107B500083B00C46836B90F9081000F12802C06BCB
:107B60008DE8300005F03CFC03B030BD00487047A4
:107B7000009FFFFF2DE9F04F85B00E9D002800F01B
:107B800082800F4604460168002D7CD01646B1FA6B
:107B900081F25209002A76D148782A600128D1F86A
:107BA000149024D0062800F08780B9F1000F00F06F
:107BB000D0809F4298465ED0022826D0032800F04D
:107BC0008480052874D1896904F11402E06B04F102
:107BD0002803CDF808808DE8840004F124020C69A4
:107BE0003146A04700B92E6005B0BDE8F08F4E4584
:107BF0007ED189693A462E604D68E06B94F9081091
:107C0000AC4605B0BDE8F04F604794F90830002B52
:107C10003BD0012B606A03D1C0EB09039E423CD3E9
:107C2000002867D1002E45D0B6FBF9FA09FB1A6A85
:107C3000BAF1000F00F08480CAEB0606524604F148
:107C40001400B9191BF008F8636A53446362002EEC
:107C500030D094F90810226804F12803E06B94698D
:107C600032468DE88001A468A0470028BCD12B686B
:107C70001E442E60B8E7636A2BB9B6FBF9F309FB23
:107C80001363002B98D03448AEE7E368606A002B9A
:107C9000C2D0C0EB09039E42C2D8204432463946C6
:107CA00014301AF0D9FF636A00201E4466629BE715
:107CB0002A4899E7002097E73A463146E06B2E6064
:107CC00005B0BDE8F04F05F051BCD1F818E004F163
:107CD000280294F9081004F12403E06B8DE8840174
:107CE0003246DEF80C40A04700287FF47DAF7AE7EB
:107CF0001B4879E7C0EB090A204439465246143044
:107D00001AF0AAFFA64694F9081004F128035EF8B9
:107D100014CB4A46E06BDCF818C0CDF800E0CDF893
:107D20000480DCF808B0D84700287FF45DAF2B68EA
:107D3000C8445744CAEB06064B442B60606271E7A7
:107D400094F90810002986D1E368002B83D0CA4635
:107D500072E7044848E700BF009FFFFF809FFFFFD6
:107D6000809DFFFF809CFFFF002872D02DE9F0412D
:107D7000046882B0002A6ED0B4FA84F35B09002B49
:107D800069D165781360EB1E042B1DD9A5F1090399
:107D9000B3FA83F35B09BBB92678483E012E17D9A5
:107DA000012D3DD0022D52D10E4690F90810074604
:107DB000154601290ED06269436A9A4238D0C268DA
:107DC000002A42D1002B40D1002002B0BDE8F08152
:107DD0001846FAE7C3681BB3816B00F11408002949
:107DE00031D07A6A404698473B68F86B99695A697E
:107DF0008C6897F90810019607F12803CDF80080E8
:107E0000A0470028E1D197F90830BBB939683B6930
:107E100001B149692A46304602B0BDE8F041184731
:107E2000436A0E48002B08BF002002B0BDE8F08175
:107E3000A36907F11408C06B9C68DCE73B6803B1D9
:107E40005B692B60C0E7E168CBE70448BDE7044805
:107E5000BBE7044870470348B7E700BF809DFFFFBA
:107E6000809FFFFF009FFFFFB8B130B404688CB162
:107E7000B1FA81F35B096BB990F90850012D09D172
:107E80006478062C02D0184630BC7047C06B30BCFA
:107E900005F0E4BB024830BC70470148704700BFA2
:107EA000009FFFFF60B330B5046885B034B390F92C
:107EB00008501DBB6478062C02D0002005B030BDF0
:107EC000102A1BD80C46C06B6946154605F0C6FB48
:107ED0000028F3D1002DF0D021466C464A1911F844
:107EE000015B14F8013B914283EA050340EA030079
:107EF000C0B2F4D10028E0D00248DFE70248DDE755
:107F000001487047009DFFFF009FFFFF30B585B01F
:107F10001D460446FFF7E4FD60B9F4B12368E3B100
:107F20000A9B2946606220460093089A099BFFF746
:107F300021FE08B105B030BD0A9B204603AA19688E
:107F4000099B1944FFF710FF0028F3D10A9B1A6818
:107F5000039B13440A9A1360ECE7014805B030BD57
:107F6000009FFFFF2DE9F0431D4603689046079EE2
:107F70005B78089F062B099CDDF828E00B9ADDF85A
:107F800030C0DDF8349016D0082B11D1C06B4346B9
:107F900014600A46CDF830902146CDF82CC0CDF8BB
:107FA00028E0099708960795BDE8F043FFF75ABA0D
:107FB0000B48BDE8F083C06B0B46146001212246DC
:107FC000CDF834C0CDF83090CDF82CE00A97099662
:107FD0000895CDF81C80BDE8F04305F0CDBB00BF8F
:107FE000809FFFFF30B51C46036887B05B78062B87
:107FF0001ED0082B19D113460E9AC06B15460C9A49
:108000002A600A460D9D109903950B9D05910295D6
:108010000F990A9D04910C998DE83000FFF78AFAB8
:1080200010F10F0F1CD007B030BD0E4807B030BDA7
:1080300013460E9AC06B15460C9A2A600A46109D8C
:108040000D9903950F9D059102950B990A9D049139
:108050000C998DE8300005F0B7FB10F1120FE2D15A
:108060000148E0E7809FFFFF009DFFFFFAF736BA67
:1080700010B45DF8044BFAF73FBA00BF30B430BC1F
:10808000F9F7F8BE30B430BCF9F780BFF9F70ABC95
:10809000F9F7ECBA13460A46022105F0F1B800BF21
:1080A00013460A460221FFF7ADB900BFFEF76CBCCC
:1080B00010B45DF8044BFEF72FBD00BF30B430BCE8
:1080C000FEF78EBD30B430BCFEF7CCBDFEF7FCBB76
:1080D000FEF7ACB913460A46052105F0D1B800BF3A
:1080E00013460A460521FFF78DB900BF11461A460F
:1080F00000F0EEB811461A4600F062BA10B45DF80E
:10810000044B00F001BA00BF10B45DF8044B00F05E
:10811000A9BC00BF00F0BCBE00F0B4BE00F020BFA0
:1081200000F00EBF00F072BF00F060BF10B5044653
:1081300000F090F82046BDE810401AF075BD00BF71
:1081400010B5044600F07AF82046BDE810401AF059
:108150006BBD00BF10B50446FFF77AF92046BDE8B5
:1081600010401AF061BD00BF10B5044605F064FB75
:108170002046BDE810401AF057BD00BF10B50446B8
:10818000FEF74EF92046BDE810401AF04DBD00BF85
:1081900010B50446F9F764FA2046BDE810401AF01D
:1081A00043BD00BF10B54FF4C07101201AF084FD2B
:1081B000044608B100F048F8204610BD10B58021F3
:1081C00001201AF079FD044608B100F033F820468A
:1081D00010BD00BF10B5402101201AF06DFD04460E
:1081E00008B1FFF70BF9204610BD00BF10B54FF4E2
:1081F000C47101201AF060FD044608B105F03AF898
:10820000204610BD10B54FF48A7101201AF054FDBC
:10821000044608B1FEF7FEF8204610BD10B54FF435
:108220008C7101201AF048FD044608B1F9F712FAE2
:10823000204610BD802200211AF032BD10B18021ED
:1082400009F08CBC704700BF4FF4C07200211AF0D7
:1082500027BD00BF18B14FF4C07109F07FBC704753
:10826000431E0549073013F8012F520883428A5CE8
:108270001A70F8D1704700BFA4B0026010B4431E5A
:10828000084C073013F8012F5108615C914205D169
:108290009842F7D100205DF8044B704701205DF84B
:1082A000044B7047A4B0026070B5084C054604F159
:1082B000800608222046294614441AF0EDFC18B125
:1082C000B442F6D1002070BD012070BD24B102601F
:1082D0002DE9F04F91F805C000F110074D7890306E
:1082E0004FEA0C4691F800E02D0491F804C0CC79D7
:1082F00046EA0C6C8E7845EA0E6ECD784CEA0404A2
:1083000091F806C04EEA05057E4B44EA0C2C45EA7E
:1083100006258CEA151101F00F3185EA01148CEA6B
:10832000010C8CEA144189B28CEA010684EA01410D
:1083300081EA960C0CF0333C81EA0C0186EA8C0C45
:1083400081EA1C2404F0FF148CEA042C61404FEAFB
:10835000FC7581EA050C0CF0AA3C81EA0C0185EA67
:108360000C0C4FEAF17457F8101C103757F81C6CBE
:108370008CEA010E57F8185C86EA3C1657F8141C74
:108380000EF03F0BCEF3052906F03F0ACEF3054869
:1083900003EB8B0BCEF3056E03EB8A0AB842DBF8D6
:1083A00000B103EB8909DAF800A203EB8808D9F8D9
:1083B000009303EB8E0E8BEA0A0BD8F800A4C6F3E9
:1083C0000528DEF800E58BEA090BC6F3054903EB47
:1083D0008808C6F305668BEA0A0B03EB8909D8F80F
:1083E00000A603EB86068BEA0E0ED9F80087D6F8B6
:1083F00000688EEA0A0E8EEA080E8EEA060684EA05
:10840000060485EA040581EA3411C5F3052905F05F
:108410003F08C5F3054AC5F3056503EB890901F07B
:108420003F0E03EB8808C1F30526D9F8009303EB50
:108430008A0AD8F8008103EB8505DAF800A403EB7B
:108440008E0E89EA0808D5F80055C1F30549C1F335
:10845000056188EA0C0CDEF800E203EB81018CEA8E
:108460000A0803EB8606D1F800C803EB890988EAFD
:108470000508D6F80066D9F8005788EA0E0181EAA7
:10848000060181EA050181EA0C0C7FF46CAF4FEA2A
:108490007C0C002084EA0C0303F0AA3384EA030175
:1084A0008CEA030C4FEA71048CEA142303F0FF13E7
:1084B00084EA03218CEA030C8CEA910303F0333342
:1084C0008CEA030C81EA830383EA1C4189B28CEABB
:1084D00001444B4083EA141101F00F314B4084EA10
:1084E00001110C0ED1701E0ED3710D0C1470090AFF
:1084F00016711C0C55701B0A917054719371BDE874
:10850000F08F00BFA4B002602DE9F043560783B09E
:108510000A9C0B9D51D1012916460746994628D041
:108520001AB303F1FF3820686B4661682A4603C31B
:1085300021463846FFF7CCFE6A1E434605F1070E7A
:1085400012F8010F13F8011F724581EA0001117042
:10855000F6D16B46083E04F1080405F1080503CB8B
:10856000C9F80000C9F80410DDD1002003B0BDE84F
:10857000F083002AF9D0013C03F1FF3841466A1E1E
:1085800004F1080E14F8010F11F8013FA64583EA23
:10859000000302F8013FF5D12A462946384608353E
:1085A000FFF796FE55F8082C55F8043C083EC9F82C
:1085B0000020C9F80430E1D1D7E76FF03100D5E7EA
:1085C0002DE9F04F96464B794A7883B006460D78F0
:1085D000120401901B0400F1100A087942EA0565B3
:1085E000CA7806F1900C43EA0060CB792A438D7873
:1085F0000343887942EA0525AF4C43EA002383EA26
:10860000151101F00F314B4085EA011283EA124146
:1086100089B283EA010082EA014181EA900303F012
:108620003333594080EA830381EA132202F0FF12B8
:1086300083EA022351404FEAF37281EA020303F016
:10864000AA33594053404FEAF1715AF8100C0AF11D
:10865000100A5AF81C5C58405AF8186C85EA331511
:108660005AF8142C00F03F0BC0F3052705F03F0823
:10867000C0F3054904EB8B0BC0F3056004EB8808DD
:10868000D445DBF800B104EB8707D8F8008204EB8F
:108690008909D7F8007304EB80008BEA0808D9F841
:1086A00000B4C5F3052988EA0708D0F8007504EB83
:1086B000890988EA0B00C5F30548C5F3056580EA1A
:1086C000070004EB8808D9F8007604EB850580EAFA
:1086D0000700D8F80077D5F8005880EA070080EA4C
:1086E000050081EA000181EA06004FEA3115C0F376
:1086F000052800F03F06C0F3054782EA050204EBB7
:108700008808C0F3056004EB8606D8F8008304EB04
:108710008707D6F8006104EB8000D7F8009402F0D8
:108720003F0788EA0608D0F80005C2F3052604EBE7
:10873000870788EA0303C2F30548D7F8007204EB01
:10874000860683EA090304EB8808D6F80066C2F3BC
:10875000056283EA0003D8F8000704EB820283EA8B
:108760000703D2F8002883EA060383EA000383EABA
:1087700002037FF46AAF019A02F5887A01E04FEABA
:1087800031155CF80C2C0CF1100C5CF8200C5540E9
:108790005CF8186C48405CF8142C05F03F08E24582
:1087A00000F03F0BC0F3052704EB8808C0F3054930
:1087B00004EB8B0BC0F3056004EB8707D8F800824D
:1087C000DBF800B104EB8909D7F8007304EB8000F3
:1087D0008BEA0808D9F800B4C5F3052988EA070828
:1087E000D0F8007504EB890988EA0B00C5F3054849
:1087F000C5F3056580EA070004EB8808D9F8007620
:1088000004EB850580EA0700D8F80077D5F8005812
:1088100080EA070080EA050083EA000383EA060095
:108820004FEA3315C0F3052800F03F06C0F30547B3
:1088300082EA050204EB8808C0F3056004EB8606B3
:10884000D8F8008304EB8707D6F8006104EB8000BA
:10885000D7F8009402F03F0788EA0608D0F8000530
:10886000C2F3052604EB870788EA0101C2F3054835
:10887000D7F8007204EB860681EA090104EB880848
:10888000D6F80066C2F3056281EA0001D8F8000755
:1088900004EB820281EA0701D2F8002881EA06018E
:1088A00081EA000181EA02017FF469AF019A1E4664
:1088B00002F5C87004E000BFA4B002604FEA3615AC
:1088C0005AF80C3C0AF1100A5AF8207C5D405AF81C
:1088D000182C77405AF8143C05F03F09504507F032
:1088E0003F0BC7F3052804EB8909C7F3054C04EBDC
:1088F0008B0BC7F30567D9F8009204EB8808DBF807
:1089000000B104EB8C0CD8F8008304EB87078BEAEA
:10891000090BDCF80094C5F3052CD7F800758BEA39
:10892000080BC5F3054804EB8C0CC5F305658BEA11
:10893000090B04EB8808DCF800C604EB85098BEA18
:10894000070BD8F80057D9F800788BEA0C0888EAAA
:10895000050585EA070581EA050182EA010283EA45
:108960003113C2F3052802F03F0CC2F30549C2F3EC
:10897000056204EB880803F03F0704EB8C0CC3F39B
:108980000525D8F8008304EB8909DCF800C104EB65
:108990008202D9F8009404EB870788EA0C0CD2F81D
:1089A0000025C3F30548C3F305638CEA0606D7F830
:1089B000007204EB830386EA090C04EB8505D3F807
:1089C000006804EB88088CEA020CD5F80056D8F849
:1089D00000278CEA070383EA050383EA020386EA99
:1089E00003067FF46BAF4FEA7603002081EA0304AD
:1089F00004F0AA3461405C404FEA710284EA122319
:108A000003F0FF1382EA03215C4084EA910303F040
:108A100033335C4081EA830383EA144292B284EAEE
:108A20000241534083EA111202F00F32534081EAAF
:108A30000212110E8EF803201D0E8EF80730140C52
:108A40008EF80010120A8EF80450190C8EF80140AE
:108A50001B0A8EF802208EF805108EF8063003B03F
:108A6000BDE8F08F2DE9F043560783B00A9C0B9DBB
:108A700051D1012916460746994628D01AB303F169
:108A8000FF3820686B4661682A4603C32146384692
:108A9000FFF796FD6A1E434605F1070E12F8010F17
:108AA00013F8011F724581EA00011170F6D16B467F
:108AB000083E04F1080405F1080503CBC9F80000DD
:108AC000C9F80410DDD1002003B0BDE8F083002A0E
:108AD000F9D0013C03F1FF3841466A1E04F1080E4B
:108AE00014F8010F11F8013FA64583EA000302F8CC
:108AF000013FF5D12A46294638460835FFF760FD83
:108B000055F8082C55F8043C083EC9F80020C9F86F
:108B10000430E1D1D7E76FF03100D5E72DE9F04F10
:108B200091F801E008304A7900250F784FEA0E43AA
:108B30000C79120443EA076ECB79CF7842EA0462DB
:108B40008C794EEA07071A4391F802E042EA0424BE
:108B5000CB4E47EA0E2383EA141202F00F32534041
:108B600084EA021283EA020101F010314B405140C5
:108B7000C1F3436E0A0F03F00F04C3F3036C06EB5B
:108B8000820206EB8E0ED2F8408906EB840406EBD7
:108B90008C0CDEF840E95F0FD4F80099C1F3430272
:108BA000DCF8004906EB87074EEA081CC1F3432EA8
:108BB00006EB8208C3F3032244EAC904D7F80099FC
:108BC00006EB8E0ED8F8407944EA091406EB8202CF
:108BD000DEF84099C1F3434E4CEAC708D2F80029A9
:108BE000C3F3034C06EB8E0E44EA820748EA89047D
:108BF000DEF8408906EB8C02C1F3031EC3F3431C6D
:108C000044EA480406EB8E0ED2F80029DEF84089CB
:108C100047EA4202C1F3033E06EB8C07C3F3433C31
:108C2000C1F30351D7F80079C3F3435306EB8C0C1F
:108C300006EB8E0E42EAC717DCF8009906EB8303B9
:108C4000DEF8402944EAC81406EB8101D3F800C9D4
:108C500044EA821447EA8913D1F8402943EA4C13C5
:108C600044EA421223F0704322F07042082D18BFEC
:108C7000012D40F3FA800F2D00F0F7809C0E910E2D
:108C800044EA830341EA820223F0704322F07042F7
:108C9000D90302F400771E0102F480791C0701F069
:108CA000005C4FEA434B06F0105604F080544FEA44
:108CB000833A0BF0805B4FEA834826439C024BEAE1
:108CC0000C0C0AF0006A04F0006E46EA09094CEA4E
:108CD000070C9F0549EA0A0908F002784CEA0E0CD5
:108CE00007F080664FEA930E49EA08084FEA831AB4
:108CF0004CEA06070EF000794FEA432B5E000AF0BB
:108D0000807A47EA09074FEAC32C48EA0A0A06F0C4
:108D1000807E0BF400181E044FEA530B47EA0E0E38
:108D20004AEA080806F400160BF4801B04F48024B9
:108D30004EEA060E4FEAC30948EA0B0B0CF4801CFE
:108D40004FEA830801F400314BEA040B4EEA0C0CA5
:108D500008F4003609F4002E9F0A01354FEA9319F2
:108D60004BEA06084CEA0E0C07F48037560B09F460
:108D7000802948EA07074FEA12184CEA090906F465
:108D800000564FEA131C08F480583E4349EA01019B
:108D90000CF4803C4FEA821E970846EA08080EF45D
:108DA000006E41EA0C0107F400575608140248EA25
:108DB0000E0839434FEA923E06F4806604F480546C
:108DC00040F608090EF4007748EA06060C430EEA5E
:108DD00009094FEA52184FEA522C3E4344EA09016E
:108DE00008F02008970A0CF4806C4FEAC21E46EA8D
:108DF000080607F010074FEAD20941EA0C010EF409
:108E0000807E4FEAD21A46EA070841EA0E0E09F0C0
:108E10000806970C0AF0200A48EA060809F011092A
:108E200007F00407960E4EEA0A0E940048EA070778
:108E300006F002064EEA090E04F00404510D3E430A
:108E40004EEA0404C2F3006701F00201102D46EA65
:108E5000070600F1080041EA040140F8106C40F8F0
:108E60000C1C7FF403AFBDE8F08FDC0ED10E44EA9A
:108E7000430341EA420223F0704322F0704207E7C5
:108E8000A4B0026008B5FFF749FE002008BD00BF8E
:108E900038B50446FFF742FE04F140052046221D86
:108EA00023469C6F083052F8041C083B42F8044CDF
:108EB0000832D3F88440C3F8801050F8041C40F8FE
:108EC000044CA842C3F88410EBD1002038BD00BF89
:108ED000F8B515460C4607461146FFF71FFE05F18B
:108EE000080104F18000FFF719FE3B46A646214623
:108EF00038460022856FAEF1080E0838083344F872
:108F000022500831D0F8845041F8045CDEF800515A
:108F100053F8046C9D67DEF80451DD6757F8225062
:108F2000C3F8FC60C3F8F85054F82260023251F8DC
:108F3000045C202AC1F8F860C1F8FC50DAD1F8BD11
:108F400000B5E1B00A466946FFF7C2FF68464FF434
:108F5000C07108F003FE002061B05DF804FB00BFA3
:108F600000B5E1B00A4601466846FFF7B1FF684622
:108F70004FF4C07108F0F2FD002061B05DF804FB11
:108F800070B516460D4604461146FFF7C7FD05F1BC
:108F9000800006F10801FFF7C1FD06F1100104F59C
:108FA0008070FFF7BBFD29462046A4F180052346CB
:108FB0000A46D3F87841083B083908301460083273
:108FC000D3F8844142F8044CD1F800418467D1F8C9
:108FD0000441C467D3F88040C2F8F840D3F8844015
:108FE0009D42C2F8FC40E4D170BD00BF00B5E1B0C5
:108FF0000A466946FFF7C4FF68464FF4C07108F09F
:10900000ADFD002061B05DF804FB00BF00B5E1B02C
:109010000A4601466846FFF7B3FF68464FF4C07141
:1090200008F09CFD002061B05DF804FB0021802267
:109030002DE9F04FADF5697D0E468246DFF82C93A1
:1090400008A802ACDFF8288319F02AFE28A84FF4FC
:10905000C072314619F024FE771006F0010BBAF108
:10906000000F0FD07A1C002FBC48C2EBC2020CBF0D
:1090700020213321BBF1000F0CBF4B464346D200E9
:1090800019F01EFEB64A731E92E8030084E803003E
:10909000042B00F29080DFE813F089007D0071005E
:1090A0000500400188AD28A9AE4A2846FFF768FFB1
:1090B00028464FF4C07108F051FD42F2107503E0EC
:1090C000FFF706F9013D0BD02246214608A8002FE4
:1090D000F6D02246214628A8FFF772FA013DF3D1C7
:1090E000BBF1000F40F000819F490822204601EBB0
:1090F000C70119F0D1FD002840F00981BAF1000F35
:1091000040F0F4800136062EA6D1BAF1000F40F0EF
:1091100020814FF0000B0DF1180804AD4FEA6B07EA
:109120000BF00109BAF1000F10D07A1C002F8F4B01
:10913000C2EBC2028E4E0CBF202133218D48B9F103
:10914000000F18BF3346D20019F0BAFD8A4A0BF15E
:10915000FF3392E80300503A88E8030085E80300F3
:1091600092E8030084E80300042B00F2AC80DFE8FF
:1091700013F0A500AF0072002700E40088AD28A816
:10918000784A2946FFF7A4FE28464FF4C07108F03C
:10919000E5FC92E788AD28A9724A2846FFF798FEB9
:1091A00028464FF4C07108F0D9FC86E76D4908A83D
:1091B000FFF7B4FC81E76B4908A8FFF769FE7CE77D
:1091C00088AE28A9674A3046FFF7DAFE30464FF4EA
:1091D000C07108F0C3FCB9F1000F4AD142F2107619
:1091E00004E00094FFF790F9013E0FD043460822B7
:1091F000394608A80194002FF3D043460094082272
:10920000002128A8FFF72EFC013EEFD15B49082280
:10921000204601EBC70119F03FFD002877D1BAF1D4
:10922000000F40F086800BF1010BBBF1060F7FF4BD
:1092300075AFBAF1000F40F0A98008A8802108F0AE
:109240008DFC28A84FF4C07108F088FC50460DF53D
:10925000697DBDE8F08F88AE28A8424A3146FFF705
:1092600037FE30464FF4C07108F078FCB9F1000FBA
:10927000B4D042F2107988AE11E00094FFF744F9BF
:10928000B9F1010995E8030086E8030094E80300BA
:1092900085E8030096E8030084E803002AD04346EB
:1092A0000822012108A80194002FE6D0434600942B
:1092B0000822012128A8FFF7D5FBE1E7294908A8E2
:1092C000FFF72CFC87E7274908A8FFF7E1FD82E7B5
:1092D00088AE28A9234A3046FFF7FAFD30464FF4FE
:1092E000C07108F03BFC76E72549FEE6254819F0F9
:1092F000CFFC07E795E80300234B082284E803002E
:1093000003EBC701204619F0C7FC002887D0BAF14B
:10931000000F41D14FF0010A8FE788AD28A8114A0C
:109320002946FFF72DFE28464FF4C07108F016FCC1
:10933000C3E6144819F0ACFC75E788AE28A8094AC2
:109340003146FFF71DFE30464FF4C07108F006FCB1
:1093500041E70A2019F06CFCDBE600BF0822002080
:1093600024BA02602CBA026044BA0260E4190020F8
:10937000E81900202022002074BA026094BA02602A
:109380005CBA02600C1A00207CBA02600A204FF01E
:10939000000A19F04DFC50E702484FF0010A19F09D
:1093A00077FC4AE75C1A00200B6870B5D41A012CD0
:1093B00015DD1C789E1C5B78921B0E6043EA04242A
:1093C00094420CDC0D4622463146FAF7FDFD18B9F1
:1093D0002B681C442C6070BDA0F5445070BD014842
:1093E00070BD00BF80CFFFFF70B586B006460D464A
:1093F0006846FAF7DDFB03A8FAF7DAFB68460221B4
:10940000FAF740FD044640B16846FAF7D9FB03A8D5
:10941000FAF7D6FB204606B070BD2946022203A803
:10942000FBF744F904460028EED169463046FAF7C6
:1094300097FF002805DB304603A9FAF791FF0028C3
:10944000E2DD014CE0E700BF80CFFFFF7C2200217E
:1094500019F026BC2DE9F041061D05460C461746BD
:109460003046FFF7A1FF18B103461846BDE8F0816A
:109470003A46214605F11000FFF796FF0028F3D188
:1094800005F134083A4621464046FFF78DFF002893
:10949000EAD140463146FFF7A7FF044608B103462C
:1094A000E3E73046FAF78AFD23462860DDE700BF90
:1094B0002DE9F04F041D87B006468B46204600215B
:1094C00017469846FAF7BEFF00283DD006F11C0962
:1094D0004FF00C0A119B5946109A4846FBF7EEFFD5
:1094E00018B129E0FAF71EFE30BB21464846FAF7CC
:1094F00037FF00284FF001014846F3DABAF1010ABC
:1095000020D02146FFF770FF0028E3D106F14C037D
:1095100006F1280A06F1100B054600934A4650460C
:1095200059462346FBF7FCFD30B921465046FFF76C
:109530005BFF58B1054601E0A0F54655284607B047
:10954000BDE8F08F264DF9E7264DF7E7BB1C204616
:109550000293FAF733FD81465846FAF72FFD029041
:109560005046FAF72BFD4A460390B91C2046FAF7FD
:1095700061FD0028E0D1BB1C4FEA192287F8019059
:1095800058464B443A70029A991C05930491FAF795
:1095900051FD059B0028CFD10299BC1C0498039A69
:1095A00000EB010B090A504604F809100BF1020AFE
:1095B0009DF8084051465C70FAF73CFD0028BBD18D
:1095C000039802998244020A049BC7EB0A075A5483
:1095D0008BF80100C8F80070C6F80090AEE700BF35
:1095E00080CEFFFF80CFFFFF002A18BF0029F8B50B
:1095F0001AD0C8B1071D054616463846FAF762FB71
:10960000044618B1A4F556542046F8BD314605F17C
:109610001000FAF757FB04460028F3D13846FAF752
:10962000CDFC28602046F8BD004CEDE780CFFFFF61
:1096300068B162B110B50468A24206D83430FAF7B6
:10964000C3FC18B1A0F5485010BD024810BD014838
:10965000704700BF80CFFFFF2DE9F04F83B0002897
:1096600053D0B3FA83F46409002C4ED10568AB42A1
:109670004BD8051D06468846214628461F46934678
:10968000FAF7E0FE002840D006F11C044FF00C0968
:109690000D9B41460C9A2046FBF710FF18B12EE0B7
:1096A000FAF740FD58BB29462046FAF759FE002834
:1096B0004FF001012046F3DAB9F101092BD0294618
:1096C000FFF792FE82460028E2D106F14C0306F134
:1096D0002808224606F11001009340462B46FBF76E
:1096E0001FFD60B929464046FFF77EFE08B182465D
:1096F00007E03A4659464046FAF79CFC08B1A0F507
:109700004A5A504603B0BDE8F08FDFF810A050462B
:1097100003B0BDE8F08FDFF808A0F2E780CFFFFFCD
:1097200080CDFFFF2DE9F04F87B000286ED0046890
:1097300094426BD8061D00F1340904460F46484692
:1097400031469846FFF750FE20B10446204607B048
:10975000BDE8F08F03A8FAF72BFA109B002B00F05E
:10976000908004F11C0A04F1700550462946FAF76E
:10977000F7FD00283CD104F1580501212846FAF7ED
:1097800061FE002840F0A5804FF00C0B3046FAF740
:1097900015FC119B0146109A2846FBF78FFE18B165
:1097A0002BE0FAF7BFFC40BB31462846FAF7D8FD5C
:1097B00000284FF001012846F3DABBF1010B00F05D
:1097C000A880FAF73FFE0028E0DD04F1640B324682
:1097D00029465846FCF70AF978B904F14C0033469B
:1097E0005246594600905846FBF79AFC00B304E0F5
:1097F00028465146FAF766FA50B1A0F54C5403A832
:10980000FAF7DEF9204607B0BDE8F08F424C9DE73D
:1098100004F1580501212846FAF734FB0028ECD161
:1098200004F1640B01215846FAF72CFB0028E4D11F
:109830002A46494603A8FAF751FF0028DDD103A9BB
:1098400032460846FBF7F8FA0028D6D104F1400565
:109850004C34524633460094284603A9FBF760FC7B
:109860000028CAD15A4629462846FAF737FF002869
:10987000C3D1324629462846FBF7DEFA0028BCD180
:1098800013E0494603A8FAF71DFA0028B5D104F100
:109890004C0104F14005334604F11C0200912846B6
:1098A00003A9FBF73DFC0028A7D12846FAF786FB61
:1098B000024639462846C8F80020FAF7BBFB0446A2
:1098C00003A8FAF77DF9002C3FF440AFA4F54C54FF
:1098D0003CE72A4629462846FAF700FF00288CD1A3
:1098E000324629462846FBF7A7FA002885D104F11D
:1098F000640B5A4659465846FAF7F0FE00287FF4A2
:109900007CAF324659465846FBF796FA00288FD06E
:1099100073E7024C73E700BF80CFFFFFF2CCFFFF7D
:1099200010B504467030FAF74BF904F16400FAF709
:1099300047F904F15800FAF743F904F14C00FAF73B
:109940003FF904F14000FAF73BF904F13400FAF76B
:1099500037F904F12800FAF733F904F11C00FAF79B
:109960002FF904F11000FAF72BF9201DFAF728F966
:1099700020467C21BDE8104008F0F0B82DE9F04108
:109980008EB006460C4608A8059205F0B7FF05996B
:1099900019B1631813F8013C63B32144302306AABC
:1099A00007A80794F9F796F8B0B1A0F54E5508A8A6
:1099B00006F07AF94DB928460EB0BDE8F08110F5F1
:1099C000845F53D008A806F06FF93046FFF7A8FF70
:1099D00028460EB0BDE8F081079C371D069B07A8FE
:1099E0003A461C442146F9F799F9054698B1A5F580
:1099F0004E55DCE705AA0193009308A8029223467E
:109A00001B4A1C4905F080FF05460028D7D109995B
:109A1000089C0591C1E706F11002214607A8F9F755
:109A20007DF905460028E2D1079B9C4216D00BA881
:109A3000FAF7BEF80BAA214607A8F9F76FF9804696
:109A40000BA8FAF7BDF8B8F1000F02D0A8F54E55F3
:109A5000ADE7079B9C4201D0074DA8E73846FAF7CF
:109A6000ADFA306008A806F01FF9A4E7059994E75D
:109A700038220020542200201ACCFFFF10B5A0B0DD
:109A800004467C22002101A819F00AF96CB9FB22D6
:109A90000F4901A8FFF772FF041C18BF012401A899
:109AA000FFF73EFF204620B010BD0A4819F008F924
:109AB000FB22074901A8FFF761FF044620B10648D1
:109AC000012419F0E5F8EAE7044819F0E1F8E6E7BF
:109AD000ACBA0260742200205C1A0020A01A002098
:109AE00002F09EB92DE9F0418CB016460546884635
:109AF00003A81F4601F074F93146284601F0AAFD7B
:109B0000044630B103A801F093F920460CB0BDE83B
:109B1000F081139B2846129A03A9019333460092C1
:109B20003A4602F095F804460028EBD103A801F06C
:109B300043FC28B9404603A9FAF7C4F80446E1E714
:109B4000004CDFE780B0FFFF4FF49A72002119F05C
:109B5000A7B800BF08B310B5044601F079F904F1C5
:109B6000880001F065F904F1AC0001F061F904F13D
:109B7000E00001F05DF904F5827001F059F904F19B
:109B80007C00FAF71DF804F1D000FAF719F804F593
:109B90009470BDE81040FAF713B870472DE9F04310
:109BA00085B0002837D0856D0446002D33D000F1F4
:109BB000880699460D9B90460F463246009300F169
:109BC0007C010C9B02F02CF9054618B1284605B023
:109BD000BDE8F0834B46424602A9204601F014FD41
:109BE00020B10546284605B0BDE8F083029B31460A
:109BF000D4F8DC20204608EB0306C3EB090403ABD2
:109C00000194009601F0BCFC0028EAD1029A039B63
:109C100013443B60DAE7014DD8E700BF80B0FFFF97
:109C200070B515460A680C460646AA1A01F0C0FC33
:109C300000B170BD2368224606F1AC013046EB1A34
:109C4000BDE8704001F082BC70B5144605460E4672
:109C500001F058F948B9012C10D0BCB906F18801BF
:109C600005F1880001F036F900B170BD06F17C0104
:109C700005F17C00BDE87040FAF724B806F18801D0
:109C800005F1AC00BDE8704001F024B90048ECE7F4
:109C900080B0FFFF2DE9F04182B01E46DDF824E0E0
:109CA000089BE8B1876D0446D7B100F188071546D7
:109CB0008846CDF800E000F17C013A4602F0B0F8A9
:109CC00010B102B0BDE8F081D4F8DC20434639463B
:109CD00020460996089502B0BDE8F04101F050BC5D
:109CE0000048EEE780B0FFFF30B583B0019170B15E
:109CF00015460C46134600F1AC0101AA01F026FC02
:109D000018B90199091B8D4201D103B030BD01483A
:109D1000FBE700BF80B0FFFF2DE9F04182B0DDF826
:109D200020E0DDF824C040B300F1D0081D461746FE
:109D30000E46CDF804C000F17C03CDF800E04146AA
:109D400000F1AC020446FFF7CDFE10B102B0BDE851
:109D5000F0814046FAF732F9A8420ED8A26D394692
:109D6000404612F0070318BF012303EBD202326012
:109D700002B0BDE8F041FAF75DB90148E6E700BF7F
:109D800080B0FFFFF8B5C46D05460E46084607349F
:109D90001146E4089C4228BF1C462246FAF714F9F3
:109DA0000746C0B9E400E96D8C420DD84C35304609
:109DB0002946FAF7D5FA00280DDB2A463146304607
:109DC000BDE8F840FAF732BC611A3046FAF7AAF952
:109DD0000028EBD007463846F8BD00BF2DE9F04F0C
:109DE000456D97B0DDF88C80002D00F0CA800C46E0
:109DF00005460121184699469346FAF723FB0028A9
:109E000045DB05F14C0648463146FAF7A9FA002829
:109E10003DDA0C230DA8029300F0E2FF04A8F9F745
:109E2000C7FE07A8F9F7C4FE0AA8F9F7C1FECDF8E6
:109E30008C80B046239E0C2702E0FAF703FB50BB50
:109E40000DAA04A900962846229B01F0E9FF42468C
:109E50000DA9D0B92046FAF7EFFFB0B9013F01468E
:109E60002046EAD1484B0DA8029300F0E1FF04A878
:109E7000F9F7A6FE07A8F9F7A3FE0AA8F9F7A0FECE
:109E8000029B184617B0BDE8F08F0346EBE73F484A
:109E900017B0BDE8F08F219B07A9209A2846FFF74D
:109EA00071FF03460028DED14FF01F0AEF6D3346E5
:109EB000229A0AA80737FF083946FBF7FFFA00285D
:109EC000E3D1E96D0AA8C1EBC701FAF72BF901212B
:109ED0000028DAD1BAF1010A0AA850D0FAF7B2FA8A
:109EE000002841460AA8E1DBFAF73AFA0028DDDA51
:109EF0004A4621465846FAF7F1FB03460028B2D1FC
:109F000007A95A460846FAF769FB03460028AAD172
:109F100007A90AAA0846FAF7E1FB03460028A2D1DE
:109F200004A90AAA0846FAF7D9FB034600289AD1E1
:109F3000424604A95846FBF759FD0346002892D132
:109F400007AA59465846FAF7C9FB034600288AD1A2
:109F5000424659465846FAF76FFF0346002882D119
:109F6000029A013A02923FF47DAF014603905846AF
:109F7000FAF768FA039B00283FF45DAF73E70248E5
:109F800080E703487EE700BF00B3FFFF80B3FFFF19
:109F900080B0FFFF2DE9F047B8B0064688469146ED
:109FA0009DF808011F46F46D04F080F9002841D0A7
:109FB0000734824604A8E408F9F7FAFD1FA803F065
:109FC000C5FE07A922463846FAF734F8054648B1D7
:109FD0001FA804F013F804A8F9F7F2FD284638B0DA
:109FE000BDE8F087419B04A9409A3046FFF7CAFEBE
:109FF00005460028ECD107AB224604A81919FAF748
:10A0000019F805460028E3D1630007AA51461FA8A6
:10A0100003F0F4FE084C419A1FAB4099304603937D
:10A020003B4601924A46009141460294FFF7D6FE14
:10A030000546CDE70148D2E7E9DF006080B0FFFFC9
:10A040002DE9F04399B005461F4688460FA8914672
:10A0500000F0C6FE03A8F9F7ABFD06A8F9F7A8FDC6
:10A0600009A8F9F7A5FD0CA8F9F7A2FD6B6D002B67
:10A0700000F0878001212098FAF7E4F9002807DB37
:10A0800005F14C0620983146FAF76AF9002813DBEF
:10A090003D4C0FA800F0CCFE03A8F9F791FD06A8EF
:10A0A000F9F78EFD09A8F9F78BFD0CA8F9F788FDE3
:10A0B000204619B0BDE8F08301212198FAF7C2F9D2
:10A0C0000028E5DB31462198FAF74AF90028DFDA63
:10A0D0003946284601F0BEFA04460028D9D14B463D
:10A0E000424603A92846FFF74DFE04460028D0D17A
:10A0F0003246219906A8FBF779FC04460028C8D10E
:10A1000006AA03A909A8FAF7E9FA04460028C0D16B
:10A1100009A932460846FAF78FFE04460028B8D14E
:10A1200006AA20990CA8FAF7D9FA04460028B0D15B
:10A130000CA932460846FAF77FFE04460028A8D14B
:10A140000CAA019705F12803284600920FA909AA35
:10A1500001F0E2FD044600289BD10FA801F02CF984
:10A16000002895D10FA932460846FAF765FE044645
:10A1700000288ED120990FA8FAF7F2F8002888D08D
:10A1800086E7024895E700BF00B2FFFF80B0FFFFFF
:10A19000F0B5A7B004460F4615461E4605A8F9F7C8
:10A1A00007FD08A8F9F704FD04F17C032046029797
:10A1B000019608AA009505A9FFF7ECFE044640B1F8
:10A1C00005A8F9F7FDFC08A8F9F7FAFC204627B026
:10A1D000F0BD0DF1950326AD08AA0BA945F8883D01
:10A1E0002846F8F719FF061E21DB05AA0BA9284609
:10A1F000F8F712FF002818DB06440BA92846324660
:10A20000F8F76EFE071E14DB0BA928463022F8F77C
:10A21000DDFE031E0FDB3E4404992C981E4432469B
:10A2200018F01AFD2D9B1E60CAE70446C8E73446A5
:10A23000C6E73C46C4E71C46C2E700BF70B584B021
:10A2400000249DF82450089E009313460A46294690
:10A25000019603940294FFF79BFF04B070BD00BF0A
:10A26000F0B58BB004460E461746109D04A8029325
:10A270001D44F9F79DFC07A8F9F79AFC294602A8A6
:10A28000302303AAF8F726FC50B9029A039B134423
:10A290009D4210D104AA294602A8F8F73FFD60B1FB
:10A2A000A0F59F4404A8F9F78BFC07A8F9F788FCF0
:10A2B00020460BB0F0BD0E4CF4E702A807AA2946D1
:10A2C000F8F72CFD0028EBD107AB20463A46314683
:10A2D000019304AB009304F18803FFF7B1FE044639
:10A2E0000028DFD1029A034B954218BF1C46D9E7DC
:10A2F0001AB0FFFF00B4FFFF70B582B015461E46CE
:10A30000044602F06DFE10B1012002B070BD00964F
:10A310002B4604F1880204F17C01204601F080FD07
:10A32000003018BF012002B070BD00BF70B50546F7
:10A330000E4600F0E7FD044638B906F17C0105F150
:10A340007C00F9F7BFFC044620B1284600F0B2FDBE
:10A35000204670BD06F1880105F1880000F0BAFDC5
:10A3600004460028F1D1F3E700F050BD00F0A2BD93
:10A3700038B54B6E0446A3B303680D46002B29DBAA
:10A380002046F9F7F3FDAB6DB0EB430F27D86B6EAA
:10A3900020469847E8B9043508E0FAF753F82A460A
:10A3A000214660B12046FAF719F990B923680021D7
:10A3B00020468B42F1DB02E0FAF7C8F848B929469B
:10A3C0002046F9F7CDFF00282A4621462046F3DA39
:10A3D000002038BD0021FAF735F80028D0D0044815
:10A3E00038BD0A1D0146BDE83840FAF725BD00BF5B
:10A3F00080B0FFFF2DE9F0410E4686B007460021F0
:10A4000006F118052846FAF71DF810B906B0BDE8A0
:10A41000F0816846F9F7CCFB03A8F9F7C9FB684659
:10A420003A1D2946FBF7E2FA044648B16846F9F7B7
:10A43000C7FB03A8F9F7C4FB204606B0BDE8F081CE
:10A440006A46694603A8FAF749F904460028EDD19F
:10A45000394603A8FFF78CFF04460028E6D1DFF851
:10A46000948003AA31463046D8F800300133C8F84A
:10A470000030FAF733F904460028D7D13946304680
:10A48000FFF776FF04460028D0D1D8F800300C360C
:10A4900003AA013331463046C8F80030FAF71EF9F6
:10A4A00004460028C2D139463046FFF761FF044612
:10A4B0000028BBD1D8F800306A4631463046013317
:10A4C000C8F80030FAF70AF904460028AED1394638
:10A4D0003046FFF74DFF04460028A7D1D8F80030DA
:10A4E000012128460B44C8F80030F9F7CBFC04469C
:10A4F0009CE700BFA4AF002070B584B0054601F111
:10A500000C04164601A8F9F753FB291D224601A8A1
:10A51000FAF78CF8054668B901462046F9F792FF2C
:10A5200001A900280CBF002206F001022046F9F71D
:10A5300029FC054601A8F9F743FB284604B070BD85
:10A540002DE9F04FBD4C8DB006468846236868461D
:10A55000154601332360F9F72BFB03A8F9F728FB15
:10A5600006A8F9F725FB09A8F9F722FBB369002B28
:10A5700000F0FA802A46294603A8FAF7AFF8044605
:10A5800078B16846F9F71CFB03A8F9F719FB06A890
:10A59000F9F716FB09A8F9F713FB20460DB0BDE843
:10A5A000F08F314603A8FFF7E3FE04460028E8D108
:10A5B000DFF88C92032203A96846D9F800300133F2
:10A5C000C9F80030FAF7FCF904460028D9D1371D44
:10A5D00004E0F9F7BBFF04460028D2D139466846AB
:10A5E000F9F7BEFE00283A4669466846F1DA06F1F8
:10A5F000100A00215046F9F725FF002840F032816B
:10A6000005F10C0A06A852465146FAF767F80446C7
:10A610000028B6D1314606A8FFF7AAFE0446002856
:10A62000AFD1D9F80030012106A80B44C9F8003099
:10A63000F9F726FD044628B1A3E7F9F787FF04469A
:10A6400000289ED1394606A8F9F78AFE06A90028F7
:10A650003A460846F1DA0A4603A82946FAF73EF8D0
:10A66000044600288DD1314603A8FFF781FE044639
:10A67000002886D1D9F80030012103A80B44C9F87D
:10A680000030F9F7FDFC044630B17AE7F9F75EFFD8
:10A69000044600287FF475AF394603A8F9F760FE39
:10A6A00003A900283A460846F0DA06AA09A8114686
:10A6B000FAF714F8044600287FF463AF314609A87E
:10A6C000FFF756FE044600287FF45BAFD9F8003050
:10A6D000012109A80B44C9F80030F9F7D1FC044660
:10A6E00030B14EE7F9F732FF044600287FF449AF56
:10A6F000394609A8F9F734FE09A900283A46084660
:10A70000F0DA6A46694606A8F9F7E8FF0446002829
:10A710007FF437AF314606A8FFF72AFE044600282B
:10A720007FF42FAFD9F8003006A903AA01330846F9
:10A73000C9F80030F9F77AFF044600287FF421AF0A
:10A74000069B002106A88B4280F2E980F9F77AFE89
:10A750003A4606A9002800F0E28006A8F9F73EFF75
:10A7600004460028ECD00CE705F1180203A81146B6
:10A77000F9F7B4FF044600287FF403AF314603A87D
:10A78000FFF7F6FD044600287FF4FBAEDFF8B0903B
:10A7900003AA294606A8D9F800300133C9F80030C9
:10A7A000F9F71CFF044600287FF4EBAE371D05E0E7
:10A7B000F9F7CCFE044600287FF4E3AE394606A83C
:10A7C000F9F7CEFD06A900283A460846F0DA03AAB2
:10A7D000294609A8F9F72AFF044660B1D1E6F9F73E
:10A7E00031FE3A4609A958B109A8F9F7F7FE04461F
:10A7F00000287FF4C6AE099B002109A88B42EEDB3E
:10A8000009AA06A903A8F9F769FF044600287FF4FE
:10A81000B8AE314603A8FFF7ABFD044600287FF42D
:10A82000B0AED9F80030032203A968460133C9F855
:10A830000030FAF7C5F8044650B1A2E6B8A70020E8
:10A84000A4AF0020F9F782FE044600287FF499AEF9
:10A8500039466846F9F784FD00283A466946684655
:10A86000F0DACDE605F1180203A81146F9F736FF34
:10A87000044600287FF485AE314603A8FFF778FD33
:10A88000044600287FF47DAED9F8003003AA06A85C
:10A89000DFF8E0B101331146C9F80030F9F71EFFC7
:10A8A000044600287FF46DAE314606A8FFF760FD30
:10A8B000044600287FF465AEDBF80030524606A956
:10A8C00003A80133CBF80030F9F708FF044600284D
:10A8D0007FF457AE314603A8FFF74AFD044600282F
:10A8E0007FF44FAEDBF8003003AA694668460133B7
:10A8F000CBF80030F9F772FE044630B141E6F9F7C3
:10A9000025FE044600287FF43CAE39466846F9F738
:10A9100027FD00283A4669466846F0DA70E606A93F
:10A9200003AA0846F9F782FE044600287FF429AE00
:10A93000069B002106A88B420BDAF9F783FD3A4605
:10A9400006A930B106A8F9F749FE04460028EFD061
:10A9500017E603A906AA0846F9F768FE0446002888
:10A960007FF40FAE039B002103A88B420BDAF9F7AB
:10A9700069FD3A4603A930B103A8F9F72FFE044652
:10A980000028EFD0FDE503A96A460846F9F7A6FEC0
:10A99000044600287FF4F5AD314603A8FFF7E8FC34
:10A9A000044600287FF4EDADD9F8003003A909AAC8
:10A9B00001330846C9F80030F9F738FE044600288C
:10A9C0007FF4DFAD039B002103A88B420BDAF9F77C
:10A9D00039FD3A4603A930B103A8F9F7FFFD044653
:10A9E0000028EFD0CDE505F11802514609A8F9F786
:10A9F00075FE044600287FF4C4AD314609A8FFF770
:10AA0000B7FC044600287FF4BCADD9F80030012122
:10AA100009A80B44C9F80030F9F732FB04460028B6
:10AA20007FF4AFAD394609A8F9F79AFC09A90028C7
:10AA30003A46084605DBF9F789FD04460028F1D0BF
:10AA40009FE506A94046F9F73DF9044600287FF442
:10AA500098AD03A908F10C00F9F734F90446002871
:10AA60007FF48FAD08F1180009A9F9F72BF9044616
:10AA700087E500BFA4AF00202DE9F04F012A8DB07B
:10AA8000019140F2138180460C211046144618F0C3
:10AA900013F905460090002800F00E8103A8F9F78D
:10AAA00087F806A8F9F784F809A8F9F781F8019E54
:10AAB000284631681831F9F705F98346002840F037
:10AAC000DC8005F10C0A7D4F012556F8042FAAF110
:10AAD0000C01504601351832DFF8E091F9F7FEFD20
:10AAE00041468346002840F0C88050460AF10C0ACF
:10AAF000FFF73EFC8346002840F0BF803A68AC4236
:10AB000002F101023A60E0D104EB4405009B08F138
:10AB1000040203A8AD00A5F10C011944FAF766FF81
:10AB20008346002840F0A980A5F11806019A009BF1
:10AB3000671E02EB840A4D461E44002F00F09680EB
:10AB4000324603A906A8F9F7C9FD8346002840F05C
:10AB50009480414606A8FFF70BFC8346002840F08E
:10AB60008C80D9F8003003A95AF8042C0133084628
:10AB70001832C9F80030F9F7B1FD834600287CD1BE
:10AB8000414603A8FFF7F4FB8346002875D12B68E4
:10AB900001332B6006AA09A81146F9F79FFD8346E9
:10ABA00000286AD1414609A8FFF7E2FB8346002846
:10ABB00063D1D9F8003009AA5AF8041C01330846B9
:10ABC000C9F80030F9F78AFD8346002855D141467F
:10ABD0005AF8040CFFF7CCFB834600284DD15AF8F5
:10ABE000041C09AA2B680C31013308462B60F9F7C5
:10ABF00075FD8346002840D15AF8040C41460C30BC
:10AC0000FFF7B6FB8346002837D15AF8041C06AA82
:10AC10002B680C31013308462B60F9F75FFD834642
:10AC200058BB5AF8040C41460C30FFF7A1FB834691
:10AC300018BB2B68D8F8081001335AF8040C2B60A5
:10AC4000F9F702F88346C0B95AF8040CD8F808108E
:10AC50000C30F8F7F9FF834678B95AF8040D0C3E2A
:10AC60001830F8F7ADFF47B1013F66E703A906A822
:10AC7000F9F728F8834600288CD003A8009EF8F73F
:10AC80009FFF06A8F8F79CFF09A80025F8F798FF92
:10AC900001353046F8F794FF0C36AC42F8D10098F5
:10ACA00017F0C2FF58460DB0BDE8F08F0968FFF7F6
:10ACB000A1FB0DB0BDE8F08F0148F4E7A4AF002080
:10ACC00080B2FFFF2DE9F84F0E46994682461546A1
:10ACD000C3F3450701F10C084FF0000B5FFA8BF44A
:10ACE000294630460BF1010BE41BB4FA84F46409E5
:10ACF0002246F9F747F805F10C012246243570B9D0
:10AD00004046F9F73FF850B9BBF1020FE6D14FEAE0
:10AD1000D91231465046BDE8F84FFFF7EDBBBDE80C
:10AD2000F88F00BF00487047A8BB026070B40B4D9D
:10AD30002B6883B90A4E032204240A49304601E0F5
:10AD400014460A7B013300F8014B0C31002AF7D17D
:10AD50000121F2542960024870BC70475CAE0020AB
:10AD600030AA0020A8BB026004280CD00323074AA5
:10AD700002E0834205D0137B0C32002BF9D1184638
:10AD80007047104670470148704700BFA8BB02607B
:10AD900018280DD00322074B03E05A88824205D0C1
:10ADA0001A7B0C33002AF8D11046704718467047BA
:10ADB00000487047A8BB026038B50546064C0748F6
:10ADC00003E014F80C0F30B1A068294617F048FFD3
:10ADD0000028F6D1204638BDA8BB02608C22002096
:10ADE00068B110B50446F8F7E3FE04F10C00F8F77B
:10ADF000DFFE04F11800BDE81040F8F7D9BE704737
:10AE000018B17C22002117F04BBF704778B17C222B
:10AE1000002110B5044617F043FF04F17C00F8F759
:10AE2000C7FE04F18800BDE81040FFF7D9BF7047A6
:10AE300068B110B50446F8F7C3FE04F10C00F8F74A
:10AE4000BFFE04F11800BDE81040F8F7B9BE704726
:10AE500070B3036E012B70B5044612D00430F8F7BE
:10AE6000AFFE04F11000F8F7ABFE04F11C00F8F798
:10AE7000A7FE04F12800FFF7DBFF04F14C00F8F710
:10AE80009FFE606F70B1A36F53B100252E4628441A
:10AE90000136FFF7CDFFA36F2435606FB342F6D8BC
:10AEA00017F0C2FE20467C21BDE8704006F056BE79
:10AEB000704700BF68B110B50446FFF7C9FF04F141
:10AEC0007C00F8F77DFE04F18800BDE81040FFF734
:10AED000AFBF704738B504460D46F8F7F3FE00B132
:10AEE00038BD05F10C0104F10C00F8F7EBFE002869
:10AEF000F6D105F1180104F11800BDE83840F8F763
:10AF0000E1BE00BF097802F06BB800BF10B50121A7
:10AF10000446F8F7B7FF00B110BD012104F10C00A1
:10AF2000F8F7B0FF0028F7D1014604F11800BDE89A
:10AF30001040F8F7A7BF00BF2DE9F04FDFF874E429
:10AF4000164697B08046DEF8002006F118040F463A
:10AF50000021013220461D46CEF80020F9F772FA92
:10AF6000002847D02B6A83B105F118090021484613
:10AF7000F9F768FA002844D02B6A33B1484601211A
:10AF8000F9F760FA002840F0DB8001A8F8F710FE1E
:10AF900004A8F8F70DFE07A8F8F70AFE0AA8F8F7C4
:10AFA00007FE0DA8F8F704FE10A8F8F701FE13A895
:10AFB000F8F7FEFD2246214601A8F9F78FFB8246ED
:10AFC00030B301A8F8F7FCFD04A8F8F7F9FD07A8CD
:10AFD000F8F7F6FD0AA8F8F7F3FD0DA8F8F7F0FD6D
:10AFE00010A8F8F7EDFD13A8F8F7EAFD504617B0E2
:10AFF000BDE8F08F29463846FFF76CFF17B0BDE873
:10B00000F08F31463846FFF765FF17B0BDE8F08F87
:10B01000414601A8FFF7ACF982460028D1D1DFF8FC
:10B020009093224601A904A8D9F800300133C9F849
:10B030000030F9F753FB82460028C2D1414604A8EC
:10B04000FFF796F982460028BBD1D9F8003001A954
:10B050002A4601330846C9F80030F9F73FFB82461B
:10B060000028AED1414601A8FFF782F982460028A8
:10B07000A7D1D9F8003004A905F10C020133084624
:10B08000C9F80030F9F72AFB8246002899D14146D9
:10B0900004A8FFF76DF98246002892D1D9F8003054
:10B0A00001A9324601330846C9F80030F9F7BEFA63
:10B0B0008246002885D108F104050BE0F9F7C2F9B2
:10B0C0002A4601A958B101A8F9F788FA8246002852
:10B0D0007FF477AF019B002101A88B42EEDB04A92E
:10B0E00006F10C0508462A46F9F7A0FA8246002820
:10B0F0007FF467AF08F1040B0BE0F9F7A3F95A46A8
:10B1000004A958B104A8F9F769FA824600287FF427
:10B1100058AF049B002104A88B42EEDB002101A85C
:10B12000F9F790F9014668B904A8F9F78BF90028F6
:10B1300075D1324639464046FFF702FA824640E76B
:10B140009A4854E7214601AA13A8F9F7C7FA82469C
:10B1500000287FF436AF414613A8FFF709F982466D
:10B1600000287FF42EAFD9F8003001AA07A8904C30
:10B1700001331146C9F80030F9F7B0FA82460028C9
:10B180007FF41FAF414607A8FFF7F2F88246002878
:10B190007FF417AF236801AA07A90AA80133236027
:10B1A000F9F79CFA824600287FF40BAF41460AA8C3
:10B1B000FFF7DEF8824600287FF403AF236807A973
:10B1C0003246013308462360F9F788FA82460028A0
:10B1D0007FF4F7AE414607A8FFF7CAF88246002879
:10B1E0007FF4EFAE2368022207A901A80133236090
:10B1F000F9F7E6FB824600287FF4E3AE08F1040489
:10B20000214601A8F9F7ACF801A900282246084612
:10B210000ADBF9F79BF982460028F1D0D1E63846DF
:10B22000FFF774FE8246CCE604AA0DA81146F9F792
:10B2300055FA824600287FF4C4AE41460DA8FFF7B8
:10B2400097F8824600287FF4BCAED9F800300DA9EB
:10B2500001AA01330846C9F80030F9F7E7F9824638
:10B2600000287FF4AEAE0D9B00210DA88B420BDAB7
:10B27000F9F7E8F822460DA930B10DA8F9F7AEF9B3
:10B2800082460028EFD09CE60DA90AAA0846F9F7E5
:10B29000CDF9824600287FF494AE0D9B00210DA8C5
:10B2A0008B420BDAF9F7CEF822460DA930B10DA882
:10B2B000F9F794F982460028EFD082E607A90DAA93
:10B2C0000846F9F7B3F9824600287FF47AAE079B67
:10B2D000002107A88B420BDAF9F7B4F8224607A938
:10B2E00030B107A8F9F77AF982460028EFD068E66E
:10B2F00007A904AA0846F9F7F1F9824600287FF465
:10B3000060AE414607A8FFF733F8824600287FF475
:10B3100058AED9F800300AA92A46254D013308460F
:10B32000C9F80030F9F7DAF9824600287FF449AE0F
:10B3300041460AA8FFF71CF8824600287FF441AE78
:10B340002B680AAA07A910A801332B60F9F76EF938
:10B35000824600287FF435AE109B002110A88B4256
:10B360000BDAF9F76FF8224610A930B110A8F9F7F7
:10B3700035F982460028EFD023E60DA93846F8F7C4
:10B38000A1FC824600287FF41CAE10A907F10C0036
:10B39000F8F798FC824600287FF413AE07F11800F6
:10B3A00013A9F8F78FFC82460BE600BF80B0FFFFC1
:10B3B000A4AF002040A6002008B500211830F9F7FE
:10B3C00041F8B0FA80F0400908BD00BF38B5044626
:10B3D0000D46F8F7C5FF70B905F10C0104F10C003A
:10B3E000F8F7BEFF38B905F1180104F11800F8F7B5
:10B3F000B7FF00B938BD014838BD00BF80B0FFFFBE
:10B4000070B51E4604460D46F9F7ECF900B170BD63
:10B410003246294604F10C00F9F7E4F90028F6D188
:10B4200004F118000121BDE87040F8F72BBD00BF02
:10B43000012A2DE9F843089FDDF824802FD80D4616
:10B44000814600211E4605F118001446F8F7FAFF60
:10B4500038B9B8F1000F38D0012338703360BDE837
:10B46000F88309F10400F8F7A9FD8146D4B9430037
:10B4700001339845336028D30423394602462846D1
:10B4800001F8013BF8F7D6FD50B909F1010105F1CA
:10B490000C004A463944BDE8F843F8F7CBBD0C48E8
:10B4A000BDE8F883431C984533600ED3002105F1B5
:10B4B0000C00F8F703FD3946831C4A46284601F87C
:10B4C000013BBDE8F843F8F7B5BD0248BDE8F88395
:10B4D00080B0FFFF00B1FFFF83B3F8B5147834B933
:10B4E000012B19D10846BDE8F840FFF70FBD1546FE
:10B4F00004301C460E46F8F761FD2B780746042BF6
:10B500001ED1430001339C4206D10246691C3046DD
:10B51000F8F75AFD10B1F8BD0A48F8BD791C3A4653
:10B5200006F10C002944F8F74FFD0028F3D106F18D
:10B5300018000121BDE8F840F8F7A4BC01487047A5
:10B540000148E8E780B0FFFF80B1FFFF012B12D96F
:10B5500070B414681646621C3260257845B15C1ED2
:10B56000A54205D854192B46346070BCFFF7B4BF10
:10B57000024870BC70470148704700BF80B0FFFFB1
:10B58000F0B583B0099C089E74B1013C771C1D4640
:10B5900001940097FFF74CFF20B92B6833702B689C
:10B5A00001332B6003B0F0BD0048FBE780B0FFFF24
:10B5B000022A21D90A68531C0B601378032B1BD174
:10B5C00030B4941CD51C0C6054780D60927842EA1B
:10B5D0000424182C0CD01946084B03E05A88A242C8
:10B5E00007D0197B0C330029F8D1054830BC7047CF
:10B5F000042130BC01F0F4BC02487047A8BB0260D3
:10B6000080B1FFFF80B0FFFF30B40578042D0CD06F
:10B6100003200E4C02E0854208D0207B0C34002829
:10B62000F9D1A0F59F4030BC7047084C0320022B95
:10B63000086008D91070002063881B0A5370638863
:10B64000937030BC70470248FBE700BFA8BB0260A4
:10B6500000B1FFFF2DE9F0410C4686B006460121FE
:10B6600004F11800F8F7EEFEB8BB336BCBB3F36B05
:10B67000BBB3014605462046F8F7E4FE00282CDB64
:10B6800004F10C0729463846F8F7DCFE002824DBD5
:10B6900006F1040820464146F8F762FE00281CDA4D
:10B6A00041463846F8F75CFE002816DA6846F8F797
:10B6B0007FFA03A8F8F77CFA3A4639466846F9F764
:10B6C0000DF8054688B16846F8F77AFA03A8F8F746
:10B6D00077FA284606B0BDE8F081474806B0BDE8D5
:10B6E000F081464806B0BDE8F08131466846FEF775
:10B6F0003FFE05460028E6D1414F2246214603A8D9
:10B700003B6801333B60F8F7E9FF05460028DAD1D2
:10B71000314603A8FEF72CFE05460028D3D13B682E
:10B72000B26901333B60002A47D003A906F1100239
:10B730000846F8F753FF05460028C4D104E0F8F79F
:10B7400005FF05460028BED1414603A8F8F708FECC
:10B7500003A9002842460846F1DA03A92246084612
:10B76000F8F7BCFF05460028ADD1314603A8FEF727
:10B77000FFFD05460028A6D13B6803A906F11C027F
:10B78000013308463B60F8F729FF054600289AD1A7
:10B7900002E0F8F7DBFE68BB414603A8F8F7E0FDDE
:10B7A00003A9002842460846F3DA6846124DF8F726
:10B7B000D7FD002808BF002585E703A90322084616
:10B7C000F8F774FF054600287FF47DAF0CE0F8F72A
:10B7D00039FE424603A90028BFD003A8F8F7FEFEB1
:10B7E000054600287FF46FAF039B002103A88B421E
:10B7F000EDDBB2E7054666E780B3FFFF80B0FFFFF1
:10B80000A4AF00202DE9F04F8846CBB019461E4664
:10B8100091460546FFF71EFF0446002840F095803C
:10B82000286B00284ED0E86B00284BD004A805F107
:10B830004C0AF8F7BDF907A8F8F7BAF921465046BF
:10B84000F8F73CFB012840F08480EF6D24210220B2
:10B85000013717F031FA834601907F0800287AD02B
:10B860003146FFF737FB044600287CD10BF1240654
:10B8700059463046FFF72EFB044678B9002F76D0A4
:10B88000834601E05F4572D03246314628460BF1CF
:10B89000010BFEF755FE0028F4D00446019D284612
:10B8A000FFF7C6FA3046FFF7C3FA284617F0BCF98F
:10B8B00004A8F8F785F907A8F8F782F94046FFF7DA
:10B8C000B7FA20464BB0BDE8F08FFEF739FE019A7B
:10B8D00010A9002840F02A811BF807302846FFF7FE
:10B8E000F1F910AB42464146002840F01F8128463E
:10B8F000FFF722FB002840F01981013F42464146F4
:10B9000028467B1CE1D110A8FFF792FA029A414623
:10B910002846FEF7F1FD04460028BFD141462846DF
:10B92000FEF768FD019D04462846FFF781FA304680
:10B93000FFF77EFA284617F077F904A8F8F740F9E0
:10B9400007A8F8F73DF9002CB8D120464BB0BDE868
:10B95000F08FAC48B6E704A8AB4CF8F731F907A86C
:10B96000F8F72EF9AAE7019B03F1240696E70DF5F7
:10B97000947B012228464BF8C46D5946FFF77CF8AA
:10B98000044600288AD13346019A31462846FFF7FB
:10B99000D3FA0446002881D1012259462846199637
:10B9A000FFF76AF8044600287FF478AF014648465E
:10B9B000F8F784FA4946029004A8F8F783F9044698
:10B9C00000287FF46BAF4A46514607A8F8F72EFED1
:10B9D000044600287FF462AF029B07A904A813F174
:10B9E000FF3318BF01231A460293F8F7CBF9044638
:10B9F00000287FF453AF01467A1C584617F050F9DF
:10BA0000002F3BD00395DA465D4695F8009021461D
:10BA100004A8F8F753FA40EA0909391901344FFA32
:10BA200089F904A8F8F74AFAA74249EA400005F85C
:10BA3000010BEAD1039D00234FF0010E9AF801108B
:10BA40000EF1010E9AF800C081EA03020B4077451F
:10BA500002F0010154B281F001001CFB00F14CEA3C
:10BA6000C0104AB204EA020182EA040243EA010376
:10BA70008AF801200AF8010BDBB2DFD210A8FFF729
:10BA8000AFF94AAB019A41463B44284613F8C43CFF
:10BA9000FFF718F9044618B110A8FFF7C9F9FDE639
:10BAA00008F1180901214846F8F7ECF90446002886
:10BAB000F2D1549B002B3FF420AFAB6D2A1D0AA896
:10BAC0004FF00C0A07330392DB081C46F8F770F8B6
:10BAD0000DA8F8F76DF8559B2146549A0AA8F9F776
:10BAE000EDFC18B120E0F8F71DFBE8B903990AA8AE
:10BAF000F8F736FC00284FF001010AA8F3DABAF192
:10BB0000010A7CD0F8F79EFC0028E4DD0AAA494629
:10BB10004846F8F7E3FD044650B10AA8F8F750F894
:10BB20000DA8F8F74DF8B7E70446F6E70446B3E783
:10BB300048462946FEF71CFC04460028EDD1DFF8F4
:10BB4000D0900AAA0DA8D9F8003011460133C9F8DF
:10BB50000030F8F7C3FD04460028DED129460DA8C1
:10BB6000FEF706FC04460028D7D1D9F800300DAA0C
:10BB7000414640460133C9F80030F8F7AFFD0446AE
:10BB80000028CAD129464046FEF7F2FB04460028A9
:10BB9000C3D1D9F800300DA90AAA01330846C9F863
:10BBA0000030F8F79BFD04460028B6D129460DA8C1
:10BBB000FEF7DEFB04460028AFD1D9F8003008F1CB
:10BBC0000C0A0DAA013351465046C9F80030F8F767
:10BBD00085FD04460028A0D150462946FEF7C8FB43
:10BBE0000446002899D1D9F800300AA80133C9F8D1
:10BBF0000030F7F7E5FF0DA8F7F7E2FF7DE6034C0D
:10BC00004AE700BF80B0FFFF80B2FFFF00B3FFFF35
:10BC1000A4AF002038B5036B93B1C36B83B10D465D
:10BC2000044601212846F8F70DFC00280ADB04F140
:10BC30004C012846F8F794FB002803DA002038BDB1
:10BC4000014838BD014838BD80B0FFFF80B3FFFF19
:10BC50002DE9F04705460F4603F1180001211C4667
:10BC60001646DDF82080DDF82490F8F7EBFB88B964
:10BC700031462846FFF7CEFF08B1BDE8F087CDF882
:10BC800024902346CDF82080324639462846BDE828
:10BC9000F047B7E50048F0E780B0FFFFF0B5074692
:10BCA00083B00D461046012114461E46F8F7CAFB24
:10BCB00058B34FF0FF312046F8F7C4FB78B14FF08E
:10BCC000000E2246334629463846CDF804E0CDF82A
:10BCD00000E0FFF7BDFF0446204603B0F0BD31464B
:10BCE0002846FFF7F7F804460028F5D10C35014641
:10BCF0002846F8F7A7FB0028EED0391D2A4628462B
:10BD000003B0BDE8F040F8F791BC3146284603B0D7
:10BD1000BDE8F040FFF7DEB8F0B5046B8BB0B4B10E
:10BD2000C46BA4B115461E46044601A80F46FFF792
:10BD300057F82A46334601A92046FFF7AFFF0546CC
:10BD400040B101A8FFF774F828460BB0F0BD0D48CC
:10BD50000BB0F0BD119B3946109A2046FFF79EFFAD
:10BD600005460028EDD13B4601AA39462046FFF79B
:10BD7000E3F805460028E4D139462046FEF73AFBB1
:10BD80000546DEE780B1FFFF2DE9F04F056B83B07C
:10BD9000DDF83080DDF83490B5B3C46BA4B3C76D63
:10BDA000144606461F25073700F14C0B0193FF0888
:10BDB00000914FEAC70A4B46424639462046F9F7FA
:10BDC0007DFB10BBF16D2046C1EB0A01F8F7AAF923
:10BDD0000121D0B9013D20461AD0F8F733FB0028E5
:10BDE00059462046E7DBF8F7BBFA0028E3DA009B68
:10BDF000224601993046CDF83490CDF8308003B01A
:10BE0000BDE8F04FFFF724BF034803B0BDE8F08F53
:10BE1000024803B0BDE8F08F80B0FFFF00B3FFFF22
:10BE200010B582B0049C009313460A4600F1280125
:10BE30000194FFF7A9FF02B010BD00BF70B50C461A
:10BE400082B00146154620461E4601F0C9F850B999
:10BE5000019604F18803009504F17C0204F12801A5
:10BE60002046FFF791FF02B070BD00BF0378002BA2
:10BE700044D00A789A4241D12DE9F04301F1880774
:10BE8000ABB00C46054639468830F8F769FA002809
:10BE90003DD104F1940805F194004146F8F760FAA9
:10BEA000002834D104F1A00905F1A0004946F8F7B3
:10BEB00057FA054658BB264602A8FEF791FF7C229A
:10BEC00029460BA816F0ECFE16F8281B0BA801F06B
:10BED00087F804F17C0233460195009502A90BA86E
:10BEE000FFF7B6FE044658B102A8FEF7A1FF0BA863
:10BEF000FEF7AEFF20462BB0BDE8F0830C4870473C
:10BF0000394602A8F8F72CFA28B1094CECE70848A2
:10BF10002BB0BDE8F083414605A8F8F721FA0028C8
:10BF2000F3D1494608A8F8F71BFA0028DCD0ECE763
:10BF300080B0FFFF2DE9F04FA24EC1B0054609AC1D
:10BF40000FCE0FC496E803007C2284E80300002192
:10BF500021A816F0A5FE0FA8FEF742FF18A8FEF7CD
:10BF60003FFF06A8F7F724FE21A8012101F038F8C9
:10BF70000446D0B9002D44D1022106A8F7F782FF6C
:10BF80000446002800F00F8121A8FEF761FF0FA8EA
:10BF9000FEF74EFF18A8FEF74BFF06A8F7F710FEB6
:10BFA000204641B0BDE8F08F0446002C17DAB5B149
:10BFB0002146854816F084FE21A8FEF749FF0FA808
:10BFC000FEF736FF18A8FEF733FF06A8F7F7F8FDCF
:10BFD0000A2016F02DFE204641B0BDE8F08F21A8C2
:10BFE000FEF736FF0FA8FEF723FF18A8FEF720FF85
:10BFF00006A8F7F7E5FD002DEAD1204641B0BDE8DF
:10C00000F08F724816F05CFE022106A8F7F73AFF9F
:10C0100004460028C9D12BAE0190009006AA3346F1
:10C0200018A921A8FFF714FE04460028BDD100235B
:10C03000DFF8A491DFF8A4811021654F06A8654AB6
:10C04000C9F80030C8F800303B60F8F7CBFB044675
:10C050000028AAD101903346009006AA0FA921A872
:10C06000FFF7F6FD044600289FD109ABD9F8002060
:10C070004FF0010A05939B4603923B68D8F80020D5
:10C080000493029200235BF8042F102106A8C9F83C
:10C090000030C8F800303B60F8F7A4FB3346044694
:10C0A00006AA0FA9002880D1019021A80094FFF7CB
:10C0B000CFFD044600287FF478AF474B039A1B68F6
:10C0C000934240F0B180454B029A1B68934240F086
:10C0D000AB803F4B049A1B68934240F0A5800AF165
:10C0E000010ABAF1060FCDD1002D7BD13A4B1021B8
:10C0F000384A06A81D60394B1D60354B1D60F8F7A6
:10C1000071FB044600287FF43FAF019518AB009502
:10C1100006AA0FA921A8FFF79BFD044600287FF47B
:10C1200033AFD9F800300126DFF8ACA00393D8F87C
:10C130000030DFF8A8B00293059C3B68049300230D
:10C1400054F8042F102106A8C9F80030C8F80030B0
:10C150003B60F8F747FB00287FF426AF019018AB4F
:10C16000009006AA0FA921A8FFF772FD00287FF40E
:10C170001BAFDAF80030039A93425ED1DBF800304F
:10C18000029A9A4259D1124B049A1B68934254D195
:10C190000136062ED3D10446002D3FF4F5AE1048EB
:10C1A00016F076FD08E72BAE0190009006AA334604
:10C1B00018A921A8FFF74CFD044600287FF4E4AE3F
:10C1C00035E700BFCC030020F81D00209822002096
:10C1D000A4AF0020CC22002040A60020B8A7002059
:10C1E0000C1A0020194816F053FD194816F068FD86
:10C1F000184B194A10211C6006A8184B1C60184BDC
:10C200001C60F8F7EFFA044600287FF4CEAE0190E8
:10C2100018AB009006AA0FA921A8FFF719FD044644
:10C2200000287FF4C2AE7CE70DB90124ACE651468C
:10C230000C4816F045FD0124BEE6002DF5D0314630
:10C24000084816F03DFD0124B6E600BF0C1A002098
:10C250001023002040A60020CC220020B8A70020F8
:10C26000A4AF0020002300202DE9F8430C21044650
:10C27000F7F7BAFC002840F0C780A2680746646858
:10C2800002F1180C02F1200102EB8404664656F814
:10C29000185C043656F8043C7D191D442CBF012758
:10C2A000002746F81C5CAB4288BF01378E42EED1B6
:10C2B00002F1280502F1300E0023A84658F8286C38
:10C2C00008F1040858F8049C9B194B442CBF012624
:10C2D000002648F82C3C994594BF3346731CF04522
:10C2E000ECD13B4497684FF00008D668DB1997699A
:10C2F0002CBF4FF00109C1463B4419EB0606936081
:10C300002CBF4FF00109C146BB42D7692CBF0023A7
:10C3100001231E449E422CBF4B4609F101033E44BB
:10C32000BE4238BF0133D66051F8186C043151F861
:10C33000047C18EB06063E442CBF4FF001084FF07A
:10C34000000841F81C6CB74288BF08F101088D4213
:10C35000EAD19844A946002159F8207C09F1040942
:10C3600059F8043CC91919442CBF0126002649F884
:10C37000241C8B4294BF3146711CF145ECD11669E7
:10C380004144536902F110078919D2F820804FF017
:10C39000000E2CBF012600264144F31811612CBF6A
:10C3A0004FF001094FF000098845D2F8248094BF6E
:10C3B0000026012633449E4294BF494609F10101FB
:10C3C0004344434538BF013153613E6876443E6083
:10C3D0002B68334447F8043B55F8048B43452CBF86
:10C3E0000023012376452CBF9E4603F1010E6745CD
:10C3F000EBD102F11C0371449C42916104D90022EB
:10C4000043F8042B9C42FBD8BDE8F8832DE9F04F9C
:10C4100093B0064601250D2405AB0190342200217E
:10C42000184604930295039416F03AFC30461821FE
:10C43000F7F7DAFB0090002840F02A82B3681C6806
:10C44000D3F830A05D6D54441E6DD86DA24505EB48
:10C4500004015A6894BF002401248D4288BF01342E
:10C4600071182CBF4FF0010E4FF0000E0F1A7444DC
:10C470001F60884294BF2146611E4C1C00F00C8254
:10C4800052182CBF4FF0010E4FF0000E4FFA8EFEE7
:10C49000596B9C6D0A449F68914288BF0EF1010E52
:10C4A0002244944288BF0EF1010E0244904288BF9C
:10C4B0000EF1010ECAEB020C924594BF7246AEF12A
:10C4C0000102C6EB0C0E664588BF013AC3F804E0D2
:10C4D00052B2002AC0F25382BA182CBF4FF0010C9E
:10C4E0004FF0000C4FFA8CFCD3F83890DF684A44C8
:10C4F000914588BF0CF1010C0244904288BF0CF1B9
:10C50000010CC1EB020E914294BF6246ACF10102F4
:10C51000C5EB0E0C754588BF013AC3F808C052B28E
:10C52000002AC0F22282BA182CBF4FF0010E4FF041
:10C53000000E4FFA8EFED3F83CC01F69624494454A
:10C5400088BF0EF1010E5244924588BF0EF1010ED4
:10C550003244964288BF0EF1010E2A44954288BFAC
:10C560000EF1010EC9EB0208914594BF7246AEF17F
:10C570000102C4EB080E444588BF013AC0EB0E0827
:10C58000704588BF013AC3F80C8052B2002AC0F24D
:10C59000E381BA182CBF012700277FB22A44D3F8C1
:10C5A00040E0D3F81480954288BF01372A44954271
:10C5B00088BF01377244964588BF01370A449142CB
:10C5C00088BF01375244924594BFBA4607F1010A29
:10C5D0003244964288BF0AF1010A2244944288BF3D
:10C5E0000AF1010ACCEB020B944594BF5246AAF122
:10C5F0000102C0EB0B07584588BF013AC0EB070AA0
:10C60000B84288BF013AC3F810A052B2002AC0F263
:10C61000998118EB02022CBF4FF0010A4FF0000A7B
:10C620004FFA8AFA22445F6CD3F81880944288BF8C
:10C630000AF1010A2244944288BF0AF1010A3A44ED
:10C64000974288BF0AF1010A4A44914588BF0AF11E
:10C65000010A0A44914288BF0AF1010A2A4495421C
:10C6600094BF51460AF1010182182CBF4FF0010B13
:10C670004FF0000BCEEB020A5944C3F814A09645C4
:10C6800094BF0A464A1E52B2002AC0F2538118EBE8
:10C6900002022CBF0121002149B20244D3F8488094
:10C6A000D3F81CA0904288BF01310244904288BF59
:10C6B00001314244904588BF01316244944588BFAE
:10C6C00001314A44914588BF0131A2182CBF4FF077
:10C6D000010B4FF0000BC7EB02095944C3F8189047
:10C6E000974294BF0A464A1E52B2002AC0F21881ED
:10C6F0001AEB02022CBF4FF0010A4FF0000A4FFA6A
:10C700008AFAD96CD3F820900A44914288BF0AF182
:10C71000010A7244964588BF0AF1010A62449445B1
:10C7200094BFD4460AF1010C82182CBF4FF0010BC4
:10C730004FF0000BC8EB020ADC44C3F81CA0904584
:10C7400088BFACF1010C4FFA8CFCBCF1000FC0F2B9
:10C75000DD8019EB0C0C2CBF4FF001094FF00009E4
:10C760004FFA89F9B4445A6A664588BF09F101094C
:10C77000BC44674588BF09F101091EEB0C0E2CBFB4
:10C780004FF0010A4FF0000AC1EB0E0CD144C3F880
:10C7900020C0714594BFCE46A9F1010E4FFA8EFE1E
:10C7A000BEF1000FC0F2A78012EB0E0C2CBF0122CD
:10C7B00000224FFA82FEAC449A6A654588BF0EF1AA
:10C7C000010EC444E04588BF0EF1010E17EB0C07C3
:10C7D0002CBF4FF001094FF00009C6EB070CCE4407
:10C7E000C3F824C0BE4294BF7746AEF101077FB2C2
:10C7F000002F76DB12EB070E2CBF0122002252B273
:10C80000A644DF6A744588BF01328E44714588BFF3
:10C81000013218EB0E082CBF4FF0010C4FF0000C4A
:10C82000C5EB080E6244C3F828E0454594BF1546A1
:10C83000551E6DB2002D4BDB7A192CBF0127002746
:10C840007FB20244019D904294BF3846781C324426
:10C850006D68964294BF0646461C89182CBF01227B
:10C8600000220F1B1644DF628C4294BF3446741EB4
:10C870000D2D64B224EAE4721A6307D903EB85052F
:10C880000022343343F8042B9D42FBD1002C0BDBF8
:10C89000009813B0BDE8F08FB2FA82FE013A4FEA79
:10C8A0005E1ECEF1000EF3E5039A6FF04043019E49
:10C8B00064421344049D324602A9304645F82340A1
:10C8C000F7F744FE0028E3D14FF0FF333360DFE792
:10C8D000C5F1000EEA1977454FF0FF3728BF002752
:10C8E000AFE7C7F1000C07EB020E62454FF0FF32D5
:10C8F00028BF002284E7CEF100090EEB020C4FF0B6
:10C90000FF3E4A4528BF4FF0000E54E7CCF1000A25
:10C91000CC44D1454FF0FF3928BF4FF0000921E743
:10C92000C2F100095244CA454FF0FF3A28BF4FF008
:10C93000000AE6E65142424488454FF0FF3128BFE5
:10C940000021AAE6C2F1000A4244D0454FF0FF3A66
:10C9500028BF4FF0000A65E6C2F100083A44474597
:10C960004FF0FF3728BF002718E6C2F1000E3A4407
:10C9700077454FF0FF3E28BF4FF0000EDBE5C2F1D8
:10C98000000C3A4467454FF0FF3C28BF4FF0000CC5
:10C99000AAE500BF2DE9F04F8FB006460125082417
:10C9A00006AB20220021039518460593049416F047
:10C9B00077F930460E21F7F717F90746002840F0BF
:10C9C000C080B3681968D3F81C90DA6A4945C9EB8E
:10C9D000010458682CBF00210121A24288BF013107
:10C9E000A41A49421C6049B2002940F0AE803C467E
:10C9F000D3F82080196B804588BF013CC8EB00004C
:10CA00009D68814288BF013C401A64B25860002C86
:10CA100040F0D9802046D3F824C05C6BAC4588BF79
:10CA20000138CCEB0505D3F80CA0AC4288BF013827
:10CA30002D1B40B29D60002840F0BD800190D3F8CE
:10CA400028E0D3F810B0D645CEEB090598BF0020FA
:10CA5000554488BF0120A94594BF4042C0F1010060
:10CA600012EB0509019DC3F80C9045EB000040B2A4
:10CA70000028C0F297801BEB00002CBF4FF0010B89
:10CA80004FF0000B4FFA8BFB8242C2EB08095D6945
:10CA900094BF002201224844804594BFC2F100089F
:10CAA000C2F1010808184BEB080818614FFA88F822
:10CAB000B8F1000F6DDB15EB08082CBF0125002530
:10CAC0006DB2C1EB0C0041459A6994BF0021012170
:10CAD0008044C44594BFC1F1000CC1F1010C14EBBA
:10CAE000080045EB0C0C58614FFA8CFCBCF1000FB0
:10CAF00046DB12EB0C0C2CBF0120002040B2C4EB33
:10CB00000E0264457168624494BF002401249A6156
:10CB1000964594BFC4F1000EC4F1010E0829864465
:10CB20004FFA8EFE2EEAEE72DA6107D903EB81022C
:10CB30002033002143F8041B9342FBD1BEF1000FC8
:10CB40000ADB38460FB0BDE8F08F4C42A04234BF3C
:10CB5000FF24002408444BE7049A6FF04044CEF1D0
:10CB60000003059D144403A93246304645F824309D
:10CB7000F7F7ECFC0028E4D14FF0FF333360E0E737
:10CB8000CCF10000944482424FF0FF3028BF0020D7
:10CB9000B5E7C8F10002A84495424FF0FF3528BF21
:10CBA00000258EE745425844AB454FF0FF3B28BF78
:10CBB0004FF0000B68E74542AA4534BFFF2500252A
:10CBC000824401953BE76042854234BFFF2000204C
:10CBD000254420E72DE9F04F8FB0054601260924B2
:10CBE00005AB24220021029618460493039416F004
:10CBF00057F828461021F6F7F7FF0190002840F07B
:10CC00009881AB681A68D3F82090D3F824804A44FE
:10CC1000D3F82CE01F6B914508EB020C586B94BFC6
:10CC200000240124CEEB0C029E6BE04588BF01344A
:10CC3000D11BE64588BF013C974294BF2246621E45
:10CC40000C1A884288BF013AC6EB040CA64294BF76
:10CC50001146511EC3F800C05A680029C0F26D8108
:10CC600051182CBF0122002252B24144D3F828C0EF
:10CC7000DC6B884588BF01326144D3F808A08C453D
:10CC800088BF0132C7EB010B8F4294BF1146511E82
:10CC9000C0EB0B02584588BF0139C6EB020B964228
:10CCA00094BF0A464A1EC4EB0B015C4594BF9346F1
:10CCB000A2F1010B59604FFA8BFBBBF1000FC0F2E0
:10CCC00086811AEB0B0B2CBF0121002149B2E344F2
:10CCD000D3F80CA0DC4588BF0131F344DE4588BFA2
:10CCE0000131C0EB0B02584588BF0139C6EB020B7E
:10CCF000964294BF0A464A1EC4EB0B015C4594BFA2
:10CD00009346A2F1010B99604FFA8BFBBBF1000F28
:10CD1000C0F254811AEB0B0B2CBF0121002149B248
:10CD2000F344D3F810A0DE4588BF0131F344DE455B
:10CD300088BF0131BB445F4588BF0131BB445F45BB
:10CD400088BF01318344584588BF0131C4EB0B02D1
:10CD50005C4588BF0139C9EB020B914594BF0A4677
:10CD60004A1EC8EB0B01D84588BF013AD96052B2C0
:10CD7000002AC0F219811AEB02022CBF4FF0010BFE
:10CD80004FF0000B4FFA8BFB3A445969974288BF2A
:10CD90000BF1010B3A44974288BF0BF1010B02449F
:10CDA000904288BF0BF1010B0244904288BF0BF107
:10CDB000010B3244964288BF0BF1010BC8EB020A0B
:10CDC000904594BF5A46ABF10102CCEB0A0BD44517
:10CDD00088BF013AC3F810B052B2002AC0F2DB801B
:10CDE0008A182CBF0121002149B20244D3F818A0AF
:10CDF000904288BF01310244904288BF01313244E1
:10CE0000964288BF01313244964288BF01312244A4
:10CE1000944288BF0131CCEB020B944594BF0A4683
:10CE20004A1ECEEB0B01DE4588BF013A596152B272
:10CE3000002AC0F2A7801AEB02022CBF4FF0010AB1
:10CE40004FF0000A4FFA8AFA3244D969964288BFF5
:10CE50000AF1010A3244964288BF0AF1010A2244CB
:10CE6000944288BF0AF1010A2244944288BF0AF121
:10CE7000010A3244964294BF56460AF10106024422
:10CE8000904288BF0136C9EB020A914588BF013E36
:10CE9000C8EB0A02D04594BFB046A6F101089A61DA
:10CEA0004FFA88F8B8F1000F62DB11EB08022CBFD3
:10CEB0000121002149B222446E68944288BF0131A9
:10CEC0002244944288BF01312244944294BF0C46CC
:10CED0004C1C4A44914594BFA14604F10109CCEB96
:10CEE0000201944594BFCC46A9F1010CCEEB01049C
:10CEF0008E4594BFE646ACF1010EE11BA74294BFFC
:10CF00007746AEF101070A1A884294BF3846781E68
:10CF1000DA61092E40B220EAE0721A6207D903EB07
:10CF200086060022243343F8042B9E42FBD10028BE
:10CF30000BDB01980FB0BDE8F08F4C421144A242C8
:10CF40004FF0FF3228BF00228FE6039A6FF0404473
:10CF50004342049E144402A92A46284646F8243037
:10CF6000F7F7F4FA0028E4D14FF0FF332B60E0E745
:10CF7000C8F1000608EB0102B1424FF0FF3128BFB3
:10CF8000002198E7514252448A454FF0FF3A28BFAA
:10CF90004FF0000A58E7C2F1000B0A4459454FF020
:10CFA000FF3128BF002120E7C2F1000B5244DA45CF
:10CFB0004FF0FF3B28BF4FF0000BE5E6CBF100013F
:10CFC000D3448A454FF0FF3128BF0021A8E6CBF1BA
:10CFD0000001D3448A454FF0FF3128BF002176E697
:10CFE000F8B50D460446FDF733FF6B1E2570032B85
:10CFF00065D8DFE803F0573A2D02334B0125334E55
:10D000000C2203F1300103F1600003F19007E360AB
:10D01000C03361626065201D2D492763E363666646
:10D020006560E561E564A562656325646564A26089
:10D0300022622265E262A263A164F6F797FFA0650F
:10D0400004F14C00F6F792FF2566E0650020F8BD7C
:10D05000204B0125204E082203F1200103F140005E
:10D0600003F16007E3608033D3E71C4B01251C4FBD
:10D07000082603F1200203F13C0103F15800E360AC
:10D0800074336262616507222063201D1049E363E7
:10D0900067666560E561E564A5626563256465644E
:10D0A000A660C5E70F4B01250F4E062203F11801BC
:10D0B00003F1300003F14807E3606033A9E720463D
:10D0C000FDF7C6FE0948F8BD8CBD02600DC40060C6
:10D0D00018670020ECBC0260D5CB00605CBC02602D
:10D0E00095C90060E4BB026069C2006080B1FFFFC7
:10D0F0002DE9F04F8E460F2191B01EF80FCF0F9201
:10D100000CEA01044FEA1C1C00EBC404CDE900AB9F
:10D11000D4E93023D4E9104525E01EF801CD0E9A5C
:10D12000534B0CF00F04CDF828804FEA1C1C53F829
:10D13000323000EBC4041B04DDE904670B93D4E92F
:10D140003023D4E9104556405F4032463B465646B0
:10D150005F4666406F4034463D46DDE90A6756400B
:10D160005F4032463B4626094FF000081709013957
:10D17000009604F00F06069700EBCC0C009F2C09DC
:10D18000CDF830804FEA027947EA05770194CDF86F
:10D1900020800097364F57F83660069F47EA03779E
:10D1A0001B09069707933304DDE90645DCE9306780
:10D1B0000D9374407D4026462F46DDE90CABDDE93A
:10D1C00000238AEA060A8BEA070B42EA080243EACE
:10D1D000090356465F46DCE9104562404C1C4FEAA5
:10D1E000161483EA05034FEA067504944FEA1214F5
:10D1F0000995029402F00F04029D0E9445EA03750E
:10D200000295049D45EA0B7504954FEA13150395A5
:10D210004FEA1715DDE908AB0595DDE902454AEA55
:10D22000040A4BEA050B7FF478AF0F9C390E3D0CD6
:10D23000E7704FEA172E21702746300EE671310C49
:10D24000E372E273360A65701D0E84F802E01C0C6E
:10D250003871180A7971130C110EBE71120A3D72E1
:10D260007C72B87239737B73BA7311B0BDE8F08FFA
:10D2700080BE02604FF4C472002115F011BD00BFE2
:10D280002DE9F04F04468BB093460846012219461B
:10D290001D46FAF767FB002800F09C80D0F814A028
:10D2A0008046BAF1100F40F095802046FAF772FBE5
:10D2B00041462046FAF77EFB10B10BB0BDE8F08F77
:10D2C0002A46594601232046FAF7A0FB05460028C6
:10D2D000F3D105A906AB52462046009119460595A3
:10D2E0000695079508950995FAF744FC86460028A7
:10D2F0006CD1089B4FF0000A099D4FF0040E93FA81
:10D3000083FB079B95FA85FC069A1DBA5B4611BA0A
:10D310004FF0000B40EA0C0228434FF0030C04F5D9
:10D320008075C4E92023C5E90001C4E930ABC4E934
:10D3300010AB02F0010AC7075B084FEA3202490846
:10D340004FEA30004FEA4A1B002604EBCE053B4370
:10D35000CBEB0A0A32437040BCF1010C4FEA0A6978
:10D360004FEA6E0E81EA0901C5E91023C5E93001D3
:10D37000DFD1022704F1C00304F1400C4FF0030E8B
:10D380003D460293EA00029E604601230CEB020137
:10D3900032442F46D1E90089D2E900ABF6E90245D3
:10D3A000013384EA0A0485EA0B05BB42E2E902453F
:10D3B000F0E9024584EA080485EA0905E1E9024545
:10D3C000ECD1BEF1010E4FEA4305DBD170460BB044
:10D3D000BDE8F08F6FF013000BB0BDE8F08F00BF19
:10D3E0002DE9F04F00268DB00796DDF858A0DDF846
:10D3F0005C80002B00F0B68005461C4600F5B87B2B
:10D4000000F5B0730F469146002100F5A072002090
:10D41000C5F860610C2C5E609E60DE60C5F87061CE
:10D42000CBF80460CBF80860CBF80C60C5F88071CD
:10D43000C2E900012A46E2E95201039200F0848029
:10D44000E20005F25F11CDF814B09B46100E0F46B6
:10D450000491110C8DF82F20120ACDF85C80A8469B
:10D46000089609968DF82C008DF82D108DF82E2039
:10D470000A96102C26463D4609F1FF3028BF10269B
:10D48000394606F25F1EC64411F8012F10F8013F1D
:10D49000714583EA02030B70F6D15A46594640465D
:10D4A000B144FFF725FEA41BE3D12F465B4645465A
:10D4B000DDF814B0DDF85C8008AE0499204601E088
:10D4C00016F8014F11F8012F01306240102807F8BB
:10D4D000012FF5D11A46194628460493FFF708FE96
:10D4E000049B07A81946102205F5A873009028464A
:10D4F000FAF740FB28BB039BC5F848815860B8F198
:10D50000000F1DD005F26F14464623460AF1FF3185
:10D51000102E28BF102606F26F172F4413F8010FA4
:10D5200011F8012F9F4282EA00021A70F6D15A4682
:10D5300059462846B244FFF7DBFDB8EB0608E3D1B5
:10D5400000200DB0BDE8F08FD9F800400122D9F8D5
:10D550000400D9F80810C5F860415860996085F852
:10D560006F21BEE76FF01300EBE700BF2DE9F04F2E
:10D570009A4689B00023164692450546884603938D
:10D5800003D9C2EB0A038B4264D32C464FF00F0C35
:10D590006FF01F0BF4E9500110EB080241F100039A
:10D5A0009C4508BF934555D38B4208BF824251D357
:10D5B000C4E90023B8F1000F42D005F5B07B05F5B2
:10D5C000B87947464C4649461022102F28BF1027ED
:10D5D00011F8013D013A01330C2ADBB20B7001D97D
:10D5E000002BF5D003AB102259462846009304AB1C
:10D5F000FAF7C0FA28BB3146D5F880213E440DF138
:10D600000F0E0AF1FF301AB922780B7853402370BD
:10D610000B7801311EF8012F534000F8013FD5F877
:10D620008021012A10D0B14204F10104EBD14A4615
:10D6300049462846BA44FFF75BFDB8EB0708C0D15E
:10D64000002009B0BDE8F08F94F800C083EA0C0315
:10D650002370E8E76FF01300F3E700BF2DE9F04F08
:10D66000D0F84C31161FD0F8447187B04FEAC30888
:10D67000D0F84041FF00D0F848310C2E47EA5477EB
:10D6800048EA537875D88B464FEAC40900F5A8716B
:10D69000064658464FEAC30A154615F0DDFA59EA20
:10D6A000070306D15AEA080303D1002007B0BDE8FA
:10D6B000F08F4FEA184C8DF80B804FEA1A6E8DF8F8
:10D6C0000FA04FEA1A4206F26F144FEA18638DF862
:10D6D00013704FEA18288DF817904FEA1A2A8DF820
:10D6E00009C08DF80A804FEA176C4FEA17488DF889
:10D6F0000CE03F0A8DF80EA04FEA196E8DF80D2050
:10D700004FEA194A8DF810C04FEA192902A821469C
:10D7100001948DF808304FF0000C8DF811802246EE
:10D720008DF812708DF814E08DF815A08DF8169014
:10D7300001E010F8013F12F8017F0CF1010C7B4071
:10D74000BCF1100F01F8013FF3D106F5B872013DAD
:10D7500030461146FFF7CCFC0BF1FF30AB4410F81C
:10D76000012F14F8013F584583EA02030370F6D1F4
:10D770009BE76FF0130099E72DE9F04383B01E4655
:10D7800017460B9D32460C9C00950DAD0194044646
:10D790000A9BDDF8408095E86002FFF721FE10B19A
:10D7A00003B0BDE8F08333462A4639462046FFF7EA
:10D7B000DDFE0028F4D14A464146204603B0BDE8CC
:10D7C000F043FFF74BBF00BF2DE9F0418CB00E4690
:10D7D0000021139C0DF1200E129D159F01950294BE
:10D7E000169D179C009313460395324605970494A3
:10D7F000CDF818E0149DFFF7BFFF88B99FB107F17E
:10D80000FF386A1E0DF11F01454412F8017F11F81F
:10D81000013FAA4283EA070340EA0300F5D120B999
:10D820000CB0BDE8F0813846FAE72046314604F0F6
:10D8300095F96FF01100F3E710B50446FAF7AAF86E
:10D840004FF4C4712046BDE8104004F087B900BF12
:10D850002DE9F04FBF4BADF50D7D4FF0800A1393CE
:10D8600003F5907308901493CDF824A0099B00242D
:10D87000139AA3F1C003A2460A92B3FA83F35B0999
:10D880001593B54B1193149B98464FF4C472002125
:10D890002AA815F005FA089B002B40F0D481AF4B65
:10D8A00002212AA803EB44131A460B93099BFFF7A6
:10D8B000E7FC10F1230F034603D1159A002A40F02C
:10D8C000FA81002B40F0A381A54B16ACA5484FF080
:10D8D000100B53F82A7003F55273A34E4FEA8A09CE
:10D8E00053F82A1003F5D873069453F82A20A3F5A9
:10D8F000587300EB811100F5D87053F82A3000EB13
:10D900008212A0F5E47006EB831306F5527650F808
:10D910002A0056F82A600E9135460F961AAE1092DC
:10D920000D900191012103923A4600902AA8029598
:10D93000CDF814B004960C93FFF71EFF03460028A1
:10D9400040F0658112903A464146304615F0A4F900
:10D95000129B002840F0CC815A460A992046129327
:10D9600015F09AF9002840F0C3812AA8FAF712F8B6
:10D970004FF4C4712AA804F0F1F8089A002A40F084
:10D9800069814FF4C47208992AA815F089F9099B96
:10D9900002210B9A2AA8FFF773FC0346002840F0E7
:10D9A00036810F9A01460D9D4FF0100B0E980C9B7F
:10D9B00002923A4601902AA806940496CDF80C806B
:10D9C0000095CDF814B0FFF7D7FE0346002840F0CD
:10D9D0001E813A461099304615F05EF9002840F055
:10D9E00087815A460A99204615F056F98346002841
:10D9F00040F07E812AA8F9F7CDFF4FF4C4712AA820
:10DA000004F0ACF8089B002B40F035814FF4C47251
:10DA100008992AA815F044F9099B02210B9A2AA813
:10DA2000FFF72EFC0346002840F0F1800F9B0121F8
:10DA30000E9A2AA8019300920D9B0C9AFFF7D0FC36
:10DA40000346002840F0E380202F40F2D680109D4E
:10DA5000334620212AA82A46203FFFF787FD0346A8
:10DA6000002840F0D4802A4622AB39462AA820322A
:10DA7000FFF77CFD0346002840F0C98010222146B4
:10DA80002AA8FFF7EBFD0346002840F0C080344B86
:10DA90004146304653F809B05A4615F0FDF80028C3
:10DAA00040F0268110220A99204615F0F5F8074625
:10DAB000002840F01D812AA8F9F76CFF4FF4C471CB
:10DAC0002AA804F04BF8089B002B40F0E4804FF4A8
:10DAD000C47208992AA815F0E3F8119B02211F4D82
:10DAE0002AA81A68099B05EB4212FFF7C9FB0346F7
:10DAF000002840F08C8005F5816205F51C73014615
:10DB00002AA852F8097005F5227205F5846553F8C4
:10DB1000093002EB8717303A55F8095052F80920BE
:10DB20000097114F019507EB8212FFF759FC03464E
:10DB300000286CD1BBF1200F7BD93346424620210F
:10DB40002AA8FFF713FDABF12005034600285ED19C
:10DB50000CE000BF00BF026058CA0260A0C40260AF
:10DB600060C5026028C7026078C5026022AB294602
:10DB700008F120022AA8FFF7F9FC0346002846D145
:10DB8000102221462AA8FFF769FD034600283ED14E
:10DB90005E4B304653F80910A3F59F6353F80920F4
:10DBA00003F55E7303EB811115F076F8002840F061
:10DBB0009F80204610220A9915F06EF8002840F048
:10DBC00097802AA8F9F7E6FE4FF4C4712AA803F05B
:10DBD000C5FF089B002B40F08780119B0AF1010ACA
:10DBE0000A9A08F140080433BAF1060F02F1100254
:10DBF00011930A9262D01C6847E63346109A394660
:10DC00002AA8FFF7B3FC034600283FF437AF089A71
:10DC1000002A71D12AA80893F9F7BCFE2AA84FF46C
:10DC2000C47103F09BFF089B18460DF50D7DBDE800
:10DC3000F08F3346594642462AA8FFF797FC034621
:10DC400000289DD0E3E7324B52460999314815F040
:10DC500037F824E6304815F01BF8129B4FF4C472D5
:10DC60002AA8194615F01CF82C4B52460999294848
:10DC700015F026F88BE6284815F00AF859464FF4B7
:10DC8000C4722AA815F00CF8214B52460999244871
:10DC900015F016F8C0E6204814F0FAFF39464FF4A4
:10DCA000C4722AA814F0FCFF1C4B524609991C4868
:10DCB00015F006F811E71B4814F0EAFF139A099BC8
:10DCC000603240331392149AB3F5A07F099302F5A2
:10DCD000C07214927FF4CAAD089B9BB9002318460A
:10DCE0000DF50D7DBDE8F08F0B4814F0D1FF74E702
:10DCF000089A0123002A8DD00B48089314F0C8FF1E
:10DD0000089B87E70A2014F093FFE7E758CA0260F0
:10DD1000E81900206C2400200C1A0020E4190020CF
:10DD200088240020041A00205C1A002070B5064DDB
:10DD300014460B462E6834448119184614F08CFFA3
:10DD400000202C6070BD00BF58B400206422002168
:10DD500014F0A6BF41657047016570478165704743
:10DD60002DE9F043884693B004460068914600F0E0
:10DD700009FB00230546B8F1000F3AD0B9F1000FB6
:10DD800037D002278DF8043004F10C0619E002A9FF
:10DD9000204600F0B9FB2A4602A9204600F02AFBE3
:10DDA0002A463146204600F09BFB3146204600F0D3
:10DDB000ABFB9DF804300133DBB2BB428DF804307D
:10DDC00014D2204600F0D6FB2A463146204600F009
:10DDD00087FB012201A9204600F082FB022FD6D149
:10DDE0004A464146204600F07BFBD0E713B0BDE831
:10DDF000F08301278DF80430C6E700BF2DE9F84312
:10DE000017460122984605460E4600F07BFA044666
:10DE1000B0B905F10C09304600F0B4FA02464946A3
:10DE2000284600F0E7FA304600F0ACFA012102463D
:10DE3000484614F035FF424639462846FFF790FF22
:10DE40002046BDE8F88300BFB2F5807F2DE9F041A0
:10DE5000E0B02BD8076DD319B3F5C07F26D80446A0
:10DE60000E46154600214FF4C072684614F018FFA4
:10DE70003A466946E36D206E98470746E0B9D4F804
:10DE8000508006B155B9424669462046FFF768FF03
:10DE90000123E364384660B0BDE8F0810DEB080073
:10DEA00031462A46A84414F0D7FEECE76FF0040789
:10DEB000384660B0BDE8F0816FF00807EAE700BFC0
:10DEC0002DE9F041904601221F4604460D4600F020
:10DED00019FA08B1BDE8F081284604F10C0500F0FC
:10DEE00051FA064629462046324600F083FA324669
:10DEF0002846012114F0D4FE42F21073142EC4F807
:10DF00005C802766A3650CD818231025236520465E
:10DF1000079A0699FFF798FF0028DBD12565BDE831
:10DF2000F0811C2E8BBF3023242320251825EDE7FC
:10DF30002DE9F84F1546064600680F469B46DDF86A
:10DF400028A000F01FFAB5F5806F49D8BAF5807F98
:10DF500042D8F36D814633B1736D012B34D0F26C2E
:10DF6000B36D9A4230DCBBF1000F07D0BAF1000F5D
:10DF700004D0524659463046FFF7F2FECDB106F1C5
:10DF80000C084D4530462C4628BF4C4600F0F2FAAE
:10DF90004A464146304600F0A3FA4146304600F07A
:10DFA000B3FA38462246414614F056FE2D1B27444C
:10DFB000E7D1304652465946FFF7D2FEF36C0020B7
:10DFC0000133F364BDE8F88F524659463046FFF7F7
:10DFD0003BFF18B98246D1E76FF00400BDE8F88F27
:10DFE0006FF00200BDE8F88F00B5002383B0009306
:10DFF000FFF79EFF03B05DF804FB00BF48B110B50A
:10E00000044600F065F964212046BDE8104003F0A5
:10E01000A5BD70472DE9F041B0B00446042000F0E2
:10E0200045F964220546002117A814F039FE7CB991
:10E03000694E2946019417A80094684B684A3460D9
:10E04000FFF73EFFE0B10125284630B0BDE8F08182
:10E0500000276448604E14F033FE2946019717A844
:10E0600000975E4B5E4A3760FFF72AFF00287FD09B
:10E0700001255D4814F00CFE284630B0BDE8F08163
:10E0800003AF4FF0010E009423463946502217A8E3
:10E09000CDF8B0E0FFF74CFF0028D4D10023502288
:10E0A000394617A80093FFF743FF00285DD150229F
:10E0B0004E49384614F0F0FD8046002855D117A887
:10E0C00000F006F9642117A803F048FD17A800F036
:10E0D000FFF8642117A803F041FD002C58D16422F9
:10E0E000214617A814F0DCFD019400942946404B0A
:10E0F00017A83B4A3460FFF7E3FE0028A3D122466D
:10E10000214617A8FFF7A0FE00289CD1002350222B
:10E11000394617A80093FFF70BFF034628BB009072
:10E120005022394617A8FFF703FFF0B938465022AE
:10E13000304914F0B1FD0546B8B917A800F0C8F889
:10E14000642117A803F00AFD17A800F0C1F817A86A
:10E15000642103F003FD002C3FF476AF264814F051
:10E1600097FD0A2014F064FD6EE7002C80D16AE769
:10E1700003AF4FF0010E009003463946502217A816
:10E18000CDF8B0E0FFF7D4FE00287FF471AF85E74B
:10E19000194814F07DFD194814F092FD642241469F
:10E1A00017A814F07DFDCDF80480CDF80080294635
:10E1B0000F4B17A80A4AC6F80080FFF781FE002817
:10E1C0007FF456AF0246014617A8FFF73DFE002830
:10E1D0007FF44EAF9AE700BF58B4002070CA0260C7
:10E1E0002DDD0060A82400205C1A0020A8CA02606F
:10E1F000F8CA026020CB02600C1A0020C424002060
:10E200000048704770CB0260002833D0014610B53B
:10E210000446194814F024FD20B32146174814F091
:10E220001FFDE8B12146164814F01AFDC0B1214681
:10E23000144814F015FDB8B12146134814F010FD30
:10E24000A0B12146114814F00BFD88B121461048B9
:10E2500014F006FD0F4C00280CBF2046002010BD16
:10E260000D4810BD0D4810BD0D4810BD0D4810BD26
:10E270000D4810BD704700BFE02400200826002094
:10E28000384100202C260020D4390020003A0020FC
:10E29000A426002050CE026010CF026040CF026062
:10E2A000E0CE0260B0CE026080CE02600338C0B221
:10E2B000052803D8024B53F8200070470020704710
:10E2C000800500200023036043608360704700BF27
:10E2D000B8B10368ABB110B50446406808B15B6AD9
:10E2E0009847A06838B12368D968490003F036FC24
:10E2F000A06814F099FC20460C21BDE8104003F002
:10E300002DBC7047C9B1C0B1F8B505460B6A0C46C3
:10E31000164698470746686088B116B92C600020F9
:10E32000F8BDE168022014F0C7FCA8600028F5D110
:10E330003846636A98470348F8BD03487047014868
:10E34000F8BD00BF80AEFFFF00AFFFFF0122FFF767
:10E35000D9BF00BF78B1026869B162B10B6853B12F
:10E3600010B5D41A18BF01243CB9936A49684068B3
:10E370009847204610BD02487047014810BD00BFB5
:10E3800000AFFFFF00B1007A704700BF00B1007816
:10E39000704700BF00B14068704700BF20B10368FC
:10E3A00013B11B69406818470048704700AFFFFF72
:10E3B00020B1036813B15B69406818470048704793
:10E3C00000AFFFFF20B1036813B19B694068184795
:10E3D0000048704700AFFFFF40B130B40C46C5693C
:10E3E00011461A4620462B4630BC18470048704755
:10E3F00000AFFFFF00286ED003682DE9F04305460B
:10E4000091B0002B65D08668002E62D09046DA6805
:10E41000894642450ED21B69406898470446002849
:10E420003ED06F463846402103F098FB204611B09D
:10E43000BDE8F08313466F461A4636213046F4187D
:10E4400014F02EFC2B6820465C21DA6814F028FCBE
:10E45000B8F1000F15D009F1FF31601E06EB08027C
:10E46000334693F800E011F8014F8EEA040403F8F4
:10E47000014B9A4210F801EF0C788EEA0404047004
:10E48000EFD12B6868681B69984704460028C9D1FA
:10E490002B68314668685C69DA68A0470446C1E7C2
:10E4A0002B684246494668685B696F469847044650
:10E4B0000028B7D12B68694668689B69984704466D
:10E4C0000028AFD12B68E946AE68D3F80880DB6836
:10E4D000B2E70248ABE70148704700BF00AFFFFF5B
:10E4E00068B103685BB110B4846824B15B694068AB
:10E4F0005DF8044B184703485DF8044B704701482A
:10E50000704700BF00AFFFFF00282FD00368002B2B
:10E510002CD0F0B5866891B0002E25D004460D466B
:10E520009A6969464068DF68904708B111B0F0BD4C
:10E53000236860681B6998470028F7D12368F119A0
:10E5400060685E69DA68B0470028EFD123686946E1
:10E5500060685E699A68B0470028E7D12368294659
:10E5600060689B699847E1E70148DFE7004870472A
:10E5700000AFFFFFA8B103689BB170B5856875B1A6
:10E5800004461B694068984700B170BD236829465E
:10E5900060685C69DA682346BDE870401847024845
:10E5A000F3E70148704700BF00AFFFFF002831D0FC
:10E5B000F0B585B0002416460D460122014601A89B
:10E5C000029401941F460394FFF79CFE044628B171
:10E5D00001A8FFF77DFE204605B0F0BD3246294672
:10E5E00001A8FFF707FF04460028F1D1019B7BB18A
:10E5F000039A6AB15B6939460A9A029898470446B9
:10E600000028E5D10B9901A8FFF77EFF0446DFE75C
:10E61000014CDDE70048704700AFFFFF20B1036801
:10E6200013B1DB6A406818470048704700AFFFFF2E
:10E630005822002114F034BB10B1582103F08EBAD7
:10E64000704700BF08B5582214F006FB08BD00BF94
:10E6500070B403460022064E064D1046064C07498C
:10E660009E60DD601C6159611A605A6070BC704721
:10E670000123456789ABCDEFFEDCBA9876543210A2
:10E680000369024600202DE9F04F1F4613465269E8
:10E6900095B08E46D34E11461A46DB6810911C4643
:10E6A000119287EA01039168DEF800200497234065
:10E6B00005922746049ACDF800E096466240109CE9
:10E6C000C94D2644009C12910D446468DFF888B35C
:10E6D0002146109C06EB010C009E6340C34CB668BB
:10E6E0000691744431462B44059E07910C440099D1
:10E6F0003344BF4DCE6807EB73633D443146009E03
:10E700001A4087EA030E366905EB010A0891019663
:10E710000199B84D0D4400994E6905EB0309314646
:10E72000049E009D7240B44EAD699444009A0295D7
:10E730000E4403EB3C5CD26909910EEA0C0E1146C3
:10E74000AE4D66448EEA070E029A0A918B44A644A7
:10E750000099154483EA0C020CEBFE3E009C1397D3
:10E7600002EA0E020F6A646A8CEA0E0839465340C8
:10E77000A34F7544009A534403940F440B91926A3B
:10E780000399A04C0C4411460EEBB3229E4B0C9106
:10E7900008EA02088EEA020A93440B4488EA0C084D
:10E7A0000099C844C96A02EB78680D910AEA080C1E
:10E7B00007EB080A8CEA0E0782EA080C3744934EEE
:10E7C00008EB37570E440CEA070E04EB070988EAFA
:10E7D00007048EEA02021544009A07EBF535116B27
:10E7E0002C4087EA050E03EB050C894B84EA0804EC
:10E7F00000910B4411465C44DFF860B205EBB42491
:10E800000EEA040806EB040E88EA070685EA040807
:10E81000576B56443A4604EB76660E9208EA0608B1
:10E820009F1988EA050384EA06087A4D4B44DFF80D
:10E8300030921544CA6B06EB33530F9208EA030873
:10E840001D4488EA040486EA0308A4448C6B03EBA5
:10E85000FC3C08EA0C0883EA0C0188EA0606B64488
:10E860006D4E0CEBBE2E264401EA0E018CEA0E081A
:10E8700066445940694B0F441344069A0EEB776780
:10E8800073449144029A08EA07088EEA0701B944E2
:10E8900088EA0C0C654407EB3555294087EA050CDE
:10E8A00081EA0E010E445E4905EBF63611440D9ADD
:10E8B0000CEA060C29448CEA070C5A4F63441744AF
:10E8C000059A06EBB32307EB060A574F86EA0308BF
:10E8D00017440E9A08EA050507EB0308099F7540DF
:10E8E000A944524D03EBF9693D4483EA090E0EEA4F
:10E8F000060605EB090E4E4D5E4031444D4E09EBC8
:10E90000F15189EA01071F400C9B87EA09071D4462
:10E91000574405EB010C0F9D01EBB74781EA070354
:10E9200003EA0909444B89EA01092B44019DC844C3
:10E9300003EB070A2E44414D07EB383887EA0803FA
:10E94000464419407940714408EBF16188EA0103BB
:10E950001F40039B87EA08071D44BC4405EB010EDA
:10E96000374D01EBFC5C089F254481EA0C0305EB65
:10E970000C0903EA08034B4053440CEBB3438CEA05
:10E98000030529402F4D81EA0C013D442E4F0E44D2
:10E9900005EB03080B9903EB36360F4483EA0605B3
:10E9A000374405EA0C055D40754406EBF56586EADB
:10E9B00005010B40254973401144079A994401EB26
:10E9C000050E234B05EBF9591344009A85EA09011A
:10E9D00003EB090C31401F4E6940414409EBB14142
:10E9E00040E000BF56B7C7E878A46AD7DB702024A0
:10E9F000EECEBDC1AF0F7CF52AC68747134630A8BF
:10EA0000D8988069AFF7448BB15BFFFFBED75C89B4
:10EA10002211906B937198FD8E4379A62108B44919
:10EA200040B340C0515A5E26AAC7B6E95D102FD642
:10EA300053144402C8FBD3E781E6A1D8E6CDE12117
:10EA4000D60737C3870DD5F4ED145A4505E9E3A978
:10EA5000F8A3EFFCD9026F67019546FD39D0D4D9F0
:10EA600062251EF689EA01031D400A9B85EA090515
:10EA70001E442F44D74D0E4401EB37371544099AF5
:10EA800081EA070305EB070803EA09034B407344D7
:10EA900007EBF36387EA03052940CF4D794015441E
:10EAA000019A8C4405EB030ECC4D03EBFC5C83EA2E
:10EAB0000C010F400B995F400D44C9493E44654429
:10EAC00021440CEBB647C74E8CEA070903EA090359
:10EAD00083EA0C0C0D9BE0441E44C34B07EB383813
:10EAE00006EB070A89EA080987EA08074144CE4489
:10EAF00008EB3E7E87EA0E0788EA0E082F44069D43
:10EB00000EEB77572B44B94D88EA070673448EEA1B
:10EB1000070E15445644059A3D4407EB36468EEAE7
:10EB2000060987EA060CB24F89440A9906EB79294F
:10EB30000F448CEA090C86EA090EB9190C9F9C4413
:10EB4000AC4B09EB3C7C3B44AB4F8EEA0C0E4B4488
:10EB500089EA0C09AE440E9D0CEB7E5E2F44A74D56
:10EB600089EA0E0967448CEA0E0C15448944A449CD
:10EB700075440EEB39498CEA090C8EEA09069C446F
:10EB8000089B09EB7C2C19449E4B86EA0C064944F1
:10EB900089EA0C093E44029F0CEB36763B4489EA35
:10EBA000060903EB0C07039B8CEA060C4D449B44BF
:10EBB00006EB7555B3448CEA050386EA050A009E08
:10EBC0000B449149DFF880C205EB334331448F4E4B
:10EBD0008AEA030A85EA030901EB050E0F9DBA4490
:10EBE0008B4916448B4F03EB7A2A2944079D89EA07
:10EBF0000A0983EA0A081944874BD9442B44874DF4
:10EC00000AEB3979534488EA09088AEA090A06EBCB
:10EC1000090B0A9EF0443544814E09EB78588AEA84
:10EC2000080A05EB080E89EA08098A447D49CDF8EF
:10EC300014E008EB3A4A2144099C01EB0A0E89EAE8
:10EC40000A092744784CCDF824E09944009A089B9F
:10EC50000AEB79291644754A9E4669EA0808134664
:10EC6000069A88EA0A08734407EB090E704FD844E5
:10EC70000893704B09EBB868CDF800E019460C9B7F
:10EC800068EA0A0ADFF8C4E11C440B460F998AEAD5
:10EC9000090A1344684ADFF8B8B1464406930B9B4F
:10ECA0001A44664B0B4466490D4602990F440E996F
:10ECB0004D1901990295634D4D190D998C44079991
:10ECC00001958E440599089D8A44039908EBBA5A28
:10ECD0008B4409996AEA0909554489EA0809894473
:10ECE00000990AEB794969EA08084C4488EA0A085D
:10ECF0008844069909EBF82868EA0A0A41448AEA36
:10ED0000090AB24408EBBA6A6AEA0909524489EA74
:10ED10000809A9440AEBB95969EA08084B4488EA8A
:10ED20000A08A04409EB784868EA0A0A47448AEAD4
:10ED3000090A8A44029908EBFA2A6AEA090901EBEE
:10ED40000A06019989EA08099144129A0AEBB969FD
:10ED500069EA080801EB090588EA0A08984409EB02
:10ED6000B85868EA0A0A0CEB08048AEA090ABA44A5
:10ED7000119F08EB7A4A6AEA09090EEB0A0189EA4F
:10ED800008094E440AEBF62666EA0808B34488EA06
:10ED90000A08454406EBB56565EA0A0A53198AEA8A
:10EDA000060ABB60109B544405EBB45464EA0606A3
:10EDB00023446E407B613144139E04EB714161EA50
:10EDC00005057218049E65403144AB44396102EB7D
:10EDD000FB233FE08A4C2A8D4239FAFF81F6718786
:10EDE0000C38E5FD22619D6D44EABEA4A9CFDE4B3F
:10EDF000604BBBF670BCBFBEC67E9B28FA27A1EA5B
:10EE00008530EFD4051D8804E599DBE6442229F41A
:10EE1000F87CA21F39A093FC6556ACC497FF2A4327
:10EE2000C3595B65A72394AB7DF4EFFF92CC0C8FA5
:10EE3000144301A3D15D84854F7EA86FE0E62CFECC
:10EE4000A111084E827E53F735F23ABDBBD2D72AC4
:10EE500091D386EBFB6015B0BDE8F08F2DE9F84348
:10EE60000368064614460D4603F03F0713449A42D2
:10EE7000C7F14008036002D9436801334360DFB142
:10EE8000A04519D806F118092946424609EB0700A2
:10EE900013F0E2FE49463046FFF7F2FB80B9C8EBBB
:10EEA0000404454407463F2C08D929463046403CD7
:10EEB0004035FFF7E5FB18B93F2CF6D814B92046CA
:10EEC000BDE8F88306F1180022462946384413F0BD
:10EED000C3FE0020BDE8F88302B1BFE710467047CB
:10EEE000F8B50446006880220D4600F03F0004F1AA
:10EEF00018062318013038281A764BD8C0F138028A
:10EF00000021304413F0CCFE236831466668204669
:10EF10005A0FDB0042EAC6021F0A84F85030160A74
:10EF200084F8542084F85170170C84F85560120E40
:10EF30001E0C84F856701B0E84F8572084F852601B
:10EF400084F85330FFF79CFB18BBA3682B70A368B1
:10EF50001B0A6B706389AB70E37AEB70E3682B710B
:10EF6000E3681B0A6B71E389AB71E37BEB71236987
:10EF70002B7223691B0A6B72638AAB72E37CEB72A0
:10EF800063692B7363691B0A6B73E38AAB73E37D5D
:10EF9000EB73F8BDC0F140020021304413F080FE55
:10EFA00031462046FFF76CFB0028F2D1014638229B
:10EFB000304613F075FEA7E730B40023054D064C2C
:10EFC0000649074A8560C46001614261036043608D
:10EFD00030BC70470123456789ABCDEFFEDCBA98A2
:10EFE0007654321002B9704738E700BFFFF778BF98
:10EFF000FFF746BB70B596B006460C461546002195
:10F000005822684613F04CFE0E480F490F4A104B29
:10F0100002900391049205935CB929466846FFF774
:10F020005FFF04466846582102F098FD204616B05E
:10F0300070BD224631466846FFF710FF044600289F
:10F04000F0D1EAE70123456789ABCDEFFEDCBA9842
:10F0500076543210FFF7CEBF2DE9F043DFF8A490CD
:10F06000804685B00125002409F11C0709F18C06B2
:10F07000B8F1000F1BD121466A4630465136FFF7E2
:10F08000B9FF394604461037102220BB684613F0FA
:10F0900003FE0446F0B9B8F1000F0DD1072D05F1BC
:10F0A000010510D059F8044FB8F1000FE3D02946FC
:10F0B000114813F005FEDEE7104813F0E9FD072DB7
:10F0C00005F10105EED1B8F1000F0ED1204605B0D3
:10F0D000BDE8F0830124B8F1000FF7D0084813F021
:10F0E000D7FD204605B0BDE8F0830A2013F0A0FD4F
:10F0F000204605B0BDE8F083E42400200C1A00206F
:10F100005C1A00208CCB0260FFF7A2BAFFF7E4BEC6
:10F11000FFF7E6BEFFF796BAFFF7B2BA05F0D8B828
:10F1200006F08ABA06F08CBA05F0CCB805F0ECB857
:10F13000012106F0F3BB00BF07F0C8B807F0CAB85A
:10F14000012307F0AFB900BF06F0E2BB06F02EBC0A
:10F15000002106F0E3BB00BF002307F0A3B900BF06
:10F16000012107F021BB00BF08F0C2BC08F0C4BCFD
:10F17000012308F00DBE00BF07F010BB07F0B8BBBD
:10F18000002107F011BB00BF002308F001BE00BF43
:10F1900010B50446FFF750FA2046BDE8104013F0C2
:10F1A00043BD00BF10B5044605F086F82046BDE813
:10F1B000104013F039BD00BF10B5044606F0A2FBA5
:10F1C0002046BDE8104013F02FBD00BF10B5044627
:10F1D00007F0DEFA2046BDE8104013F025BD00BF61
:10F1E00010B55821012013F067FD044608B1FFF760
:10F1F0001FFA204610BD00BF10B55C21012013F09E
:10F200005BFD044608B105F053F8204610BD00BF71
:10F2100010B56C21012013F04FFD044608B106F033
:10F220006DFB204610BD00BF10B5D821012013F0A2
:10F2300043FD044608B107F0A7FA204610BD00BF01
:10F2400098B1092270B506464568084C084803E0A5
:10F2500054F8140F40B16268AA42F9D1B16813F0B2
:10F260001BFD0028F4D1204670BD704770CF0260AE
:10F27000F82400202DE9F047566882B01EB93046C8
:10F2800002B0BDE8F087904692682A4B0746147892
:10F290008946294AA3FB04535B0903EB8305A4EBCE
:10F2A000C504E4B2009413F013FD002837DB814558
:10F2B0008CBF0024012494BBD8F804E00744C0EBC1
:10F2C0000906BEF1010FDBD9D8F808C0022512E00B
:10F2D00013F0FEFC0028074421DBB042A6EB000639
:10F2E00034BF00240124D4B9D8F804E075451BD2FA
:10F2F000D8F808C001350CEB050331460F4A3846F3
:10F3000013F8013C03F07F0A13F0800F0AEBC414DA
:10F310002346DDD0AE4507D914F07E4FEAD06FF01A
:10F320000A0002B0BDE8F087C6EB090002B0BDE8F4
:10F33000F08700BFCDCCCCCC042500200C250020CC
:10F34000C0B10322F8B5064645680F460B4C0C4881
:10F3500003E054F8140F50B16268AA42F9D1B168C1
:10F3600013F09AFC0028F4D123693B60F8BD6FF0DC
:10F370002D00F8BD6FF02D00704700BF88D00260EF
:10F3800010250020C0B10322F8B5064645680F4697
:10F390000B4C0C4803E054F8140F50B16268AA42B9
:10F3A000F9D1B16813F078FC0028F4D123693B60EF
:10F3B000F8BD6FF02D00F8BD6FF02D00704700BF55
:10F3C00000D1026014250020C0B10922F8B506461C
:10F3D00045680F460B4C0C4803E054F8140F50B12D
:10F3E0006268AA42F9D1B16813F056FC0028F4D142
:10F3F000237C3B70F8BD6FF02D00F8BD6FF02D0041
:10F40000704700BF90D2026018250020012870B418
:10F4100015D00C4C0C4D04E01E7C864209D05C6972
:10F420001D4605F11403002CF6D16FF02D0070BCC1
:10F430007047AB690C600020136070BC70470923F3
:10F44000024CF7E72425002090D202601825002006
:10F45000C0B10822F8B5064645680F460B4C0C486B
:10F4600003E054F8140F50B16268AA42F9D1B168B0
:10F4700013F012FC0028F4D1237C3B70F8BD6FF030
:10F480002D00F8BD6FF02D00704700BFE0D2026084
:10F490002C250020012870B415D00C4C0C4D04E034
:10F4A0001E7C864209D05C691D4605F11403002CC0
:10F4B000F6D16FF02D0070BC7047AB690C60002076
:10F4C000136070BC70470823024CF7E7E403002088
:10F4D000E0D202602C25002038B50D461446FFF717
:10F4E000AFFE30B10346027C00205B7C2A702370A3
:10F4F00038BD6FF02D0038BD10B50C46FFF7A0FEEB
:10F5000018B1C3680020236010BD6FF02D0010BD3E
:10F5100070B40B4C01260B4D03E054F8145F5DB141
:10F52000667CB042F9D1267C8E42F6D1616800201B
:10F530001560196070BC70476FF02D0070BC70478B
:10F5400070CF0260F8240020C0B10822F8B506464A
:10F5500045680F460B4C0C4803E054F8140F50B1AB
:10F560006268AA42F9D1B16813F096FB0028F4D181
:10F57000237C3B70F8BD6FF02D00F8BD6FF02D00BF
:10F58000704700BF44D3026038250020C0B1082274
:10F59000F8B5064645680F460B4C0C4803E054F896
:10F5A000140F50B16268AA42F9D1B16813F074FB2C
:10F5B0000028F4D1237C3B70F8BD6FF02D00F8BD1E
:10F5C0006FF02D00704700BFD0D3026044250020AB
:10F5D000C0B10822F8B5064645680F460B4C0C48EA
:10F5E00003E054F8100F50B16268AA42F9D1B16833
:10F5F00013F052FB0028F4D1E3683B60F8BD6FF0D4
:10F600002D00F8BD6FF02D00704700BF48D4026098
:10F6100050250020032870B415D00C4C0C4D04E08C
:10F620001E7C864209D05C691D4605F11403002C3E
:10F63000F6D16FF02D0070BC7047AB690C600020F4
:10F64000136070BC70470823024CF7E75C2500206C
:10F6500044D3026038250020C0B10522F8B5064623
:10F6600045680F460B4C0C4803E054F8140F50B19A
:10F670006268AA42F9D1B16813F00EFB0028F4D1F8
:10F68000237C3B70F8BD6FF02D00F8BD6FF02D00AE
:10F69000704700BFB8D4026064250020F8B12DE99E
:10F6A000F04106461746456888460A220D4C0E482A
:10F6B00003E054F8140F70B16268AA42F9D1B1683E
:10F6C00013F0EAFA0028F4D1227C637C88F8002049
:10F6D0003B70BDE8F0816FF02D00BDE8F0816FF068
:10F6E0002D007047F4D402606C250020F8B50C465C
:10F6F000164605460021204613F0D2FA5FEA460E70
:10F7000022D0AE4429460BE0A2F137034208C007DD
:10F71000A05C58BF1B01714543EA0003A35413D0FA
:10F72000481B11F8012BA2F13003A2F14107DEB210
:10F73000092EEBD9052FA2F16106A2F15703E3D9F7
:10F74000052EE3D90148F8BD0020F8BD00EEFFFF0B
:10F750002DE9F0439BB080468946174604A81E4613
:10F76000FEF766FF04A8FEF773FF60B104466D461E
:10F7700004A8FEF761FF2846102102F0EFF92046A9
:10F780001BB0BDE8F083229A314604A8FFF7A4FB22
:10F79000044608B16D46EBE70822394604A86D46D9
:10F7A000FFF79AFB04460028E2D104A86946FFF758
:10F7B00097FB04460028DBD1B9F1100F35D99DE83D
:10F7C0000F0088E80F0004A8FEF742FF0446002857
:10F7D000CED1102269460DEB0200FFF77DFB0446F7
:10F7E0000028C5D13146229A04A8FFF775FB0446CC
:10F7F0000028BDD13946082204A8FFF76DFB044656
:10F800000028B5D1694604A8FFF76AFB0446002822
:10F81000AED1B9F11F0F08F11000694694BFA9F1EC
:10F820001002102213F018FAA2E74A464046694631
:10F8300013F012FA9CE700BF2DE9F041E8B01C4636
:10F8400005460F466E9E08A89046F8F7FDFC234635
:10F8500000962A4602A81821FFF77AFF044650B105
:10F8600008A8F8F7F7FC02A8182102F077F920465B
:10F8700068B0BDE8F08102A908A8F9F7C7FB044603
:10F880000028EDD1014601972B460097424608A873
:10F89000F9F7E8F80446E3E72DE9F041D0B0064671
:10F8A0000D461746579C0AA89846F1F7D3FE0094D8
:10F8B0003246569B294602A8FFF74AFF044650B13C
:10F8C0000AA8F1F7CDFE02A8294602F047F9204622
:10F8D00050B0BDE8F081EA0002A90AA8F1F7E2FF02
:10F8E00004460028ECD10146019733460097424672
:10F8F0000AA8F2F701FE0446E2E700BF0023036016
:10F9000043608360704700BF002800F099812DE9B3
:10F91000F0478046AAB0184689461F46164613F09F
:10F92000D3F90546002800F015813146384613F01A
:10F93000CBF90446002800F00D81854280F00A8151
:10F94000484613F07DF92B5C0544202B00F0A6807F
:10F950000D2B00F0A0800A2B40F0FC8030466E1C7E
:10F9600013F06EF9235C2218202B00F09D800D2BE4
:10F9700000F097800A2BA4EB0603349908BF0132EC
:10F98000152BA2EB07020A6049DC0025A946A64216
:10F9900080F0E4800021A41B334603AA00940846AB
:10F9A000F3F71AFE2C3072D0DDF80CA0012051467E
:10F9B00013F082F90746002800F040810094334696
:10F9C00003AA5146F3F708FE0446002840F0CA8017
:10F9D000B9F1000F6BD0329B002B00F03381252D45
:10F9E00000F0E280212D00F0F880052D00F0C980A4
:10F9F000062D00F0E580072D00F00581039902290E
:10FA000005D93B78302B02D17B78832B50D93846EF
:10FA100002F0A4F8384613F007F9934838E01622AC
:10FA20009249304613F038F90028AED1EB7D0D2B0A
:10FA300046D005F117090A2B40F0908009F1010624
:10FA4000A71B162F40DD17228949304613F024F9F1
:10FA500000283BD109F11800231A0F2B40F3D9805D
:10FA6000082206A9FFF742FE002840F0D28009F1E3
:10FA700028062525A71B0D2F00F3ED8033780D2BCD
:10FA80007CD00A2B6AD101364FF001097FE7794813
:10FA90002AB0BDE8F0876B7801355CE76B780135FB
:10FAA00056E75378013265E7537801325FE70399EF
:10FAB0000020C8F80070C8F804102AB0BDE8F0872C
:10FAC00005F118092B7EB6E7112F16DD12226A49BF
:10FAD000304613F0E1F880B909F11300231A0F2B17
:10FAE00040F39780082206A9FFF700FE002840F0A7
:10FAF000908009F123062125BCE70D2F3CDD0E2265
:10FB00005E49304613F0C8F8002835D1152F33DD93
:10FB100016225B49304613F0BFF800284ED016225B
:10FB20005849304613F0B8F8002874D016225649C8
:10FB3000304613F0B1F8F8B9072506F11600231A7C
:10FB40001F2B66DD102206A9FFF7D0FD002860D12B
:10FB5000363693E74D482AB0BDE8F0874C482AB0C6
:10FB6000BDE8F0870399384601F0F8FF384613F0F6
:10FB70005BF8A4F588508BE7464889E7737801362F
:10FB80007FE733993A46039B019110213298009008
:10FB900006A8FFF781FE0446002C3FF42FAF38463D
:10FBA00013F042F8204673E7339906A8039A0091B0
:10FBB0003946329BFFF740FE0446EDE70525BCE7DA
:10FBC00033993A463298019118210090039B0DEB2E
:10FBD0000100FFF761FE0446DEE70AA8039DF8F77F
:10FBE00029FB339B06AA04A800930821329BFFF748
:10FBF000AFFD044688B10AA8F8F720FB04A8082145
:10FC000001F0ACFFC8E733993A46039B01912021EC
:10FC1000BCE721483CE706258FE704A90AA8F9F7C5
:10FC200037F904460028E6D1019706AB00972A462B
:10FC300000210AA8F8F768FC0446DCE7174827E724
:10FC4000174870470399384601F088FF384612F08C
:10FC5000EBFF14481CE70E220849304613F01CF84D
:10FC600000287FF40BAF51E780ECFFFFD02F00207E
:10FC7000E82F0020D4EEFFFF0030002014300020D9
:10FC8000243000203C3000205430002080EFFFFF63
:10FC900000EFFFFF80EDFFFF00EEFFFF80EEFFFFB4
:10FCA00080EBFFFF00EDFFFF10B50446006818B1C0
:10FCB000616801F053FF206812F0B6FFA06812F0EF
:10FCC000B3FF20460C21BDE8104001F047BF00BF44
:10FCD0002DE9F04F8A4685B000210646009317466D
:10FCE00008461D46134603AADDF838B0F3F76AFC50
:10FCF000304612F0A5FF8146504612F0A1FF039C4A
:10FD0000631C03EB941399440F9B484498425CD8BE
:10FD1000002C4AD1A146214600953B4603AA4846FD
:10FD2000F3F750FC0446002848D1304612F088FF13
:10FD300031460246584612F08FFF304612F080FFDF
:10FD4000039D0BEB0006ADB14F464FF00A08402D66
:10FD50002C463946304628BF402422462D1B12F03F
:10FD60007BFF3219631C2744039582F800801E44F0
:10FD7000002DECD15046002412F062FF514602469D
:10FD8000304612F069FF504612F05AFF02464846CC
:10FD9000531CB4541E44109BCBEB06061E6012F09D
:10FDA00043FF204605B0BDE8F08F2146012012F048
:10FDB00083FF81460028AED10648F3E7484612F09B
:10FDC00033FF204605B0BDE8F08F109B18606FF040
:10FDD0002900E7E780EEFFFF0138C0B2032803D80F
:10FDE000024B53F82000704700207047A805002000
:10FDF00010B1002303604360704700BF60B1036827
:10FE000053B19B6A10B504464068984708212046C4
:10FE1000BDE8104001F0A2BE704700BF70B169B1EB
:10FE200070B5056845B904464B6A0E469847606050
:10FE300030B12660284670BD024870BD0148704749
:10FE4000014870BD80C1FFFF80C0FFFFF0B12DE908
:10FE5000F0470568BDB9DFF8489004461F46904654
:10FE6000D9F824308A4698470646606080B1089BDE
:10FE70002846C4F80090C6F800A0C6F80480B76011
:10FE8000F360BDE8F0870448BDE8F087024870479A
:10FE90000248BDE8F08700BF80C1FFFF80C0FFFFC0
:10FEA00030D5026020B1036813B19B6840681847E1
:10FEB0000020704720B1036813B1DB68084618477B
:10FEC000002070472DE9F047DDF82080DDF8249010
:10FED000D8B104460068C0B10E46174663B1056943
:10FEE000B5B160683A46CDF824903146CDF820800F
:10FEF000AC46BDE8F04760470846FEF7D7F920B1A9
:10FF0000FEF740FA03462068E9E70348BDE8F087BA
:10FF10000248BDE8F08700BF80C1FFFF00C1FFFFBE
:10FF20002DE9F04F89B00DF14809DDF8548099E8CA
:10FF3000000ED2B11568C5B11F46EB681446079094
:10FF40000E469847002845D0079A062A11D066B970
:10FF500053464A4639462046CDF84C80CDF848B045
:10FF600009B0BDE8F04FFFF7ADBF1B4809B0BDE8D1
:10FF7000F08F002EF9D0236833B19B6860689847F2
:10FF80000730B8EBD00F23D360680023CDF814B04E
:10FF9000D6F804E01A4635781946CDF80890CDF821
:10FFA00004A00097CDF810E0039503F0DFF90028D6
:10FFB000DCD1206820B18368606898470730C008AA
:10FFC000064B80458CBF1846002009B0BDE8F08F75
:10FFD0000348CBE70348C9E780C1FFFF00C7FFFF25
:10FFE00080BCFFFF00C1FFFF2DE9F04F81B00DF194
:10FFF000280898E8000F00B304460068E8B10E46F0
:02000004600199
:1000000017468BB14569E5B160683A463146AC4662
:10001000CDF834B0CDF830A0CDF82C90CDF82880B4
:1000200001B0BDE8F04F60470846FEF73FF920B148
:10003000FEF7A8F903462068E4E7034801B0BDE8ED
:10004000F08F0248FAE700BF80C1FFFF00C1FFFF49
:10005000F0B5DDF820E050B1046844B1A46924B1E2
:10006000A4464068BDE8F04060470248F0BD024841
:10007000F0BD00BF00C1FFFF80C1FFFFF0B5DDF89C
:1000800020E050B1046844B1E46924B1A44640685A
:10009000BDE8F04060470248F0BD0248F0BD00BF37
:1000A00000C1FFFF80C1FFFFB8B10268AAB1A1B1D2
:1000B0000B6893B130B41C6A8CB11D78052D06D045
:1000C0009A4207D123464968406830BC18471378E4
:1000D000012BF7D0034830BC7047034870470248F3
:1000E000F9E700BF00C1FFFF80C1FFFF50B108B5B5
:1000F00003684BB1DB6A1BB140689847002008BD1C
:10010000024808BD02487047014808BD00C1FFFF12
:1001100080C1FFFF18B103680BB1586870470148F0
:10012000704700BF6C30002010B1006800B100784B
:10013000704700BF062818BF01280CBF012000200F
:10014000704700BF08B502F0C1F8C00008BD00BF8D
:100150002DE9F04385B00E4691461F460D9C804622
:1001600002F0B4F8A04215D800230C9A0546CDF849
:1001700008900392404601971A460096194603F0EC
:10018000F3F920B9A0F56450A54228BF002005B0BE
:10019000BDE8F0830048FAE780BCFFFF2DE9F04F8F
:1001A00081B0934606460C460AAFDDF834801D4602
:1001B00097E8800602F08AF8CDF830B05146C9F8C9
:1001C00000004246304601230D970B950A9401B07A
:1001D000BDE8F04F03F034B82DE9F04F144681B07C
:1001E0000F46994606460A9DDDF82CB0DDF83080B2
:1001F000DDF834A002F06AF8A0420ED15246414622
:1002000030460123CDF834B0CDF830900B970A95E5
:1002100001B0BDE8F04F02F09FBE024801B0BDE85A
:10022000F08F00BF80BFFFFF2DE9F04F81B08946FE
:1002300017469B460BAC0A9D064694E8100502F053
:1002400045F8A04228600DD852464146304600236A
:10025000CDF830B0CDF82C900A9701B0BDE8F04F42
:1002600002F0D4BC014801B0BDE8F08F00BCFFFF34
:1002700002F088B830B4012300F10804054D1430B1
:10028000054A4D608C6048610A610B700B7330BC8D
:10029000704700BF783000208030002002380228EC
:1002A0008CBF002001207047806D704710B582B070
:1002B00011461A46059C049B0094F9F7D1FF034BA5
:1002C00010F5984F08BF184602B010BD00C7FFFFD9
:1002D00070B470BCF9F75CBF70B5AEB0044615469B
:1002E0001E4603A8FAF740F8214603A8FAF71EF8BD
:1002F000044668B9339BA4F56454324629460093FA
:1003000003A8329BF9F7ACFF10F5984F18BF0446CD
:1003100003A8FAF72BF820462EB070BDF0B5B1B0A7
:1003200004460D46164605A81F46FAF71DF8214655
:1003300005A8F9F7FBFF30B1044605A8FAF716F84F
:10034000204631B0F0BD399B389A379936980393DF
:100350003B460292324601912946009005A8F9F7E2
:1003600017FF0446E9E700BFFBF780BD8830022293
:10037000024B88600A704B60704700BF88300020D5
:10038000023801288CBF002001207047A0F1040032
:10039000B0FA80F040097047A0F10100B0FA80F097
:1003A0004009704708B5C36800689847C00008BD99
:1003B0002DE9F04F83B0934604460D461E460E9934
:1003C000DDF83080DDF83490C36800680191DDF815
:1003D0003CA0984727680123CDF838B05246C9F8A9
:1003E00000003846CDF83C800D960C95A468019924
:1003F000A44603B0BDE8F04F604700BF2DE9F047C9
:10040000154604461E46C36800688946089FDDF805
:1004100024809847A8420BD120684B46CDF8248011
:100420003A46089601216468A446BDE8F047604753
:100430000148BDE8F08700BF80BFFFFF10B504464C
:1004400003F0D4F82046BDE8104012F0EDBB00BF29
:1004500010B50446FAF72EFD2046BDE8104012F014
:10046000E3BB00BF10B50446F9F780FF2046BDE8A6
:10047000104012F0D9BB00BF10B50446102101F0A6
:100480006DFB2046BDE8104012F0CEBB10B5AC218C
:10049000012012F011FC044618B10022114601F0AF
:1004A000C1FC204610BD00BF10B5AC21012012F0E8
:1004B00003FC044608B1FAF7A9FC204610BD00BFB2
:1004C00010B5AC21012012F0F7FB044608B1F9F792
:1004D0004BFF204610BD00BF1021012012F0ECBBE5
:1004E0002DE9F043CB68ADF50D7D074608680C4655
:1004F00098470546384601F0E9FEED00B5EBC00F20
:1005000028D104AD20222A2100262846904612F048
:10051000C7FBE368206898470CAA8146012320683E
:1005200031460295A46803923246CDF804800096C5
:10053000A04718B10DF50D7DBDE8F0830CAA01466A
:10054000CDF804904346009238462A46FFF700FE55
:100550000028EFD002480DF50D7DBDE8F08300BF07
:1005600000BEFFFF0048704700E1FFFF2DE9F04F9C
:10057000ADF51B7DDDF894B20390BBF1400F98BF41
:10058000402B029104929DF8980200F2F680802997
:10059000994694BF00240124002C40F0EE80FDF722
:1005A00085FE8046002800F0EA8007A8FDF78AFE55
:1005B0002246414607A8FDF7A5FE18B10DF51B7DA3
:1005C000BDE8F08F40463AADFDF7DCFE07469DF8EA
:1005D0009C121AA8212FAA4634BF402380231A4612
:1005E0001E46019312F05CFBB3455C465046A4994D
:1005F00028BF34462246A24412F02EFB361BF3D10C
:100600005AAC0597CA46DDF804B02746DDF81090CD
:10061000DA4556463846494628BF5E463246374494
:1006200012F01AFBBBEB060BF2D1029B0AAE059F40
:10063000002B00F0A6807AABDDF8A0B2049307A8E7
:10064000FDF7ACFE50BBDDF804901AA907A84A4696
:10065000FDF7AEFE10BB4A46294607A8FDF7A8FEE7
:10066000E0B94A46214607A8FDF7A2FEB0B93146D7
:1006700007A8FDF7A7FE88B9BBF1010F27D94FF0F6
:10068000010901E0D94522D033463A463146404679
:1006900009F10109FDF7A0FE0028F3D082462846A3
:1006A000802101F05BFA2046802101F057FA04987E
:1006B000802101F053FA3046402101F04FFA07A89B
:1006C000FDF706FE50460DF51B7DBDE8F08F029B41
:1006D0003146DDF80CE0BB4299467346704628BFB0
:1006E000B9464B444A46039312F0B6FA029BB3EB69
:1006F0000903029347D0049BCDF81480DDF804A0D1
:1007000098465745B9464046314628BFD1464A46E5
:10071000C84412F0A1FABAEB090AF2D1049A019B7B
:10072000DDF81480D0181946024600E039B112F8FD
:10073000013D01390133DBB21370002BF6D0019B70
:100740008646E918002311F801CD1EF8012D8D42CF
:10075000624413440B70C3F30723F4D1019BE118E7
:10076000002311F801ED10F8012D8C42724413445E
:100770000B70C3F30723F4D161E704481EE7044874
:100780001CE77AAB04934FF0000A88E780E0FFFF94
:1007900000E1FFFF2DE9F04F0027DBB005461046D2
:1007A00007919A460897659CF7F7CAF8002800F069
:1007B000C080802C0646D0F80480D0F80CB0099791
:1007C00000F2B58039464FF4817219A80A970B9749
:1007D00005F108090C9712F063FA2B68AF686A6894
:1007E000302B17445BD104230BAA39464846F2F755
:1007F00071F9002842D0A0F5F45000283BD15CB13B
:10080000649B5A1E19AB03EB440012F8011F02331C
:1008100003F8011C9842F8D10134099A4FEAD8082C
:10082000012765000B9C0492414601942B460C9CC9
:1008300011A8CDF808A019AA03970094FFF796FE17
:10084000C8B9BBF1000F2ED10DAF19A8F7F79EF86C
:10085000314619A8F7F7AEF80446002837D011A89A
:10086000202101F07BF93846102101F077F919A811
:10087000F7F790F820465BB0BDE8F08FA9684846CE
:100880000B9B09AA0C910B443946AB60F2F760F957
:100890000028B0D1AB689F42B1D02748EBE727488A
:1008A0005BB0BDE8F08F099802220DAF0B9C2B4680
:1008B0000C9D0490594603923846CDF808A019AA19
:1008C00001940095FFF752FE0028D4D1BDE79DF9B1
:1008D0001C3011A94FEAC80219A8F7F797F8044687
:1008E0000028BCD1F268394619A8F7F7F9F8044690
:1008F0000028B4D119A8F7F715F904460028AED19D
:1009000008AB66A919A800930EC9F7F733F9044696
:100910000028A4D10899A4F5F054689B08AA19A846
:100920001944F7F721FA002808BF002497E7044884
:10093000A1E704489FE700BF1AE1FFFF1EE1FFFFA8
:1009400080E0FFFF00E1FFFF2DE9F04FA5B0044676
:100950000068904601930F46DDF8BC90DDF8C0A01A
:10096000FDF710FD0022012303928DF80F30BAF13C
:10097000000F67D0431E14AA064602EB030B424643
:1009800039462046FDF736FD00285CD12E9A2046D8
:100990000199FDF7A5FD002855D1042203A92046A1
:1009A000FDF79EFD00284ED114A92046FDF7ACFDB1
:1009B000002848D1324614A904A812F04DF9B9F123
:1009C000010F23D90125424639462046FDF712FD85
:1009D000002838D1324604A92046FDF781FD90BB9E
:1009E00004A92046FDF790FD68BB66B10DF14F01EB
:1009F0000DF10F0011F8012F10F8013F594583EA5E
:100A000002030B70F6D10135A945DCD156453546B8
:100A100014A9319828BF55462A46C5EB0A0A12F098
:100A20001BF9319B04A804212B44319310F8013D9C
:100A300001390133DBB203700BB90029F6D1BAF1E9
:100A4000000F9CD1002025B0BDE8F08F2DE9F043C8
:100A50008568BDB000244FF00409089506940794FA
:100A600009948DF8169081C830282F4415D11D4661
:100A700014460E4610AB0AAA394608A8F2F774F9D4
:100A800030B90B9A092A0CD068483DB0BDE8F08314
:100A9000A0F53C503DB0BDE8F08365483DB0BDE8F1
:100AA000F0830C99634812F0F7F80028ECD1109A03
:100AB000129B1199302A249303EB0108EDD14B4688
:100AC00017AA414624A8F2F705F8002845D0A0F55A
:100AD0003C500028D9D19DF81600FDF7E7FB804671
:100AE0000028D1D0394608A813AB0DAAF2F73CF97B
:100AF0000028CDD10DA80DF11701FEF7ADFD00289E
:100B0000C2D19DF81700F6F71BFF81460028BBD025
:100B10004368139ADB08042A07934ED1149AC368DA
:100B20009A424AD119A8FDF7CDFB2CA8F6F72EFF63
:100B3000149A159924A812F08FF8414619A8012299
:100B4000FDF7E0FB0746002839D019A8FDF7C0FBE8
:100B50002CA8F6F71FFF384697E7249806AA179B9C
:100B600041461890034424A82493F1F7F1FF00288C
:100B7000ADD1249B9845AED007AA414624A8F1F7F1
:100B8000E7FF10F1620F01D00028A0D1249B984507
:100B9000A1D0414624A82CAAF2F754F9002896D1F6
:100BA0002CA80DF11601FEF7F1FC00287FF46CAFC4
:100BB000249B98458FD0204867E7204865E7079831
:100BC0002A462146069D179C0DF17008029019A82F
:100BD000189BCDF80C8001950094FFF7B5FE0746F1
:100BE0000028B2D149462CA8F6F7E4FE07460028B3
:100BF000ABD1079A73B241462CA8D200F6F706FF94
:100C000007460028A1D1469A09ABA7F5385724A971
:100C100001922CA8459A02930092449B149AF7F7EC
:100C200075F9002808BF00278FE700BF80D1FFFFBC
:100C30009ED0FFFFAC3000209AD0FFFF00D1FFFF15
:100C40002DE9F04F9FB083460BA8FDF73BFB042036
:100C5000FDF72CFB00285BD0014601220BA8FDF715
:100C600051FB002854D1DFF8EC8004464FF0140902
:100C7000012308F1180208F1600708F5907608F5DD
:100C8000F075059208F130024FF0040A069208F15F
:100C9000480207920822BBF1000F2DD10EA9019343
:100CA000CDF800A02B4603910BA83146CDF8089053
:100CB000FFF74AFE01342835203682464A460EA9FF
:100CC00018BB3846203711F0E7FFF0B9BBF1000F31
:100CD00027D1062C2AD0059B069953F804AF58F863
:100CE000042F059351F8043F0691079951F8049F8A
:100CF0000791BBF1000FD1D0214613480993089208
:100D000011F0DEFF099B089AC8E7BBF1000F14D170
:100D10004FF0010A0BA8FDF7DBFA50461FB0BDE803
:100D2000F08F0A4811F0B4FF062CD4D1BBF1000FAC
:100D3000F0D00A2011F07CFFECE705484FF0010AE3
:100D400011F0A6FFE6E700BFB83000200C1A002023
:100D50005C1A002020D602602DE9F0418AB090464E
:100D60003023054609AA0E46F1F7B4FE00284ED1FD
:100D70002A68099B13449E4245D1022309AA3146A1
:100D80002846F1F7A7FE044620B1A0F56C500AB042
:100D9000BDE8F08129680346099A40460694059407
:100DA0000494039402940194009401F081F80028C3
:100DB00032D12C6809AA09980223314604442846F6
:100DC0002C60F1F787FE10BB2C680346099F024692
:100DD00004900146039002900190009040460697CF
:100DE000059401F065F8B8B92A684046099B134498
:100DF0002B6001F097F878B9404601F069FA58B9CC
:100E00002B689E42C3D005480AB0BDE8F081A0F52A
:100E10006C500AB0BDE8F0810148B8E79AC4FFFF02
:100E200000C5FFFFF0B58FB00C46154606460BA86F
:100E3000F2F7BEFE611909AA0AA830230A94F1F755
:100E400049FE20B1A0F5745420460FB0F0BD0A9FB2
:100E500008AA099B0AA81F443946F1F779FE002821
:100E6000F0D1089C002C40F0D480022309AA394616
:100E70000AA8F1F72FFE054680B10BA8F2F7A0FEF5
:100E80004FF680732B4033B1654C304602F0AEFB19
:100E900020460FB0F0BDA5F57454F6E7034606955D
:100EA0000595304604950395029501950095099A9C
:100EB0000A9900F0FDFF05460028DED10A9D0223B5
:100EC000099809AA394605440AA80A95F1F702FECD
:100ED00005460028D1D12B4609980A9D06901A464E
:100EE00005951946049330460393029301930093AA
:100EF00000F0DEFF05460028BFD10A9D02230998B5
:100F000009AA394605440AA80A95F1F7E3FD054602
:100F10000028B2D12B4609980A9D04901A460395E1
:100F2000194606933046059302930193009300F00F
:100F3000BFFF05460028A0D10A9D0223099809AAEF
:100F4000394605440AA80A95F1F7C4FD054600286C
:100F500093D10022099D0A9B3046009511460692C6
:100F60000592049203920292019200F0A1FF0546BD
:100F7000002882D10A9D09AA09980223394605440E
:100F80000AA80A95F1F7A6FD054600287FF475AF7B
:100F90002B4609980A9D02901A4601951946069318
:100FA0003046059304930393009300F081FF0546B8
:100FB00000287FF462AF0A9A3046099B13440A93D3
:100FC00000F0B0FF054600287FF457AF0BAA394662
:100FD0000AA8F1F7A3FE054600287FF44EAF0BAA3E
:100FE00039460AA8F1F79AFE054600287FF445AF76
:100FF0000AA80BAA3946F1F791FE054600287FF4AE
:101000003CAF0A9B9F4206D00BA8054CF2F7D8FDD7
:101010003BE7044C18E70BA8F2F7D2FD14E700BF3A
:1010200000C3FFFF80C2FFFF0368062BF0B50D462B
:10103000C1B000F0A480044602A8F9F7E1FE6846BA
:10104000A36821AA666800931E443146F1F780FD2B
:10105000002833D1219B013B022B00F23D8130233C
:101060003146684601AAF1F735FD044628B102A8C9
:10107000F9F7EEFE204641B0F0BD01990623009F2E
:1010800001AA68460F443946F1F724FD04460028BA
:10109000EDD1019A072A40F02181009C9349204616
:1010A00011F0FAFD002840F01981073439466846EE
:1010B00003AA0094F1F732FE002879D0A0F5745409
:1010C000002CD4D121A8F9F79BFEF9F72FFE037865
:1010D000064623B945E016F8013F002B41D021A870
:1010E000F9F7B6FE317821A8FBF77AFF044600280D
:1010F00057D1189A379B9A42EDD1199A389B9A4248
:10110000E9D122A903A8F3F72BF90028E3D125A9F7
:1011100006A8F3F725F90028DDD128A909A8F3F7D7
:101120001FF90028D7D134A915A8F3F719F9002819
:10113000D1D12BA90CA8F3F713F90028CBD131A9F1
:1011400012A8F3F70DF904460028C4D101460FA8F0
:10115000F2F7B4FE074621462EA8F2F7AFFE87420B
:10116000B9D121A8F9F774FE33788DF804303378BB
:10117000002B00F0B98002A8F9F76AFE05E001A98A
:10118000FEF766F9002840F0AB802B789DF804103C
:1011900013B18B4240F09E802846FBF721FF41B0FF
:1011A000F0BD21A8F9F754FE33788DF804305EE7DE
:1011B00003A8F2F7DBFE009B18909F4240F092805C
:1011C000302301AA31466846F1F784FC0446002822
:1011D0007FF44DAF01990423009C68460DEB030298
:1011E0000C442146F1F776FC00287FF467AF019AA2
:1011F00006A80099F2F7E8FE00287FF45FAF009F91
:101200000423019821460DEB03020744684600972A
:10121000F1F760FC00287FF451AF019A09A800990A
:10122000F2F7D2FE00287FF449AF009F0323019814
:1012300001AA2146074468460097F1F74BFC18B90C
:101240009DE80C0013440093009B9C424AD101AAE4
:10125000042331466846F1F73DFC00287FF42EAFA9
:1012600002A80CA99DE80C00FAF736F908B310F5AE
:101270009D4F31D1009B1B78023B012B2CD803A83A
:10128000F2F79CFE019B411C0246994224D1009931
:101290000CA80131F2F798FEF0B9009B0FA819785D
:1012A0000239F2F7EFFDB8B9012112A8F2F7EAFD11
:1012B00090B9009A3146019B6846134415AA0093E1
:1012C000F1F72CFD00287FF4F9AE15A8F2F74EFED9
:1012D0001990F7E60648CEE6054CC8E6054CC6E68A
:1012E0000548C8E6054CC2E6054CC0E6D0300020F3
:1012F00000C3FFFF80C6FFFF00C6FFFF9AC2FFFFCB
:1013000080B1FFFF70B5002584B016461C461D60F5
:1013100001AA5D609D60F1F727FD18B1A0F56A5044
:1013200004B070BD01A83146FEF74EF868B93378B5
:10133000012BF5D12368052B00D043B9636805481C
:10134000002B08BF002004B070BD0348E8E7014847
:10135000E6E700BF80C5FFFF80C3FFFFF0B589B09F
:101360000C4605461144302303AA04A80494F1F75F
:10137000B1FB18B1A0F5745009B0F0BD049E02AAEB
:10138000039B04A81E443146F1F7E2FB0028F1D18B
:10139000029B012B4BD1042303AA314604A8F1F789
:1013A00099FB0028E6D105F17C07039A0499384699
:1013B000F2F70AFE044600283BD1049A039B13442B
:1013C0009E42049319D0A02303AA314604A8F1F742
:1013D00081FB044698B310F1620F2AD1049B9E4210
:1013E0000BD03146A12303AA04A8F1F773FB0446EE
:1013F000002845D010F1620F1BD105F188060024AA
:10140000314605F128033A46019428460094FAF73C
:101410001FFC044668B939462846FAF7FBFB044628
:101420000028A9D02846F9F745FD2046A4E72D4815
:10143000A2E72846F9F73EFDA4F574509CE7039A0D
:10144000049B002A03EB02044ADD1B78062B05935C
:1014500001D0302B42D106AA214604A8F1F73AFB6D
:1014600060BB049A069B079213449C4204932BD1C1
:10147000294605A8FFF7D8FD04460028AED0D1E7DD
:10148000049C03AA039B04A81C442146F1F7C8FB53
:1014900000287FF46FAF049A039B13449C4211D140
:1014A00005F18806A31A28463146FAF715F868B1FF
:1014B000049410F59D4FA2D00B485DE7B0F574542D
:1014C000B0D1D5E7094857E7084CABE73146284685
:1014D000FAF7C0F8049400289DD0EAE7044CA1E78D
:1014E000044C9FE780C2FFFF00C3FFFF9AC2FFFFCB
:1014F0009EC2FFFFA0C2FFFF70B50B4688B000245C
:1015000011440646049303AA04A830238DF807402B
:10151000F1F7E0FA20B1A0F57454204608B070BD90
:10152000049D02AA039B04A81D442946F1F710FB61
:101530000028F0D1029C1CB1264C204608B070BD9A
:101540000DF10702294604A805ABFFF7DBFE0028D2
:10155000E1D103AA294604A80423F1F7BBFA002825
:10156000D9D1039B3BB39DF80700FEF735FC00B3D0
:1015700001463046FEF752FCC8B99DF80730012BF2
:101580001BD0023B012B14D805A87168FFF74CFD56
:10159000034638B9039A04997068FFF7DFFE0346E3
:1015A0000028BAD030461C46FEF728FCB5E70446B2
:1015B000B3E7094CB1E7094CAFE7039A04997068A7
:1015C000FFF730FC044608B90024A6E73046FEF7D2
:1015D00015FCA2E780C2FFFF80C3FFFFA0C2FFFF90
:1015E000F0B591B0169C09911144002C2ED01E46E6
:1015F0000546302308AA09A8F1F76CFA18B1A0F53E
:10160000745011B0F0BD089A0DAB099F09A817449A
:101610000AAA3946F1F7A8FB0028F0D108AA3946F2
:1016200009A80423F1F756FA0028E8D10AA80DF119
:101630001E020DF11F01099FFEF730F840B10B9A11
:101640000A2A1AD0092A34D02548DAE72548D8E7EB
:1016500001940146089C0DA80096099E9DF81F3034
:101660009DF81E20049703940296FFF793F8D0B1DB
:1016700010F5F05FC5D11C48C3E70C991B4811F069
:101680000BFB01460028DFD123463246099C0DA8FA
:10169000089E02978DE85000FEF764FF0028B0D145
:1016A0003B78302BE7D139462846089AFFF724FFCC
:1016B000A7E70C990E4811F0EFFA01460028C3D1B4
:1016C00023463246099C0DA8089E02978DE85000DB
:1016D000FFF7BCF90028E6D010F5385F91D1CAE7D2
:1016E00080C6FFFF00C4FFFF80C4FFFFD83000208A
:1016F000E43000202DE9F04188B0144605460E463E
:1017000005A81F46FEF7FAF814B304F1FF3816F8DF
:1017100008300BB32146012011F0CEFA8046002894
:1017200079D02246314611F097FA0E9B2246414667
:10173000009328463B46FFF753FF214607464046A5
:1017400000F00CFA404611F06FFA67BB002000E091
:101750006E4808B0BDE8F0810E9B04AA009705A86A
:101760000193334602926A496A4AFEF7CDF800288F
:1017700053D10120FEF730FB01462846FEF74EFB11
:10178000044630B9069A05996868FFF74BFB044692
:1017900010B12846FEF732FB05A8FEF785FA204671
:1017A00008B0BDE8F0812846FEF728FB17F56E5F0C
:1017B0002FD0224631462846FFF79EFE0028C5D08E
:1017C0002846FEF71BFB0120FEF706FB01462846D4
:1017D000FEF724FB30B9224631466868FFF722FB4A
:1017E0000028B3D02846FEF709FB0220FEF7F4FAE2
:1017F00001462846FEF712FB30B92246314668689A
:10180000FFF7ACFD0028A1D02846FEF7F7FA3F48C5
:101810009FE741489DE741489BE710F59C5FF8D062
:1018200010F5985F26D010F5845F92D116F8083035
:10183000002B7FF46FAF04AB0E9A05A800970293BC
:10184000334601923649374AFEF75EF8A0B90220C6
:10185000FEF7C2FA01462846FEF7E0FA04460028E1
:1018600097D1069A05996868FFF778FD0446002825
:101870008FD191E72C486CE710F59C5FC9D010F52B
:10188000985FF7D010F5845F7FF463AF16F80820F7
:10189000002A7FF43FAF04AB0192009205A80293A7
:1018A0003346224A2249FEF72FF848B9069A2846BD
:1018B0000599FFF721FE044600283FF46DAF68E765
:1018C00010F5845F7FF445AF16F80820002A7FF4F6
:1018D00021AF04AB0192009205A802933346154A4A
:1018E0001549FEF711F860B90E9C3B46069A28464A
:1018F00000940599FFF774FE044600283FF44CAFAE
:1019000047E710F5845F7FF424AF03E700C3FFFFD0
:1019100010310020F030002080C4FFFF80C0FFFFA6
:10192000503100203031002000C4FFFF7031002012
:101930008C310020A8310020CC3100202DE9F0436B
:1019400087B000241646302302AA8DF807400546CA
:10195000F1F7C0F820B1A0F5745007B0BDE8F083EE
:1019600002990DF107022F6803AB28460F44394650
:10197000FFF7C8FC0028F0D102AA39462846F1F743
:101980004FF9E8B92A68029B13449F421BD19DF886
:101990000700FEF721FA002843D001463046FEF743
:1019A0003DFA0028D9D19DF80730012B0DD0023B1C
:1019B000012B17D91C4C3046FEF720FA2046CCE705
:1019C000A0F56C50C9E71948C7E772683946284640
:1019D000FFF7C2F904460028EDD12B689F421ED0C4
:1019E000124CE8E703A87168FFF71EFB04460028C5
:1019F000E1D1D6F804802A6808F188094046BB1A6C
:101A00004946F9F769FD044608B12F60D3E7494616
:101A10004046F9F71FFE2F6004460028CBD1002076
:101A20009BE7014899E700BF80C3FFFF9AC4FFFF0F
:101A30002DE9F0418AB0154606460F4607A8FDF786
:101A40005DFF85B907A8FEF72FF90120FEF7C4F95D
:101A500000283AD001463046FEF7E0F9002836D09B
:101A60000AB0BDE8F08105F1FF3817F80830002B07
:101A7000E8D106AA0193009307A802923B46314A97
:101A80003149FDF741FF044600283AD1079B012068
:101A90000593FEF7A1F9C0B101463046FEF7BEF945
:101AA0000028DDD1059905A8089B72681944FFF745
:101AB00053F9044610B13046FEF7A0F907A8FEF727
:101AC000F3F820460AB0BDE8F0812048C8E70DF1E0
:101AD00028083D44726848F8147D29464046FFF7BF
:101AE0003BF904460028ECD03046FEF787F9184B46
:101AF0009C42E6D13246294640460597FFF71EFF35
:101B0000AEE710F5845FD9D117F80820002A99D1E3
:101B100006AB0192009207A802933B460D4A0E497C
:101B2000FDF7F2FE044648B9079B3246089905A81E
:101B300005931944FFF702FF0446BFE710F5845FE1
:101B4000BCD17FE7F43100201432002080C3FFFFB6
:101B50009EC4FFFF3432002050320020024B0A4660
:101B600000211B68184700BF106700202DE9F04FC7
:101B700093B00F46044690461C9E02A840220021C6
:101B8000994611F08DF8002330680193FCF7FAFBB9
:101B9000A7B38246BA453046554628BF3D46FCF7B6
:101BA000FDFB834660BB4A4641463046FCF700FCDD
:101BB000834628BB042230460DEB0201FCF7F8FBFC
:101BC0008346E8B902A93046FCF7FCFB8346B8B966
:101BD00065B10DF10702601914F8011B12F8013FFD
:101BE000A04283EA010304F8013CF5D19DF80730D7
:101BF0007F1B03F101038DF80730CBD14FF0000BB1
:101C000002A84021FFF7AAFF584613B0BDE8F08FA5
:101C10002DE9F04F002683B091461C4600960546FC
:101C20000196DDF8308018BB8B420F4602D35C1A58
:101C30000A2C04D8444D284603B0BDE8F08F434633
:101C40004FF0010EE61EFF2103F8020B1846324644
:101C500088F801E011F024F80346A01E3A469D558D
:101C60004946184410F0F8FF284603B0BDE8F08F4D
:101C7000FCF71CFB06460028DCD028466A4601A972
:101C8000FDF7C8FC05460028D4D13046FCF77AFBA6
:101C9000009B0646034403F108027F2ACAD810F1CC
:101CA0000A01C7D203F10A029142C3D89442C1D3B8
:101CB000A4F10A07FF1A0A2FBCD9C346033F012328
:101CC000FF210BF8025B3A46584688F8013010F0C5
:101CD000E7FFDDF800A00BEB07034FF0300E0AF131
:101CE00008015FFA8AF20BF8075006203144DF1D25
:101CF0009A71043283F801E083F803E09970587117
:101D000038461A715246019910F0A6FF07EB0A03F4
:101D10004FF0040E0522494603EB0E0B07F80A208C
:101D2000DE7032465D70584683F802E05E4410F083
:101D300093FF08EB04039E423FF47DAF21464046EB
:101D4000FFF70CFF76E700BF80BFFFFF52B138B549
:101D50000C468D1810F0A8FF04F8010BAC42F9D125
:101D6000002038BD00207047F8B500F1080547682D
:101D700004460E462846F2F721F9874245D16368AA
:101D8000B3F5007F41D800212846F2F75BFB00281D
:101D90003BDD28460021F2F791F8B0B3BEB304F161
:101DA0002C0500212846F2F74DFB00282DDD2846A2
:101DB0000021F2F783F840B304F1380500212846EA
:101DC000F2F740FB002820DD28460021F2F776F8E4
:101DD000D8B1002104F11400F2F734FB002814DD1F
:101DE000002104F14400F2F72DFB00280DDD002155
:101DF00004F15000F2F726FB002806DD04F15C0038
:101E00000021F2F71FFB002808DC0548F8BD314629
:101E100004F11400F2F716FB0028F6DD0020F8BDEF
:101E200080BFFFFF70B504460E4615460021AC2268
:101E300010F036FFC4F8A460C4F8A85070BD00BF0D
:101E4000F8B5044615461E460F4619B10830F1F79D
:101E500039FF30BB2DB1294604F12C00F1F732FFD8
:101E6000F8B92EB1314604F13800F1F72BFFC0B9B3
:101E7000069B2BB1069904F12000F1F723FF80B9EE
:101E8000079B2BB1079904F11400F1F71BFF40B930
:101E90005FB104F10800F2F791F800216060084694
:101EA000F8BDA0F581410846F8BD3946FBE700BF03
:101EB00070B504461D4661B100F108063046F2F7E0
:101EC00083F810B1A0F5814070BD3046F2F776F886
:101ED00060603DB12946049A04F12C00F2F774F8D1
:101EE0000028EFD1059B3BB1069A04F13800059913
:101EF000F2F76AF80028E5D1079B3BB1089A04F194
:101F000020000799F2F760F80028DBD1099B3BB16C
:101F100004F114000A9A0999F2F756F80028D1D171
:101F2000002070BD2DE9F04F044600F1080A87B08B
:101F3000002104F1140300F12C0700F1380800F12E
:101F4000200950460293F2F77DFA021C04904FF0EC
:101F5000000118BF012238460592F2F773FA0021FA
:101F600003904046F2F76EFA002105464846F2F724
:101F700069FA061C4FF000018346029818BF01263B
:101F8000F2F760FA039A0030049B18BF0120002A80
:101F900018BF002D14BF012100211BD006EA00024A
:101FA0000025BBF1000F14BF002600F0010655EA22
:101FB000060000D17AB14FF0010B33BB29B3424682
:101FC00039465046F2F78AFBD8B1A0F5814007B0F8
:101FD000BDE8F08F1AB1254807B0BDE8F08F059A2B
:101FE000002AF8D0B5FA85F506406D09284035403D
:101FF000BBF1000F14BF002200F0010252BB1646D5
:10200000D5E75046F1F7DAFF6060C5B92EBBBBF1EA
:10201000000F0ED004F1500304F15C054A4641461E
:1020200038468DE8280004F1440301F075FF0028CC
:10203000CBD15946204607B0BDE8F04F94E6CDF825
:102040000080504602993B464A4601F0FFFD0028B9
:10205000DDD0BAE7AB460E46AFE7029A4B464146A3
:10206000384601F0F1FE0028D1D0AEE780BFFFFF77
:102070002DE9F04700F1080904468A460021484648
:1020800015461E46DDF82080099FF2F7DBF978BB84
:10209000B8F1000F08BF002E4BD1002D49D1BAF185
:1020A000000F04D049465046F1F70CFEF0B92DB1AF
:1020B000284604F12C01F1F705FEB0BB2EB13046E5
:1020C00004F13801F1F7FEFD88BBB8F1000F05D02F
:1020D000404604F12001F1F7F5FD68BB77B304F148
:1020E00014013846BDE8F047F1F7ECBDBDE8F087D4
:1020F000002104F12C00F2F7A5F90028C8D0002136
:1021000004F13800F2F79EF90028C1D0002104F153
:102110002000F2F797F90028BAD0002104F114004A
:10212000F2F790F90028B3D0B9E7BDE8F087BDE831
:10213000F0870448BDE8F087BDE8F0873846BDE881
:10214000F08700BF80BFFFFF2DE9F04F85B01D462F
:1021500000F108070446109B894638460021019388
:102160009246129BDDF838B00293139B0F9E0093AA
:10217000149BDDF844800393F2F764F9002838D10A
:10218000B8F1000F08BF002E50D1002D4ED1B9F18B
:10219000000F05D0524649463846F1F74BFF28BBA1
:1021A00035B15A46294604F12C00F1F743FFE8B94E
:1021B00036B1019A314604F13800F1F73BFFA8B976
:1021C000B8F1000F06D0029A414604F12000F1F761
:1021D00031FF58B9009B43B1039A04F114000099F0
:1021E00005B0BDE8F04FF1F725BF184605B0BDE8D2
:1021F000F08F002104F12C00F2F724F90028BFD061
:10220000002104F13800F2F71DF90028B8D00021B0
:1022100004F12000F2F716F90028B1D0002104F1F2
:102220001400F2F70FF90028AAD0B0E7014805B072
:10223000BDE8F08F80BFFFFFF8B504460D460830BB
:10224000002116461F46F2F7FDF808B91B48F8BDF5
:10225000002104F12C00F2F7F5F80028F6D0002157
:1022600004F13800F2F7EEF80028EFD0002104F175
:102270002000F2F7E7F80028E8D0002104F114006C
:10228000F2F7E0F80028E1D02DB1284604F144012E
:10229000F1F718FD78B92EB1304604F15001F1F78D
:1022A00011FD40B92FB104F15C013846F1F70AFD88
:1022B00008B90020F8BDA0F58140F8BD80BFFFFF40
:1022C000C0F8A410C0F8A820704700BF406870474D
:1022D00070B500210446FFF747FDD0B904F10806A8
:1022E00005463046F1F742FE7F2812D914342946BC
:1022F0002046F1F7E3FD60B12046F1F737FE0128F3
:1023000007D931462046F2F72BF8002801DA284693
:1023100070BD014D284670BD00BEFFFFF0B585B011
:102320000446FFF7D5FF40BB01212046FFF71CFD07
:1023300018BB04F12C0504F1380604F1200704F160
:10234000140E02902946019032463B46CDF800E03B
:1023500004F1080001F01EFE78B904F1500304F105
:102360005C0E3A46314628468DE8084004F14403A5
:1023700001F010FF08B905B0F0BD014805B0F0BD8F
:1023800000BEFFFF38B50C460546FFF7A1FF90B928
:102390002046FFF7C3FF70B904F1080105F10800FA
:1023A000F1F7DEFF38B904F1140105F11400F1F77B
:1023B000D7FF00B938BD014838BD00BF00BEFFFFE0
:1023C000F0B50E4687B0002117460546FFF7CCFC56
:1023D000D8B9044603A8F1F7EBFB314603A86A68B5
:1023E000F1F7F2FD38B1A0F5854403A8F1F7E8FB59
:1023F000204607B0F0BD05F1080603A83146F1F705
:10240000AFFF002803DB0F4CEFE70F4CF0E705F1BF
:10241000680003A905F114023346009008466D6870
:10242000F2F77EFE0028DED12A46394603A8F1F7EE
:1024300001FE054603A8F1F7C3FB002DD8D0A5F592
:102440008544D5E77CBDFFFF80BFFFFF2DE9F04F3E
:10245000ADB00E461D468346049101210592FFF75B
:1024600083FC002840F09D8004460EA8F1F7A0FBF5
:1024700011A8F1F79DFB14A8F1F79AFB17A8F1F743
:1024800097FB002E49D020AB0DF18C0A1AAF0DF14D
:10249000740818460393F1F78BFB5046F1F788FB5D
:1024A00026AE38460DF1A409F1F782FB4046F1F75C
:1024B0007FFB3046F1F77CFB4846F1F779FB294674
:1024C000DBF804200EA8F1F77FFD0546002800F098
:1024D000BB8011A8F1F774FB14A8F1F771FB17A8E2
:1024E000F1F76EFB0398F1F76BFB5046F1F768FBD1
:1024F0000EA8F1F765FB3846F1F762FB4046F1F7AD
:102500005FFB4846F1F75CFB3046F1F759FB002DC5
:1025100041D120462DB0BDE8F08F1AAF0DF17408FF
:1025200026AE0DF1A4093846F1F742FB4046F1F71B
:102530003FFB3046F1F73CFB4846F1F739FB2946B3
:10254000DBF804200EA8F1F73FFD0546002868D10E
:102550000BF108030EA819460693F1F701FF0028B6
:1025600021DB11A86FF00305F1F72AFB14A8F1F79E
:1025700027FB17A8F1F724FB0EA8F1F721FB38463B
:10258000F1F71EFB4046F1F71BFB4846F1F718FB3D
:102590003046F1F715FBA5F5864420462DB0BDE881
:1025A000F08F4D4CB5E70EA93046F1F78BFB054691
:1025B000002838D10BF1440307930BF15003089323
:1025C000049B93B1DBF8A030002B4AD00BF18C0AAE
:1025D000524651465046F2F781F8054600287FD012
:1025E00020AB03930DF18C0A73E70BF174000BF130
:1025F0002C03079A0EA9009038460993F2F790FD34
:10260000054670B90BF180000BF13803089A0EA94A
:10261000009040460593F2F783FD0546002800F040
:10262000008111A8A0E711A8F1F7CAFA14A8F1F7E0
:10263000C7FA17A8F1F7C4FA049B002B9CD020AB73
:102640000DF18C0A03934DE70BF108030EA8194610
:102650000693F1F785FE0028A5DB11A86FF00305AE
:1026600038E70BF198030B220BF18C010394CDF8A2
:10267000248014460A960D46CDF82C901E460C97E1
:10268000DDF81080DDF81490069F0D93DBF8041040
:1026900042464B4630460139AA46F2F70FFF3A460A
:1026A0003146002840F01C812846F3F795F80121B7
:1026B000002840F015812846F1F7C4FE002800F0FC
:1026C0001C81013CE2D1039CDDF824800A9EDDF8E8
:1026D0002C900C9F014D83E780BFFFFF80BBFFFF65
:1026E000069A51465046F2F7A7FB054600287FF4AC
:1026F00077AF0BF198031A46194618460393F1F782
:10270000EDFF039B054600287FF46AAF069A194641
:102710001846F2F791FB0546002D7FF461AF0EA934
:1027200052460846F1F7DAFF054600287FF458AF15
:102730000EA9069A0846F2F77FFB054600287FF4AB
:102740004FAF0BF12C03012211A819460993F1F7A1
:10275000ADFF054600287FF443AF0BF1380301229B
:1027600014A819460A93F1F7A1FF054600287FF443
:1027700037AF059B1C21049A17A8F2F79FFE20ABE8
:102780000546039300287FF42DAF17AA11A9184618
:10279000F1F7A4FF054600287FF424AF0398079AB9
:1027A0000146F1F71BFF054600287FF41BAF059B90
:1027B0001C21049A17A8F2F781FE0DF18C0A054638
:1027C00000287FF486AE17AA14A95046F1F786FFB9
:1027D000054600287FF47DAE089A51465046F1F731
:1027E000FDFE054600287FF474AE0BF17400099BD2
:1027F000039A0EA900903846F2F792FC054600288D
:102800007FF467AE0A9D0BF1800052460EA92B465D
:10281000009040460595F2F783FC054600287FF4BA
:1028200058AE424639460EA8F1F700FF054600288B
:102830007FF4F9AE0BF15C020EA93846F1F74EFFBA
:10284000054600287FF4EFAE099A39460EA8F2F744
:10285000F3FA054600287FF4E6AE059A0EA938463D
:10286000F1F73CFF054600287FF4DDAE3A464146CD
:102870000EA8F1F7B3FE054600287FF4D4AE049B02
:10288000002B66D00EA90BF198020846F1F726FF3F
:10289000054600287FF4A4AE0EA9069A0846F2F772
:1028A000CBFA054600287FF49BAE0BF16800069B2F
:1028B0000BF114020EA900904846F2F731FC0546D0
:1028C000002836D020AB11A80393F1F779F914A8AA
:1028D000F1F776F917A8F1F773F90DF18C0A01E613
:1028E00020AB039C0546DDF824800A9E0DF18C0A7E
:1028F000DDF82C900C9F0393EBE528460D99069A82
:10290000039CDDF824800A9EDDF82C900C9FF3F7E1
:102910006DF8054600287FF463AE0BF16800069B56
:102920000BF11402514600905046F2F7F9FB0546B0
:10293000F2E631464846F1F713FD00B311A81E4DEB
:10294000F1F73EF914A8F1F73BF917A8F1F738F9B8
:1029500075E60BF16800069B0BF114020EA90090BE
:102960004846F2F7DDFB054600287FF45AAE3146B3
:102970004846F1F7F5FC68B111A80F4DF4E520AB1E
:10298000DBF8042036990EA80393F1F753FB0546B4
:1029900011A89AE7DBF804200EA83699F1F74AFB54
:1029A000054611A8F1F70CF914A8F1F709F917A8D1
:1029B000F1F706F99CE500BF80BCFFFF2DE9F04F61
:1029C000012B83B0DDF830A0DDF834B0DDF83880BD
:1029D0006AD0BBF1000F18BF002969D0B8F1000F11
:1029E00066D044680AF10B07BC4261D3BA4594BF74
:1029F0004FF0000E4FF0010EBEF1000F58D1E71E50
:102A000016460D46019088F800E0CAEB070743BB65
:102A1000022208EB020988F8012097B1642403E040
:102A2000013C3CD000283AD1012249463046A84713
:102A300099F80020002AF3D088BB013F09F1010971
:102A4000ECD1484600235246594600F8013B10F0AD
:102A500003F942464146019803B0BDE8F04FFFF745
:102A6000AFBC012208F1020388F8012017B3D8197E
:102A7000FF2203F8012B8342FBD100235246594623
:102A800000F8013B10F0E8F8434632462946019829
:102A9000CDF8308003B0BDE8F04FFFF7D7BCA0F50C
:102AA000894003B0BDE8F08FD0F8A440002C90D04E
:102AB0000148F6E71846E0E780BFFFFF012B2DE94C
:102AC000F04F8BB066D0002968D0044690F8A8007B
:102AD00017460D460393FBF7E9FB029000285DD0F3
:102AE000D4F804A0FBF74EFC169B06B280460233D6
:102AF000760033449A4551D3169A9A4294BF4FF0C8
:102B000000094FF00109B9F1000F47D1189B524657
:102B10004946184603F1010B10F0C2F8189B5946BC
:102B2000424683F800903846A84720B1A0F5894076
:102B30000BB0BDE8F08F0BEB0803159A14990298BF
:102B40000493FBF749FC0028F2D1169B4FF0010ECD
:102B50000590AAF102001A461799C01A049B404436
:102B6000861B06EB0E0003F806E0184410F074F81C
:102B700007A8FBF7A7FB059B029907A81A46FBF7D6
:102B8000C1FB814670B107A8FBF7A2FB48460BB01A
:102B9000BDE8F08FD0F8A440012C94D01A480BB0B7
:102BA000BDE8F08F189A0AF1FF3A08F1010607AB69
:102BB000C8EB0A0A164400935A464346514630462B
:102BC000FEF7D4FF81460028DDD107AB32464146EF
:102BD000584600935346FEF7C9FF064607A8FBF781
:102BE00077FB7EB9039B3BB1189B3A4629462046AA
:102BF0000093FFF72BFC9BE7189A20461146FFF73E
:102C0000DFFB95E7304693E780BFFFFFF0B587B065
:102C1000D0F8A4400CADE0CD74B1012C02D00A482C
:102C200007B0F0BD00240497039602950194009428
:102C3000FFF744FF07B0F0BD0E970D960C9507B057
:102C4000BDE8F040FFF7BABE00BFFFFF012BF0B5B3
:102C5000ADF5037D50D04668A6F11004B4F5F87FB9
:102C600000F2998002AD002B3ED189992A46FFF7E8
:102C7000A7FB044678BB6B78A6F1020E95F800C05E
:102C8000002283F001030DF10901AE44174643EA27
:102C90000C0C11F8010FFF2818BF42F0010271451A
:102CA00082F0010057FA80F7F3D10DF10A01072FE6
:102CB00007F10102CB5D8CBF0024012411444CEAD2
:102CC00003031C4364B2002C5DD14A1B8B9BB21AD8
:102CD0009A425AD9314C28464FF40071FEF73EFF14
:102CE00020460DF5037DF0BD899B0095FFF7AEFBF7
:102CF00004460028EFD1BEE7D0F8A430002B4AD11B
:102D00004668A6F11003B3F5F87F44D802AD899B5D
:102D10000095FFF79BFB04460028DCD16B78A6F1F9
:102D2000020C95F800E0204683F002032746AC44ED
:102D30000DF1090143EA0E0E11F8013F5A428C458C
:102D400042EA0302C2F3C01282F0010240EA02002A
:102D5000C0B2C0F1000242EA0002C2F3C01282F027
:102D600001021744E8D10DF10A01072F07F1010212
:102D7000CB5D8CBF0024012411444EEA03031C43A5
:102D800064B2002CA1D0064CA5E7889B8A981A60F3
:102D90000FF062FF9FE70348A3E700BF00BCFFFFFF
:102DA00000BFFFFF80BFFFFF012B2DE9F04FADF506
:102DB000197D65D04768A7F11004B4F5F87F63D892
:102DC000044690F8A80016468B461D46FBF76EFA9F
:102DD0000390002858D0FBF7D5FA00F1010881468E
:102DE0004FEA480A57454FD3B5B918AD2046A599C3
:102DF0002A46FFF7E5FA0446CCB108AE28464FF460
:102E00000071FEF7ABFE30464021FEF7A7FE2046DC
:102E10000DF5197DBDE8F08F18AD204632465946B4
:102E20000095A59BFFF712FB0446002CE5D105A8F1
:102E3000FBF748FA2246039905A8FBF763FA044614
:102E4000C8B97E1E05ABA8440DF16100C9EB0606AA
:102E50000093424649463346FEF788FE044650B981
:102E600005AB314640460DF1610200934B46FEF73B
:102E70007DFE044668B105A808AEFBF729FABDE758
:102E8000D0F8A440012C95D030480DF5197DBDE84F
:102E9000F08F08AE05A8FBF71BFA03983346A39AF8
:102EA000A299FBF799FA04460028A7D10DF1610316
:102EB0002A7803EB0901B9F1000F11D009F1FF38AD
:102EC0000DF11F0001F1FF3EB04410F801CF1EF8D4
:102ED000013F40458CEA030342EA0302F5D149442D
:102EE000AAF10203FB1A022B2DD0033B4FF0000E78
:102EF00001F1FF3C0B44F0461CF8010F4EEA000EB6
:102F00006345CEF100004EEA0000C0F3C01080F02F
:102F100001008044F0D111F8083083F0010313431D
:102F200009D108F10108A79B41444A1BBA1A9A42E9
:102F300003D9074C62E7074C60E7A49BA6981A6088
:102F40000FF08AFE5AE74FF00008E4E780BFFFFF6A
:102F500000BCFFFF00BFFFFFF0B587B0D0F8A44072
:102F60000CAD95E8E04084B1012C02D00C4807B0CC
:102F7000F0BD0024CDF814E0049703960295019467
:102F80000094FFF711FF07B0F0BDCDF83CE00E97BD
:102F90000D960C9507B0BDE8F040FFF757BE00BF97
:102FA00000BFFFFF2DE9F04782B08846012B0546A0
:102FB0000BA991469DF8280046C90ED01C466B68A7
:102FC0000096FEF725FE80BB84B92846324631467E
:102FD00002B0BDE8F047FFF7F3B9D5F8A430002BF5
:102FE00048D16B680096FEF713FEF0B96C680120BB
:102FF00021460FF061FE074600283DD02146012002
:103000000FF05AFE8246002839D000974A464146C2
:1030100033462846FFF71AFA044648B138460FF0FF
:1030200003FE50460FF000FE204602B0BDE8F087D8
:10303000524639462846FFF7C3F904460028EDD129
:103040006A6892B15046751E0AEB020C234610F8CE
:1030500001EB15F8011F60458EEA010143EA010307
:10306000DBB2F4D10BB1094CD8E7304639460FF04A
:10307000F3FDD3E70648D8E76FF00F00D5E73846F1
:103080000FF0D2FD6FF00F00CFE700BF00BDFFFFD4
:1030900080BFFFFF2DE9F04F012B9BB09DF890E022
:1030A0002CD079B317460D46044699464668BEF1C2
:1030B000000F1BD194F8A800FBF7F8F8834608B37B
:1030C000FBF760F98046430002339E421AD3324632
:1030D000002127980FF0E4FD0AA942463846A84788
:1030E000A0B1A0F589401BB0BDE8F08F7046FBF79A
:1030F000DDF838B1FBF746F92590DBE7D0F8A440BE
:10310000012CCED04D481BB0BDE8F08F04F1080370
:10311000039018460493F0F729FF05900FFA88F002
:10312000279B4FF0010E4246A6EB40000AA900F192
:10313000FF3A18449A4400F802EC50460FF08CFD18
:1031400007A8FBF7BFF8039B594607A81A46FBF7E9
:10315000D9F8834630B107A8FBF7BAF858461BB038
:10316000BDE8F08F07A8FBF719F983460028F2D1D4
:103170000AEB0803082207A819460393FBF718F97E
:1031800083460028E7D1259A07A82699FBF710F96E
:1031900083460028DFD142460AA907A8FBF708F9B1
:1031A00083460028D7D1039907A8FBF70BF983467C
:1031B0000028D0D1059B07A8711E039A013B0090FF
:1031C000C8EB0101279813F0070F43460CBF4FF0DF
:1031D000010E4FF0000ECEEB01017044FEF7C6FC6D
:1031E00083460028B7D10498F0F7C0FEFF21C0EB5A
:1031F000C606279BBC220AA801361B7841FA06F6B0
:1032000040211E40279B1E700AF81820FEF7A6FCDE
:1032100007A8FBF75DF8B9F1000F09D0279B3A46E4
:10322000294620460093FFF711F91BB0BDE8F08F47
:10323000279A20461146FFF7C3F854E780BFFFFFE7
:10324000F0B5D0F8A44006AE9DF8145096E8C04002
:1032500064B1012C08D1CDF820E0079706960595BA
:10326000BDE8F040FFF716BF0548F0BDCDF820E0FF
:10327000079706960595BDE8F040FFF793BE00BF9F
:1032800000BFFFFF2DE9F04F012B83B045689DF88B
:10329000304058D08A4680462946012093469946B8
:1032A0000FF00AFD0646002848D0294601200FF0FD
:1032B00003FD074600283AD000902B4620460E9A80
:1032C0000D99FEF7A5FC0446F8B9B9F1000F40D1FD
:1032D000404632460F99FFF773F80446ACB9A5B1E2
:1032E00020463246791E06EB050E12F8014B11F806
:1032F000013F724583EA040340EA0300C0B2F4D1FF
:10330000002818480CBF0024044629463046FEF722
:1033100025FC30460FF088FC29463846FEF71EFC97
:1033200038460FF081FC204603B0BDE8F08F3046F0
:103330002946FEF713FC30460FF076FC6FF00F00C5
:1033400003B0BDE8F08FD0F8A460002EA2D00648EC
:10335000F6E700965A46514640460F9BFFF776F82F
:103360000446BBE780BCFFFF80BFFFFF2DE9F047AD
:10337000012BADF5187D07469DF880829DF88C9253
:1033800051D04468A4F11005B5F5F87F5FD8002B43
:1033900053D118ADA5992A46FFF712F800283ED15F
:1033A000661EAB5DBC2B40F08480B8F1000F07D0E7
:1033B0004046FAF77BFF002849D0FAF7E3FFA190D7
:1033C0004846FAF773FF8146002840D0FAF7DAFF43
:1033D0000023804607F1080003930493F0F7C6FD2D
:1033E000E300471E2A78C3F108033B4452FA03F373
:1033F0002DD1790728D02646AA4608F102039E421D
:1034000025D305A8FAF75EFF494605A80022FAF77A
:1034100079FF044600B305A8FAF75AFF20460DF5D8
:10342000187DBDE8F087D0F8A430012B0FD1446897
:10343000A4F11003B3F5F87F09D818ADA59B384661
:103440000095FFF703F8A9E70DF1610AD5E73648C3
:103450000DF5187DBDE8F0876FEA080105AB504611
:103460003144009343460AEB01094A46FEF77EFBCE
:1034700004460028CFD1C7EBC606FF272B7809F1F9
:10348000FF3147FA06F68A4506EA03062E709AF8D7
:10349000002047D212B145E09A4632B90AF1010341
:1034A0009AF801208B42F7D10B46012A03D01F4C1A
:1034B000B1E71E48B3E75D1CA49B5A1CC5EB090687
:1034C00001D0B342F3D105A8FAF768FF04460028FB
:1034D000A1D103A9082205A8FAF76AFF044600282B
:1034E00099D1A19A05A8A299FAF762FF044600288B
:1034F00091D13246294605A8FAF75AFF044600281A
:1035000089D105A808A9FAF75DFF0446002882D1F1
:10351000424608A948460FF0BFFB054B002818BFDC
:103520001C4678E75346C0E780BFFFFF00BFFFFFA0
:1035300080BCFFFFF0B5D0F8A84087B09DF83050B0
:103540000D9F7CB1E4B24FF0FF3E0F9E03940E9CA2
:1035500005960294CDF810E08DE8A000FFF706FF75
:1035600007B0F0BD2C46EEE72DE9F047D0F8A450A7
:1035700086B09DF838E0DDF83CC0DDF84080DDF82D
:10358000449015B3012D03D0174806B0BDE8F0876D
:103590009A46D0F8A83004460E46174613BB754627
:1035A00020464FF0FF3453463A463146CDF814904A
:1035B0000395CDF80880CDF804C0CDF800E0049460
:1035C000FFF7D4FE06B0BDE8F087CDF84490CDF803
:1035D0004080CDF83CC0CDF838E006B0BDE8F047FB
:1035E000FFF750BEDDB2DBE700BFFFFF10B50446BA
:1035F0008C30F0F7E5FA04F19800F0F7E1FA04F105
:103600006800F0F7DDFA04F12000F0F7D9FA04F1D0
:103610003800F0F7D5FA04F12C00F0F7D1FA04F1F4
:103620001400F0F7CDFA04F10800F0F7C9FA04F13C
:103630008000F0F7C5FA04F17400F0F7C1FA04F164
:103640005C00F0F7BDFA04F15000F0F7B9FA04F1AC
:103650004400BDE81040F0F7B3BA00BF2DE9F04FC9
:10366000002918BF7F2B91B01A9D40F2B680022D21
:1036700040F3B380DC0700F1B080174607AA03903F
:1036800000F1140B10460E461C46F0F791FA0AAAF8
:103690001046F0F78DFA0DAA1046F0F789FA294680
:1036A0005846F0F7EFFB024600287BD14FEA54085A
:1036B000C72C04F101030399A8F1630298BF4FF0EE
:1036C00000094FEA530301F12C0401F1380588BFCA
:1036D0009146049300973346002241462046F2F774
:1036E00045FB002872D102460097334641462846E2
:1036F000F2F73CFB002869D12A46214607A8F0F7DB
:1037000095FF002862D107A8F0F730FC8145E1D28F
:10371000079B002B5CDB012221462046F0F7C6FF09
:10372000002853D1012229462846F0F7BFFF002880
:103730004CD12A46214607A8F0F7D0FF002845D1F2
:1037400007AA59460AA8F2F747F800283ED10121F6
:103750000AA8F0F777FE82460028BBD12A46214608
:103760000AA8F2F739F8002830D101460AAB07AAB7
:103770000DA8F1F733F948BB039B0DAA5946203336
:1037800018460593F2F732F900BB0598F0F7EEFB07
:10379000049B98429ED9012221462046F0F76EFFF5
:1037A000024600B307A80492F0F70AFA0AA8F0F755
:1037B00007FA0DA8F0F704FA049A0398A2F5834AD1
:1037C000FFF714FF504611B0BDE8F08F0246E9E75D
:1037D00029462046F0F7BCFA9DE7DFF87CA050466A
:1037E00011B0BDE8F08F012229462846F0F746FFC8
:1037F00002460028D6D1039B2A46214603F108063B
:103800003046F0F76BFF02460028CBD13046F0F788
:10381000D5FB039F059A29463B46786007F1500681
:1038200020465C33009601933B46443300F074FB22
:1038300002460028B6D10398FEF770FD049007A851
:10384000F0F7BEF90AA8F0F7BBF90DA8F0F7B8F940
:10385000049A002AB6D0B0E780BFFFFF70B50D46CE
:103860000A68044608316B68083084E80C00F0F7F9
:1038700029FA064620B12046FFF7B8FE304670BD53
:1038800005F1140104F11400F0F71CFA06460028B3
:10389000F1D105F1200104F12000F0F713FA0646FA
:1038A0000028E8D105F12C0104F12C00F0F70AFA08
:1038B00006460028DFD105F1380104F13800F0F7A1
:1038C00001FA06460028D6D105F1440104F144006E
:1038D000F0F7F8F906460028CDD105F1500104F1C2
:1038E0005000F0F7EFF906460028C4D105F15C015D
:1038F00004F15C00F0F7E6F906460028BBD105F1BB
:10390000740104F17400F0F7DDF906460028B2D125
:1039100005F1800104F18000F0F7D4F90646002893
:10392000A9D105F1680104F16800F0F7CBF906466A
:103930000028A0D105F18C0104F18C00F0F7C2F948
:103940000646002897D105F1980104F19800F0F798
:10395000B9F9064600288ED1D5F8A420D5F8A830AC
:10396000C4F8A420C4F8A83088E700BF2DE9F047C8
:10397000E4B0054605A8F0F71BF9AC22002139A8F0
:103980000FF08EF905A8A34A1021F0F72BFF04468B
:1039900048B9019003460090024605A939A8FEF7F0
:1039A0004FFA044648B105A8F0F70AF939A8FFF71D
:1039B0001DFE204664B0BDE8F087974A102105A897
:1039C000F0F710FF04460028EDD105A944A8F0F750
:1039D00079F900283BD1914A102105A8F0F702FFA0
:1039E00004460028DFD105A947A8F0F76BF90028A5
:1039F00031D18B4A102105A8F0F7F4FE04460028C7
:103A0000D1D105A941A8F0F75DF910B1B0F5814415
:103A1000C9D1844A102105A8F0F7E4FE0446002825
:103A2000C1D105A93EA8F0F74DF910B1B0F5814418
:103A3000B9D139A8FEF776FA04460028B3D1002D93
:103A40004ED139A8FEF744FC48B10124ABE7B0F5EC
:103A50008144A8D1BFE7B0F58144A4D1C9E739A812
:103A6000FEF75CFC0028F0D10DF134096E4F0DF12A
:103A700064084FF0180A4E46CDF80490CDF808803F
:103A80000FCF0FC697E80300CDF800A02B462A46BB
:103A900086E80300654939A8FFF7B8F80028D4D1B3
:103AA00013AE04AFCDF80CA00123CDF8048022465C
:103AB000029639A800975D49FFF74EFA0028C4D155
:103AC0003A68304649460FF0E7F80028BDD108AE05
:103AD00051464846324601F04BFE68B1012069E785
:103AE00053480FF0EDF839A8FEF7F2FB00B3514848
:103AF00001240FF0CDF856E70427CDF80C8002968C
:103B00002A4601950123009739A84849FFF798FBF9
:103B100000289AD1CDF80C802346029622460194C3
:103B20002146009739A8FFF71FFD00288DD13AE7FD
:103B300039A8FEF7F3FB0028D9D10DF134083A4E2D
:103B40003D4819AF0FF0BCF84546CDF804804FF062
:103B500018090FCE0FC596E8030002972346CDF84B
:103B60000090224685E80300304939A8FFF74EF857
:103B70000028BCD113AD04AE30480FF0A1F8CDF849
:103B80000C900197012302952246009639A82749F7
:103B9000FFF7E2F90028AAD13268284641460FF023
:103BA0007BF80028A3D1264808AD0FF071F825480E
:103BB0000FF086F8494640462A4601F0D9FD20B16B
:103BC0001C480FF065F80120F4E6042603970295DF
:103BD000012301942246009639A81449FFF730FBCF
:103BE000002884D118480FF06BF8039702952346FC
:103BF000019422460096214639A8FFF7B5FC00281B
:103C00007FF475AF0E480FF043F80A200FF010F85C
:103C1000C9E600BF6C32002070330020F43300206E
:103C2000783400207C350020F40300204D1D016015
:103C3000843500205C1A0020BC3500209C35002013
:103C40000C1A0020DC350020F43500202DE9F04767
:103C50007C4C96B0864689469446984604F1300AD4
:103C60001E9F08AE2068103454F80C1C354654F8DA
:103C7000082C103654F8043C54450FC5F2D1206886
:103C8000A3883060B380B8F1000F3CD0002F3AD049
:103C9000D8F80830BBBBB968A9BB70466446764605
:103CA000F0F7D0FB00282EDD01212046F0F7CAFBFB
:103CB000002828DD31462046F0F752FB002822DAA2
:103CC00001214846F0F7BEFB00281CDD314648467E
:103CD000F0F746FB002816DA05A8EFF769FF02A8FF
:103CE000EFF766FF21464A4602A8F0F7F7FC0446C4
:103CF00070B105A8EFF764FF02A8EFF761FF204657
:103D000016B0BDE8F0876FF0030016B0BDE8F0878D
:103D100002A901220846F0F7C9FC04460028E8D1B0
:103D200002A8F0F705F91FFA80FABAF1000F02D1E4
:103D30006FF00304DDE7514602A8F0F7F3F90446FB
:103D40000028D6D1B3681B6803F00709A9F101095F
:103D5000B9FA89F94FEA591916AB05A84B4413F87B
:103D6000381CF0F78FF8324605A94046F1F734FDCC
:103D700004460028BDD101214046F0F763FB38B16D
:103D800009F101091FFA89F9B9F1360FE4D1CFE73A
:103D900005A90097334602AA0846F1F7C1F904467F
:103DA0000028A6D101251BE005A901220846F0F74D
:103DB0007DFC05AA0446114600289AD11046F0F76A
:103DC0008DFC3246044605A9002892D108460135EB
:103DD000F1F732F8044600288BD1ADB2AA452AD3B8
:103DE000012105A8F0F72EFB012205A918B305A8AB
:103DF000F0F744FC3246044605A900287FF479AF69
:103E00004046F1F7E9FC0121044600287FF471AF38
:103E10004046F0F717FB0128C6D131464046F0F77F
:103E20009FFA0130C0D12146434632463846F0F76A
:103E3000D5FD04465DE7012105A8F0F703FB002846
:103E40009ED075E710040020002B61D02DE9F041D1
:103E50000D4686B00446002118461F461646F0F768
:103E6000F1FA804638BB01212046F0F7EBFA002832
:103E700021DD01212846F0F7E5FA00281BDD414647
:103E80003046F0F7DFFAB0B16846EFF791FE03A8CD
:103E9000EFF78EFE214668460122F0F707FC044644
:103EA00070B16846EFF78CFE03A8EFF789FE204655
:103EB00006B0BDE8F0816FF0030006B0BDE8F08108
:103EC0002946012203A8F0F7F1FB04460028E8D1B7
:103ED00003AA69463846F1F77FFC04460028E0D182
:103EE00003AA69466846F0F7F9FB04460028D8D1D2
:103EF00001463B466A466846F0F770FD04460028D6
:103F0000CFD1314638466A46F1F770FD0446C8E71E
:103F10006FF00300704700BF2DE9F04184B01D46EB
:103F200006460F4601A89046EFF742FEADB10122CA
:103F3000314601A8F0F7BAFB044630B101A8EFF70B
:103F40003FFE204604B0BDE8F081284601AA414664
:103F5000F0F772FF04460028F0D10A9B7BB10122E2
:103F6000394601A8F0F7A2FB04460028E6D14146F5
:103F700001AA0A98F0F760FF04460028DED10B9BE7
:103F800033B1324639460B98F1F730FD0446D5E798
:103F90001C46D3E72DE9F04F87B00E468046174602
:103FA000DDF844A0684699461AF1000518BF0125BE
:103FB000EFF7FEFD16F1000B03A818BF4FF0010B41
:103FC000EFF7F6FD15B1BBF1000F28D13C1C18BF6F
:103FD00001240DB1002C34D118F1000A0BEA0404BD
:103FE00018BF4FF0010ABAF1000F3BD0002C39D0B6
:103FF0003A4631466846F0F771FB0546002859D02D
:104000006846EFF7DDFD03A8EFF7DAFD15F5844FFD
:1040100013D0A5F58445284607B0BDE8F08F129A65
:1040200051463046F1F760FE0028CFD0584D684623
:10403000EFF7C6FD03A8EFF7C3FD284607B0BDE8BC
:10404000F08F5146129A3846F1F74EFE0028EDD116
:1040500018F1000A0BEA040418BF4FF0010ABAF184
:10406000000FC3D1109B002B18BFB9F1000F14BF74
:1040700001250025BAF1000F18D0BDB10121484635
:10408000F0F7E0F90028D1DD01211098F0F7DAF916
:104090000028CBDD41464846F0F762F90028C5DA32
:1040A00041461098F0F75CF90028BFDA04B175B901
:1040B0000025BCE701214046F0F7C4F90028B5DD32
:1040C00041466846F0F74CF90028AFD1CAE7012114
:1040D0003046F0F7B7F90028A8DD01213846F0F79F
:1040E000B1F90028A2DD109A49466846F0F7F6FAC1
:1040F0000546002884D1012269466846F0F7D6FAC1
:10410000054600287FF47CAF3146012203A8F0F772
:10411000CDFA054600287FF473AF03AA69466846C6
:10412000F0F78AFE054600287FF46AAF014668462C
:10413000F0F788F900287FF479AF4946109A68466D
:10414000F0F7CCFA054600287FF45AAF0122694601
:104150006846F0F7ABFA054600287FF451AF3946C0
:10416000012203A8F0F7A2FA054600287FF448AF21
:1041700003AA69466846F0F75FFE054600287FF40B
:104180003FAF01466846F0F75DF9002890D04DE753
:1041900000BEFFFF2DE9F04186B01E4605460F46E2
:1041A00068469046EFF704FD03A8EFF701FD9EB3C4
:1041B000CDB1012229466846F0F778FA0446A0B14D
:1041C00014F5844F09D16846EFF7FAFC03A8EFF71E
:1041D000F7FC204606B0BDE8F08114F5814F02D00F
:1041E000A4F58444EFE7304CEDE73146424603A89E
:1041F000F0F71CFA04460028E2D103A96A460846F3
:10420000F0F71AFE04460028DAD1014603A8F0F7B9
:1042100019F908B1254CD6E70C9BFBB1002FE2D071
:10422000012239466846F0F741FA04460028C7D112
:1042300042460C9903A8F0F7F9F904460028BFD1CB
:1042400003A96A460846F0F7F7FD04460028B7D1EF
:10425000014603A8F0F7F6F80028DBD10D9B0BB35D
:10426000002DC0D0002FBED03A460D996846F0F719
:1042700035FA04460028A3D1012269466846F0F7C2
:1042800015FA044600289BD12A4669466846F0F78D
:10429000D3FD0446002893D101466846F0F7D2F8D2
:1042A0000028B7D100248EE780BFFFFF00BEFFFFCC
:1042B0005C2200210EF0F4BC10B15C21FDF74EBC75
:1042C000704700BF08B55C220EF0C6FC08BD00BFF9
:1042D000F0B403460022074F074E1046074D084C26
:1042E00008499F60DE601D615C6199611A605A60D7
:1042F000F0BC70470123456789ABCDEFFEDCBA986F
:1043000076543210F0E1D2C32DE9F04F4B789BB0D8
:104310000D781B0491F803E04C7943EA05658E782B
:1043200091F80480240445EA0E0591F807C04B7A01
:1043300044EA086445EA06224E7B8F7944EA0C0C75
:1043400091F808A0360491F80CE01B0491F80FB026
:104350004CEA072491F80B9043EA0A6346EA0E659B
:1043600091F80A800B9443EA090945EA0B064C7C54
:104370004D7D49EA082391F810A0240491F8148097
:104380002D048F7B44EA0A64069345EA0865CB7CDA
:1043900091F817A091F812E01C43049245EA0A0A2A
:1043A00046EA07228F7D4B7E44EA0E244AEA072E16
:1043B0000E7E0D921B047246019043EA066391F84B
:1043C0001B800F9202F1B54291F81AC043EA08032C
:1043D0004D7F02F51E320E9443EA0C230C7F2D0410
:1043E00002F29912CF7F45EA04648E7F14921A4636
:1043F00044EA070591F821E002F1B54791F820B0B1
:1044000091F8253045EA062607F51E374FEA0E4E8D
:1044100091F823901B0407F2991791F824A01092A9
:10442000324615974EEA0B6791F8295043EA0A6322
:1044300091F822C047EA090E91F827402D0491F81F
:1044400028604EEA0C2E119202F1B54291F82680B6
:10445000234391F82DC045EA066502F51E3291F816
:10446000316091F82C9043EA082891F8304002F22C
:1044700099124FEA0C4C91F82BB0360491F82A703F
:1044800091F82FA04CEA096C199246EA046672462C
:10449000CDF81C8091F82EE045EA0B0891F83330F6
:1044A0004CEA0A0C91F832B048EA07281E4391F80A
:1044B00035704CEA0E2E91F8345046EA0B2691F8EE
:1044C000369091F838A03F0491F83940002091F8D7
:1044D0003BC047EA056791F83C3091F83FB0CDF812
:1044E0002080CDF824E091F8378091F83AE00A96E0
:1044F00047EA080591F83D6091F83E1045EA092821
:10450000129336041391019902948F68029C3B46E2
:104510000F46C96824043D69169144EA0A6405956A
:104520007D6944EA0C04CDF808804FEAB3080C9585
:104530004FEAB105B96944EA0E2E179105990C9F0F
:1045400001F1B5498A464F40069909F51E39CDF863
:104550000CE00C9C8AEA050E09F299191893A24600
:104560000EEA030E8944169907EA010C1799DC4FED
:104570008CEA0404CF19049907EBF367129B12929B
:1045800046EA03662744059B5446DFF854A346EAEF
:104590000B0C8EEA030E0E46A2440C46069985EAE1
:1045A00008033C44D64486EA01070B9E13994FEA60
:1045B000B40A2340DFF828B34CEA012C0EEB0601C5
:1045C000DFF81CE36B4001EBF46188EA0A04AE44B7
:1045D000149DCDF810C099444FEAB10C05EB0A06C2
:1045E0000C400D9D09EBF163159984EA0804AE4473
:1045F0008AEA0C05C344A64488461D400E994FEA3A
:10460000B30457400EEBF36E8B44199B85EA0A09FD
:1046100002998CEA04059A46D9444FEABE0305EA9A
:104620000E0509EBFE694F4002F1B54E84EA030125
:104630000B9AE04401EA090185EA0C0594460D9ABB
:10464000A2444C408CEA020C079A354404EB080162
:1046500002F1B5444FEAB90605EBF9690EF51E3EC5
:1046600004F51E3483EA06054FEAB9080EF2991ED6
:1046700004F2991401EBF96105EA09058CEA020CD0
:1046800004EB060986EA0804089A5D400C400EEB2C
:10469000030B55444FEAB10384EA060E02F1B54616
:1046A00005EBF16588EA030A06F51E3609994FEA1B
:1046B000F777DE4406F299160AEA050B884C4FEAB2
:1046C000B50A0EEBF56E0B970C198BEA080706EB93
:1046D000080183EA0A064F444FEABE0906EA0E06BD
:1046E00004EB030B07EBFE678AEA090473400A9D9B
:1046F0003C404FEAB70E5E18029984EA0A0805F1B9
:10470000B54501F1B54106EBF76789EA0E03039E53
:1047100008EB0B0405F51E3501F51E31DFF8C0B1BD
:104720003B4005F2991501F29911B344069E4FEAF8
:10473000B708554483EA090301EB090AB1460E9E06
:1047400004EBF7648EEA0801F34489EA06095E196E
:10475000039B4FEAB40706EBF46621408CEA030C96
:10476000049C5F4B81EA0E0188EA07054FEAFC7C56
:10477000E3180B9C5144354004F1B54E4FEAB604A2
:1047800001EBF66103EB080A87EA040385EA0805F2
:104790000EF51E3E049E0B405D444FEAB10B0EF237
:1047A000991E7B4005EBF16584EA0B08774453447E
:1047B0004FEAB50108EA050889EA020903EBF56347
:1047C0000D9D6246DFF818A1AE460F9D89EA0609E5
:1047D00092448BEA01068EEA050C88EA0408099DDA
:1047E0001E404FEAF97EB8448CEA050C4FEAB30745
:1047F0000AEB04050B9C08EBF3680D9281EA0703B2
:1048000072468CEA040C86EA0B0E109C0E9E4FEA50
:10481000FC7CAE4403EA080574400A9B304E4FEA24
:10482000B8095C400F9B0E92961962469C46119BFC
:104830000EEBF86E0F9206EB0B088CEA030A85EA82
:1048400001030D9D87EA090C9346254A6C400CEA4A
:104850000E0C029D5A444FEAF474109E11448AEAE9
:10486000050A06948CEA070C0E9D4344129C8C4466
:104870008AEA050A069986EA04081A4D039C03EBA6
:10488000FE664D194FEABE0E0F9988EA040889EAC0
:104890000E034FEAFA7A88EA010811994FEAB60B3B
:1048A00052460CEBF66C8A46734007990D4E4FEA60
:1048B000F878049C8AEA010110929619129A6140D4
:1048C000CDF844803D449046089A069C8EEA0B073A
:1048D00088EA02081D44614006EB090304E000BFBA
:1048E0009979825AA1EBD96E0B9E4FEABC094FEA27
:1048F000F171119C87EA0C07DFF8E0A40A460799DA
:1049000088EA0608109E05EBFC65A2441F448C460D
:104910008BEA0903099988EA060807EBF5670D9EFB
:10492000D6448CEA010C6B404FEAB505DFF8ACA425
:104930004FEAF8788CEA060C734489EA0506CDF84C
:104940001C80924403EBF76311924FEAB708089A70
:104950007E40079FDA448CEA040C964607F1DD4B53
:104960000A9A4FEAFC7C12940BF5B30B0E9C8EEA6C
:10497000020E099A61468EEA040E0BF5D74B029C93
:10498000944685EA0807119A8CEA040C0BF1210B76
:104990000F9C8EEA020ECB4487EA03098CEA040CD2
:1049A000079C4FEAB3075644D9444FEAFE7E8CEA8F
:1049B000040CDFF828B40A9C724606EBF3668B44BD
:1049C00088EA0703A646039C5D4483EA060B069B20
:1049D0008EEA040E09EBF6694FEAFC7C029C4FEA72
:1049E000B6068EEA030302F1DD4ECDF820C04B403F
:1049F0000BEB050C0EF5B30E87EA060B049D0CEBD2
:104A0000F96C4FEAB90A0EF5D74E8BEA09096540F1
:104A10004FEAF373089CDFF8C4B30EF1210E029342
:104A2000A344109B039CF04414915D4086EA0A0164
:104A3000A6460B9C554015925F44029A8EEA0403E9
:104A400081EA0C0E1299C8444FEABC094B407744E6
:104A500002F1DD4E4FEAF572089D08EBFC680EF599
:104A6000B30E8AEA090B6B40049D0EF5D74E07EB97
:104A7000F8674FEAF373AC460D9D8BEA080B13936E
:104A80004FEAB808D54B8CEA050C119D0EF1210EAA
:104A9000D31812928CEA050C029A9A44139B89EA65
:104AA0000805764403F1DD438CEA020C4FEAB70EA9
:104AB0007D405E4403F5B303A3464FEAFC7C0E9CA5
:104AC00006EBF766AA4488EA0E0703F5D743CDF84C
:104AD0000CC08BEA040B079C4FEAB60577400AEB43
:104AE000F66A2133039E8BEA040B0D9C4B4406F1BE
:104AF000DD49129AA4460F9C09F5B3093B448CEAA0
:104B0000040C149C09F5D749139F8CEA040C8EEA17
:104B1000050609F1210903EBFA638CEA070C8BEA1D
:104B2000020B86EA0A07C8444FEABA0A0E9C4FEA0B
:104B3000FC7C069A85EA0A064FEAFB7BB844CDF86E
:104B400024C0CDF810B04FEAB30C08EBF36884EA48
:104B5000020B7340159A099E039C8BEA020B049F7B
:104B600006F1DD468BEA040B0F9C07F1DD4706F5E5
:104B7000B306A146109C07F5B30706F5D746089A79
:104B800089EA040921364FEAFB7B07F5D747069CE3
:104B9000CDF834B089EA020921373544049E4C40EF
:104BA000BE448AEA0C0789EA0609029E73440D9AFC
:104BB0007440099E4FEAB80B87EA080703EBF863D5
:104BC00074404FEAF979109EDFF810828CEA0B0EE0
:104BD0003D444F469044B146119E8EEA030EC244B6
:104BE00005EBF36589EA0609129E4FEAB303F24426
:104BF00089EA06098E46794E4FEAF47407990AEB62
:104C0000F56A0E97BE198EEA01088BEA030713991D
:104C100089EA02090F944FEAB50488EA01087D4049
:104C20001499B444119F4FEAF9790F9A83EA040E5C
:104C30004F406A4ECDF818908EEA0A0E39460E9F04
:104C400096194FEABA0988EA0708039F6544B344F6
:104C50007940069EDFF884C105EBFA6584EA09070E
:104C6000F344B44451400BEBF56B6F4063444FEA9F
:104C7000B5054FEAF171079E159A3B440B9189EAFD
:104C800005014FEAF87EDFF854A14FEABB0786EA38
:104C9000020803EBFB630B9A81EA0B0B0499CDF836
:104CA00028E0F24488EA01089646149954444B4A95
:104CB00085EA0706A3440A9C72448E4608995E4022
:104CC0004A440BEBF36B8EEA010C069932444FEA2F
:104CD000B30388EA01080999DFF8049102EBFB624B
:104CE0008CEA010C4FEAF87E4BEA03014FEABB085D
:104CF0008CEA040C7646159C39404FEAFC7E1096EF
:104D0000DFF8DCA00BEA030BCDF844E0A646029CDA
:104D1000B24442EA080641EA0B0B8EEA040E119CEB
:104D20000B995544A1440D9C06EA030A02EA0806C1
:104D30008EEA040E089C4AEA06064F44A446129CDA
:104D40008EEA010E0E998CEA040C37444FEAFE7E7F
:104D5000139C109E8CEA010C029905EBF265CDF8CC
:104D60001CE08CEA060C81EA040E079E1C495D4497
:104D70004FEAB20271184FEAFC7C0F9E4FEAB50968
:104D800007EBF567CDF808C005EA020B8EEA060EC0
:104D900045EA02066546DFF848C00B4406EA080605
:104DA0001299AC44039D03EBF76347EA090A4D40AF
:104DB00046EA0B01119E07EA090B1944079B8EEA8C
:104DC000060E069E0AEA020AE0447540049E4FEA77
:104DD000FE7EDFF80CC05D4004E000BFA1EBD96EA1
:104DE000DCBC1B8F84EA06030A9C4FEAB7074AEA39
:104DF0000B0AF4446340039C41EA0706D044624432
:104E0000A446099C08EBF168CDF848E006EA0906DB
:104E10004FEAB10E8CEA040C3940029C02EBF862B6
:104E200048EA0E0B634031430B9C0BEA070B11441D
:104E30004FEAF37208EA0E0A4FEAF57503928CEA1C
:104E4000040C049A4BEA0A0A0D9C4FEAB808139521
:104E500005F10F4582EA040B039A05F5DD15129B57
:104E600002F10F4241EA080605F5E6558CEA030C0B
:104E700002F5DD12109B1C354FEAFC7C02F5E65270
:104E800006EA0E064D44CDF810C01C324FEAB109B7
:104E90005544DFF8C4A31744099A05EBF165E244D1
:104EA00001EA080194460E9A8BEA030BD64445EAC0
:104EB00009038CEA020C46EA0102139907EBF56735
:104EC00005EA090603EA08038BEA010A11993A4444
:104ED000039F4FEAFA7A8CEA010C33434FEAB50696
:104EE000CDF824A05146DFF870A38CEA070B734479
:104EF00042EA06078A4421460F9C4FEAFB7E03EBF9
:104F0000F26307EA090781EA0405D3494FEAB20CC4
:104F100032407144CDF834E03A43D044089143EA3A
:104F20000C0A079903EA0C0B089F0AEA060A4D408F
:104F30000E994F4408EBF3688E4606994AEA0B0B2C
:104F400002EB080A8EEA0101BE46049F0BEB0E0934
:104F50007D40029F09EBFA694FEAF5727940099D9D
:104F600008920A9A81EA05074FEAB301BA4D129BEB
:104F700084EA0208089A88EA03084FEAF773551989
:104F80004FEABA024AEA0107069C354403F10F468C
:104F900049EA020B0AEA010A06F5DD160E930BEA4E
:104FA000010B09EA020306F5E65607EA0C0705EBD2
:104FB000F9654BEA03031C36A64647EA0A070B9C31
:104FC000B4440D9E2F448EEA040E88EA0606139C14
:104FD0009C44A14B4FEAF6758EEA040E089E4FEAF8
:104FE000B9090F95EB180A9D8EEA060E0B449A49F3
:104FF000A846109D4FEAFE7E88EA050647EA0905A5
:105000000CEBF76C71444FEAB70B154007EA090740
:10501000CDF828E006914CEA0B0803993D43069F22
:1050200008EA090A4E400B9C3A440E9F0CEA0B0812
:10503000A6467E40119C03EBFC63049F4FEAF67684
:105040008EEA04014AEA080805EB030A3346109D7C
:105050000F9E79400B9303F10F4381EA060E424401
:105060000799A84603F5DD1302EBFA624FEABC0686
:10507000099D4FEABA0788EA010803F5E6534FEAAB
:10508000FE7E88EA050C42EA07014AEA06051C335F
:10509000DFF8C4810AEA060ACDF818E0994405EA67
:1050A0000B0502EA0703F0443140A646029C09EBD7
:1050B000F26945EA0A0519438EEA040E0D9BD844AD
:1050C0000A9C8EEA030E05EB09030B9D01EB080A0F
:1050D0008CEA040C4FEAB2088EEA050B129A079983
:1050E0004FEAFC7C4FEAFB7B43EA080981EA0205B0
:1050F000089A59464FEAB30E0AEBF36A64465540E4
:10510000DFF854C101F10F4210944AEA0E0BA44497
:1051100002F5DD12029C1191B44406990BEA0806CF
:1051200002F5E652A346139C4D401C3209EA0709DA
:105130008BEA04010AEA0E0B3A4403EA08034FEA39
:10514000F57546EA0B0B0CEBFA6C49EA03032F46A4
:1051500093440E9D03EB0C09129A4FEABA0A109E73
:1051600069409446039D714012978CEA05060F9D95
:1051700049EA0A0307F10F426E402546049C09EAFA
:105180000A0702F5DD120BEBF96B65404FEAF1748B
:1051900003EA0E0102F5E65202944FEAB90C119CA3
:1051A0001C32029B4BEA0C0966400A9C424409EA05
:1051B0000A096540284C02EBFB621C1941EA07030F
:1051C0004FEAF671099E03EB02080BEA0C07079100
:1051D0007444129949EA070E204B4FEABB074D4031
:1051E0000399A6444FEAB8044E400B994FEAF57272
:1051F0008CEA07054E40029903920EEBF86E4E4082
:105200000499079A89464FEAF6760D991A4404964E
:1052100089EA0109069E02EB0A0185EA080289EA89
:105220000609099E0A440799B246089E89EA0109BF
:1052300010998AEA060A039D87EA04084FEABE0627
:105240008AEA010A02EBFE61049A1D4488EA0E080C
:105250009646039A654403E0DCBC1B8FD6C162CA44
:105260004FEAF97C8AEA020A0D9ACDF824C0A844D4
:105270009E4484EA060594460E9A0EEB070B4FEA0D
:10528000B10785EA010E8CEA0202099D08EBF16C78
:105290001199DE4405EB030B049D4A404FEAFA786E
:1052A000A3444FEABC016A40089DCDF8348086EAE9
:1052B0000708A94613920F9D0EEBFC6E0D9A88EA23
:1052C0000C0889EA050587EA010C02EB0309139A29
:1052D0008CEA0E0CC3444FEAF274129AB1444FEABE
:1052E000BE08089455400A9CCC440E9A0BEBFE6B0A
:1052F000089E81EA080E5440099AB1460D9E554019
:10530000029A99448EEA0B0E54404FEAF57A0B9AB2
:105310004F440F9D74400AEB030985EA02064FEAE9
:10532000F4750CEBFB620EEB070C0E954FEABB0B12
:10533000079D49444FEAB20788EA0B046E40089D76
:105340000CEBF26C54406E400A9D8BEA0702AE46AD
:105350004FEAF676069D82EA0C020A968EEA050E60
:10536000039E0E9D8EEA060E0B9E1D44B146109EB6
:10537000A844049D89EA06068EEA0A0E04EB010998
:105380000A996E400E9D4FEAFE7E19446E40069DBE
:1053900009EBFC69CDF82CE04244AE46119D8B44EC
:1053A0004FEAF6718EEA050E02EBF9654FEABC048E
:1053B0000F914FEAB50609990B9A87EA04088EEA1D
:1053C000010E06960A9E88EA09084FEAB909D11823
:1053D0008EEA060E109E84EA0902D844B446129E54
:1053E00008EBF5686A408CEA060C0D9D39444FEADB
:1053F000FE7E0F9F8CEA050C119D1144CDF840E014
:105400001F44AE46029D069E4FEAB80B8EEA050E7B
:105410003D190B9C89EA0606109A01EBF8618CEAAB
:10542000040C089C86EA080790468EEA040E069C47
:1054300098442F4484EA0B020F9C129DC1448EEACB
:10544000040E4A40079C4FEAFC7C4A4407EBF16794
:105450006540029E11924FEAB101109A85EA0A0551
:105460000CEB030AB1465540069A039E8BEA0104F1
:105470009244119A89EA06064FEAB70802EBF762EE
:105480007C404FEAFE7E81EA08070692A2440E9A0B
:105490000EEB0309069C56404FEAF572079D6740E4
:1054A0000292D9442A46049D4FEAB40B86EA0C06C0
:1054B00055400A9AB94455400AEBF462029C4FEAFF
:1054C000F67A85EA0E0E099EA44688EA0B04039D2F
:1054D00009EBF2699C44544075404FEAB2026144C2
:1054E0000AEB03078BEA02064FEAFE7E21444FEAED
:1054F000B904B8440EEB030C039182EA04070B993C
:10550000E3444D40039901EBF96186EA0909029EE3
:10551000C8444FEAB10C7540049E4F4008EBF1615E
:10552000029584EA0C080D9DBB44109F6E400F9DB0
:105530000BEBF16B6E40099DA946089D86EA0A06B1
:105540004FEABB0A89EA0509029D03EBF67603EBF5
:10555000F57589EA07092644154488EA010289EAB3
:105560000E094FEAB1011544189A8CEA010781EA45
:105570000A08134405EBFB6587EA0B0B019F03EB5D
:10558000F979059B88EA05085E4403EBB5040C9B9A
:10559000E14406EBF5651A46179B09EB080C3C61E4
:1055A0001944169B52442B440CEBF5657A61FB6061
:1055B000BD60B9611BB0BDE8F08F00BF2DE9F843B5
:1055C0000368064614460D4603F03F0713449A420B
:1055D000C7F14008036002D9436801334360DFB17B
:1055E000A04519D806F11C092946424609EB0700D7
:1055F0000DF032FB49463046FEF786FE80B9C8EB17
:105600000404454407463F2C08D929463046403C0F
:105610004035FEF779FE18B93F2CF6D814B920466C
:10562000BDE8F88306F11C002246294638440DF0F7
:1056300013FB0020BDE8F88302B1BFE710467047B6
:10564000F8B50446006880220D4600F03F0004F1E2
:105650001C062318013038281A7755D8C0F13802B3
:10566000002130440DF01CFB23683146666820465B
:105670005A0FDB0042EAC6021F0E84F85B30160E9A
:1056800084F8572084F85870170C84F85460120A74
:105690001E0C84F855701B0A84F8562084F8596053
:1056A00084F85A30FEF730FE00282CD1E37A2B70B4
:1056B00063896B70A3681B0AAB70A368EB70E37B14
:1056C0002B71E3896B71E3681B0AAB71E368EB71C3
:1056D000E37C2B72638A6B7223691B0AAB722369AA
:1056E000EB72E37D2B73E38A6B7363691B0AAB7305
:1056F0006369EB73E37E2B74638B6B74A3691B0A82
:10570000AB74A369EB74F8BDC0F1400200213044D2
:105710000DF0C6FA31462046FEF7F6FD0028F2D11C
:105720000146382230460DF0BBFA9DE770B40023E5
:10573000064E074D074C0849084A8660C56004615B
:10574000416182610360436070BC7047012345671B
:1057500089ABCDEFFEDCBA9876543210F0E1D2C3BB
:1057600002B970472AE700BFFFF76ABFFEF7CCBD5A
:1057700070B598B006460C46154600215C2201A87B
:105780000DF08EFA124B1348039303F1B9431249FB
:1057900003F55B23114A049003F6EF63059106922B
:1057A00007935CB9294601A8FFF74AFF044601A800
:1057B0005C21FCF7D3F9204618B070BD2246314673
:1057C00001A8FFF7FBFE04460028F0D1EAE700BF7E
:1057D0000123456789ABCDEFFEDCBA9876543210D1
:1057E000FFF7C6BF2DE9F04F0024ADF2744D394DDF
:1057F00007465C2205A82146DFF8F4B005F13C0815
:10580000DFF8F0A0DFF8F0900DF04AFA002F3CD15D
:10581000314A0023022CCDF81CB00A922F4ACDF851
:1058200020A0CDF824900B92059306933CD02C4BEE
:1058300053F82420E2B905A86946FFF701FF0646A0
:10584000E8B96846142229460DF026FA50BB0FBB72
:105850000134143508F13908032CD7D1F7B905A85C
:105860005C21FCF77BF930460DF2744DBDE8F08FFA
:10587000414605A8FFF7A2FE06460028DBD0002F10
:10588000EDD018480DF004FAE9E7611C16480DF058
:1058900017FABDE715480DF0FBF9D9E70A200DF01E
:1058A000C7F9DCE70126EAE74FF47A7361211CA807
:1058B0001A461E460DF0F4F902E0731E1E46BAD0D9
:1058C0004FF47A721CA905A8FFF778FE0028F4D0DF
:1058D0000646D4E7F0D8026076543210F0E1D2C325
:1058E000D8D902605C1A0020143600200C1A00205F
:1058F0000123456789ABCDEFFEDCBA986C2200210D
:105900000DF0CEB910B16C21FCF728B9704700BF7B
:1059100008B56C220DF0A0F908BD00BF0023F0B45B
:105920000360436099B1124A124B8260C360124F08
:10593000124E134D134C144A144B07614661856196
:10594000C4610262436281660020F0BC7047104B64
:10595000104AC360A3F1BF438260A3F5DC230E4F5E
:105960000E4E0F4DA3F5B6730E4C0F4AE5E700BF80
:10597000D89E05C107D57C3617DD703039590EF732
:10598000310BC0FF11155868A78FF964A44FFABEF8
:1059900085AE67BB67E6096A72F36E3C3AF54FA5C0
:1059A0007F520E518C68059BABD9831F2DE9F04FB8
:1059B000D7B0031D24300DAA0D9353F8044F834232
:1059C00042F8044FF9D1013115AD25AE0878043104
:1059D00011F8053C000411F8022C11F8034C40EAC0
:1059E0000363134343EA042345F8043FAE42EDD179
:1059F0000022CB4B16A8DFF85CA30092159A8646CE
:105A000006931446139A0A931746C64A149B0992A2
:105A1000C54A1D460F9B0892C44A1946CDF80CA0F2
:105A2000A2460792C24ADDF848800592C14ADDF8D5
:105A300038900492C04ADDF840B00292119BBF4AF0
:105A40000B90019287EA05004FEAF826009A0DF1C3
:105A5000580C86EAB81600EA08005CF822400832C2
:105A600086EA78666840009288EA070C3044019A1A
:105A70004FEA79360EF1200E20445EF81C4C86EA7F
:105A8000B906504449EA010A86EAB9562C44104442
:105A90000AEA0B0209EA010A034442EA0A0A0CEA8A
:105AA000030C4FEAF325B24483EA08068CEA070C9C
:105AB00085EAB31550440CEB040285EA73655EF881
:105AC000184C40EA090A4FEA703C2A442744039CD8
:105AD0000AEA010A00EA090522448CEAB00C5EF8E1
:105AE000144C4AEA050593448CEAB05C08EB040ABE
:105AF000AC4406EA0B044FEAFB265EF8105C9444C3
:105B000084EA080486EABB165D1940EA0C022744C1
:105B100086EA7B6600EA0C084FEA7C3402EA090256
:105B20003744019584EABC06029C83EA0B053C4499
:105B300086EABC5642EA08075EF8082C214437443E
:105B40005EF80C6C5E4427448C18029605EA010648
:105B50004FEAF125039473404CEA070685EAB11534
:105B600003EB0A044FEA773285EA716A06EA00031A
:105B7000049E82EAB70554440CEA070A8BEA010244
:105B800085EAB755344443EA0A085EF8046CA14438
:105B9000A844019D02EA090A4FEAF923A04409EB4F
:105BA00006048AEA0B0B83EAB913049447EA080A4D
:105BB000AB4483EA7963059C4FEA78365B440AEA92
:105BC0000C0AA34607EA080586EAB80681EA090234
:105BD0009B444AEA050586EAB85300EB0B0A2B44BE
:105BE00002EA0A024FEAFA205B4489EA0A045140B9
:105BF00080EABA10029A48EA030680EA7A60114401
:105C00004FEA733508EA03023E40014485EAB305D2
:105C10000798164385EAB35B01445E440CEB01052B
:105C200006EB010B03992C404FEAF52043EA0B0CDD
:105C30008AEA050684EA090980EAB5100CEA080C2C
:105C40004FEA7B3409EB010280EA756003EA0B013D
:105C500084EABB0402444CEA010C089984EABB5470
:105C60000A4404EB0C01049C174411443E404FEAE3
:105C7000F7224FEA71394BEA010086EA0A0682EA06
:105C8000B7120BEA010C1840264482EA776289EACF
:105C9000B10440EA0C001644099A84EAB15416444F
:105CA000009A2044102AB04400EB060940F0B98263
:105CB0002A461495224D00260B980C95A5F1D25535
:105CC000DFF894E0A5F50D25CDF808A0CDF854A097
:105CD000BA46A5F6FE65CDF840B0CDF848800B95E4
:105CE000184DCDF838900A95A5F1E455CDF800800F
:105CF000D846A5F53525CDF80490CDF814E09B469F
:105D0000A5F63B0504961193914609958E460E4DD6
:105D1000139708950D4D0F9107950D4D039531E0A3
:105D2000E4D90260D55E1CABA4823F92F111F15917
:105D30005BC25639A5DBB5E9CFFBC0B5982F8A42C7
:105D4000DA88F976AA84744ACCA10C24C69DC10FC6
:105D50008647BEEF91443771C1699BE4069A136C84
:105D600005931346526C194603921A469B6C07938F
:105D7000D36C126D08934B6D09920A938B6D0B9344
:105D8000CB6D0C9306990DF1580C009B20302031FF
:105D900050F81C4C42684FEAF32606914FEAB4478C
:105DA000816987EAF4174FEAF145049987EAD40735
:105DB0005CF8213081691344826985EA71458AEA79
:105DC000090150F818CC85EA9225009A2B4411401D
:105DD00086EAB2163B44049F86EA726681EA0902AB
:105DE00003620837C3693244C6694FEAF3458368E2
:105DF000049785EA76412344066AC46932444FEA2F
:105E0000BC4681EA9421029C86EAFC16019F22444A
:105E1000059C86EADC060B441444026A009933446C
:105E200002944FEAF244029A81EA0A05436202EBC5
:105E30000B01026AC36884EA72440D40426A4FEA69
:105E4000F1269C4485EA0A054A4486EAB116019B7C
:105E500047EA0E0986EA716615444FEA733307EA8A
:105E60000E02354450F8146C83EAB703076A4FEA10
:105E7000B64609EA080984EA9724039F49EA020220
:105E80000591BB46A444AB4450F8145C5F4686EAD7
:105E9000F516AB46019D83EAB5593B4686EADB061B
:105EA00043444A4466441D46009B86621C462E4677
:105EB0004FEAF5254C40029903960A442640816A30
:105EC0005E40019B01EB0A04039942EA03094FEA91
:105ED00072383444466A8C4685EAB1114FEAF64B73
:105EE000466A81EA7C6109EA0E098BEA764B50F832
:105EF000146C02EA030588EAB208334606690C44CA
:105F000088EAB25850F8101C49EA050503EB060967
:105F1000466A079B45448BEA962623444FEAB14ADA
:105F200006EB090BEC1903EB0E069C46059F8AEA6B
:105F3000F11A039B4FEAF62E8AEAD10A87EA03098F
:105F40002346019F1443029309EA06094FEA733876
:105F50000BEB0A0304EA070B059C029D8EEAB61EB2
:105F600089EA0409009C02EA050AC3621C19836AD3
:105F70008EEA766EA1444BEA0A044FEAF34ACE4415
:105F800088EAB5088AEA734A089B88EAB5589E44AD
:105F900050F80C3C44444FEAB34943690EEB070503
:105FA00064441944836A029F8AEA932850F80C3C9F
:105FB00089EAF31CB94608EB010A274649EA040BB3
:105FC0008CEAD30C4FEA743903990AEB0C0300975F
:105FD00089EAB409029C036381EA0608036B04EAB8
:105FE0000701059F08EA05082C464FEAF52C1F44D7
:105FF000039B0BEA020B009D88EA0308C36A8CEA44
:10600000B41A4BEA01014FEAF34CC36A89EAB55965
:1060100005948CEA734C50F8083C8AEA746A494447
:1060200050F80C4C47444FEAB349836957447144D4
:1060300003EB040B009C099B4FEA713E059D44EA6B
:1060400001081F4423468EEAB10E019103EA010ABA
:10605000C36A3A448EEAB15E8CEA932C50F8083C4D
:106060001446029A89EAF319DC4408EA020886EA2F
:10607000050289EAD30948EA0A088A460CEB0903B3
:1060800002EA0409039AF04443634FEAF42C1A44E9
:1060900008EB070B8CEAB41C50F8047C134689EA21
:1060A0000602016B8CEA746C1A44036B4FEA7B386E
:1060B0004FEAF34E3B4662444AEA0B078EEA714EC2
:1060C0000393C1694FEAB34C50F8083C0AEA0B0A43
:1060D00088EABB0819440A9B88EABB581A44009B0B
:1060E0001F40036B8EEA932E029B47EA0A07029435
:1060F0009946039B8E4429468CEAF31C91446540E3
:10610000B8448CEAD30C039C05EA09054FEAF92749
:10611000F44490444D40416B664487EAB912019BB8
:106120004BEA080E2E444FEAF14582EA79620BEA07
:10613000080A85EA7145016A16440EEA030E0C440A
:1061400001684FEA78374EEA0A0E4FEAB1420B99DE
:10615000234687EAB8070E44416B87EAB857C0F870
:1061600038C085EA91250099BE4431442B44029DF4
:10617000B6448A46016885EA090748EA0E0682EABB
:10618000F1124FEAFA2407EA0A0782EAD10206EA84
:106190000B066F4084EABA151344059A08EA0E010B
:1061A00085EA7A65D4184FEA7E320E430C993C4456
:1061B00082EABE02049F82EABE522C44302FC3639F
:1061C0000C441644019A2244009206EB0402019208
:1061D0007FF4C4AD5A464D46C346029B0D9C0EA9A2
:1061E00015930023119222461495CDF840B0CDF8B6
:1061F0004CA0CDF83CE09DE80003CDF8488048462F
:10620000CDF8389001E051F8040F52F8045F0133E3
:106210002844082B44F8040FF5D1002057B0BDE8FE
:10622000F08F0A9C226A0192626A0392A26A029229
:10623000E26A0492226B0592626B0792A26B08924B
:10624000E26B099204F120020A92FFF7FBBB00BF48
:106250002DE9F8430368064614460D4603F03F0750
:1062600013449A42C7F14008036002D943680133DE
:106270004360DFB1A04519D806F1280929464246F6
:1062800009EB07000CF0E8FC49463046FFF78EFBAF
:1062900080B9C8EB0404454407463F2C08D9294679
:1062A0003046403C4035FFF781FB18B93F2CF6D80B
:1062B00014B92046BDE8F88306F128002246294695
:1062C00038440CF0C9FC0020BDE8F88302B1BFE7F8
:1062D00010467047F8B50446006880220D4600F06D
:1062E0003F0004F1280623180130382883F82820BD
:1062F00075D8C0F13802002130440CF0D1FC23687D
:106300003146666820465A0FDB0042EAC6021F0E7D
:1063100084F86730160E84F8632084F86470170CD4
:1063200084F86060120A1E0C84F861701B0A84F8FD
:10633000622084F8656084F86630FFF737FB034617
:10634000002858D1E27A2A7062896A70A268120A1B
:10635000AA70A268EA70E27B2A71E2896A71E26837
:10636000120AAA71E268EA71E27C2A72628A6A728F
:106370002269120AAA722269EA72E27D2A73E28A0B
:106380006A736269120AAA736269EA73E27E2A7406
:10639000628B6A74A269120AAA74A269EA74E27F23
:1063A0002A75E28B6A75E269120AAA75E269EA75D2
:1063B00094F823202A76628C6A76226A120AAA76D8
:1063C000226AEA76A06EB0B994F827302B77E38C76
:1063D0006B77636A1B0AAB77636AEB77F8BDC0F132
:1063E0004002002130440CF05BFC31462046FFF7B0
:1063F000DDFA10B1F8BD1846F8BD01463822304626
:106400000CF04EFC7BE700BF0023F0B40360436058
:1064100091B1114A114B8260C360114F114E124D60
:10642000124C134A134B076146618561C4610262D5
:1064300043628166F0BC70470F4B104AC360A3F102
:10644000BF438260A3F5DC230D4F0E4E0E4DA3F526
:10645000B6730E4C0E4AE6E7D89E05C107D57C36CA
:1064600017DD703039590EF7310BC0FF1115586820
:10647000A78FF964A44FFABE85AE67BB67E6096AC9
:1064800072F36E3C3AF54FA57F520E518C68059B16
:10649000ABD9831F02B97047DAE600BFFFF71ABF16
:1064A000FFF784BAF0B59DB01C4607460D46164668
:1064B00001A86C2200210CF0F3FB14BB214B224AF3
:1064C0000493224B2249079303F12D63039203F5B2
:1064D0001E33204A0591069203F29A231E491F4A51
:1064E000089109920A931B9415BB314601A8FFF746
:1064F000F1FE044601A86C21FBF730FB20461DB0DD
:10650000F0BD1749174A184B059101F13721039245
:10651000049301F56701154A154BFA31069207936A
:10652000144A154B089109920A931B94002DDCD054
:106530002A46394601A8FFF78BFE04460028D9D128
:10654000D3E700BF85AE67BB67E6096A7F520E518D
:1065500072F36E3C3AF54FA58C68059BABD9831F4F
:1065600017DD7030D89E05C107D57C3639590EF736
:10657000310BC0FFA78FF964A44FFABEFFF792BF9B
:106580002DE9F04F0121A5B081464FF480600CF059
:1065900093FB002800F0B880002407466C2209A86D
:1065A0002146DFF8D881DFF8D8A10CF079FB8AFB0F
:1065B0000435022CA5EBE475CCBF0026012605EBC3
:1065C0004505651BB9F1000F40F081800023022CC6
:1065D00009930A9344DD5749022D574A574B0C91B2
:1065E000A1F1BF410B92A1F5DC21554A0D93554B0A
:1065F000A1F5B6710E920F93534A544B129110921B
:106600001193239649D0524B03EB8502D2F8C02157
:10661000002A64D109A801A9FFF75CFE834600287F
:106620004ED1C6F1080201A8414692000CF034FB9D
:10663000002879D1B9F1000F62D1013408F12008A6
:10664000062CB4D1B9F1000F65D109A86C21FBF774
:1066500085FA38460CF0E8FA584625B0BDE8F08FC8
:106660003C49022D3C4B0C9101F179413B4A01F52B
:1066700074010B933A4B01F501610E920F930D914A
:1066800001F13721374A01F56701374B119201F1CA
:10669000FA01129323961091B5D14FF47A756121C6
:1066A00038462A460CF0FCFA01E0013DB2D04FF426
:1066B0007A72394609A8FFF7CBFD0028F5D083464A
:1066C000B9F1000FC1D029480CF0E2FABDE7C6F1DC
:1066D00008016A1C264849010CF0F2FA76E7C5EB7E
:1066E000C50103F5E67309A805EBC1011944FFF7DD
:1066F000AFFD834600288DD0B9F1000FA5D0E2E7A9
:106700001C480CF0C5FA98E7B9F1000F07D1012039
:1067100025B0BDE8F08F0A200CF08AFA95E71648FC
:106720000CF0B6FA012098E74FF0010BB9F1000F19
:106730008BD0C8E785AE67BB67E6096A72F36E3C2B
:106740003AF54FA57F520E518C68059BABD9831F3C
:10675000E4D9026007D57C36D89E05C139590EF7B9
:10676000310BC0FFA78FF964A44FFABE5C1A00205A
:10677000443600200C1A002028360020E4DA02609B
:106780005655555500000000D82200210CF088BA5B
:1067900010B1D821FBF7E2B9704700BF08B5D82285
:1067A0000CF05AFA08BD00BF00220023F0B4C0E983
:1067B0000023C0E9022300292CD0C0F8D0102CA55A
:1067C000D5E900452CA3D3E900232DA7D7E900671D
:1067D000C0E90445C0E906232BA5D5E900452CA353
:1067E000D3E90023C0E90867C0E90A452AA7D7E929
:1067F00000672BA5D5E90045C0E90C232AA3D3E9FE
:106800000023C0E90E67C0E91045C0E91223F0BCBF
:106810000020704726A5D5E9004527A3D3E900232A
:1068200027A7D7E90067C0E90445C0E9062326A5E4
:10683000D5E9004526A3D3E90023C0E90867C0E9EC
:106840000A4525A7D7E9006725A5D5E90045C0E990
:106850000C2325A3D3E90023C0E90E67C0E9104546
:10686000C0E91223C0F8D0100020F0BC704700BF70
:10687000D89E05C15D9DBBCB07D57C362A299A627F
:1068800017DD70305A01599139590EF7D8EC2F1590
:10689000310BC0FF6726336711155868874AB48EDD
:1068A000A78FF9640D2E0CDBA44FFABE1D48B54727
:1068B00008C9BCF367E6096A3BA7CA8485AE67BB13
:1068C0002BF894FE72F36E3CF1361D5F3AF54FA53E
:1068D000D182E6AD7F520E511F6C3E2B8C68059B1A
:1068E0006BBD41FBABD9831F79217E1319CDE05BD2
:1068F0002DE9F04FADF2E44D4FF0000A0DF5167B97
:1069000093907491DE46CDF8D8B174994FF0000899
:10691000002301EBCA0711F83A20CDF838800AF1BC
:10692000010A78784FEA0269FC78BAF1100F4FEA51
:106930000041B878FA7943EA09030F914FEA002140
:10694000139442EA080211913C79CDF84080CDF8C9
:106950004880DDE90E0141EA030140EA02000B46EE
:106960004FEA142102464FEA04640B910A94DDE9D0
:106970001001DDE9124540EA020041EA0301024646
:10698000787945EA010544EA02044FEA00412246CB
:106990004FEA10440C910D94BC79DDE90A67DDE9FA
:1069A0000C0146EA020647EA05074FEA146C40EA82
:1069B000060041EA07014FEA042B41EA0C0340EAD2
:1069C0000B02EEE90223A0D10DF5187E0DF5287912
:1069D0000DF53678DDF8D8B10DF5327CCDF848E00C
:1069E000CDF82880CDF830905CF8081F0AF1010A34
:1069F0005EF8084FDCF804208B09CD0C0093D3001F
:106A000045EA42351E46C8000295D50C46EA517645
:106A1000DEF8043040EA5270059645EA4131009EA6
:106A200065084FEAD418049046EA826603919209F9
:106A3000009648EA4368019245EAC3724FEAD319C7
:106A40000692220A42EA0362DDE90467DDE90201F7
:106A500008925A081B0A7040794042EAC47243EA1D
:106A60000463079209930C9BDDE9005645404E40B4
:106A7000FBE9020137462E46F3E90245CDE90E0156
:106A80000C93DDE90801DDE9062342404B40DDE9D6
:106A90000E0182EA080283EA0903001969413546BA
:106AA0002D1847EB0106A81846EB03010A9BBAF123
:106AB000500FE3E902010A9396D1939AD2E9043484
:106AC0009946A24694ABC3E9009A1346D2E906124E
:106AD0008B46944696AAD3E90801C2E900BC86AA6F
:106AE000C2E90001194688A8D3E90A23D1E90C4577
:106AF000C0E900238AAB6246C3E90045D1E90E56DE
:106B00008CAB5446C3E90056D1E910678EABC3E99C
:106B10000067D1E9127890AB5946C3E900784B463B
:106B2000CDE9003486ABCDE90412D3E9000188AB8E
:106B30000022D3E900AB8AAB1092D3E900458CABBD
:106B4000CDE90A45D3E900568EABCDE90801CDE980
:106B500006562CA2D2E90012D3E9006784A890ABB4
:106B6000C0E90012CDE90C6728A2D2E90012D3E9EE
:106B7000007882A8224BCDE90E78C0E9001214A259
:106B8000D2E9001280A8C0E9001213A2D2E90012D3
:106B90007EA8C0E9001212A2D2E900127CA8C0E9C6
:106BA000001211A2D2E900127AA80FF24409D9E921
:106BB0000089C0E9001210A2D2E9001278A8CDE93C
:106BC00002ABC0E900121A46129BCDE9128949E0D6
:106BD00019D005B6F111F15938B548F35BC25639F1
:106BE000BCDB8981A5DBB5E92F3B4DECCFFBC0B504
:106BF00022AE28D7982F8A42CD65EF239144377172
:106C000060DC026018816DDAD55E1CAB9B4F19AF5A
:106C1000A4823F92D2E9100178AC4032CDE9120152
:106C2000D2E90201C4E90001D2E904017AACC4E965
:106C30000001D2E906017CACC4E90001D2E90801F7
:106C40007EACC4E90001D2E90A0180ACC4E90001CC
:106C5000D2E90C0182ACC4E90001D2E90E0184AC96
:106C6000C4E90001DDE90AABDDE90C8951460DF507
:106C7000EC7E46464F46880B4033890C40EA8B40F9
:106C8000DDE90645149074407D40109E5F460BEA96
:106C9000050B083641EA87315D46BB4610965646DD
:106CA0000AEA040A16915946B80B5446B2464646BB
:106CB0004F4640EA8A4066408C0CC9056F405546F5
:106CC000159041EA5A2144EA8A301991E905179052
:106CD00041EA5B21DDE91689DDE914451891594641
:106CE00084EA080485EA0905DDE906BCDDE90089D6
:106CF0008AEA0B0081EA0C01DDE918ABCEE900015C
:106D00008AEA040A8BEA050B1AEB060453E9100120
:106D10004BEB07050019444669414D46240FAF0768
:106D200044EA091EDDE90E56DDE904AB2D18CDF865
:106D300068E048EA0A044E4128464D4631462E0F87
:106D400049EA0B05DDE912AB1AEB000A4BEB010B2C
:106D500047EA98014746C8461D91DC46B907D34625
:106D6000BA4646EA071712911B97DDE90801CDE9FB
:106D70000EBC2040294074ACC4E90001DDE90201E9
:106D8000DDE9046710EB0B00C34641EB0C01044640
:106D90000BEA070940460D4676A90AEA06084FEABB
:106DA000943E4006CDE90245D1E90045DDE90267A0
:106DB00034403D402646129C2F4644EA9B011C91DC
:106DC00074A9D1E90045DDE906BC44EA080445EAB6
:106DD00009058CEA070C8BEA060BDDE90289CDE98F
:106DE000124541464F464EEA89454E46890CDA46E1
:106DF000BF0B209541EA89314D46B60C229147EAF6
:106E000088412191E90546EA883541EA58212395D0
:106E100025910299DDE91C78DDE91A56C9057D4006
:106E2000009F86EA0806A84640EAD7150398B146AF
:106E30001F957E0641EA5021019F2491DDE92045FE
:106E4000DDE922014D404440294646EAD7151E950A
:106E5000DDE9245665404E4028463146DDE91E45B1
:106E600053E90E6784EA080485EA0905A046A946A5
:106E7000DDE90C45A4197D4126462F46DDE9124582
:106E800014EB080445EB090516EB0A06A04647EB90
:106E90000C07A946DDE902BCDDE90A4584EA0B04DA
:106EA00085EA0C05DDE90EAB1AEB080A4BEB090B82
:106EB00080194FEA1A7EDC467941D3464EEA0C1E11
:106EC000DDE900784BEA07094CEA080A0DF5F0788D
:106ED0004E46D8E90089CDF898E018EB000849EB58
:106EE00001096146CDE90E89D846E14689074FEA96
:106EF000887E41EA98014EEA990E2991CDF8A0E0EA
:106F0000DDE904BCDDE900010BEA060B0CEA0A0C22
:106F1000DDE90E67CDE912BCDDE908AB4FEA197C6B
:106F200016EB0A064CEA081C47EB0B07B24646462E
:106F3000CDF89CC0BB464F4606400F404946304600
:106F400049060C913946DDE91267CDE908AB0643E5
:106F50000F430AEA040A0BEA050B30463946544649
:106F60005D46CDE91201DDE90A01DDE908AB6040CB
:106F7000694074AC5746C4E90001DDE9020176AC12
:106F8000BE0B80EA0A0081EA0B01BD0CC4E90001D6
:106F90000C9C414645EA8B3544EAD8142E952B9437
:106FA0004C0646EA8B4144EAD9142C912A945C465B
:106FB000DDE92801DDE92656CDE90C894E40454042
:106FC000D84637462E46A50BA40C45EA8A45DDE98E
:106FD0002A012D95794070400F4644EA8A310646D1
:106FE0005C462F91E405DDE912018019794157468D
:106FF000DDE90E9AFE0519EB00094AEB010A44EAA5
:107000005721DDE92C453191D346CA46DDE92E01F1
:107010004D4049464440080F46EA582130915946B0
:10702000DDE93089890788EA040840EA0B145846EC
:1070300089EA0509329441EA9A01040F50463591D4
:1070400044EA0A148507504633945C4645EA9B059A
:1070500064063495554644EADA14CDE90E89DDE933
:107060000C78379448EA0B08074341463846DDE977
:10707000006706400F40304639466E06DDE9067867
:1070800053E90C4546EADB1E3F1974ACCDF8D8E055
:107090000DF5F47E48EB0508DDE93456CDE90678B8
:1070A000DDE932786F4088EA06083E464746D4E973
:1070B0000089DDE90645CDE906AB14EB080445EB94
:1070C0000905DDE9368988EA060889EA070946469E
:1070D0004F46DDE90E8918EB040849EB05094446E3
:1070E000D0464D46D946DDE90CAB0BEA090B0AEA5E
:1070F000080AD946CC46DEE9008918EB040849EBBA
:10710000050944464AEA00084D464CEA0109404652
:107110004946DDE9048918EB040849EB05093618EE
:107120004FEA983E4F4176A94FEA984CD1E90001C9
:1071300000EA080001EA0901824630198B4647EB54
:10714000050105460E464EEA89414FEA993E3891BF
:10715000DDE902018AEA000A8BEA010B5046594632
:10716000CDE90E01CDE904890599DDE906AB4CEACC
:10717000813150464AEA05083A91594628404BEA7F
:1071800006093140CDE906560F460646DDE90C01F9
:10719000DDE9044500EA080001EA0901A046A94624
:1071A00040EA06044EEA884ECDE912AB4FEA954B11
:1071B000CDF8E4E04FEAC55A41EA070576A9C1E9EE
:1071C000004545464BEA8831DDE908783B914AEABB
:1071D00055216F4088EA09083D91E905BB464F46B5
:1071E000C44641EA5721DDE93A9ADDE938453C9148
:1071F00084EA090485EA0A05DDE9069A57464E46FF
:107200004846B907000FDDE93C9A40EA071E89EAC3
:1072100004098AEA050A74AC3D46CDF8F8E0C4E9F1
:10722000009A34463E0F41EA940146EA041E419119
:107230007906A007CDF8FCE041EAD41140EA950EAA
:10724000439140A9CDF800E14FEA446E42AC4EEACA
:10725000D515D1E90078DDE93E9A53E90A0189EABA
:1072600007098AEA080A42954E465746DDE90A9A16
:1072700019EB00094AEB010A48465146D4E9009A45
:1072800076AC89EA06098AEA070A4E46DDE90E89E4
:10729000D4E9004518EB000849EB0109A41945EBB6
:1072A0000A05264674AC2F46D4E9004514EB0804C1
:1072B00020467CAC45EB0905D4E9009A19EB00099E
:1072C0004AEB050A4846DDE9004514EB090445EBA5
:1072D0000A05A0463418A9460BEA080B47EB0A0535
:1072E00041460CEA090C880B890C40EA894E41EAB8
:1072F0008931CDF810E14FEA994E4691CDE900452C
:10730000DDE906675C466546DDE900BCDDE91201A2
:107310004BEA060B4CEA070C5E466746DDE908BC03
:10732000CDE90A678BEA040B8CEA050C4F4676AE72
:10733000DDE90645CDE90EBCDDE900ABCC46BF0B6F
:107340000AEA040A0BEA050B54465D46DDE90AAB7E
:1073500000EA0A0001EA0B01DDE904AB8AEA080A47
:107360008BEA090BC6E900AB41EA050A4E4674A94F
:1073700040EA0409F60544A848ACC1E9009A47EA86
:107380008841E14645914EEA8831479146EA5821C5
:10739000D0E90056499146A84146D0E900ABC9055D
:1073A00085EA0A0586EA0B0641EA5C2137464891E0
:1073B000DDE900ABCDE90A89594650468907000F3F
:1073C00041EA9A0140EA0B1E50464D915946CDF8CC
:1073D00028E180074906D4E900895C4641EADA11D0
:1073E00088EA050889EA0709240F4F914AA9464609
:1073F00044EA0A1E4F465D464EACCDF82CE140EA09
:107400009B0ED1E900894CA9CDF830E14FEA4A6ED4
:10741000D1E900AB53E9080188EA0A0889EA0B09B7
:107420004EEAD51EC246CB46CDF838E1DDE90289E9
:1074300018EB000849EB010940464946D4E90089A8
:1074400089EA0B0988EA0A084D464446DDE90E9AA6
:1074500019EB00094AEB010A19EB06007EAE4AEB74
:107460000701D6E90089DDE90C6718EB000849EB54
:10747000010916EB0806404647EB09074946B146A5
:1074800074AEBA46D6E900784FEA9A3E3F193C46B8
:107490004F4648EB0508BE0B271848EB0108494644
:1074A00046EA8A458C0C76A95095D1E900BCDDE905
:1074B00000560BEA090B0CEA0A0C3D4346EA0806A3
:1074C00058466146CDE902782F46B046DDE90456BC
:1074D00045404E4044EA8A31AB46B4465291DDE91C
:1074E0000256DDE9000128403140DDE90656CDE9CC
:1074F0000C013D40514606EA08068C0C28463146F0
:1075000076AE5546DDE90A78ED0587EA090788EA8F
:107510000A08C6E90078DDE90C67C846D14606438B
:107520000F4374A94EEA884E50A8CDF844E1C1E952
:10753000006744EA88314F464646539145EA582150
:10754000D0E9004552A85591F105D0E9009A41EAE9
:10755000572184EA090485EA0A055491DDE9028984
:10756000CDE90E6740464946000F890740EA091EEB
:1075700054A8CDF858E1D0E90067484666406F400E
:10758000000FCDE90C674746C84641EA970140EA3B
:10759000071E59914946BE07CDF85CE1490646EA07
:1075A000990E58AE41EAD711CDF860E14FEA476E27
:1075B0005B9156A94EEAD81ED6E9009AD1E900019E
:1075C000DDE9084580EA090081EA0A01CDF868E1B1
:1075D00006460F4653E90601DDE90C8924184D41A2
:1075E00020465AAC29461BEB000BD4E9004558460F
:1075F0004CEB010C74407D40264674ACD4E900ABE2
:1076000080AC1AEB060A4BEB050B564618EB00084C
:107610005F4649EB0C09D4E900ABDDE912451AEBF2
:10762000080A4BEB090B504614EB0A045946A246D4
:1076300045EB0B053418AB4647EB01055146274691
:107640005E468C0B76A9A846554644EA8B4ED1E996
:107650000001CDE90878284055463140CDF870E169
:10766000AD0C7495DDE90256CDE90CAB3D4346EA1D
:1076700008062F46B04676ADC5E90078DDE90A89EF
:107680005F4688EA000889EA0109BC0BCDE9128946
:10769000D146DA46DDE908BCDDE9026758466146B5
:1076A0004FEA9A4E06400F4030463946CDE9080170
:1076B000749840EA8A315E91D5E90001DDE900560F
:1076C00005400E40DDE90E012F4676AD80EA090047
:1076D00081EA0A01C5E90001384631465546DDE92F
:1076E0000867ED0506430F433046394674AEC6E9D8
:1076F000000144EA894160465D914EEA8931800784
:107700005F9145EA592161914946CE055CA9D1E9CD
:1077100000455EA946EA5A2E60AECDF880E140EA07
:107720009B0E6046CDF894E14FEA4B6E40064EEA60
:10773000DC1ED1E900785946CDF898E17C406746D7
:10774000090F85EA080541EA0C116291390FD6E963
:10775000006741EA0B1166406F40639166ACCDE96A
:1077600008675F46BE0746EA9C01649140EADB1168
:10777000679162A9D1E9006764A9D1E9009A53E948
:10778000040186EA090687EA0A07DDE9049A19EB8B
:1077900000094AEB010A48465146D4E9009ADDE95E
:1077A000124589EA06098AEA070A24184E4657460E
:1077B000204674AC4D41D4E9009A82AC19EB06091D
:1077C0004E464AEB070ADDE90889574618EB0008E0
:1077D00049EB05094946D4E9009ADDE9064519EB6C
:1077E00008094AEB010A484614EB09045146A14630
:1077F00045EB0A053418AA4647EB010549465646AB
:107800004FEA9A4E880B76A9CDE90445D1E9007874
:107810004D46494608EA0A0840EA8A402F40890C4A
:1078200045463C4641EA8A31CDE908BCCDE9069A95
:10783000DDE9047868904BEA070B4CEA080C6A9182
:1078400058466146DDE90E78DDE902BC674088EA0A
:107850000508B40B0BEA000B0CEA010C76A9CDE984
:107860001278DDE90856DDE904783D4006EA0806AD
:1078700037462E4655464BEA060B4CEA070CED05FB
:10788000C1E900BCDDE904BC59460F0F61468E0713
:1078900044EA894169914EEA89314FEAC95E6B91A8
:1078A00045EA59214EEA5A2E6D9168A9CDF8B0E10A
:1078B000D1E900456AA9D1E90001DDE90A8944401E
:1078C0004D40204647EA0C1429466E946446270F23
:1078D00046EA9B0447EA0B1E71945C46CDF8BCE176
:1078E0004FEA4B6EA507644645EA9C056406709511
:1078F0006CAD44EADB14D5E90056739445404E4024
:1079000074A9C1E900566EA9D1E9004570A9D1E971
:10791000000144404D404EEADC1126462F4672914C
:1079200072A953E9024518EB040849EB05094446DE
:107930004D46D1E90089DDE9120188EA060889EAA5
:1079400007090019694104460D4676A9D1E900BC32
:1079500074A91BEB080BD1E900014CEB090C0019D1
:1079600084AC6941D4E90045109E24184D4120465D
:107970002946DDE9004524184D41CDE90A451BEBB8
:1079800000044CEB0105502ECDE900457FF442A9DF
:1079900094ABDDE90012D3E90034DDE902AB5B18FA
:1079A0005441CDE9003496ABDDE90401D3E900236D
:1079B000DDE9084512184B41CDE9022386ABD3E936
:1079C000001288AB09196A41CDE90412D3E900011C
:1079D0008AAB10EB0A0041EB0B018246D3E9008928
:1079E0008B468CABDDE90A01D3E9006718EB000890
:1079F0008EAB49EB0109DDE90601D3E900453618F4
:107A000090AB4F41DDE90C0124184D41D3E9000151
:107A1000CDE90645DDE90E450019DDE9003469418F
:107A2000939DC5E90434DDE90223CDE90801C5E9E8
:107A30000623DDE904340020C5E90834DDE9062326
:107A4000C5E90AABC5E90C89C5E90E67C5E910238C
:107A5000DDE90834C5E912340DF2E44DBDE8F08FDC
:107A60002DE9F84314460D4600210646D0E90023CF
:107A700002F07F0712194B41C7F180088B4208BF03
:107A8000A242C0E9002306D2D0E90223013243F129
:107A90000003C0E90223DFB1A04519D806F150095F
:107AA0002946424609EB07000BF0D6F84946304616
:107AB000FEF71EFF80B9C8EB0404454407467F2C3F
:107AC00008D929463046803C8035FEF711FF18B9A9
:107AD0007F2CF6D814B92046BDE8F88306F1500093
:107AE0002246294638440BF0B7F80020BDE8F88359
:107AF00002B1B5E7104670472DE9F8430446006827
:107B000080220D4600F07F0004F15006231801305A
:107B1000702883F8502000F21A81C0F17002002111
:107B200030440BF0BDF8E1680023A0684FEAC109BA
:107B300067684FEAC008314649EA507926687A0FEB
:107B4000204643EA0903FF0042EA08024FEA136EA7
:107B500084F8C33047EA567784F8C7204FEA134CBD
:107B600084F8C0E04FEA132E84F8CB70130E84F82B
:107B7000C1C0F60084F8C2E084F8C4304FEA124E67
:107B80003B0E84F8CF60120A84F8C5E04FEA174C28
:107B900084F8C83084F8C620330C320E84F8C9C08B
:107BA0004FEA172E84F8CD30360A84F8CC2084F8BA
:107BB000CAE084F8CE60FEF79BFE0346002840F042
:107BC000D380E27D2A70E28A6A706269120AAA7022
:107BD0006269EA70E27C2A71628A6A712269120A19
:107BE000AA712269EA71E27F2A72E28B6A72E26903
:107BF000120AAA72E269EA72E27E2A73628B6A73DF
:107C0000A269120AAA73A269EA7394F827202A7457
:107C1000E28C6A74626A120AAA74626AEA7494F85C
:107C200023202A75628C6A75226A120AAA75226A52
:107C3000EA7594F82F202A76E28D6A76E26A120AB3
:107C4000AA76E26AEA7694F82B202A77628D6A7720
:107C5000A26A120AAA77A26AEA7794F8372085F80E
:107C60002020E28E85F82120626B120A85F82220FE
:107C7000626B85F8232094F8332085F82420628EE7
:107C800085F82520226B120A85F82620226B85F8BC
:107C9000272094F83F2085F82820E28F85F82920B6
:107CA000E26B120A85F82A20E26B85F82B2094F803
:107CB0003B2085F82C20628F85F82D20A26B120ABC
:107CC00085F82E20A26B85F82F20D4F8D00000284C
:107CD0004AD194F8473085F83030B4F8463085F80A
:107CE0003130636C1B0A85F83230636C85F83330B1
:107CF00094F8433085F83430B4F8423085F83530A4
:107D0000236C1B0A85F83630236C85F8373094F8DD
:107D10004F3085F83830B4F84E3085F83930E36CA0
:107D20001B0A85F83A30E36C85F83B3094F84B3009
:107D300085F83C30B4F84A3085F83D30A36C1B0A16
:107D400085F83E30A36C85F83F30BDE8F883C0F17C
:107D50008002002130440AF0A3FF31462046FEF79E
:107D6000C7FD20B1BDE8F8831846BDE8F883014699
:107D7000702230460AF094FFD5E600BFFEF714BD2E
:107D800002B970476CE600BFFFF7B6BEFEF7B0BDA4
:107D9000F0B5B7B01C4607460D4616460021D8225E
:107DA00068460AF07DFF21466846FEF7FDFC044662
:107DB00028B95DB931466846FFF79EFE044668461D
:107DC000D821F9F7CBFE204637B0F0BD2A46394618
:107DD0006846FFF745FE04460028F0D1EAE700BFF9
:107DE000FFF7D6BF2DE9F04F0121C7B081464FF410
:107DF00080600AF061FF00286BD00025DFF8448125
:107E0000DFF844A10746D82210A829460AF048FF07
:107E10008AFB0534022DA4EBE574CCBF00260126B5
:107E200004EB44042C1BB9F1000F33D1314610A8E8
:107E3000FEF7BAFC8346002840D1022C50D03B4BC1
:107E400003EB8403D3F8002462BB10A86946FFF754
:107E500053FE834690BBC6F10402684641461201B8
:107E60000AF01AFF00285BD1B9F1000F2DD10135BE
:107E700008F14008062DCBD1B9F1000F47D110A869
:107E8000D821F9F76BFE38460AF0CEFE584647B0C7
:107E9000BDE8F08FC6F10401621C2548C9010AF053
:107EA0000FFFC3E7C4EBC403224910A804EB03147B
:107EB0002144FFF7D5FD83460028C6D0B9F1000F55
:107EC000DDD01D480AF0E4FED9E71C480AF0E0FEC8
:107ED000CDE7B9F1000F1ED1012047B0BDE8F08F0A
:107EE0004FF47A746121384622460AF0D9FE01E047
:107EF000013CAAD04FF47A72394610A8FFF7B0FDC2
:107F000083460028F4D0B9F1000FB8D0D9E70A2091
:107F10000AF08EFEB3E70A480AF0BAFE0120B6E77F
:107F20004FF0010BB9F1000FA9D0CAE760DC026085
:107F3000443600206CE002605C1A00200C1A00201D
:107F400028360020E0DE026056555555DFF874C033
:107F5000DCF8003073BB4CF6A840F0B5164C4CF67C
:107F6000A945164E4CF2090704F5027EB84216D018
:107F70004CF20A03124903E083420CD0136A114603
:107F800001F12002002BF7D16DB174450BD22846C8
:107F900056F8045FEAE791F828302A2BF4D02060E5
:107FA0000434002DF1D10022012303482260CCF8D3
:107FB0000030F0BD004870473CB2002024F202605F
:107FC000C0E102604CB4002078B138B50546074CDA
:107FD000074803E054F8200F30B1606829460AF0E2
:107FE0003FFE0028F6D1204638BD7047C0E1026050
:107FF000583600204CF2090398420DD04CF20A0387
:10800000064A02E0834205D0136A2032002BF9D1E0
:10801000184670471046704700487047C0E102603C
:10802000837A0A2B0AD8012000FA03F313F08E0F8B
:1080300003D113F4C06F03D00220704700207047B3
:1080400013F0100F0CBF002004207047807A20B17D
:10805000032804D9042800D170470020704701206C
:10806000704700BF837A0A2B08D8012202FA03F373
:1080700013F4E36F14BF10460020704700207047D0
:10808000807A053803288CBF00200120704700BF8C
:108090004CF2090398420FD04CF20A03074903E05F
:1080A000984207D0136A114601F12002002BF7D144
:1080B00003487047486A704702487047C0E1026051
:1080C000803600205836002008B5FFF77DFF00B14C
:1080D000006808BDC36B10B5044693F88000F2F742
:1080E00043FE50B1E36B204693F8801006F006F88B
:1080F000003018BF0120404210BD014810BD00BF34
:108100000094FFFF2DE9F047446984B0C56B002C53
:1081100005F254450CBF4FF000084FF002081D4413
:1081200008EB0109B9F5205F56D8044600681746E8
:108130002B4690F8CC200E4690F8C910C2F34002AE
:1081400090F8C80006F04AF823682E22A91CD3F83C
:1081500018A0D869D04750BBA16B3022E36BC86D23
:10816000C3F81024002839D0BC300121F7F7A2FE53
:1081700080B32368C6F52050E26B2946C8EB0005A2
:10818000A06BD2F810E4DA69C06D03927246D3F89E
:1081900018E0BC30D4F8C030CDF808E000974B446C
:1081A0000195F7F76BFF10B9B8F1000F02D104B0D9
:1081B000BDE8F0873B68D4F8C0201B0A9355D4F87B
:1081C000C0103B680E4473703B6802333B6004B0E0
:1081D000BDE8F0870248EAE70248E8E70248E6E738
:1081E0000093FFFF0096FFFF0089FFFF4368102BFD
:1081F0002DE9F04F9DB000F0A684C36B0446002B20
:1082000000F0A18405F05EF9002840F0A680236804
:1082100093F8CC309D0705D5E36B93F8EC31012B37
:1082200000F00C8165680C2D00F09C80112D00F28F
:108230008A84DFE815F00A010D0134035C03610351
:108240008A03DF0352030F04120057030604880455
:108250000B047F0483048804A200E26C0023204600
:1082600015680B9304F0E2FE002876D1AB7A5A1F12
:10827000032A40F265830B2B00F06283D4F8D430DC
:10828000002B00F05D83E26B2168002A01F0FB8186
:10829000D2F8C031002B01F0F6811968002900F0F6
:1082A0004F835B68002B01F032840DF13008D2F867
:1082B00004342046414698476369032B01F06782E6
:1082C000E36B002B01F08782D3F8C031002B01F063
:1082D000828258680421F7F7EDFD002841F0C08143
:1082E0000646C446062124238146E06B2768002801
:1082F00001F0EB81D0F8C001002801F0E681406870
:10830000FA690DF12C0ED4F8C05003926246BF6991
:108310000D44314602978DE82040F7F765FEE0B93D
:10832000D4F8C03016250B9A0F214B442046120A70
:108330001A71D4F8C0300B9A4B445A710B9BD4F885
:10834000C0200633C4F8C4504B44C4F8C830117080
:1083500063680133636005F009F9054628461DB0DE
:10836000BDE8F08FE36BD3F8883623B9204607F0D9
:1083700023FC0546F2E711236360204607F016F957
:108380000028EAD1A36F162B40F05887236F1A7884
:10839000042A40F0B5872068D4F8A01090F8CC00EB
:1083A000800740F14984112940F2AA87587C03F1E3
:1083B0000C051E7C0C2293F80CB040EA062693F8BC
:1083C0000EA0587B93F80F900490B31D134499426C
:1083D00040F09687E26B4FF000080C23C2F88886C5
:1083E0006360002E00F02B83A36B996E586EF9F733
:1083F000B5FBA36B586E0AF017FCA76B3146012042
:10840000C7F86480C7F868800AF056FC0590002819
:1084100001F07583A91D32460AF01EFC049B4546F7
:10842000BE661A04059BC7F8088042EA0B627B66A9
:1084300042EA090242EA0A22FA668FE7204605F07C
:10844000CFFF00283FF4EEAE87E70123636085E7A6
:1084500021688B69002B01F06B82A3682BB991F81E
:10846000CA30236191F8CB30636191F8C8000028CD
:1084700000F0698391F8CC20D4F8C09091F8C9102D
:10848000C2F3400209F1040305F0A8FE2368E66B7D
:1084900093F8CC2006F21441900740F19B83D6F864
:1084A000DC21002A00F096830E684D688868CA684F
:1084B000C9F80660C9F80A50C9F80E00C9F81220B8
:1084C00088690E694D69CA69C9F81660C9F81A50F9
:1084D000C9F81E00C9F82220A16B8868A0F110031A
:1084E000102BA36800F28B83002B00F04D86002335
:1084F00009F1270589F82630236893F8CC209207E4
:1085000016D5E36BD3F8DC21002A00F0148793F82A
:10851000E0316E1C2B703046E36B93F8E021D3F80A
:10852000DC110AF099FBE26B236892F8E0513544C4
:108530006269AE1C53F822703868002801F0A080F0
:108540004FF00008FFF756FD236893F8C910C0B13B
:108550000269914215DB93F8CBE03146826996457A
:108560000FDC93F8CC309B0702D5037F5A0708D461
:108570003B6808F101081B1201F8023B3B6873706D
:108580000E4657F8040F0028DCD1A3683BB93246E9
:10859000FF2108F1010802F8023B717016462368BA
:1085A00093F8CE30DB0708D533465621002208F178
:1085B000010803F8021B72701E4601224FEAD8110F
:1085C0004FF0000B08FA02F3B04629706B70331DB0
:1085D00008F8022B86F801B01D46D4F8C070D4F814
:1085E000D800069307F52057002801F045800AF0CF
:1085F00027FBBD4282462B4605D800F10905FB1A30
:10860000AB4280F0F7855D460222A3684244012B0D
:1086100040F02385BA4294BF00230123002B40F091
:108620001C85D4F8EC10B81A0531884219D30127FB
:10863000FF219370501D117004F1F0015770D4F8B0
:10864000EC303B44D370D4F8EC301371D4F8EC2008
:108650000AF002FBD4F8EC30D4F8C070053307F50B
:108660002057D4F800E01D449EF8C930032B00F0D9
:10867000FA840022DEF878B015449BF80000002848
:1086800000F003844FF0000A04E01BF8010F0028FB
:1086900000F0FC830AF1020AF2F766FB0028F4D12D
:1086A00000232B44D4F8C0709A1C07F5205742448D
:1086B000BA4240F22E842568002095F8CD2002F0C1
:1086C000020103EB000E01F0FF03002900F0F1822C
:1086D0000EF1020095F8C9304044002B00F06C8583
:1086E000B84294BF00230123002B40F06585391A5E
:1086F000032940F2DE821622037083700421C370C6
:1087000042702568D4F8C07095F8CD2007F5205741
:1087100002F004020EEB010302F0FF0AEAB19A1C18
:1087200095F8C9104244002900F04285BA4294BF2E
:1087300000210121002940F03B85B81A032841F2AD
:1087400047801720117091704FF0040AD17050705B
:10875000D4F8C070256807F520575344D5F8A4A075
:1087600003F1020B049308EB0B030593BAF1000F1E
:1087700000F07F87DAF80010002900F0C5874FF07D
:10878000000B08460AF05CFA5AF8041FC0B2013028
:1087900083440029F5D10599B94200F261840BF1B7
:1087A00006027B1A9342C0F02285102300228D1D01
:1087B0000A704B702368D3F8A470386890B10AF03F
:1087C0003FFA2B465FFA80FA03F8010B184652462F
:1087D00039680AF041FA0AF1010A57F8040F5544C2
:1087E0000028ECD1059FEB1BDAB2981F191F951FCB
:1087F000000A043A090A38717D71FA70B970D4F828
:10880000C070256807F52057049A1A4495F8CD30B2
:10881000901CDB090492404400F02284B84294BFCB
:1088200000230123002B40F01B84A26B3F1A926EA1
:10883000151DAF42C0F07C8503702321130AC2705E
:1088400041708370A36B596E002A00F0EF860029F7
:1088500000F0EC8604300AF0FFF9049B5D1905D0A6
:10886000069BF5702B4498462B0AB370C9EB0800A1
:10887000D4F8C03001221621C4F8C800C4F8C410CE
:108880001A7094E80C000133636092F8CC309807BA
:1088900000F17584204604F069FE05465EE5204639
:1088A000266F06F083FE054600287FF457ADA36FC0
:1088B000162B00F00582A368012B40F0BF842268CC
:1088C000E368D2F8B4200133002AE360C0F2E68105
:1088D000934240F3E381BC4D40E5204605F05EFA4B
:1088E00005463BE5204605F0E5FA054636E5204617
:1088F00006F088FF054631E5E36C00201E680A900B
:10890000B37A012B00F0D081093B012B40F2A68104
:10891000204606F04BFE00287FF41FADA36F162BF8
:1089200040F08C84226F13780C2B00F0EE83B37A26
:1089300003F0FD03052B40F081840123C4F8A83027
:10894000636800250133636008E5E36C1B689B7A6C
:10895000013BDBB2092B00F20B81012540F20F3203
:1089600005FA03F31A40002A00F00281204606F0BF
:108970001DFE00287FF4F1ACA36F162B40F05E843F
:108980006368216F013363600B780D2B0CBF0123EB
:108990000023C4F8D43040F006842368D4F8A00043
:1089A00093F8CC3003F0020303F0FF05002B00F036
:1089B000A0840C2817D90A7B0C2313440333984254
:1089C00011D96369032B00F0C080002D00F0A08452
:1089D00011440C254B7B897B41EA032153182B441E
:1089E000033398422BD0204632220221774D05F0E6
:1089F000C7F8B3E4204606F0D9FD054600287FF409
:108A0000ADACA36F162B7FF466AF2268D4F8A0102C
:108A100092F8CC3013F0020F0CBF04230C239942C0
:108A200040F0D183236F1B780E2B40F0CC8363681A
:108A30000133636092F8CC309E0700F13C81002541
:108A40008CE4204605F00CFC054687E4204607F040
:108A50000BF982E4E36C1E68B37A022B00F0CA8241
:108A6000DA1E012A40F28980093B012B8CBF0025C8
:108A70000125002D40F081803046FFF701FB0028E2
:108A800000F0A5822368D3F89420002A01F03F80EB
:108A9000D3F89C20002A01F03A80D3F8A0309A1D28
:108AA0000C93B2F5205F00F2AA86D4F8C020190A10
:108AB0001171D4F8C02053712368D4F8C000D3F8E2
:108AC000A020D3F89C1006300AF0C6F82068B37ACC
:108AD000D0F8A020052B02F1060700F0BD85072B7A
:108AE00000F0E586062B00F02886082B40F0AE83C8
:108AF000C569C7F52053D4F8C0200CA90195856934
:108B00003A44E06B00958030F1F7C4F800287FF418
:108B100024ACB17A204605F0F7F900287FF41DACAB
:108B200016200C9BD4F8C0201021C4F8C4003B448C
:108B300020460AE40F23002563600FE42046002549
:108B400004F01CFA0AE4224D08E4002D00F04E86E1
:108B50008F184FF00C0E7E7BBB7B43EA0626D31C9E
:108B60007344334498427FF63EAF931C9A192CE726
:108B7000062300256360FFF7F1BB25684FF47A7385
:108B8000D4F8C0200CA9EE69E06B04320196AD69FF
:108B900080300095F1F77EF800287FF4DEAB256881
:108BA0004FF40073E06BEE6900F2544200F582610D
:108BB00001968030AD690095F1F7AEF800287FF49A
:108BC000CCAB0427ACE700BF0089FFFF8085FFFF27
:108BD000008FFFFF9D690422D869A84700287FF411
:108BE000BCAB236806F583611C229D69D869A84740
:108BF00000287FF4B2ABE16B01F2144154E4002B86
:108C00007FF475AC4B6E002B00F0408700208B6E1C
:108C1000002B40F00E8589F8260009F12705002871
:108C20003FF46AAC0023A26B1A440133127B8342E7
:108C300005F8012BF7D35FE4092940F26183587AE4
:108C40001D1D1E7A93F804B040EA0626587993F861
:108C500006A0049093F80790FFF7B7BBA36BD86DFD
:108C6000002800F00587BC300221F7F723F900281F
:108C700000F0B985A36B0122E06BDB6D8030D3F887
:108C8000C010F0F7E1FF002800F0A582054620465D
:108C90002822022104F074FFFFF760BB0123D34DAB
:108CA000C4F8A830FFF75ABB052305466360FFF7F9
:108CB00055BB19462CE5204605F06CFBFFF74EBB73
:108CC000236893F8CC2002F0020101F0FF00002994
:108CD00000F075823378032B00F09C85E36BD3F8AA
:108CE000DC0109F0A1FFE36B83F8E051C3F8DC512C
:108CF0002368D4F8A01093F8CC2002F0020202F00E
:108D0000FF00002A0CBF2A2232228A4200F2CA83C4
:108D10003278022A40F0C683002893F8CC2004F170
:108D2000140104F110000CBF4FF004084FF00C08C0
:108D3000C2F34002B044434605F05AFA2368226960
:108D400093F8CA108A42C0F2E284616993F8CB00BA
:108D50008142C0F2DC8493F8C800824200F3D784D9
:108D600093F8C930994200F3D2844346E76B53F835
:108D7000026F5D689868D968C7F83464C7F83854DA
:108D8000C7F83C04C7F840141E695D699869D96941
:108D9000C7F84464C7F84854C7F84C04C7F85014DF
:108DA00098F82260202E00F27D832368D4F8A0205A
:108DB00093F8CC30990740F1B48206F133039A421C
:108DC00000F2AD840C2306F126010B449A4240F0D8
:108DD0006983002708EB060393F8235093F82420B7
:108DE00093F8253042EA0525002B40F02F862846CF
:108DF000D4F84C90FFF7FEF8E36CC9F80000204669
:108E00001968002900F0488605F066F8D4F83C900F
:108E1000D9F87836002B00F02A82002E00F0278245
:108E2000A368002B40F02382A36B04931B689D4230
:108E300000F0818508F1230A63684FF0000E049A60
:108E40005146013302F10C0032466360049BC9F8BD
:108E500078E69E6083E8204009F0FEFE23686269A0
:108E600053F82230043B04E0A26B1268904200F0F9
:108E7000708253F8040F0028F6D120462F220221D9
:108E80005B4D04F07DFEFFF769BA824605F1020BE7
:108E900008EB0B03BB4204933FF602AC049A0AF1C1
:108EA000060ABF1A5745FFF4FBAB2368D3F878B026
:108EB0009BF8000000283FF4F3AB9246002700E047
:108EC0000F46F1F751FF4388B91C0AF1020A1B0A49
:108ED0008AF8043043888AF805301BF8010F00280F
:108EE000EED100293FF4DCABCAB207F1040E4FEA21
:108EF000112C049907F108034FEA1E2708700A2075
:108F00004A7102328F70CA7081F804C04870FFF74E
:108F1000C8BBB91A05294FF000010DD90B2702254E
:108F2000012011709170517106215770D570107128
:108F3000D4F8C07007F5205725680B44B5F8CC204D
:108F4000991C02F4E0724144002A00F0D585B94230
:108F500094BF00220122002A40F0CE85781A04280E
:108F600010D901200A708A7005224870C8702068E4
:108F7000B0F8CC00C0F382100871D4F8C070256836
:108F800007F52057134495F8CD20991C12F0400F97
:108F9000414400F0BF85B94294BF00200120002861
:108FA00040F0B885C1EB070EBEF1030F7FF687AB2B
:108FB000042208708870C87010464A702568D4F87A
:108FC000C07095F8CD2007F52057FFF778BBB37A2E
:108FD000012B40F03B8103460CAA04212046FFF7F9
:108FE00091F800283FF4EDADFFF7B7B90095FFFF0A
:108FF0008086FFFFE36BD4F8C0205B68190A0C93EE
:109000001171D4F8C0205371E66B06F10800EAF73D
:10901000D5FF2568D4F8C0200146EF69301D0C9BB0
:1090200006320197AD690095F0F716FB00287FF432
:1090300094A925684FF40972E06BEE6900F582632C
:1090400000F2544101960430AD690095F0F76AFBD7
:1090500000287FF482A9062762E50023FFF701BB01
:109060000025FFF7FABBDEF874A0DAF8000000284C
:1090700000F05B845246002352F8041F0433002999
:10908000FAD105F1020B08EB0B02BA420492114629
:1090900000F256810633BA1A9A42C0F00C830028B7
:1090A00000F0DC840F464FF0000B04F0F7FF4FF0A8
:1090B0000303B8710BF1040BFB710437DAF80000FD
:1090C00004F0ECFF4FF0010338717B715AF8040F84
:1090D0000028EAD1049F5FFA8BF30BF10201002014
:1090E0007B710233090A3870FB704FEA1B23B97099
:1090F0000D213B710BF106027970D4F8C070D4F8E1
:1091000000E007F52057FFF7B5BA2368D4F8A05060
:1091100093F8CC10B37A154411F0020FA3F1080EA6
:1091200003F0FD000CBF04210C21BEFA8EFE082BBB
:1091300018BF062B0A444FEA5E1E0A9200F089808F
:10914000052800F0868003F0FB02022A00F0DB8392
:10915000033B012B02D9BEF1000F77D0E06B2A460A
:109160000AA98030F0F75CFD002800F0AB832046B0
:109170002F220221CF4D04F003FDFFF7EFB8204668
:1091800005F050F8FFF786BBE36BD3F87836002B79
:109190003FF438AD4B6E002B7FF439AD89F82600D3
:1091A00009F127053EE5C4F8A8500546FFF7D6B8F3
:1091B0004FF0000AFFF7D1BA0021FFF7A9BAD4F89F
:1091C000A0102A22A1E5204632220221BA4D04F045
:1091D000D7FCFFF7C3B82046FEF77CFF0546002802
:1091E00040F0E283636801336360FFF7B7B80023A0
:1091F000FFF70ABB411DC2B2C31C86F804B0090ABE
:10920000571DD01C1B0AB1714FEA1A213273524606
:10921000F771707206F10D0086F805B086F80AB095
:109220003372F172D4F8D81009F016FDD4F8C0707A
:109230000AF10B0207F52057FFF7E7B920460A228B
:1092400002219E4D04F09CFCFFF788B89C4DFFF76F
:1092500085B8A91E8A428AD85178971C92F800C016
:1092600041EA0C22A91A8F4206D90A977FE7A36B1D
:1092700008F1230A0493DFE53A4405280A927FF4B3
:1092800062AF023B022B3FF65BAB2268636992F848
:10929000CC20D4F870A012F0020FDDF828800CBFAB
:1092A0004FF004094FF00C09032B00F0A883022BA8
:1092B000CCDC3046FEF7B4FE0428064600F09D8361
:1092C00000270A9BAA1E93420BD893F800B09A1C61
:1092D0005B780A9243EA0B2BCBEB0505AA4200F020
:1092E0006683204632220221724D04F049FCFFF7CA
:1092F00035B804287FF677AB0A790423FFF75DBB06
:109300002046322202216F4D04F03AFCFFF726B8C6
:10931000114404254E798B7943EA06231344FFF761
:109320005EBB06F12B039A4200F2D98104234AE581
:109330001D46FFF792BA2A7001352368FFF7F8B887
:10934000DEF878B09BF8000000287FF49BA9FFF7B7
:10935000A7B9FEF74FFE63691946069300283FF44C
:109360008CAD03699942FFF688AD836999423FF756
:1093700084AD236893F8CC309B0703D5037F5D074A
:109380003FF57BADA26B06F1280311460492002243
:1093900008EB03064A60002F00F09C82B578F17854
:1093A00018F8030041EA0521737801F1040943EA42
:1093B00000230D464F4575D3059204F1F002079244
:1093C00004F1FC020892102B00F0C6807EDD172B02
:1093D00000F0B38040F3A080232B00F0F5804FF61F
:1093E0000172934248D1A368002B00F05A81D4F84F
:1093F000ECC04FEA4C035A1CAA4240F085803279F7
:10940000934240F081804FF000038DF83030BCF182
:10941000000F00F03083079B06F1050E184603EBA2
:109420000C081EF8013B10F8012B9DF8301053403A
:10943000804543EA01038DF83030F2D19DF8303099
:10944000002B61D10CF1050E08988DF82C30844466
:10945000B6441EF8013B10F8012B9DF82C10534028
:10946000604543EA01038DF82C30F2D19DF82C3091
:10947000002B49D1012305937F1B4E447B1F043FE2
:10948000022B46D9002F00F02682F378B578327887
:1094900043EA0525737805F10409294643EA0223C6
:1094A000B94590D9204632220221074D04F068FBCD
:1094B000FEF754BF0085FFFF8084FFFF0089FFFF98
:1094C0000094FFFF0092FFFF8086FFFF042B00F057
:1094D0009F800B2B00F08480012BCDD12368B3F843
:1094E000CC3003F4E07232B1012904D1C3F382130A
:1094F00032799A42C0D0204628220221C14D04F080
:109500003FFBFEF72BBF5C4620462822022104F0D9
:1095100037FBBC4DFEF722BF162BADD1236893F865
:10952000CD309A07E7D5069B002BE4D00029E2D185
:10953000049B1A46012393679EE7236893F8CD3076
:109540005B07D8D5069B002BD5D00029D3D1E36B80
:109550000122C3F88C268FE72368D3F8A480B8F1E2
:10956000000FD1D0032940F39C813179AB1E727971
:1095700042EA01229A4240F0948196F806A0EB1E3E
:109580009A4540F08E81D8F800B0BBF1000FBBD0F7
:10959000F31D09955D46A3461C4603E058F8045F99
:1095A000002DB0D0284609F04BFB8245F6D152463B
:1095B0002946204609F070FB0028EFD15C46AB46F7
:1095C000099DC4F8DCB057E7236893F8CD30DB0978
:1095D00091D000298FD1E36B0122C3F888264BE795
:1095E000002900F05E8133795A1CAA4240F059816B
:1095F000711D002B88D07279012A6CD91944B31DD2
:1096000003E013F8012B012A65D99942F9D17BE7D0
:10961000236893F8CD3058067FF56DAF00297FF4AD
:109620006AAF049B1A460123536725E70425FFF719
:1096300014B923680C3120229D69D869A8470028F5
:109640007EF48BAE2023A26B09F1270593601846A8
:1096500089F82630FFF7E6BA0C951946FFF75ABA93
:109660000621142304260DF1400C4FF00009FEF7EB
:109670003CBE5346FFF7C8B805460222FEF7C5BFF9
:109680008046FEF782BF896E00293FF459A90B6816
:10969000002B3FF455A9002A40F0E3810B46FEF76A
:1096A00000BE01297FF430AF3379002B7FF42CAF5B
:1096B000C4F8E810DEE6DEF878B09BF80000002879
:1096C0007EF4E0AF8246FFF7E9BBB86E00283EF4B7
:1096D00017AEFEF714BEE36BC3F85C21CCE608EBD3
:1096E000060393F8271093F8267041EA0727791E9E
:1096F00002297FF6D7AE042106F128003844014440
:109700008A423FF469ABCDE68B46FFF744B820466A
:10971000462202213C4D04F033FAFEF71FBE08EB4F
:10972000060393F8271093F8267041EA0727791E5D
:1097300002297FF6B7AE0C21DEE7E36B5B68991C6C
:109740000C933944B1F5205F59D8D4F8C0101B0AE6
:10975000CB5502F10807D4F8C0100C9B0A44D37112
:10976000E56B05F10800EAF729FC23680146281D8E
:10977000DD69D4F8C02001959D693A440C9B0095A1
:10978000EFF76AFF00283FF4C4A9FEF7E6BDE36CDB
:109790001B685E7AD4F8C030072E00F0F9800422EE
:1097A00006261A71E36BD4F8C050002B00F0E98054
:1097B000D3F8C031002B00F0E480586804F03CFC82
:1097C0004FF00209C446687108210023FEF78DBDE1
:1097D0008A46FEF7C2BF23689B6E002B7EF479ADEC
:1097E0001846FEF777BD094DFFF751BA8F184FF0B5
:1097F000040E7E79BB7943EA0626FFF7B0B9044D23
:10980000FEF7ACBD8086FFFF8091FFFF0093FFFF56
:109810000096FFFF256F0CA9C2F340020BA805F1CB
:109820000C0304F0E5FC0B9902297FF770AF0C9B49
:10983000012B7FF76CAF226892F8C80081423FF796
:1098400066AF92F8C92093423FF761AF226F05F1EE
:109850000F08E36FAE7B1344C8EB0303B342FFF67C
:1098600021AEE36BD3F8DC0109F0DEF9E76B31469A
:10987000012009F021FAC7F8DC01002800F003817B
:109880004146324609F0E8F9012387F8E0612046B5
:109890006360002503F0B0FB204604F07BFDFEF77B
:1098A0005DBD20463222022104F06AF931E602232E
:1098B0000CAA39462046FEF725FC00283FF429A9CA
:1098C000FEF74BBD2046FEF705FC00287FF44FACA9
:1098D000B37AD6E40597D4F8E830002B5BD123683F
:1098E00093F8CC3003F03003202B3FF404AEA26891
:1098F000012A7FF4A4A8002B3FF4FDAD059B012BAA
:109900007FF49DA8F7E5E06B2A460AA90430EFF73B
:10991000A1FD00287FF42BACE26B23685268D3F8DA
:10992000C430B3EBC20FD3D921E40346FFF7A9BB80
:109930007A4DFEF713BD049B5B68002B7FF47AAA77
:10994000049B08F1230A9B689E427FF475AA049B3E
:109950003246514603F10C0009F09EF900287FF4CD
:109960006BAA0C232046636003F060FB05460028C9
:109970003FF474AA20465022022104F001F9FEF7B8
:10998000EDBC23689B6E002B7FF417AF184615E7DC
:1099900005221A7106E7A268012A7FF450A8059AE9
:1099A000002AACD0FFF74BB85D4DFFF770B90AEB5A
:1099B0000902C2EB08030DF13008002F00F091807E
:1099C000414620468DE8880013460BAA06F038FA77
:1099D00000287EF4C2ACA36BD86D002879D0314644
:1099E000BC30F6F767FA00285DD120462822022114
:1099F0004C4D04F0C5F8FEF7B1BC074661E408F130
:109A000002039D42FFF4B3AB98F8000004F03AFB68
:109A1000074600283FF4ABAB0A9B587804F02AFBBA
:109A2000834600283FF4A3AB3946204604F07AFB76
:109A300000287FF49CAB0A9B304602330A93FEF762
:109A4000EFFA58457FF493AB06463AE420462F22BE
:109A50000221354D04F094F8FEF780BC8346FFF7F1
:109A600039BBD2F8C031002B08BF0B46FEF719BC3A
:109A70002E4DFFF70CB99DF83030002B7FF444AD2C
:109A80008DF82C30F2E42A4DFEF768BC89F82630B8
:109A900009F12705FEF730BD50220221254D04F0C3
:109AA0006FF8FEF75BBCA36B42460A9D3946D86D42
:109AB0000B9BBC308DE82008F6F704FA0546002819
:109AC0003EF43EAF20463322022104F059F8FEF75F
:109AD00045BC204628220221144D04F051F8FEF71F
:109AE0003DBC2425414620460B9506F047F9002849
:109AF0003FF471AFFEF731BC0022FFF743BA2046B6
:109B0000502202210A4D04F03BF8FEF727BC0A4D13
:109B1000FEF724BC0020FEF7D2BD00BF008CFFFF83
:109B20000086FFFF0093FFFF808FFFFF0089FFFF8C
:109B30000081FFFF008FFFFF008AFFFF03682DE910
:109B4000F041DC6B82B0002C4DD00B68D41A012C94
:109B500058DD1D789E1C5C784FF6FE730E6044EA5B
:109B60000524651E9D424DD8931B9C424AD803682C
:109B70000F460546D3F83C80B8F1000F15D0186C9D
:109B8000324623462946C04740B128467322022167
:109B900003F0F6FF1C4802B0BDE8F0813E68344493
:109BA00000203C6002B0BDE8F081D3F8A0209442D0
:109BB000EBD1D3F89C1030468DF8078001EB040CF4
:109BC00011F8013B10F8012B9DF807E0614583EA8D
:109BD00002034EEA03038DF80730F1D19DF80730F8
:109BE000002BD2D1DBE7D3F894404CB1D3F89C40A2
:109BF00034B1D3F8A0401CB1D3F89830002BA4D1D5
:109C00000248C8E70248C6E78093FFFF008AFFFFCB
:109C10000084FFFF70B50D68AB1C934213D82E78FB
:109C20006C780B6044EA06241D19AA420BD3006825
:109C30000D46224619460430EFF7FAFC28B92B6886
:109C40001C442C6070BD024870BD024870BD00BF4E
:109C50000084FFFF8083FFFF2DE9F04704469EB09C
:109C6000FF209146E76B0D46984622688DF8490023
:109C70008DF84800002F00F09280D7F8C00100282E
:109C800000F08D8046680346002800F09480186834
:109C9000BC30F6F707F9636907304FEAD00A6BB1B9
:109CA000AB1C994579D3C0F3C7202A78824274D17E
:109CB00069785FFA8AF291426FD11D4605EB0A037B
:109CC00099456AD101213046F6F7F4F8002877D09B
:109CD0002368304629463025DE695246039605AE94
:109CE0009B690096029312AB0195F6F7B1F906460F
:109CF000226804ABE06B92F8CC20D0F88016C2F357
:109D00004002D0F87C0604F069FA20689DF84850BB
:109D100030229DF8103006A99DF849C09DF811E049
:109D200085EA03098369C0698CEA0E05DDF814A091
:109D3000984778BBB8F5097F44D8C8F509732F2B2D
:109D400040D949EA05058AF0300308F25341E26B35
:109D50002B43302539443343C2F810540DF1170614
:109D60000DF147055F421F43FF176FEA070E4FFAD9
:109D70008EFE16F8012F013015F8013F3A400EEA29
:109D80000303134301F8013FE36BD3F8103483421C
:109D9000EFD800201EB0BDE8F087104EA8E7916E06
:109DA00029B98FB1D7F8C0318BB10E466FE74E6835
:109DB00087B90B466BE7936E002B3FF469AF66E7FC
:109DC000074E95E70748E5E73E46384660E71E46FA
:109DD00018465DE7D7F8C00155E700BF0084FFFFD4
:109DE000008AFFFF0094FFFF41648264C3647047F0
:109DF000036893F8CC30DB0716D570B515460446DA
:109E0000D0F8E0000E4608F00FFF2946012008F0C8
:109E100053FFC4F8E00048B131462A4608F01CFF61
:109E2000C4F8E450002070BD01487047014870BD7F
:109E3000008FFFFF0081FFFF4368102B00F0E084DC
:109E4000C36B2DE9F04F0446AFB0002B00F06584E2
:109E500003F038FB002840F07C81226892F8CC3077
:109E6000980740F17981E16B91F8EC31012B00F01A
:109E700056846368122B00F25084DFE813F0DF0190
:109E8000D9010C04E301E70134033B025202E3026F
:109E90006702DF025602BD035A025E0262024E04EE
:109EA0004E04DD019369002B01F03084D4F8C050DA
:109EB00092F8CC2061692B1DC2F34002206904F0A6
:109EC0008DF9AF1D2368042239469E69D869B047D1
:109ED000002840F03E8123681C2205F10A019E699A
:109EE000D869B047002840F03481D5F80660D5F82D
:109EF0000A00D5F80E10D5F81220D4F83CE0CEF8C0
:109F00003464CEF83804CEF83C14CEF84024D5F8AA
:109F10002220D5F81660D5F81A00D5F81E10CEF814
:109F20004464CEF84804CEF84C14CEF85024E36BC9
:109F3000D3F87826002A41F0E480A268A66B8AB99B
:109F4000B2687AB12068026A62B13146806A90478D
:109F5000E36B002801F0D280D3F87826002A41F084
:109F6000D080A66B6268D3F8883601326260002B1D
:109F700001F07982002106F10C002022B16008F086
:109F80008FFEA36B05F127069B68304685F82630C7
:109F9000A16B8A680C3108F05FFEA26B13689268AF
:109FA0001B1206EB0209B354A36B09F1030709F175
:109FB00005081B6889F80130A36B5B6889F80230DB
:109FC000D4F8E820012A01F0868202200023A16B48
:109FD00091F87020002A01F04382391801220026EE
:109FE0004FF0050A3E548E704A70CA70A26B92F808
:109FF00070200A71A16B4A6F53444AB19A1C002029
:10A000000426B918B85432468870C8704E70A16BD7
:10A01000666903EB020A8A6FB6FA86F67609002AA9
:10A0200001F0DD81002E41F0DA810868FDF7E2FFE2
:10A0300038B1007AEDF784FC18B14378022B01F0B7
:10A04000DF8366690023B6FA86F67609E16B53442E
:10A05000D1F88C26002A01F00082002E41F0FD810B
:10A060009A1C1720B918BE548E70CE700426487002
:10A07000E16BD1F888261E445AB1B31C00204FF082
:10A08000230E0422F918F8548870C87081F801E092
:10A09000E16BD1F88436164413F0010310D0B31CE1
:10A0A00000214FF00B0C4FF0020EFA18F95401206A
:10A0B00006239170517182F801C082F803E010719B
:10A0C0001E44D4F8DC20B31C07EB030A002A01F07D
:10A0D000F88200211022F9548AF80120D4F8DC001B
:10A0E00008F0AEFD02460AF1070002F1070B02F18B
:10A0F000030E511C5FFA8BF34FEA1E2EA3F1040CE2
:10A10000090A8AF802E0A3F1060E073B8AF803C0A9
:10A110008AF805E08AF806308AF80410D4F8DC10D2
:10A1200008F09AFD16EB0B0606D0330A08EB06077B
:10A1300089F8046089F803307D1B1621D4F8C030FB
:10A140000222C4F8C8502046C4F8C4101A7003F0A4
:10A150000DFA2FB0BDE8F08F6368122B00F2DD829C
:10A1600001A151F823F000BF3DA2016031A20160BE
:10A17000A59E016045A201604DA20160E5A40160B9
:10A18000F5A2016023A3016045A401604DA3016015
:10A190003DA401602BA30160F7A5016033A301601A
:10A1A0003BA3016043A301601BA701601BA70160E3
:10A1B00039A201600521204604F02CFB0028C8D1FB
:10A1C000636E1A78162A40F0EA82226801330EA9DB
:10A1D0000DA892F8CC20C2F3400204F009F80D9BC0
:10A1E000022B40F3DC82236893F8CC30990740F1CE
:10A1F0001C83A368002B40F01A85236E1A78002A6E
:10A2000040F0CD825D78002D40F0C98253F8021FE6
:10A210002046D4F8B020C2F802109B88D38004F006
:10A22000D9FB002800F0FE82C4F88850C4F88050A2
:10A23000A368002BC4D1BDE7A8488AE7012300200A
:10A24000636086E7204603F0A9FD82E7E16C002207
:10A250000D680D92AE7A721ED2B2092A08D801207A
:10A2600040F2513100FA02F21140002940F09D8283
:10A270000423062EC4F8C83000F00185082E00F033
:10A28000FE84022E00F0DE84062E00F0DB84002720
:10A29000082E00F23E850123B34013F48C7F00F0BA
:10A2A000388522680023906F0F930178E9B1D4F8C4
:10A2B0003CE0DEF8B4713E68002E01F098823378FD
:10A2C000994201F066803A4603E01B788B4201F028
:10A2D000608052F8043F002BF7D110F8011F0029CD
:10A2E000EAD11368002B41F053807D480023C4F865
:10A2F000C8302EE7D4F8C0300E2204201621C4F84E
:10A30000C800C4F8C4101A7094E80C0001336360EC
:10A3100092F8CC309B0700F17782204603F026F9B3
:10A3200017E7204605F06EFA13E7204605F09CFC7F
:10A330000FE7204603F094FF0BE70F230020636034
:10A3400007E7204602F01AFE002002E7E36C1B68D4
:10A350009B7A5A1F032A40F224820B2B00F02182A1
:10A36000A36BDB6D002B00F01C82204604F02EFC5A
:10A3700010F5CB4FF9D000287FF4EBAE204604F067
:10A3800007FA10F5CD4FF0D010F5CB4FEDD00028E7
:10A390007FF4DFAE6368A26F0133162A636041F079
:10A3A000B080236F1A780F2A41F0AB802268616970
:10A3B00092F8CC2002F00202002A15BF0E250625D5
:10A3C0000C270427032901F0F580A36B0421D86D25
:10A3D000BC30F5F76FFD002841F08A8106464FF04A
:10A3E00024090DF13C08BD1CD4F8A0309D4201F2B7
:10A3F0008880226FD119D75D4A7842EA0727EA1987
:10A40000934241F07E80E36B0FA92046D3F80434D9
:10A410009847A26B216F4B46D06D42460D443146A2
:10A42000BC308DE8A000F5F74DFD054600287FF40F
:10A4300090AE204603F02CF828468AE6204605F028
:10A44000BBFB86E6E36C20461D6805F0AFF80028EC
:10A450007FF47FAE2268236F92F8CC20D4F8A060FE
:10A4600012F0020FA26F1E440CBF04210C21162A09
:10A4700019440F9140F04A841B78102B40F0468419
:10A48000AB7A022B00F05C87A3F10902012A40F2AB
:10A49000B183DA1E012A40F2AD83052B01F07580ED
:10A4A000072B01F0B280062B01F0E980082B01F0A8
:10A4B0000B81012B41F06680324600232046FFF7D6
:10A4C000CBFB00287FF445AE204602F0AFFD00280C
:10A4D0007FF43FAE6368013363603AE68095FFFF27
:10A4E000808CFFFFE16BD1F8C4310621E26C032BB5
:10A4F000D4F8C0701268616000F08A81927A511FAE
:10A500000B2A18BF032940F27D81B3FA83F35B095C
:10A51000002B40F0778102224FF0010A4021FE1DFE
:10A5200087F805A0B9713A716269032A00F066875D
:10A530004FF008084FF007092068B11C90F8CE30A2
:10A5400003F0020303F0FF02002B00F0B385E36B7E
:10A55000D3F8CC51002D01F0DF80AB69002B01F066
:10A560008A8107F5205B6E6C8B45C1F03B81C1EBA6
:10A570000B03B342C1F0368106F1020E4FF0000A20
:10A580009E450ED901F099B9AB69D3B18B456E6C7C
:10A5900017D3C1EB0B039E4213D806F1020E73458D
:10A5A0000FD30B46300A3246F24403F8020B18462A
:10A5B0004E70A96C08F050FBD5F830518119002D70
:10A5C000E2D1CAF307225FFA8AFAD4F8C030C91B75
:10A5D00016200D26C4F8C810C4F8C40020461E700A
:10A5E000D4F8C03003F80920D4F8C03003F808A02C
:10A5F00002F0BCFFADE5E16BD1F88836002B00F02E
:10A60000FB80D4F8C030162104220FAFC4F8C41068
:10A610000EAE1A702568D4F8C020A86DA16B02F5A3
:10A6200020530A328DE8C0002D6DA847002840F065
:10A63000DB820E9AC2F30726D1B20A320F9B0025A5
:10A64000D4F8C07020464FEA136E87F804E04FEA52
:10A65000134ED4F8C07087F805E04FEA132ED4F8F3
:10A66000C07087F806E0D4F8C070FB71D4F8C03031
:10A670001E72D4F8C0305972E36BC4F8C820C3F816
:10A68000885602F073FF64E5226892F8CC3099078F
:10A690007FF508ACE16B91F8E031002B3FF402ACA0
:10A6A000D4F8C0302069043361690F9392F8CC204C
:10A6B000C2F3400203F092FD0F9D2068AB1C0F9384
:10A6C000466C002E00F05E87D4F8AC7042F64D1256
:10A6D00005F103092EA93A44D4F8E47041F87C9DB1
:10A6E000D4F8E030C06C0097B04700287FF431AD5B
:10A6F0000F9B162703261221C9EB03032046AB70DC
:10A700000F9BD4F8C020C4F8C4709B1AC4F8C8309A
:10A710001670616002F02AFF1BE5404819E52046EB
:10A7200003F05EFE00287FF414AD6368122BF4D8AA
:10A7300001A252F823F000BF3DA2016031A20160E6
:10A7400089A6016045A201604DA20160E5A40160F7
:10A75000F5A2016023A3016045A401604DA301603F
:10A760003DA401602BA30160F7A5016033A3016044
:10A770003BA3016043A301601BA701601BA701600D
:10A7800039A20160099B53F8044F0993002C40F053
:10A79000D7863C4620467822022103F0F1F9204872
:10A7A000D7E40A2300206360D3E4A6F10902012A5A
:10A7B0001ED8E36B002B00F09284D3F8C031002B3D
:10A7C00000F08D8458680221F5F774FB78B1E36BD3
:10A7D00003F18000002B00F08A84D3F8C031002BF5
:10A7E00000F085845B6800225968EFF72DFA6368F2
:10A7F000013300206360ACE4204603F05BFBA8E477
:10A80000064870470020A4E4204603F00BFD84E5D1
:10A81000236893F8CC30C3F381036FE6008FFFFF0A
:10A820000087FFFF204604F043F9A26EA16810786C
:10A83000537843EA0023002940F0F981B3F5205F03
:10A84000ADDC22681F46204692F8CC3013F0020F90
:10A850000CBF05210D21394403F0DCFF00287FF4F3
:10A8600078AC236893F8CC3003F0020303F0FF02C6
:10A87000002B00F0858507F10D03C4F88830266FA2
:10A880003A46E36B20463146D3F8003498472568B2
:10A8900095F8CC3003F00203002B0CBF04220C22ED
:10A8A00003F0FF039742FFF47AAF3278012A7FF476
:10A8B00076AF7278002A7FF472AFB278002B40F046
:10A8C000F081F37843EA022304339F427FF467AFB9
:10A8D000331D05930423FF1A252F7FF660AF95F8EB
:10A8E000CC2004F11401059B04F11000C2F34002D6
:10A8F00003F07EFC22692368E16B6069C1F87C2665
:10A90000C1F8800693F8CA50AA42C0F2188793F89B
:10A91000CB50A842C0F2138793F8C850AA4240F324
:10A92000CC83256193F8C9306361DDF814C06346B8
:10A9300053F802EF5E689D68D868C1F814E4C1F866
:10A940001864C1F81C54C1F820049D69D3F810E0C4
:10A950005E69D869C1F824E4C1F82864C1F82C54B0
:10A96000C1F830049CF82250202D00F2638105F1DB
:10A9700024084745C0F05E81A06B2022002185603D
:10A980000C3008F08DF9A06B059E82680C3006F142
:10A99000230108F061F9206890F8CC309B0740F162
:10A9A00092832335725D1544EB1C9F42C0F0C08733
:10A9B000D0F848C0BCF1000F03D0A368002B00F012
:10A9C000A680002A7FF4EBAE6B1C08930598089DC7
:10A9D00003460646425D2B445B7843EA0223012B83
:10A9E00019460A9340F32681EB18DA1C9742C0F00F
:10A9F000218111F0010140F01D819A1C835C581ED9
:10AA00000F2800F2178113445A1C9742C0F012819C
:10AA1000A06B416040F27F83DD1CAF42C0F00A8131
:10AA200033443046B65C9B7843EA0626731E022BFD
:10AA300040F20081AB199F4240F0FC800544002E9B
:10AA400000F06983032E40F2F580EB7895F80290D0
:10AA50002A7843EA09296B7809F10407CB4643EACF
:10AA60000223BE42C0F0E68000220692079231E047
:10AA7000042B00F0048200F39180002B00F0708220
:10AA8000012B42D1B9F1010F40F021832B79042B26
:10AA900000F21D83A26B3D4482F87030CBEB0606BA
:10AAA000731F043E022B40F2C580002E00F0368357
:10AAB000032E40F2BF80EB7895F802B02A7843EA83
:10AAC0000B2B6B780BF10407D94643EA0223B742FC
:10AAD00000F2B0800D2B00F00F82C9DD172B00F0C3
:10AAE000D18226DC102B00F0D981162B0DD1B9F1C3
:10AAF000000F40F09F80206890F8CD309A0704D571
:10AB0000636913B1A36B01229A673D44C6E7059BB5
:10AB1000D4F8E46003EB0801D4F8E0300096C06C90
:10AB2000E047E36B002800F04A86012283F8E02129
:10AB30004AE7232B00F061814FF601729342E4D182
:10AB4000A368002B00F04E84D4F8EC305A1C5A4510
:10AB500040F0D5852A79934240F0D185002204F156
:10AB6000FC008DF8332083B105F1050E00EB030CDA
:10AB70001EF8013B10F8012B9DF83310534084451B
:10AB800043EA01038DF83330F2D19DF83330002BC6
:10AB900040F0B58501233D4406937FE70A2B00F082
:10ABA00021820B2BB1D1E06BD0F8843643F0010346
:10ABB000C0F88436B9F1000F3CD02B795A1C5A45A5
:10ABC00038D1691D002BA0D06A79012A40F258843F
:10ABD0001944AB1D04E013F8012B012A40F2508404
:10ABE0008B42F8D13D4459E700230A2219460E93BF
:10ABF0001E4623E5E06B721A8030EFF775F80028E7
:10AC000040F0738525684FF40073E06BEE6900F245
:10AC1000544200F5826101968030AD690095EFF7EE
:10AC20007BF800283FF450ACBC48FFF792BAD4F848
:10AC3000A07024E620463222022102F0A1FFB8488B
:10AC4000FFF787BA21680022D1F884300F92002BD9
:10AC500000F01B84D1F89030002B00F01684E06BDC
:10AC600001F188027C310430EEF7BEFC002800F0D0
:10AC70000F8410F5CA4F7FF439ABFFF76ABAD4F8E6
:10AC8000C03005210022C4F8C8101A71D4F8C830A9
:10AC9000D4F8C010581CC4F8C800CA54AE7AFFF7E4
:10ACA000F0BAF37843EA02230C339F427FF477AD86
:10ACB000A368206F012B00F0278401794379E26BB0
:10ACC00043EA0123591CC2F8D431C2F8D811837960
:10ACD000002B40F01E85C379002B40F01A85037AC3
:10ACE000002B40F0168500F109010322013007F026
:10ACF000D3FF002840F00D8595F8CC309A077FF5FA
:10AD0000E7AD06F10C0305930C23E4E58548FFF756
:10AD100020BAD4F8C030B21E022A47D8D4F8C820CE
:10AD20000021284613440E91C7EB0309FDF778F97B
:10AD300063698046032B00F0FB84A87A042800F0A6
:10AD40006E850FAE24254B463A46314620460E9579
:10AD500005F014F800288CD105466369032B00F038
:10AD6000B685E16B2768002900F09585D1F8C031E0
:10AD7000002B00F090855A68002A00F08085D4F8F6
:10AD8000C80032462946D4F8C060851C586873193B
:10AD9000FD6903950DADBE698DE868000E9BF5F762
:10ADA00023F900287FF465AFD4F8C0300D9ABAB10A
:10ADB000D4F8C810120A481CC4F8C8005A54D4F871
:10ADC000C830D4F8C020581C0D99C4F8C800D1541C
:10ADD0000D9AD4F8C810D4F8C0300A44C4F8C8207A
:10ADE00016210C222046C4F8C4101A70636801337F
:10ADF000636002F0BBFBFFF7ACB90FA801F0A2FD46
:10AE00002068D0F85480B8F1000F3FF47EAE036D97
:10AE1000002B3FF47AAEE36B0122C3F88826B9F128
:10AE2000000F3FF472AEA368002B7FF46EAE806D0E
:10AE30005B462A1D0FA9C047002840F0DB84D4F8E8
:10AE4000388012A83D44D8F8083008F10C011A46A1
:10AE5000119307F001FF404601F078FD7C220FA915
:10AE6000A06B07F0F9FE7C210FA8F6F777FEE36BE5
:10AE700000220121C3F88826C3F878160EE6B9F13E
:10AE8000000F7FF4D7AE206890F8CD3059067FF5DB
:10AE90003CAEA36B01223D445A67FFE52068D0F821
:10AEA000A4300993002B00F03F84B9F1030F1DDD9E
:10AEB0002979ABF102036A7942EA01229A4215D15B
:10AEC000AB1D2F44BB42184600F02E83EA1DAB7920
:10AED000B91A8B420AD8002B7DD013449F4200F050
:10AEE00023835A1C1B78B91A8B42F4D9204632228C
:10AEF000022102F045FE52E4B9F1010F2F44F5DDC5
:10AF00002A796B7943EA02239A1C5A45EED1D80775
:10AF1000ECD40635AF420BD8C8E000BF0083FFFF7A
:10AF20000087FFFF0084FFFF0235AF4240F2BE8082
:10AF3000687803F09FF880460028F5D0287803F061
:10AF4000A1F881460028EFD00146204603F0EAF838
:10AF50000028E9D14A464146E06B01F077FDE3E77E
:10AF60002068D0F82C80B8F1000F3FF4CEADB9F1D5
:10AF7000010FBBDD6B7995F804E043EA0E2E0EF16C
:10AF800002035B45B2D1BEF1020F05F106021EDDE0
:10AF9000E9792B7A43EA012303F1030CE645A5D3B3
:10AFA000A97961B943E35178937843EA012303F126
:10AFB000030CF4459AD81178002900F038836FF01B
:10AFC00002016244C91A8E44BEF1020FEBD8BEF1F1
:10AFD000000F3FF49AAD20462F22022102F0D0FD4F
:10AFE000FFF7DDBBB9F1010F7FF724AE6B7995F860
:10AFF000049043EA092909F102035B457FF41AAE84
:10B0000019F0010F7FF416AED4F83C80D8F8B431B3
:10B01000002B7FF40FAE4FEA590A04210AF1010A0E
:10B02000BAF10C0F28BF4FF00C0A504607F044FE4F
:10B03000002800F07584BAF1010FC8F8B4017FF65A
:10B0400064ADB9F1000F3FF460AD099405F1080853
:10B05000044602E0BAF1010F11D918F8020C18F8F1
:10B06000012C42EA0020EFF793FE18B120600AF1AC
:10B07000FF3A0434B9F1020908F10208EAD1099C47
:10B080003D440BE5B9F1000F7FF4D4AD206890F892
:10B09000CD305B077FF539AD6369002B3FF435ADEB
:10B0A000E36B01223D44C3F88C26F7E401233D46BF
:10B0B0000793F3E49246FFF788BA93F8C9309842B1
:10B0C000C8BF636131E405F1230308937EE42046A1
:10B0D0002F22022102F054FDAB48FFF73AB8236853
:10B0E0009B6E002B7FF46EAB1846FFF76CBB23689A
:10B0F0009B6E002B7FF476AB5B68FFDE0122C3F80A
:10B1000078260C232046636001F090FF00283EF46F
:10B1100038AFFFF71EB8002306930793089D002160
:10B12000059B02350A982B449E1C1D46334603E0BE
:10B130000231023388420ED913F8022C562AF7D175
:10B1400013F8017C002FF3D12068636990F8C910CF
:10B150008B42C0F2DE83079B002B00F0708300233C
:10B160000A9916F8022C22B916F8012CFF2A00F0D1
:10B17000EE82023302369942F3D8D4F8E820012A4D
:10B1800000F0BF83206890F8CC3003F03003202B10
:10B1900000F06983A168012900F05D83636950F8BC
:10B1A00023603068002800F080830A9B0021A046BD
:10B1B0005F1E6B1C47F0010705932F44059D03E0BC
:10B1C000BD427BD00235306815F8012CC0F307234F
:10B1D0009A42F5D12A78C3B29A42F1D1FCF70AFF1C
:10B1E0008146002800F0CE81D8F8143002699A42D6
:10B1F00000F38280826993427EDCD8F8003093F8B5
:10B20000CC309C0702D5037F580775D44846FCF71D
:10B2100029FF40B1D8F83C30D3F8B431002B6BD0C3
:10B220001B68002B68D04846FCF72AFF20B1D8F8ED
:10B230000030DA6B002A52D0D8F81430032B00F01B
:10B2400031824846FCF7ECFED8F83C308346D3F810
:10B25000C841002C00F0A982002800F00E824FF0B7
:10B26000000A20685946BC30F4F724FE002845D176
:10B27000A46853460CB19A46F3E7BAF1000F3BD0ED
:10B280004446D046E36BC3F8C08163683568A06B61
:10B2900001332268E16C0560C1F80090636092F8A8
:10B2A000CC3003F0020303F0FF00002B3EF451AF5B
:10B2B000204603F06FF80020FEF74BBF56F8040F4E
:10B2C00000287FF47BAF4446002900F0EE82404620
:10B2D0002822022102F054FC2C48FEF73ABFD3F892
:10B2E00094204AB1D3F89C2032B1D3F8A0201AB1EF
:10B2F000D3F89830002B9FD1012161E70FAB0122D9
:10B300004946206802F022FF0028B1D1BBF1040FAA
:10B3100000F09F81D8F81430022B00F39681236847
:10B3200093F82831042B00F09081BAF1000F14BF7C
:10B3300053462346A468002C9DD144469A46A0E774
:10B3400032460FA904F13C00FEF764FC00287EF4AD
:10B3500000AF0F9B9E427FF4D9AC25684FF4097271
:10B36000E06BEE6900F5826300F25441019604300F
:10B37000AD690095EEF7D6F900283FF4A5A853E48F
:10B38000C4F88020FFF77BBA0087FFFF8096FFFF9D
:10B3900019780EF18000F1F723FE00287FF469ACE4
:10B3A00020680FA9D4F8C820C669D4F8C070C2F5C7
:10B3B0002053019686693A44E06B00968030EEF7A0
:10B3C000EDFB00287FF455ACD4F8C8700F9AD4F880
:10B3D000C0303A44AE7A1F44C4F8C8209BE400232E
:10B3E000FEF734BEB9F1010F40F089812B79002BB3
:10B3F00040F08581C4F8E890FFF7CCBB2168D1F814
:10B400007480D8F80000E0B11D46914602E058F87B
:10B41000040FB8B102F042FE83460028F7D001467F
:10B42000204602F045FE0028F1D173192A1D83F849
:10B4300002B0154683F803A006F802B083F8059021
:10B44000E5E705462A0AAB1C3D7205F10909FA71C8
:10B450001E4405F10A08FFF76FB80026FEF709BE83
:10B460009246FEF7C8BD2368202206F10C01B260A7
:10B47000D8699E69B04700283EF483ADFEF769BEE7
:10B48000C0F85C213D44FFF709BBCF48FEF72EBF53
:10B49000E76B07F10800E8F791FD2668D4F8C0E0F3
:10B4A0000146F369381DD4F8C82001930FABB66983
:10B4B00072440096EDF7FCFF00287FF4DAABD4F875
:10B4C000C8700F9AD4F8C0303A44AE7A1F44C4F81A
:10B4D000C820FEF7DDBEFF2389F8062089F8053075
:10B4E000A168002940F03C8109F10A0389F807109E
:10B4F00089F8082089F80910C8EB0303981CFEF7A7
:10B5000066BDB248FEF725BEE16B90F804E04379D2
:10B51000D1F8D82143EA0E2393427FF440A90133A6
:10B52000C1F8D831FFF7D3BB099BD3F80090B9F12C
:10B53000000F3FF42FA90B963E4627464C46814606
:10B54000204607F07DFBB14582463FF41BA94D46DE
:10B5500003E04544AE423FF415A995F8008001355B
:10B56000C245F6D152462146284607F095FB0028F1
:10B57000EFD1A1463C4637460B9EC4F8DC903D46D1
:10B58000FFF78CBA9248FEF7E4BD32460FA9204679
:10B59000FEF7D4FA00287EF4DCAD0F9B9E427FF4C8
:10B5A000B5ABA97A204602F0AFFC00283EF48CAF80
:10B5B000FEF7CFBDD4F8A020AA42A2D3D85D02F0F6
:10B5C00061FD064600289CD0236F2046D95D02F01D
:10B5D0006FFD002895D1236F042E3B4414BF0DF15D
:10B5E0003C080DF14C08587802F044FD0146002853
:10B5F00087D0A36BD86DBC30F4F75CFC002880D0FA
:10B600002F464FF00009FEF7EEBE32460FA9204646
:10B61000FEF794FA00287EF49CAD324602230F997F
:10B620002046FEF719FB00287EF493ADB9E70332FC
:10B63000006B2146C04700283FF467AA20467022CD
:10B64000022102F09DFAFFF7AAB84346A0461C4625
:10B6500018E6D8F83C202368D2F8B421D3F8C010FB
:10B66000136809782BB903E652F8043F002B3FF426
:10B67000FFAD1B788B42F7D14CE6444605E63246D7
:10B6800020460FA9FEF75AFA00287EF462AD0FA9F2
:10B69000324604F13C00FEF7BDFA00283FF47DAFCE
:10B6A000FEF757BD4846FCF7D1FC014600283FF4A1
:10B6B000C8ADD8F83C0001F0BFF900287FF4C1AD57
:10B6C0001AE69346FEF72EBD32460FA92046FEF736
:10B6D00035FA00287EF43DAD0F99E06B721A803088
:10B6E000EEF702FB00283FF45CAF3A48FEF731BDAD
:10B6F00004264FF014090DF14C08FEF774BE2046E5
:10B700002822022102F03CFAFFF749B83248FEF73E
:10B7100020BD3248FEF71DBDC56E002D7EF41DAF65
:10B72000AA462A46FEF751BF2F443D46FFF7B6B959
:10B73000B8F1000F40F0A6802548FEF7D7BD20469F
:10B740004622022102F01CFA2548FEF702BDA3683A
:10B75000012B00F0888001232068C4F8E8301DE543
:10B76000002209F10A0304F1FC0189F807201846B8
:10B77000D4F8EC205200013289F80820D4F8EC20EB
:10B78000520089F80920D4F8EC2007F065FAD4F8C3
:10B79000EC20034604F1F0011344184607F05CFA6C
:10B7A000D4F8EC2003461344A6E600283FF465AF26
:10B7B000D8F800309C6E002C7FF451AD9CE583F8E6
:10B7C000E001FFF701B900BF008FFFFF8082FFFF9C
:10B7D0000094FFFF8083FFFF008CFFFF808FFFFF3F
:10B7E0008091FFFF4FF0000A5246FEF7EEBE3A4648
:10B7F000FEF773BD0FA83D4401F0A8F8FFF74EB95E
:10B800000AF102031621FA18FE5404239670D6702A
:10B8100051706669B6FA86F67609FEF717BC0546DA
:10B820000FAE0195CDF800903B4631460EAA20465A
:10B8300004F006FB00283FF490AAFFF71ABA04218F
:10B84000204602F06FFC0028E06B0CBF04210021B1
:10B8500001F00AF983E4002A7FF4A0AC1BB1069B37
:10B86000002B3FF49BAC20462822022102F088F9ED
:10B870003348FEF76EBC9A461A46FEF7A6BE31481C
:10B88000FEF734BD4146E06B01F0D6F805460028CE
:10B890003FF452AFC4E7BA6E002AF0D05368002BD1
:10B8A000EDD069B91346FFF76ABA20462822022173
:10B8B00002F066F92448FEF74CBC5246FEF785BEFE
:10B8C000D1F8C031002B08BF1346FFF758BAD4F89F
:10B8D000C8702846D4F8C0907B1CC4F8C83002F069
:10B8E000DDFB09F80700D4F8C8704046D4F8C080E2
:10B8F0007B1CC4F8C83002F0B1FB08F80700FFF762
:10B9000030BAA368012B02D1069B002BABD0206874
:10B9100044E42046022102F033F90948FEF719BC3D
:10B9200020465022022102F02BF90848FEF711BCF4
:10B9300020464622022102F023F90148FEF709BC05
:10B940000087FFFF008AFFFF808CFFFF0081FFFF61
:10B9500070B50446C06B0D46164600F50270F3F74D
:10B96000BBFAE06B3246294600F51870F9F764FE21
:10B97000E06B3246294600F52F70FAF7A7FCE06B22
:10B980003246294600F54A70BDE87040FCF7B0B871
:10B9900070B50446C06B0D46164600F50270F3F70D
:10B9A0009BFAE06B3246294600F51870BDE87040FE
:10B9B000F9F742BE30B5AFB005460C4601A8F2F724
:10B9C00037FE17A8F8F774FCE96B01A801F50271BE
:10B9D000F2F738FEE96B17A801F51871F8F772FC59
:10B9E000214601A8F3F77CFA04F1100117A8F9F732
:10B9F00027FE01A8F2F720FE17A8F8F75DFC2FB08C
:10BA000030BD00BF2DE9F043866BBBB004468846CD
:10BA10009146002E3BD00DA81E4DF2F709FE23A83B
:10BA2000F8F746FCE16B0DA8242701F50271F2F747
:10BA300009FEE16B23A801F51871F8F743FC164BDA
:10BA400004A90DA8B9F1000F08BF1D46F3F748FA85
:10BA500008A923A8F9F7F4FDE46B0C232A4630214A
:10BA6000CDF80480029306F12C0004AB0097D4F8C3
:10BA70000C44A0470DA8F2F7DFFD23A8F8F71CFC43
:10BA8000394604A8F6F76AF83BB0BDE8F083466B88
:10BA9000C1E700BFA049002090490020C06B00F51D
:10BAA0002F70FAF713BC00BF30B59DB005460C46A9
:10BAB00001A8F9F723FFE96B01A801F52F71F9F748
:10BAC00027FF214601A8FAF705FC01A8F9F71AFF9C
:10BAD0001DB030BD2DE9F043866BA9B00446884601
:10BAE00091465EB30DA8164DF9F708FFE16B0DA85E
:10BAF000202701F52F71F9F70BFF124B05A90DA8AF
:10BB0000B9F1000F08BF1D46FAF7E4FBE16B0C2307
:10BB10002A46CDF80480029306F12C0005AB00976D
:10BB2000D1F80C443021A0470DA8F9F7EBFE3946B7
:10BB300005A8F6F713F829B0BDE8F083466BD1E706
:10BB4000A049002090490020C06B00F54A70FBF727
:10BB5000CFBF00BF30B5B7B005460C466846FAF710
:10BB600013FEE96B684601F54A71FAF717FE2146A4
:10BB70006846FBF7C1FF6846FAF70AFE37B030BDEA
:10BB80002DE9F043876BC7B00446884691465FB302
:10BB900010A8164EFAF7F8FDE16B10A8302501F554
:10BBA0004A71FAF7FBFD124B04A910A8B9F1000F76
:10BBB00008BF1E46FBF7A0FFE16B0C233246CDF811
:10BBC0000480029307F12C0004AB0095D1F80C44DB
:10BBD0002946A04710A8FAF7DBFD294604A8F5F787
:10BBE000BDFF47B0BDE8F083476BD1E7A049002017
:10BBF0009049002000487047808FFFFF0048704741
:10BC0000808FFFFF70B504460E4601200C211546BB
:10BC100007F052F880B10023216806604560836018
:10BC200009B906E019468B68002BFBD188601846DD
:10BC300070BD2060084670BD004870BD0081FFFFE8
:10BC400060B138B504462068E56806F0EDFF20468F
:10BC500006F0EAFF2C46002DF5D138BD704700BF35
:10BC6000C26B0346416CD2F8FC01814226D0F0B48D
:10BC7000D3F8B05002F5007682B05864C2F8FC11D7
:10BC80006C46376828686A46696876682F606E6017
:10BC9000DD6B03C403CAC5F80002C5F804125A6C70
:10BCA0006AB1596901290ADDD1681269D3F8BC006B
:10BCB0008A1A0244C3F8C02002B0F0BC7047D3F81F
:10BCC000BC20C3F8C020F7E72DE9F04FB7B0044619
:10BCD0009346994603A80191429E439DF2F7F2FADA
:10BCE0002046F2F7E3FA002800F089808246F2F756
:10BCF00049FB0446484606F0A3FF419B04EB0008BD
:10BD000007464344802B73D816AB4946024603EBE3
:10BD10000409484606F0A0FF16AB419A03EB080061
:10BD2000409906F099FF5146012203A8F2F7EAFA7A
:10BD3000804610B137B0BDE8F08F419B5A4601995B
:10BD400003A81F44F2F756FB494603A83A46F2F708
:10BD5000C7FB16A903A8F2F7D7FB002D4CD0274448
:10BD60000DF118096FEA040A03A8F2F703FC3A463A
:10BD700016A903A8F2F7B4FB494603A8F2F7C4FBDF
:10BD800003A8F2F7F7FB224616A903A8F2F7A8FBCF
:10BD900016A903A8F2F7B8FB04EB080E754525D2E7
:10BDA000B5FBF4F104FB115171B108F1FF300AEB5E
:10BDB0000E030DF1170201443344701812F8011FED
:10BDC00003F8011F8342F9D17545F046CCD803A88A
:10BDD000F2F77EFA16A88021F5F7C0FE484640210A
:10BDE000F5F7BCFE002037B0BDE8F08F2146DBE759
:10BDF000044837B0BDE8F08F0DF11809E7E70248B5
:10BE000098E700BF008FFFFF0094FFFF70B584B07C
:10BE1000089E099D0A9C009313460A460146019616
:10BE2000062002950394FFF74FFF04B070BD00BFDA
:10BE300070B584B0089E099D0A9C009313460A467B
:10BE400001460196072002950394FFF73DFF04B0D9
:10BE500070BD00BF2DE9F04FADB090469A468B46BD
:10BE6000019004A8379D389CF2F72CFA404606F062
:10BE7000E7FE369B00EB030909F11406802E00F261
:10BE8000D88007460246414611A806F0E5FE0CABF5
:10BE900007F114005146369A184406F0DDFE0320DF
:10BEA000F2F704FA0146002800F0CC80012204A831
:10BEB000F2F728FA074618B138462DB0BDE8F08FE2
:10BEC0000BF1010A019904A84FEA5A031A4602939A
:10BED000F2F790FA11A94A4604A8F2F701FB0DA95E
:10BEE00004A8F2F711FBACB3BA4604F00F0309F152
:10BEF000100807AF039304A8F2F73CFB42460DA9D4
:10BF000004A8F2F7EDFA394604A8F2F7FDFA04A8FE
:10BF1000F2F730FB10220DA90DEB0200F2F7E0FA68
:10BF20000DA904A8F2F7F0FA0AF1100E7445C0F05A
:10BF3000848010200AF1FF320DF11B0100232A44F6
:10BF4000013311F801CF984202F801CFF8D87445B7
:10BF5000F246D0D804A8F2F7BBF90420F2F7A6F90C
:10BF6000014600286ED0012204A8F2F7CBF907465B
:10BF70000028A1D1029A04A8019BC2EB0B010B443B
:10BF80001946F2F737FA11A94A4604A8F2F7A8FAB7
:10BF90000CA904A8F2F7B8FA002C5AD02E4BB946D7
:10BFA00007AFA3FB04384FEA181808EB8808A4EB86
:10BFB000880804A8F2F7DEFA32460CA904A8F2F7C2
:10BFC0008FFA394604A8F2F79FFA04A8F2F7D2FADA
:10BFD00014220CA904A8F2F783FA0CA904A8F2F71A
:10BFE00093FA09F1140C64452ED34FF0140E09F1A5
:10BFF000FF320DF11B0000212A4412F8019F01318C
:10C0000010F8013F8E4589EA03031370F5D86445A3
:10C01000E146CED804A8F2F75BF90CA88021F5F729
:10C020009DFD38461421F5F799FD00202DB0BDE89F
:10C03000F08F0A482DB0BDE8F08F039B1846002B07
:10C0400085D077E7064838E7B8F1000FDFD0C6465D
:10C05000CDE707AFDEE700BFCDCCCCCC008FFFFF34
:10C060000094FFFF022906D049420238C9B2C043FA
:10C070005170107070470238FF21C043517010702A
:10C08000704700BF4FF48472002106F009BE00BF64
:10C0900090F8CC3061F3000380F8CC30704700BFDB
:10C0A00090F8CC3061F3410380F8CC30704700BF8A
:10C0B00090F8CC3061F3830380F8CC30704700BF38
:10C0C00041638263704700BF8161C261704700BFF6
:10C0D00001614261704700BF10B4019C81624462FB
:10C0E000C26103625DF8044B704700BFC0F8A8103E
:10C0F000704700BF83650165426542B1084610B4D0
:10C1000014460022234611465DF8044B1847704739
:10C110000165426583657047C1650266704700BF6F
:10C1200090F8CD3061F3C30380F8CD30704700BF85
:10C13000C0F8C010704700BFC0F8AC10C0F8B02005
:10C14000704700BF816202624362704701604160D4
:10C150008160C160704700BF032A03D1032B98BFE1
:10C1600040F82310704700BF41667047C166026700
:10C17000704700BF683045E5002B18BF00292DE946
:10C18000F047089E4BD0202A49D8340C47D1B6F549
:10C19000205F94BF4FF000084FF00108B8F1000F86
:10C1A0003DD10446D0F894001F468A46154658B142
:10C1B000D4F89810F5F7D2FCD4F8940006F034FDCA
:10C1C000C4F89480C4F89880D4F89C0030B106F08C
:10C1D0002BFD0023C4F89C30C4F8A0302946012070
:10C1E00006F06AFD8146C4F8940050B33146012040
:10C1F00006F062FD8046C4F89C0098B12A4651467C
:10C20000C4F898504846C4F8A06006F025FD3246B0
:10C210003946404606F020FD0020BDE8F0870A4878
:10C22000BDE8F0870546484606F0FEFC284606F0C5
:10C23000FBFC00230548C4F89430C4F89C30BDE8EA
:10C24000F087D4F89C50EEE7008FFFFF0081FFFFDE
:10C25000A1B32DE9F041C46B54B3202A94BF4FF031
:10C2600000084FF00108B8F1000F21D10646D4F8BC
:10C27000B8010F46154658B1D4F8BC11F5F76EFC5D
:10C28000F36BD3F8B80106F0CFFCF46BC4F8BC81B3
:10C290002946012006F010FDC4F8B80158B1C4F8D1
:10C2A000BC512A46394606F0D7FC0020BDE8F08193
:10C2B0000348BDE8F0810348BDE8F08100487047BD
:10C2C000008FFFFF0081FFFFC1630264704700BF62
:10C2D000F8B500F17C06044617460A4630461021A0
:10C2E000E8F780FA48B1054688343046E7F768FC3D
:10C2F0002046E7F765FC2846F8BD88343A46102109
:10C300002046E8F76FFA05460028EED12846F8BD2A
:10C31000F8B500F17C0604461F463046E7F754FEA8
:10C3200048B1054688343046E7F74AFC2046E7F72F
:10C3300047FC2846F8BD88343946069A2046E7F778
:10C3400043FE05460028EED12846F8BDF8B500F1B9
:10C350007C0604460F4604313046E7F7B3FC48B18B
:10C36000054688343046E7F72BFC2046E7F728FCE3
:10C370002846F8BD883407F110012046E7F7A2FCF3
:10C3800005460028EED12846F8BD00BFC0F8C4100D
:10C39000704700BF8167704741677047F8B5054631
:10C3A00019B308460E4606F04BFCFF2804462ED86B
:10C3B000D5F8D87057B1384606F042FC01463846E9
:10C3C000F5F7CCFBD5F8D80006F02EFC611C012057
:10C3D00006F072FC0746C5F8D800D0B131462246B7
:10C3E00006F03AFC00203855F8BDD0F8D84054B1DA
:10C3F000204606F025FC01462046F5F7AFFBD5F8B0
:10C40000D80006F011FC0020C5F8D800F8BD02489D
:10C41000F8BD0248F8BD00BF008FFFFF0081FFFF9D
:10C42000C06B00F5E470FFF7EDBB00BFC36BC3F852
:10C43000CC11C3F8D0217047C36BC3F8C411704747
:10C44000C1620263704700BF2DE9F0418046086871
:10C450000F4678B10D4600244FF6FF7606F0F0FB4C
:10C46000431E0444FE2B0AD8B44208D855F8040FE2
:10C470000028F3D1C8F8A4700020BDE8F08101487D
:10C48000BDE8F081008FFFFFD0F8DC00704700BFEF
:10C4900080F8C81080F8C920704700BF80F8CA1023
:10C4A00080F8CB20704700BF90F8CE3061F30003D6
:10C4B00080F8CE30704700BF90F8CD3061F3410373
:10C4C00080F8CD30704700BF90F8CD3061F3820323
:10C4D00080F8CD30704700BF90F8CE3061F3410353
:10C4E00080F8CE30704700BF0429034610D84A1E9A
:10C4F000032A07D9B3F8CC20002061F38812A3F8EF
:10C50000CC207047034850F82220B2F5205FF1D9C3
:10C5100001487047B8050020008FFFFF90F8CD302C
:10C5200061F3861380F8CD30704700BF90F8CD30AE
:10C5300061F3041380F8CD30704700BF90F8CD3020
:10C5400061F3C71380F8CD30704700BF90F8CD304D
:10C5500061F3451380F8CD30704700BF90F8CC30C0
:10C5600061F3051380F8CC30704700BFC0F8B410F9
:10C57000704700BF0A684B68C0F8B820C0F8BC30EC
:10C58000704700BF0346D0F8A800012816D01A68EB
:10C5900092F8CC20920705D5D3F88010D3F88820E4
:10C5A00091420AD8D3F8A02012B1D96F8A4204D39D
:10C5B000586F003018BF012070470120704700BF3E
:10C5C000436F0BB1C06F704718467047436B0BB198
:10C5D000186E7047836B002BFAD14FF0FF30704715
:10C5E00020B1436B13B11868FBF752BD00207047B0
:10C5F000036893F8CC309B0708D54269022A0ED015
:10C60000084B0948032A08BF184670474369032BA3
:10C6100003D8064A52F8230070470548704705487A
:10C62000704700BFBC490020C849002070050020A9
:10C6300080360020B0490020436CCBB11A6DAAB1FE
:10C64000517802290ED011D3063902290ED89A68E2
:10C65000036893F8CC3013F0020F0CBF05230D23B1
:10C66000D018704752695B691A44F1E70548704772
:10C67000036893F8CC3013F0020F0CBF05200D2097
:10C68000704700BF0094FFFF0368B3F8CC30C3F3DA
:10C690008213013B032B10D80D4A52F82320036B61
:10C6A0004BB193F87030013B032B09D9B2F5205FF1
:10C6B00028BF4FF42052104670474FF42052EEE747
:10C6C000034951F823309A4228BF1A461046704752
:10C6D000B805002010B1406B00B1C06D704700BFBD
:10C6E000A0B1026892B110B592F8CC300446DA07D6
:10C6F00004D52046BDE81040FDF79EBBFBF776FD54
:10C70000236893F8CC30DB07F3D410BD00487047A2
:10C71000008FFFFF78B1036810B504461BB908E02D
:10C72000FFF7DEFF30B963682046102BF8D10020F8
:10C7300010BD024810BD0148704700BF008FFFFFC9
:10C74000D022002106F0ACBAF0B51F4690F8CC30EC
:10C75000C5B0044661F300030D46164662F341037B
:10C7600080F8CC3000294BD1D9B2022390F8CD20EB
:10C770004FF47A7E63F3830190F8CE30A0F8B8507E
:10C7800042F09E0243F00203494884F8CC104EF672
:10C79000602184F8CD20102284F8CE304FF0FF3392
:10C7A00060644448C4F8ACE0A064C4F8B010C4F8B5
:10C7B000B420C4F8BA30A4F8BE30022F5CD00122F5
:10C7C0000323964284F8CA3084F8C83084F8C9300C
:10C7D00084F8CB2068D0FBF7B9FB374A374B626649
:10C7E0006367E060A06060602060EEF79FFA4FF43E
:10C7F00080620023A067C4F8C420184645B0F0BD8D
:10C8000090F8CD204FF47A7190F8CE304EF6602E2D
:10C81000C0F8AC1042F01E0243F00203244884F832
:10C82000CD20102184F8CE3000224FF0FF33606419
:10C83000012D2048C4F8B0E0A064C4F8B410A4F8F6
:10C84000B820C4F8BA30A4F8BE30B6D14FF4807224
:10C850001B4904A806F000FA4FF0020E04A9009547
:10C8600003AB4FF4807220468DF80CE0FFF750FDCB
:10C870000028A2D00346C0E7002312480321124A31
:10C88000124E134DA067184684F8CA1084F8CB10D6
:10C8900084F8C81084F8C910E260A2606260226067
:10C8A0006666656745B0F0BD022384F8CB3092E739
:10C8B000F5BB0160FDBB016008F602603C6700202B
:10C8C00048040020606700205467002018F60260CA
:10C8D0006467002038B505467C30E7F771F905F14B
:10C8E0008800E7F76DF9D5F8940060B1D5F8981095
:10C8F000F5F734F9D5F8940006F096F90023C5F859
:10C900009430C5F89830D5F89C0060B1D5F8A010E7
:10C91000F5F724F9D5F89C0006F086F90023C5F850
:10C920009C30C5F8A030A86E28B1846806F07CF968
:10C930002046002CF9D12846D021BDE83840F5F733
:10C940000DB900BF7C22002106F0AAB988B110B54C
:10C950000446C06D20B105F005F8E06D06F064F9FD
:10C96000606E06F061F920467C21BDE81040F5F7C5
:10C97000F5B8704770B50C460646FFF7E7FF7C2216
:10C980002146304606F068F9E36D83B14FF49A71A1
:10C99000012006F091F9F065F8B104F0DDFFE36DD8
:10C9A000F06D5A68996805F049F8054670B9606EEF
:10C9B00058B1A56E0120294606F07EF9706660B177
:10C9C0002A46616E06F048F9002070BDF06D06F051
:10C9D0002BF900232846F36570BD014870BD00BFE8
:10C9E0000081FFFF98B191B1836B83B1026892F827
:10C9F000CC20D2070BD410B504461846FFF7BAFF77
:10CA000020B9E36B0122C3F8782610BD10BD0148A0
:10CA1000704700BF008FFFFF0B4648B141B1416B2B
:10CA200031B1026892F8CC20D20701D41846A1E7B0
:10CA300000487047008FFFFF012905D0042901D16C
:10CA4000407870470020704700787047012906D071
:10CA5000042903D1437803B94270704770470378C3
:10CA6000002BFAD10270704701704170704700BF0F
:10CA7000B0B110B504465030EAF78CFF04F19000D5
:10CA8000EAF788FF04F13800F1F722FC04F14400D2
:10CA9000F1F71EFC2046D021BDE81040F5F75EB846
:10CAA000704700BF38B5C56B002D41D005F5027049
:10CAB000F1F7C2FD05F51870F7F7FEFB05F52F70CD
:10CAC000F8F720FF05F54A70F9F762FE281DECF72C
:10CAD00027FF05F18000EDF73DF8D5F8B40106F029
:10CAE000A3F8D5F8B80138B1D5F8BC11F5F736F888
:10CAF000D5F8B80106F098F8D5F8C80128B18468CF
:10CB000006F092F82046002CF9D1D5F8DC0106F0A9
:10CB10008BF8D5F8E40106F087F8D5F8F001FFF7B7
:10CB20008FF828464FF4D261BDE83840F5F716B8C3
:10CB300038BD00BF2DE9F0410446C06C08B1FFF7D5
:10CB400097FFA06B08B1FFF701FFE56B1DB1204611
:10CB5000FFF7A8FFE56BE36C002B00F08980A36B67
:10CB6000002B76D0002D7AD0E36C002B00F086806D
:10CB7000A06B002800F082807C22002106F090F853
:10CB8000E56CD0220021284606F08AF805F1500015
:10CB9000EAF7FCFE05F19000EAF7F8FE05F138002F
:10CBA000F1F790FB05F14400F1F78CFBE56B4FF4D6
:10CBB000D262002105F5027805F51876284605F5BC
:10CBC0002F7706F06DF84046F1F732FD3046F7F763
:10CBD0006FFB4046F1F73CFD3046F7F779FB05F572
:10CBE0004A763846F8F78AFE00213846F8F796FE6E
:10CBF0003046F9F7C9FD01213046F9F7D5FD00238C
:10CC0000264A281D2B70C5F800246B70ECF71EFC1B
:10CC100005F18000ECF798FF03222368C5F8C421D2
:10CC200093F8CC20920711D5E26B616CC2F8FC112D
:10CC300093F8CC3013F0010318BF022382F8EC31D3
:10CC4000636D1BB10022206D114698470020BDE89E
:10CC5000F0817C21012006F02FF8A06382E74FF4D9
:10CC6000D261012006F028F8E06338B105467BE781
:10CC7000D021012006F020F8E06470E7284605F096
:10CC8000D3FFE06C05F0D0FFA06B05F0CDFF0023D3
:10CC90000348E363E364A363BDE8F08151B9016035
:10CCA0000081FFFFF8B504460F46012042F64D1102
:10CCB000276006F001F8E06500284FD0054642F6EF
:10CCC0004D11012005F0F8FF0646C4F8AC0000281D
:10CCD00040D097F8CC309B071ED400F1080E00F12D
:10CCE0000B0700F10D0205F10D0305F1080005F138
:10CCF0000B01C4F8B060606620462566C4F8B4E055
:10CD0000C4F8B870C4F8BC20C4F8C020A166E366BB
:10CD10002367BDE8F8400DE700F1030E00F10B07B3
:10CD200000F10D0205F10D03E81C05F10B01C4F83B
:10CD3000B460206620466566C4F8B0E0C4F8B870F8
:10CD4000C4F8BC20C4F8C020A166E3662367BDE830
:10CD5000F840EFE6284605F067FFE6650048F8BDB5
:10CD60000081FFFFF8B50022436D04460D46426086
:10CD700013B11146006D9847E26D00230D32A36098
:10CD8000E360C4F8EC30C4F8F030C4F8F430C4F810
:10CD9000F830C4F8FC30C4F80031C4F80431C4F8E9
:10CDA000E8306367A367E36722670DB9C4F8805072
:10CDB000D4F8AC0000230026002700F10D0194F9FF
:10CDC000D020C4F88830A4F88430C4F8C010C4F867
:10CDD000A030C4F8A430C4F8A830C4F8C430C4F8F3
:10CDE000C830C4F8CC30C4E92467C4E926670AB166
:10CDF00084F8D030002342F64D1223641946636450
:10CE000005F04EFFCDB1A06C30B1FFF731FEA06C44
:10CE100005F00AFF0023A364606B30B1FFF796FDB5
:10CE2000606B05F001FF002363630023C4F8DC306E
:10CE300055B12046BDE8F8407CE642F64D12294641
:10CE4000E06D05F02DFFDEE7D4F8E00005F0ECFE24
:10CE5000C4F8E050C4F8E4502046BDE8F84069E664
:10CE600000217FE710B50446FFF764FE80B9236810
:10CE700093F8CC309A0702D5A268032A09D0002281
:10CE8000012320466260A360BDE81040FFF742BC6A
:10CE900010BD13F0010F4FF00102E36B14BFC3F894
:10CEA000D421C3F8D821EAE7002850D038B5044689
:10CEB000D0F8AC0038B142F64D11F4F74FFED4F87B
:10CEC000AC0005F0B1FEE06D30B142F64D11F4F763
:10CED00045FEE06D05F0A8FEA06C20B1FFF7C8FD8F
:10CEE000A06C05F0A1FEE36B8BB12046FFF7DAFDE5
:10CEF000E06CFFF7BDFDA06BFFF728FDE06B05F0D0
:10CF000093FEE06C05F090FEA06B05F08DFE606B6B
:10CF100020B1FFF71BFD606B05F086FED4F8D850FA
:10CF200055B1284605F08CFE01462846F4F716FE5A
:10CF3000D4F8D80005F078FED4F8E00005F074FECF
:10CF400020464FF48471BDE83840F4F707BE7047BF
:10CF500010B50446FFF7A6FDE06B05F065FE002363
:10CF6000A06CE36320B1FFF783FDA06C05F05CFECD
:10CF7000E26C0023A264E36410BD00BF38B583688F
:10CF80000446C26B012BD2F878562CD0606B38B1B6
:10CF9000826FA36B9A67FFF7D9FC606B05F044FEC4
:10CFA00023680020A16B5A6A6163A06312B188688C
:10CFB00000B1EDB193F8CC309B070DD5E36BD3F8FE
:10CFC000F0314BB1636D1BB10022206D11469847C3
:10CFD00063680133636038BD2046FFF7B9FF6368BB
:10CFE0000133636038BD022200238260C360CDE755
:10CFF000986A90472368DDE710B50446C06B00F5DA
:10D000000270F1F725FBE06B00F51870F7F760F997
:10D01000E06B002100F52F70F8F780FCE06B012138
:10D0200000F54A70BDE81040F9F7BEBB2DE9F04F9E
:10D03000836BD9B0C66C054604933368C46B187A09
:10D04000EAF77EFC002800F0F08133688046587AC9
:10D05000F1F72CF98246002800F0E7816B69022B7A
:10D060002FDC934B934AC4F80C34934BC4F804243C
:10D07000C4F80834D4F8783653BBEB6BD3F88C265D
:10D08000012A00F0F080049B302204F2544904F29B
:10D09000144B2C33D4F810140292184606934023F4
:10D0A000864A0190484600935B46D4F80C74B84712
:10D0B00058B918AB05934FF409714846F4F74EFD83
:10D0C0000FE0032B00F07A817D4859B0BDE8F08F66
:10D0D000049B04F2144B04F254492C33069318AB0E
:10D0E00005935F460DF1200C3868103757F80C1C7B
:10D0F000E64657F8082C0CF1100C57F8043C4F4545
:10D10000AEE80F00F0D110AF0DF1200E0FCFCBF82D
:10D110000000CBF80410CBF80820CBF80C300FCF70
:10D12000CBF810004027CBF81410CBF81820CBF820
:10D130001C30BEE80F00C4F83404C4F83814C4F836
:10D140003C24C4F84034BEE80F00C4F8440408A8E6
:10D15000C4F848143946C4F84C24C4F85034F4F7E1
:10D16000FDFC4FF48072059B3021029201935B46D7
:10D1700000970698D4F80C44524AA0470028A4D13E
:10D1800039465846F4F7EAFC98F80120D8F80440EC
:10D1900002F0FD03E408082B746000F09780062A73
:10D1A00000F094800122514606F13800F1F7AAF808
:10D1B00000288AD10122514606F14400F1F7A2F875
:10D1C000002882D15046F1F7DDF8049B81465B6F61
:10D1D0007061012B00F03581024698F80130D8F8D3
:10D1E0000C10072BF16000F02281049B9B6F012B38
:10D1F000D8F8143000F03881B2FBF3F203FB0232AE
:10D20000B2606B69012B40F22D81023B012B3FF68E
:10D210005BAF03B2B268059C0A445B0005992044E9
:10D220003769746801EB030BB2602A6892F8CC206E
:10D23000D20700F11C8104EB030A059B07909A4476
:10D2400007B9F768059B3A460AEB040106F1180096
:10D25000049305F001FD39193A4606F128005144BE
:10D2600005F0FAFC68E018AAD3F804342846114601
:10D27000059298476B69032B00F0AE802422049B33
:10D2800004F25449D4F810142C3300920E4A184674
:10D2900006933023019048460293059BD4F80C7402
:10D2A000B84700287FF411AF04F2144B03E700BF26
:10D2B00055BE0160B5B9016005BA0160F0490020B2
:10D2C0000094FFFF004A0020D849002000230C27CB
:10D2D0000A2A7361F76000F096800422082317463B
:10D2E000326131682A68097F11F0020F0CBF1021EA
:10D2F00008210B44B36092F8CC9019F0010900F0BA
:10D300008E80059A002392469946049204EB030B03
:10D31000059B9B44002F67D0059B3A460BEB04010D
:10D3200006F12800079305F097FC39193A4606F1F3
:10D330001800594405F090FC6B69002B7FF7C4AED0
:10D34000B9F1000F52D12B68DC6D3CB1186E4B4621
:10D35000019775680699059A0095A04706F1500453
:10D3600041462046EAF726FB00287FF4AEAE903611
:10D3700041463046EAF71EFB00287FF4A6AE594628
:10D380000123D8F804202046EAF740FB00287FF468
:10D390009CAE03465146D8F804203046EAF736FBE7
:10D3A00000287FF492AE98F80130022B4CD00598FB
:10D3B0004FF48071F4F7D2FB002086E633685B7A85
:10D3C000072B22D02B4B2C4AC4F80C342B4BC4F81F
:10D3D0000424C4F808344DE6EB6C1B685B7A072B19
:10D3E00014BF202230224AE7F76895E704994A469D
:10D3F00006F13800F0F7FEFF4A46079906F14400AF
:10D40000F0F7F8FF9FE737616BE71D4B1D4AC4F843
:10D410000C341D4BC4F80424C4F808342AE6059AD9
:10D4200002EB040A079293460CE718484DE603B254
:10D43000B26005995B0074680844376901EB030B1F
:10D44000F3E60A227261C8E620460421EAF702FBED
:10D4500000287FF43AAE30460421EAF7FBFA0028B0
:10D46000A5D032E603B2E4E71344B360C9E6049002
:10D47000DA464BE70DBE0160A9BA0160D5BA01607A
:10D4800031BE016055BB016081BB0160008FFFFFB1
:10D490004368102B10B5044607D0C36B8BB1D3F88B
:10D4A0000034D0F8A020016F9847236893F8CC305F
:10D4B0009B0706D5E36B23B1D3F8D8210132C3F81B
:10D4C000D82110BD70B5C569002D47D00446D0F8ED
:10D4D000CC0050B936E0D4F8CC108142A1EB00006A
:10D4E00032D3C4F8CC00A8B1E56923680246D4F869
:10D4F000C81093F8CC30091AD4F8B46013F0020FB6
:10D50000A06A0CBF05230D2319443144A847002805
:10D51000E1DC70BD082107E0D4F8B050AB5C01330A
:10D52000DBB2AB5493B9D1B223684A1E93F8CC3026
:10D5300003F00203994203F0FF05EDD805B1022084
:10D54000814209D0002070BD054870BD236893F862
:10D55000CC309B07F6D5F2E7024870BD024870BD9B
:10D560000094FFFF8094FFFF008FFFFF03682DE909
:10D57000F04F93F8CC309DB00446D0F8C8609A07BD
:10D5800043D5C76B002F00F0FA8197F8EC31D0F843
:10D59000C450012B2ED0162D2CD1D4F8C0301D78BC
:10D5A0001DB1E26B002A00F09E80321F100C110AA0
:10D5B0005870D4F8C0309970D4F8C030DA7023684D
:10D5C00093F8CC309B0700F19F81002D00F0A582DD
:10D5D000E36B3246D4F8C0102046D3F800349847A5
:10D5E000236893F8CC309F0740F19782E76BD4F81B
:10D5F000C45047B197F8EC31012B04D025F0020359
:10D60000142B00F0D281EBB204E0D0F8C430162B1A
:10D61000C3D0DBB2D4F8B42013702368206993F828
:10D62000CC3061699D07D4F8B42000F1AE81507010
:10D630009170D4F8B830320A1A70D4F8B8305E70ED
:10D64000656C002D00F0AC80216B00294BD02A6D59
:10D65000D4F8C830002A00F0A281B3F5205F92F818
:10D6600001801E4600F29F81B8F1070F00F0AB80E9
:10D67000B8F1020F00F08D8108F0FD03082B40F097
:10D680007981002310AF0A932A68BE46D4F8B030DF
:10D69000127F1868596812F0020FEB68226808BF01
:10D6A0004FF01008099318BF4FF0080894F8C430E1
:10D6B000D5F81090AEE803008DF8483092F8CC20F1
:10D6C00020699307616900F1BD81DDF824E08DF8E0
:10D6D00049008DF84A10320ABEF10C0F8DF84C60EB
:10D6E0008DF84B2003D0C9481DB0BDE8F08FD5F8A8
:10D6F00010A0BAF1040F00F0B681BAF10C0FF2D10C
:10D700002A46D4F8B0100DAB0DF1370E52F8180FB1
:10D7100001F1FF3C0B930DF13F0B5168926807C379
:10D72000099B1EF8011F1CF8012FF34582EA010234
:10D730008EF80020F5D10993099B0DF1300CD4F837
:10D74000C0E005F15000C9EB0303CDF818800EEBE3
:10D75000060B02969A193B460D270B99C4F8C82070
:10D760005246CDF80CE0CDF804E0CDF814B0CDF879
:10D7700010C00097EAF7F6FB0028B5D10C9BB34226
:10D78000B1D1D4F8C8300A9A4344C4F8C830002A4A
:10D79000A9D1D4F8B820190A1170D4F8B820537060
:10D7A00023682046D4F8C82093F8CC3013F0020F39
:10D7B0000CBF05230D231344C4F8CC30FFF782FEC1
:10D7C0001DB0BDE8F08F6369002B8CDD05F13800DA
:10D7D0000822D4F8B01010AFF0F782FE606C03227C
:10D7E000D4F8B4103830F0F77BFE606C0222D4F825
:10D7F000B8103830F0F774FE606CD4F8C820D4F854
:10D80000C0103830F0F76CFE606C39463830F0F7F5
:10D810007BFE606C3830F0F7ADFED4F8C820636C46
:10D820003946D4F8C00010445A6905F015FA656C01
:10D83000D4F8C86008F0FD026B69082A3344C4F8C4
:10D84000C8301E4600F06681B8F1060F00F0628114
:10D85000B8F1020F7FF447AF01260022581C0D9249
:10D86000ED68B0FBF5F105FB1100281A854200F0C8
:10D87000C780C5B201E0D4F8C830D4F8C0100B445A
:10D880009D5401329042F6D2D4F8C85063690135F4
:10D89000012B0544C4F8C85040F3D0802268636C63
:10D8A0009569D06903F11801DA68A84700287FF468
:10D8B0001BAF616CD4F8BC00CA68183105F0CCF914
:10D8C000606CD4F8C850C268D4F8C0302A44C4F898
:10D8D000C8200DA9C2680193029100F118010095BA
:10D8E0005030EAF713FB00287FF4FEAE0D9B9D42FB
:10D8F0007FF4F9AE6369012B40F3AD80002E00F098
:10D90000CA80D4F8C83044E7D4F8C830C3F52053EF
:10D91000072B48D9D4F8C0000836011D0C3005F09B
:10D92000A3F9D4F8C8300833C4F8C830002D71D03A
:10D93000E36B0022D4F8C010D3F8D4311B0A0B716A
:10D94000E16BD4F8C030D1F8D4115971E06BD4F840
:10D95000C010D0F8D4310133C0F8D431CA800A7273
:10D96000D4F8C0301A4632F8011F9278A3F8091093
:10D97000DA722DE6B8F1060F3FF483AEB3E6D0F8C5
:10D98000C450162D3FF409AE3DE60132FEF76AFBA6
:10D990004FE68A6F002A3FF416AF00265DE7B3F525
:10D9A000205F7FF6A0AE1A489EE61021012005F008
:10D9B00083F98046002800F0AB80D4F8C89001209D
:10D9C000494605F079F9C8F80000002800F09D806C
:10D9D0004A46D4F8C01005F03FF90022EBB2C8F86F
:10D9E0000490C8F80C2088F80830D7F8F01109B96D
:10D9F0004EE01146CA68002AFBD1C1F80C8009E646
:10DA0000D4F8C0101046CA543EE700BF0094FFFF90
:10DA1000008FFFFFD4F8C0301D71D4F8C0305D71A5
:10DA2000D4F8C030DD801D72D4F8C0301A4632F808
:10DA3000011F9278A3F80910DA72D1E5D4F8C0304A
:10DA4000606C46E70DF14902FEF70CFBD5F80CE0DF
:10DA5000D4F8C8603FE6606CC26800F17801183005
:10DA600005F0FAF84AE7D4F8B0200EAEA8690DAB7D
:10DA70000D90106851680B9303C6D4F8BC10106861
:10DA8000526808604A60D4F8C860D5F80CA053E624
:10DA9000C7F8F081BEE5D4F8B01010ABD4F8B4608C
:10DAA0000D220868D4F8C8504968676C03C32B0A74
:10DAB000B6F800E0B67810A907F13800ADF848E0F4
:10DAC0008DF84B308DF84A608DF84C50F0F708FD1A
:10DAD000606CD4F8C820D4F8BC103830F0F700FDE2
:10DAE000D4F8C830D4F8BC10606C19443830F0F762
:10DAF0000BFD606C3830F0F73DFD626CD4F8C83037
:10DB000052691344C4F8C83043E6404605F08CF827
:10DB10000348E9E501230A93B6E594F8C43079E5B2
:10DB20000081FFFF02680146D2F8B430002B10B428
:10DB30000EDB04201624D1F8C0300022C1F8C80042
:10DB40000846C1F8C4401A705DF8044BFFF70EBDDB
:10DB5000D2F8B030D2F8AC20B3FBF2F201324FF081
:10DB6000010303D001335208DBB2FBD1CA68013292
:10DB70009A42CA60DDDD00205DF8044B704700BFAB
:10DB8000A0B170B4046874B1D0F8C0401526022565
:10DB9000C0F8C460C0F8C8502170D0F8C0305A70C6
:10DBA00070BCFFF7E3BC024870BC70470048704788
:10DBB000008FFFFF28220221FFF7E2BF20B3026897
:10DBC00012B392F8CC20D20714D54268102A1BD188
:10DBD0000321D0F8CC208160A2B9D0F8C01030B4B5
:10DBE00004251624C0F8C850C0F8C4400A7030BCE0
:10DBF000FFF7BCBC8268012A08D04368102B03D110
:10DC0000FFF730B9FFF75EBC01487047FEF782BDF1
:10DC1000008FFFFF90E80A00102B91F8CC2001D074
:10DC2000002070478368032BFAD091F8CD309B0613
:10DC3000F6D5B8312DE9F04102F002060446006E37
:10DC4000C6F108078D1930443A46294605F024F8F4
:10DC50008046D4F8B00029463A46304405F01CF816
:10DC6000B8F1000F04DC002802DC0020BDE8F081E0
:10DC70002046BDE8F041FFF7A1BF00BF70B51446D4
:10DC80000E460546FEF700FDA04205D22B6893F82C
:10DC9000CC309B071BD40446D5F8CC3083B917236E
:10DCA000C5F8C84031462246C5F8C430D5F8C00092
:10DCB00004F0D2FF2846FFF759FC38B9204670BD62
:10DCC0002846FFF7FFFB0028F8D070BD70BD014863
:10DCD000FBE700BF008FFFFF002846D0036870B548
:10DCE0000446E3B116460D46FFF794FFC0B96368DA
:10DCF000102B04D02046FEF70DFD002834D12368F8
:10DD000093F8CD30DB0604D5012E02D96369012BCF
:10DD100007DD324629462046BDE87040AEE714488C
:10DD200070BD636C13F1500FF3D01B6D002BF0D05E
:10DD30005B78022BEDD194F9D0304BB90122294602
:10DD40002046FFF79BFF0028EADD012384F8D0304E
:10DD5000721E691C2046FFF791FF0028E0DD0023BA
:10DD6000013084F8D03070BD70BD0148704700BFED
:10DD7000008FFFFF70B1026862B1D0F8CC2022B9E9
:10DD80004368102B03D010467047FFF79BBB01215F
:10DD9000FFF7F6BE00487047008FFFFFF8B5C36C71
:10DDA0001B689A7A0B2A3BD90268064692F8CC3057
:10DDB000DB0740D5C36B002B6ED0D3F8C051002DCC
:10DDC0006AD02B68002B69D02D68002D40D06C687C
:10DDD00042F2F6739C4220D80723D6F8C020210CCB
:10DDE000200ADF1CD1542246D6F8C01019444870CE
:10DDF000D6F8C0100B449C70D6F8C000A96838440F
:10DE000004F02AFF42F2FD723B19D5F83051D21AC4
:10DE1000002D3AD06C689442DFD9244A1046F8BDF0
:10DE20004FF41663D340DA07BED5436800220133AE
:10DE300043601046F8BDD0F8D430002BF5D0C36B4A
:10DE40001BB1D3F8C051002DBED1956E002DBBD1B2
:10DE500007232F462846D6F8C02016240B21107120
:10DE60003046D6F8C0205771D6F8C0209571D6F844
:10DE7000C020C6F8C830C6F8C440117073680133BA
:10DE80007360BDE8F840FFF771BBDD1FC5F30740C5
:10DE9000C5F30727EDB2DEE7956E0DB9044AC8E772
:10DEA00029680029FAD0002BCBD18DE7008BFFFF2A
:10DEB000808AFFFF10B401221424D0F8C010C0F8EB
:10DEC000C440C0F8C8200A7042685DF8044B0132B3
:10DED0004260FFF74BBB00BF4369022B08DD4B7A62
:10DEE000072BC36B0CBF054A054AC3F800247047D3
:10DEF000C36B044AC3F80024704700BF49BB0160EC
:10DF00009DBA016091B901602DE9F047C56B84B0FD
:10DF100007688046D5F8B89105F2544305F5CF66F9
:10DF2000D7F89420D7F89840B9F1000F7BD0D5F8F6
:10DF3000BC4105293AD007294ED0062958D00829D6
:10DF400073D1FB6905F2564A03A905F180000193DC
:10DF50005246BF69CAEB06030097EBF7DDFE10BB24
:10DF6000039B190A0AEB030285F8553485F854140B
:10DF7000B31A012B53DD1346210A03F8021B9E42FC
:10DF800054704CD3F61AB44249D822461846494632
:10DF900004F062FED8F83C200444002002F254430E
:10DFA000E41AC2F8104404B0BDE8F087F31A012B5C
:10DFB00035DD05F25647230A85F85544BE4285F8FB
:10DFC00054342CD3F31B9C4229D8224600213846D6
:10DFD00004F066FE3A19CBE7F31A012B1FDD00218E
:10DFE000302305F2864285F8541485F85534BFE78E
:10DFF000FA6905F2564A03AB281D01925146BF69E2
:10E00000CAEB06020097EBF78DFB0028CBD1039AF1
:10E01000130A85F85524524485F85434A8E7044877
:10E0200004B0BDE8F087914683E70248BBE700BF34
:10E03000008FFFFF0094FFFF10B501210446F1F7A8
:10E0400039FF08B1012010BD20460421F1F732FF4D
:10E05000002814BF0320002010BD00BF022807D0F5
:10E06000042805D0A0F10100B0FA80F04009704703
:10E0700003207047012803D003280CBF0420002090
:10E08000704700BF0138C0B2052802D8024B185CA7
:10E0900070470020704700BF98050020033805280E
:10E0A00002D8024B185C704700207047A005002082
:10E0B0004369032B05D104290BD0052903D002297C
:10E0C0000DD00A487047C36B0020094AC3F80424E6
:10E0D0007047C36B0020074AC3F804247047C36B22
:10E0E0000020054AC3F80424704700BF009AFFFFD0
:10E0F00055BB0160A9BA0160B5B9016003689A6FA8
:10E1000052B1137843B1994202D108E08B4206D054
:10E1100012F8013F002BF9D14FF0FF30704700207B
:10E12000704700BF03685A6F52B1136843B19942F8
:10E1300002D108E08B4206D052F8043F002BF9D1FF
:10E140004FF0FF3070470020704700BF012A70B5C4
:10E150001D46064611D0802103F090F9C0B12B680E
:10E160004FF0FF341B4943F400632B603046082214
:10E1700003F08EF9F8B9204670BD897A0A290AD9C8
:10E180000021304603F07AF9E0B904461249EDE780
:10E1900004461049EAE78A4012F0820F07D112F4D0
:10E1A000C06F06D112F01C0118BF8021E9E72021C1
:10E1B000E7E70821E5E72B684FF0FF3443F480538D
:10E1C0002B60D8E72B684FF0FF34034943F400631A
:10E1D0002B60CBE7602A002050250020012A04D0C4
:10E1E0001870597030B430BC70471A46FDF73ABF0A
:10E1F000012A04D01A7802605B780B60704710B473
:10E2000040F201121C78121B02605A78C2F580732A
:10E21000012B03D00B605DF8044B704740F20113F3
:10E220009B1AF7E7026838B5D2F8AC200446C36BF6
:10E23000456DC3F8E8211DB19108006DA847E36B57
:10E24000A26F162A03D0022283F8EC2138BD226F78
:10E250001278142AF7D1032283F8EC2138BD00BFCD
:10E260004369012B70B5044640F38D80C26CD0F831
:10E27000BC001169D3685B1AC118C4F8C0102268C9
:10E280000431E36B204692F8CC20D3F8083402F036
:10E29000010298476369D4F8C05004F1F000002BE4
:10E2A00005F1040115BF0C22242210262826C4F8EB
:10E2B000EC2004F0D1FC16221423C4F8C860C4F882
:10E2C000C4202B70E26BD2F878362BB3216891F81A
:10E2D000CC30DD0705D40F23636091F8CC30D8072C
:10E2E00020D50A23636091F8CC3003F0020303F0D9
:10E2F000FF01EBB9D4F8B03019605960E16CA26B42
:10E3000023686164226393F8CC309B0733D42046A2
:10E31000BDE87040FFF72AB994E80A000133636052
:10E3200091F8CC3003F0020303F0FF01002BE1D0A1
:10E33000D4F8B0100023606CC2F8FC01086849688A
:10E34000C2F80002C2F80412D4F8B020C2F80230B9
:10E35000D380D4F8B02053780133DBB25370002B54
:10E36000CCD1D4F8B02013780133DBB21370002B7A
:10E37000C4D1074870BD2046FFF754FF2046BDE8D2
:10E380007040FFF7F3B8D0F8BC10C0F8C01076E7C3
:10E390008094FFFF38B5C36B0446D3F8F001FDF756
:10E3A0004FFCE36B0022D3F8D811C3F8F021C3F877
:10E3B000F421656DC3F8F8111DB11146206DA84711
:10E3C000E36BA26F162A03D0002283F8EC2138BD3C
:10E3D000226F1278142AF7D1032283F8EC2138BD7A
:10E3E00038B5C36B054693F8EC21012A1FD0D3F84A
:10E3F000F021C3F8F421FDF733FCEB6B012283F825
:10E40000EC21EB6B13E06268D5F8C00004F024FC4B
:10E410006368E2682846C5F8C830EB6B217AC5F816
:10E42000C410C3F8F421FFF7A1F880B9EB6BD3F85F
:10E43000F4416CB1237A2168162BE4D10B78142BAC
:10E44000E1D12846FDF70CFC2168DCE7184638BD11
:10E450006A68102A0DD0022283F8EC216B6D002B24
:10E46000F4D0EA6B286DD2F8E8219108984720464D
:10E4700038BD0322204683F8EC2138BD01682DE920
:10E48000F04791F8CC30C76F9C0703D50B2F3AD9D2
:10E490000C2402E0032F36D90424056FAA786B7888
:10E4A0001202EE7842EA034333431E19C0F8A0601B
:10E4B00091F8CC3099071FD52A7904466B79D0F8AA
:10E4C0003C8043EA0223B8F1000F00F0F480426878
:10E4D000102A1ED0D8F8D82193421DD0D8F8F821A0
:10E4E000013A934212D12B78032B0FD02046FFF72D
:10E4F00077FF58B1BDE8F0879F4BB74234BF18464D
:10E500000020BDE8F0879D48BDE8F0879C48BDE845
:10E51000F0872A78012AE1D1B74280F01B81A6F169
:10E520000C07D8F8E491B9F1000F00F0E88004225C
:10E530002946484604F0B0FB0028E4D1EA7909F105
:10E540000C00AB7A95F806A012026E7A1B0242EA22
:10E550000A4295F808A043EA0643EE7A42EA0A0A1C
:10E5600000EB07091E430AEB0603BB42CBD806F1BA
:10E570000C08E36F9845C6D8324605F10C015044AB
:10E5800004F06AFB0AF00702C2F10803002A76D001
:10E590009E424FEADA0064D866B19E1B19F800204B
:10E5A000012505FA06F101360A439E42D2B2F8D19E
:10E5B00009F80020F8080ED099F80030FF2BA5D1FB
:10E5C00009F1010309EB000103E013F8012BFF2A15
:10E5D0009CD18B42F9D117F007070FD019F8001022
:10E5E000CB0993D0C7F10707062301E0D2078DD5E9
:10E5F000BB4241FA03F203F1FF33F7D1E36F9845D1
:10E600007AD3D4F88020D4F888108A4216D9266F9D
:10E61000521AD4F8A00042F64D15636E3044E66DF0
:10E620001944C71A9B1BED1AD319C4F88870AB4262
:10E63000C4F8803000F2978004F016FBE36BD4F846
:10E64000A020D3F8E411206F04F006FBE36BD3F8AD
:10E65000E40104F0E9FAE36B0020C3F8E401BDE84B
:10E66000F0879A44F61A19F800200125013B05FAB3
:10E6700003F10A43D2B2002BF8D109F8002016F0BA
:10E68000070311D006EB0A05C3F10802F61A0120B0
:10E69000ED0819F8053000FA02F101320B43082A9F
:10E6A000DBB2F8D109F80530F208FF2109EBDA00F6
:10E6B00004F0F6FA7EE7B7421ED303223149A81DC3
:10E6C00004F0EAFAC0B90322691C05F1090004F05C
:10E6D000E3FA58B9B8F1000F3FF40CAFD8F8E49161
:10E6E000B9F1000F42D0A6F10C0720E7A6F10C0704
:10E6F000B8F1000F7FF415AF1F48BDE8F087B6F5FD
:10E70000205FF9D817F007034FF0010006EBD7019F
:10E7100018BF0346194404F0CFFA0346C8F8E401D1
:10E7200030B328681860AA889A80D8F8E431A3F832
:10E73000069083F80890E36BD3F8E4311A4632F878
:10E74000011F9278A3F80910DA72E36B256FD3F8F2
:10E75000E491F3E603220B49A81D04F09DFA00287A
:10E760007FF4DDAEAFE70848BDE8F087BDE8F0878D
:10E770000648BDE8F08700BF808FFFFF008EFFFFD7
:10E78000809AFFFF480500200096FFFF0081FFFFF1
:10E79000836F162B10B5044622D0152B0ED023689C
:10E7A00093F8CC3003F0020303F0FF002BB1E06BD1
:10E7B00018B16368102B19D0002010BDE36F022B35
:10E7C00019D1226F1378022B17D0012B01D00D48DD
:10E7D00010BD53789BB1642B0A4808BF002010BDC0
:10E7E000FFF74CFE0028E8D1A36FD6E72046FEF7DE
:10E7F000AFFB002010BD044810BD044810BD044804
:10E8000010BD00BF8099FFFF008EFFFF8088FFFFD3
:10E810008087FFFF036A2DE9F041002B00F0BC80E8
:10E82000456E42F64D13C26DAA1A9B1A8B42C0F078
:10E83000B78003680F46044693F8CC309A072FD46C
:10E84000D0F88060B14230461FD880E0D4F88060B4
:10E85000D4F82480B8F1000F00F08B8023682A469A
:10E86000616ED3F8A8303144A06AC047002800F098
:10E8700089807CDB8542C0F09680D4F8806030448B
:10E880008742C4F88000064661D9A36D3D1A002B6B
:10E89000DED0206D98470228D8D14948BDE8F081E4
:10E8A000436D002B7CD0836D002B79D0D0F888107D
:10E8B000D0F8802049B1914275D8521AC0F8802012
:10E8C000002A62D10023C4F8883097423FD9002A39
:10E8D00069D1A36D13B3206D984702281ED1636DD3
:10E8E0001BB10022206D114698476368102B31D070
:10E8F000E36B2168D3F8E821D1F8B0108A42CCD27A
:10E90000500081425AD3824258D8C3F8E8012046C9
:10E91000FFF766FD58BB2B48BDE8F0816368102BFC
:10E9200044D0E36BD3F8E831616E42F64D12E06DEE
:10E93000656A081A121A002D3CD0A06AA84708B3CD
:10E9400010F5D04FCBD0002811DBC4F88000002098
:10E95000BDE8F081236893F8CC30DB079DD5A36830
:10E96000032B9AD12046FFF7DDF80028D3D0BDE86D
:10E97000F081616E2A46236A3144A06A98470028D4
:10E980007FF477AF1048BDE8F0812944284604F0B1
:10E990006BF9D4F8802095E7436A002B7FF440AFF1
:10E9A0000A48BDE8F0810A48BDE8F0812368D3F841
:10E9B000A830B9E7236AA06A9847C0E70846A4E7E9
:10E9C0000098FFFF0097FFFF808DFFFF008FFFFF84
:10E9D0000094FFFF036893F8CD3003F00803002B89
:10E9E0005FD0016E00222DE9F00F8C7884B00025F5
:10E9F00016462302CC7991F804A01643CF784FEA4B
:10EA00000A684FEA1A2991F805A01F43CDE902458B
:10EA1000DDE9024534433D4344EA080445EA09057B
:10EA2000A0464FEA1A44A94601944FEA0A4491F8D5
:10EA300006A000944FEA1A674FEA0A26DDE900456E
:10EA4000D0E924AB45EA090544EA080445EA070988
:10EA500044EA0608CB4508BFC2451DD3BAEB0806F9
:10EA60006BEB0907002F08BF402E1ED2D0F89C4048
:10EA7000C6F12001D0F89830A6F1200204FA01F185
:10EA800023FA06F024FA02F20843104340F3000090
:10EA900004B0BDE8F00F7047104604B0BDE8F00FB9
:10EAA000704703F0FF02104670474FF0FF30EFE76A
:10EAB000036893F8CD301B0761D5016E00232DE963
:10EAC000F00F8A7884B0CF7800241502CA7991F8C3
:10EAD00004A026462F434FEA1A2926434FEA0A6824
:10EAE00091F805A0CDE90223DDE902233B4332433F
:10EAF00043EA090342EA080299464FEA1A4390465C
:10EB000001934FEA0A4391F806A000934FEA1A676F
:10EB10004FEA0A26DDE90023D0E924AB43EA0903E2
:10EB200042EA080243EA070942EA0608CB4508BF61
:10EB3000C24525D2B8EB0A0A69EB0B0BBBF1000FFB
:10EB400008BFBAF1400F3BD2D0F89830AAF12006A6
:10EB5000D0F89C20CAF1200103FA06F603FA0AF461
:10EB600002FA0AF523FA01F144F0010435430D439A
:10EB7000C0E92645C0E9248904B0BDE8F00F70471C
:10EB8000BAEB080A6BEB090BBBF1000F08BFBAF137
:10EB9000400FF1D20121AAF12005CAF1200401FAA7
:10EBA00005F301FA0AF221FA04F42343D0E92645D9
:10EBB00022432B43C0E9262304B0BDE8F00FDEE773
:10EBC00001220023C0E92623D4E700BFD0F8A0101B
:10EBD0002DE9F04F04469DB0C9B1456F002D40D1DD
:10EBE000C26F91423FD3C567C0F8A050236820464A
:10EBF00093F8CC3013F0020F0CBF05210D21FFF765
:10EC000009FE58B1054628461DB0BDE8F08F436F98
:10EC10002BB3002528461DB0BDE8F08F636EA26EB1
:10EC20001E782068A6671578527842EA0525E567C0
:10EC300090F8CCE01EF0020F40F0CF8159789F7819
:10EC4000A6F11402032A1AD91EF0020F00F0A981BE
:10EC50000023724DC4F88830C4F88030DAE7C36707
:10EC6000C4E76F4DD6E7521A006FE267014403F024
:10EC7000FBFFE36FC4F8A050002BCAD1B6E72369AD
:10EC80008B4240F0D58190F8C930BB42C0F2D081B0
:10EC9000E76D42F64D12216FC91B521A954200F2E0
:10ECA000C7810EF0020202F0FF03002A40F0BC8090
:10ECB000226C002A00F0428292689542C0F04382A2
:10ECC0006169002904DD02F52452954200F23B827D
:10ECD000002B20460CBF05210D212944FFF79AFD8A
:10ECE00000288FD1226892F8CC3003F0020303F0A1
:10ECF000FF01002B00F06E81E36F0D33C4F8883004
:10ED0000256C002D00F05D81E06A002800F025826E
:10ED1000D5F89030002B00F01B82E76FAE68597871
:10ED2000B742C0F0798101F0FD03082B00F0638148
:10ED3000A1F10603B3FA83F35B09002B40F05B817A
:10ED4000022940F00A8261690B93012940F30E8287
:10ED5000EB68194619448F42C0F05E8169694E1C08
:10ED600033449F42C0F05881836FD4F87080012BE8
:10ED700000F07C8338464FF00009EA68B0FBF2F6F9
:10ED800002FB1606002E40F017826369012B11DD8D
:10ED9000801ABF1AE0676AB130463146E36E0D440F
:10EDA00001311B5CC9B285F82830256C0846EA6839
:10EDB0009142F3D30BA9434605F19000029105F16E
:10EDC00028018DE88001E9F7A1F8002840F0B3811F
:10EDD0000B9B9F4200F006822268114D92F8CC30C6
:10EDE0009E0740F11B8125F0800313F5E44F7FF46B
:10EDF00011AF63680B2B00F011810D2B00F00E8119
:10EE0000D2F8C020002A3FF423AFA36901339A420D
:10EE1000A3613FF61DAF034DFCE600BF809AFFFFE4
:10EE20000094FFFF808EFFFF216EB4F884C091F83C
:10EE300000804A7842EA0822624500F099811EF07B
:10EE4000010F00F014816368102B08BF162E40F0EC
:10EE50000E81002A40F00B81D4F880300D2B40F257
:10EE600006817A7B012A40F00281D0F84480856CCB
:10EE7000B8F1000F00F0F882002D00F0F5823C2B75
:10EE800040F26D813A78162A40F06981FA78002ABA
:10EE900040F065813A79002A40F06181FA7C002ACD
:10EEA00040F05D813A7D002A40F059817A7D002A48
:10EEB00040F0558197F83B10A3F13D02914200F2DA
:10EEC0004E817A183C3B92F83C209A4200F24781EE
:10EED000D0F84CA03D31D4F8E0B0D4F8E4903944F7
:10EEE00050465B46CDF80090D4F8AC60A8470028A7
:10EEF00000F0A68039685B467A685046FD684FF09E
:10EF0000030AD7F808B04FF0FE0CF5604FF0FF0E83
:10EF1000316006F11C057260C6F808B039697A697B
:10EF200031611CA9726106F520523F7E86F80DA062
:10EF3000377686F819C086F81AE0CDF8009041F8C7
:10EF4000305DC047002840F03481109A9F4D921BDD
:10EF5000D1B2A2F11903A2F10D07A1F11C0EA1F18A
:10EF600019000D393F0AC0B286F81BE03173C3F3B4
:10EF70000741C3F3072330763074B175B173F3756D
:10EF8000F373F772E369D4F8AC10A06A984723686A
:10EF900093F8CC3003F00203DBB2002B3FF43AAE1F
:10EFA00056E60A2202212046894DFEF7E9FD236834
:10EFB00093F8CC3003F00203DBB2002B3FF42AAE0F
:10EFC00046E692F8CC309B077FF523AE2046FFF74C
:10EFD0006FFD1EE6C4F8801092E69A7840F20111A7
:10EFE0005B78C2F58077C91A012F7FF429AE40F211
:10EFF0000117BF1A24E62968EB68087F296910F019
:10F00000020FA3EB01030CBF4FF010084FF00808EC
:10F0100003EB08018F4230D26E4DDFE615F5E34F6A
:10F020007FF4F8AD204614220221FEF7A9FDF1E598
:10F030000EF00203664DDBB2002B3FF4EBAD07E6AA
:10F0400001212046FDF78EFE002800F06382236830
:10F0500093F8CC309F077FF5D5AD10F5CF4F05461F
:10F060003FF4D8AD15F5CE4F7FF4F2ADE56F05F165
:10F070000D03594DC4F88830CCE5FE1A216E0DF110
:10F080004009A76FC8EB06064B46E6670868496863
:10F0900003C38DF8487092F8CC30276F9B07206926
:10F0A000616900F18C8033468DF849008DF84A1073
:10F0B0001A0A8DF84C308DF84B20EB680C2B7FF43E
:10F0C0008BAE2B69042B00F028820C2B7FF484AECE
:10F0D00055F8280F0DF1300C236E6968E246AA68D6
:10F0E00003F1FF3E0DF13B050DF13303AAE80700E4
:10F0F00013F8011F1EF8012F9D4282EA01021A70C7
:10F10000F6D1206C0BAA07EB060E0D2504924B4698
:10F11000CDF8188061460397903002960C22019733
:10F12000CDF814E00095E8F75DFF002800F0EA81D3
:10F1300010F5C64F40D0054622684FE66A1EB2F56C
:10F14000205FFFF4C5AD224D002B3FF463AD7FE59A
:10F15000AB68E76F9F42FFF45FAF204D3EE6204D66
:10F1600090F8CC3098077FF555AD7BE7E968F1E57D
:10F1700020460993FFF72EFC00287FF478AF142E69
:10F18000099B0ED0172E7FF493AD6268102A3FF4CE
:10F190008FADA16801297FF46AAF022A3FF488ADE0
:10F1A00065E762680C2A3FF483AD0A2A3FF480AD1C
:10F1B0005DE70A4D2068D3E72268064D0EE60DF1A3
:10F1C0004902FCF74FFFE36F72E700BF8095FFFF36
:10F1D000008EFFFF808EFFFF809AFFFF0094FFFFED
:10F1E0000087FFFF6269012A40F3A181D4F87CE027
:10F1F00089F00109206F216C00EB0E03D1F814A0F7
:10F2000013F8017C013707EB0A039E4580F08081EB
:10F21000B9F1000F00F07C8100231F46002A7FF720
:10F22000DBADBE4534BF4FF0000803F00108C7EB6B
:10F230000E020AF52053002507F1FF3C01219A42F6
:10F240008CBF4FF0000808F001082B4608FB0202B3
:10F25000501E10F8012FBB422CBF002101F001010C
:10F260000133CCEB0202B3F5807FB2FA82F24FEAAF
:10F27000521201FB0255ECD1AF4214BF002508F039
:10F2800001056B025B1B1F40C7EB0E03E367B9F17F
:10F29000000F00F0A280CAEB0303A26E190AE36715
:10F2A0001170A36EE26F5A706369002B40F3708196
:10F2B000206CE36F026807EB0308527AB8F5807F91
:10F2C000A2F1030288BFA8F58076042A00F26081CB
:10F2D000DFE812F0C300C3005E01C30005001D3368
:10F2E00008F11D02DB09C3EBD2134FEA052A0822FD
:10F2F000216E4430C5EB0A0A0AEA030AEFF7F0F878
:10F30000206C0322616E4430EFF7EAF8206C022291
:10F31000A16E4430EFF7E4F8206CE26F4430216FC7
:10F32000EFF7DEF8226FE36F1344002F00F018812F
:10F330001F44002213F8011BBB4282EA0102F9D1EB
:10F340000DF14009206C8DF830200AF1010A494680
:10F3500044309DF83030EFF7D7F80027206C0137A4
:10F36000216F4430EFF75AF95745F7D1206C4430FC
:10F37000EFF700F9236C206F5A69811908EB02033B
:10F380009B1B07D0CE18002311F8017B7B40B142B4
:10F39000DBB2F9D100218DF82C30E36F9DF82C60A1
:10F3A0008DF82B1082B11A44C618024416F8011BBE
:10F3B00019F8010B9DF82B70964281EA000141EA91
:10F3C00007018DF82B10F1D19DF82B20D2B2002D22
:10F3D00000F0C380002A40F0C080002B40F0B080D5
:10F3E0006269032A00F0CA80D4F8A4200132032AFB
:10F3F000C4F8A4203FF7E0AE206890F8CC20920734
:10F4000019D4082208E0216E4B5D0133DBB24B5565
:10F41000002B40F09980EAB22068551E90F8CC107D
:10F4200001F002018A4201F0FF03ECD89A4200F099
:10F43000AC80E36F2068B3F5205F02467FF6C1AD74
:10F4400090F8CC30990705D563680D2B02D00B2BB3
:10F450007FF4D6AC4F4DFFF7DDBB153308F1150235
:10F460009B09C3EB921340E74B4D79E67F1A216E5F
:10F47000626E0CABE7673E0A0868496803C393787D
:10F480000CA9B2F800E005F144000D228DF83A30E5
:10F49000ADF838E08DF83C708DF83B60EFF720F860
:10F4A000206CE26FE16E4430EFF71AF8206C10A97F
:10F4B0004430EFF729F8206C4430EFF75BF8256C07
:10F4C0000021E26E6B698DF82A10E06F93B103445E
:10F4D00010AE111802EB030E11F8013B16F8012BC8
:10F4E0009DF82AC0714583EA02034CEA03038DF8B4
:10F4F0002A30F1D19DF82A30002B7FF45DAE4FF019
:10F5000001093AE40B9B9E427FF466ACE36F64E72B
:10F51000012383E6214DFFF77DBBA86A0DABE26EA8
:10F520000DF1300C0C901068516803C3E9E5206CB4
:10F53000C26800F1B801283003F08EFB626955E61D
:10F540000022C4F8A42057E7206890F8CC309B072D
:10F5500001D4E36F6FE7022368E7114D22683DE4B1
:10F560000DF14009206C8DF830700AF1010A49460E
:10F5700044309DF83030EEF7C7FFEEE6A26F172A51
:10F580003FF432AF2268034D28E40246054D25E4DE
:10F59000054DE3E7008EFFFF008FFFFF8098FFFF20
:10F5A000808EFFFF8094FFFF0094FFFF38B5D0F8F6
:10F5B000A850044675B10025C0F8A850284638BDAB
:10F5C0002046F3B9FFF7E4F810F5CD4F02D010F55F
:10F5D000CB4F0ED12046FFF7F9FA10F5CB4F03467B
:10F5E000EED12046FFF7F2FA10F5CB4F0346F1D0EB
:10F5F000E6E748B9A36F162BE0D12046FDF748FF98
:10F60000DCE71D46284638BD0546284638BD00BF04
:10F61000002800F0E880036870B50446002B00F075
:10F62000E48093F8CC3015460E469B0709D5FDF7CC
:10F6300049FF68B9E36B23B193F8EC31012B00F07B
:10F64000BE802046FEF7E6FA10F5D64F01D000B195
:10F6500070BD6368102B07D02046FDF75BF810F5EE
:10F66000D64F01D00028F3D1616F002940F090807F
:10F67000A36D1BB1206D984701305ED02046FFF787
:10F6800095FF002840F09580E36F23BBA36F172BF5
:10F690001CD0162B22D0A268032A43D0152B00F0D1
:10F6A0009D80172B25D16368226F102B62674ED087
:10F6B000236893F8CC30DB07D6D5A368032BD3D1CE
:10F6C0002046FEF72FFA0028CED0C1E72046FFF7EC
:10F6D0006DFF00287ED1A36F162BDCD12268216F2D
:10F6E00092F8CC300978D80705D501290BD09907B5
:10F6F000BAD4404870BD0029F9D19807D4F8A010B9
:10F7000042D40429F5D192F8CD20920627D463691A
:10F71000002B6CDD642201212046FEF731FA00281F
:10F72000A2D070BD2268D2F8B4100029B6DBE2681E
:10F7300001329142E260B1DADBE7636D002B9DD0CC
:10F740002268206DD2F8A8209108984796E7636D4B
:10F75000002BADD00022206D11469847A8E7D4F8C1
:10F76000E82012B913F0300FD1D003F00303022BBD
:10F7700036D02046FDF776FB10F5D64F3FF474AF38
:10F7800000287FF465AF6FE70C297FF46DAFBAE70F
:10F79000E26F3046954228BF15462A4603F05CFAD0
:10F7A000E36F5B1BE3678BB1636F2B446367284692
:10F7B00070BD10F5E54F7FF44BAF002070BD2046C3
:10F7C000FEF70EFE00283FF43CAF70BD6367C4F83F
:10F7D000A830ECE710F5E54FEFD070BD064870BDDE
:10F7E0000323A360C5E705487047044870BD04487B
:10F7F00070BD00BF0089FFFF0097FFFF008FFFFF74
:10F800000094FFFFC26C03462DE9F047166884B0F0
:10F81000B17A0B291BD91A68072992F8CC2002F07B
:10F82000010000D1C0B9D96BC2F38102D1F8C47113
:10F83000032F08BF1746B7B9A8B15A688024996B3F
:10F84000002001320C665A6004B0BDE8F0874FF426
:10F850001662CA40D007DED55A68002001325A60CD
:10F8600004B0BDE8F08718461C46FFF79FFE05462A
:10F8700008BB94E80C000133636092F8CC30DA07DF
:10F880001DD56269DAB103F0020AD4F8A090BAF18A
:10F89000000F0CBF07220F220AF0FF0191450ED185
:10F8A000A36F162B00F0228120460A220221FEF7C8
:10F8B00067F9B748D4E7284604B0BDE8F087A26FDF
:10F8C000162AF1D1D4F8708098F800200B2A7DD147
:10F8D00003F0020AD4F8A090BAF1000F5ED0B9F19B
:10F8E000110F73D998F80D1098F80E3098F80C2075
:10F8F00043EA0123002A69D14FF00C084344033343
:10F90000994563D1D4F83890D9F85C0038B102F049
:10F9100029F8A36BD86D03F087F9D4F838904FF429
:10F920009A71012003F0C8F9C9F85C00002800F0C2
:10F93000168108F10308DFF86C9202F00DF8D4F894
:10F94000A00008F1030E804547D270453ED3236FD7
:10F9500003EB080203EB0E0113F80830B3BB557834
:10F96000937843EA05237F2B1A460EEB03082DD923
:10F9700040452BD3A36BD86D02F060F8484505468F
:10F98000DDD01ADD10F5165F1CD12B222046022196
:10F99000FEF7F6F8284604B0BDE8F087B9F1090F84
:10F9A00014D998F8051098F8063098F8042043EA1E
:10F9B00001235AB94FF00408A0E710F5225F03D1E4
:10F9C0005022E3E70028BAD02A22DFE7204632227D
:10F9D0000221FEF7D5F86F4842E7D4F8009099F875
:10F9E000CC30DB0702D4A368012B69D0002F3FF491
:10F9F00062AFE36BD3F8CC81B8F1000F00F0C180A7
:10FA0000D3F8D021A36B4146D9F83850D86D03F113
:10FA1000600ED9F864300395D9F834C0D4F8D850C2
:10FA2000CDF808C08DE8204001F07EFDA36B0546AF
:10FA30000221D3F85C9009F1BC00F0F73BFAD4F84E
:10FA400000E078B1D9F8C030DEF878201978002AC3
:10FA500067D0137823B964E012F8013F002B60D01F
:10FA60009942F9D19EF8CC203146A06B02F00102F8
:10FA700000F16003C06D82F00102FEF767FB002811
:10FA800063D0002D61D1012F49D0B8F1000F7DD195
:10FA9000022F7BD1404DA36B1B6EDF0566D45E0742
:10FAA00092D413F4DC3F7FF470AFD80700F180806C
:10FAB00099077BD413F0080F0CBF2E22302265E784
:10FAC000636BDB6D5BB1A16B5A68C96D486882429C
:10FAD00005D18968986803F0DFF8002886D02046B1
:10FAE00031220221FEF74CF82A48B9E6D4F870809A
:10FAF00098F800300B2B7FF469AF00294FF0030218
:10FB000026490CBF04200C20404403F0C5F800280F
:10FB10007FF4E2AEA36B4022012F1A6644D100208D
:10FB20009EE6A36B31461B4E1A6ED86D002D08BFA2
:10FB3000354642F4803243F8602F9EF8CC2002F024
:10FB4000010282F00102FEF701FB012F10D0B8F193
:10FB5000000F01D1022F9DD0002DE0D09BE7204661
:10FB600050220221FEF70CF80D4879E631220DE70C
:10FB700015F51C5FD3D015F5F44FD0D0002DCED0A5
:10FB800089E7D9F86C80D9F870203BE7014D82E70E
:10FB90000089FFFF0086FFFF8089FFFF48050020E6
:10FBA0000081FFFFD2D9FFFF024859E62C22EDE683
:10FBB0002D22EBE6808BFFFF10B50446FFF7F6FC25
:10FBC000002832D1A36F142B40D1E36F012B36D123
:10FBD000236F1B78012B32D1A26BE16C2368E262A8
:10FBE000216493F8CC3003F0020303F0FF02EBB181
:10FBF000B4F884300020002101339BB2C4E9240111
:10FC0000A4F88430C4E9260173B16369012B13DDC4
:10FC1000E16CE06ECA680B69D31A0344236763681A
:10FC200000200133636010BD0C4810BD236E1A60C4
:10FC30005A606369012BEBDCE36E2367EFE7204634
:10FC400032220221FDF79CFF054810BD20460A2202
:10FC50000221FDF795FF034810BD00BF8094FFFF10
:10FC60000082FFFF0089FFFF0268C36BF0B592F8C6
:10FC7000CC2085B00546D3F80834D24301A902F060
:10FC8000010298472846FFF791FC00284CD1AB6F42
:10FC9000162B67D12E6F3378142B5CD12F68D5F8D3
:10FCA000A02097F8CC30980740D4102A53D10421D3
:10FCB00001F10C030022314401A81E448DF80320F9
:10FCC00011F8013B10F8012B9DF80340B14283EA83
:10FCD000020343EA04038DF80330F1D19DF80330A9
:10FCE000002B38D10C2201AB05F1FC04C5F8EC2047
:10FCF00007CBC5F8FC006160A260EB6BD3F87836E7
:10FD0000C3B197F8CC30D90705D40A236B6097F8B4
:10FD1000CC30DA0713D50F236B6097F8CC3003F0A3
:10FD2000020303F0FF0083B905B0F0BD182A12D119
:10FD30000C21BDE76B6801336B6097F8CC3003F0A2
:10FD4000020303F0FF00002BEED02846FEF722FB53
:10FD5000002005B0F0BD284632220221FDF710FF39
:10FD60000448E1E728460A220221FDF709FF02487C
:10FD7000DAE700BF8081FFFF0089FFFF2DE9F04136
:10FD8000AEB005468846164601A81F46EEF750FC61
:10FD900017A8F4F78DFA01A8EEF75AFC044670B1E3
:10FDA00001A8EEF749FC17A8F4F786FA2846502276
:10FDB0000221FDF7E5FE20462EB0BDE8F081E96B9B
:10FDC000402201A801F21441EFF786F8044600280A
:10FDD000E6D13A46314601A8EFF77EF804460028FE
:10FDE000DED1414601A8EFF77BF804460028D7D1C1
:10FDF00017A8F4F76DFA04460028D1D1E96B402228
:10FE000017A801F21441F5F717FC04460028C7D1E2
:10FE10003A46314617A8F5F70FFC04460028BFD133
:10FE200008F1100117A8F5F70BFC044601A8EEF73E
:10FE300003FC17A8F4F740FA002CBCD0B6E700BFCB
:10FE40002DE9F04184B01546064688469DF82C0001
:10FE50001F46EEF72BFA0446EEF794FA286001A845
:10FE6000EEF730FA214601A80022EEF74BFA0446DD
:10FE700058B101A8EEF72CFA304650220221FDF7C6
:10FE80007FFE204604B0BDE8F08101A8EEF786FAB7
:10FE900004460028EDD1F16B402201A801F2144183
:10FEA000EEF786FA04460028E3D139460A9A01A8FB
:10FEB000EEF77EFA04460028DBD1414601A8EEF7B2
:10FEC00081FA044601A8EEF703FA002CD9D0D3E753
:10FED0002DE9F04FC3B00024924680460DF1080989
:10FEE0008B464FF4807221464846019402F0D8FEBA
:10FEF000BAF1000F70D055465F463F26AB68002B25
:10FF000055D0AA450ED0354B3946354A4046002CCF
:10FF100018BF1A4602F0DCFE002857DBB84255D263
:10FF20003F1A804401A92846EFF72CFA002846D151
:10FF3000019B39462B4A404602F0CAFE002845DBA9
:10FF400087428CBF00240124002C3FD12B693F1A2B
:10FF50008044002B3ED049460BE07F2B10D01E2A58
:10FF60000ED90B7001342B690131A3420ED9FE2C3E
:10FF70000CD86B691B5D03F17F021F2BD2B2ECD84A
:10FF80000E7001342B690131A342F0D84FF0000EFE
:10FF90004B46154A3946404609F804E002F098FEFF
:10FFA000002813DB874211D93F1A80442C7FAD69AA
:10FFB000002DA3D1C7EB0B0043B0BDE8F08F0B4A77
:10FFC0003946404602F084FE0028B9DA084843B0BA
:10FFD000BDE8F08F1C46D9E75046F8E7304A0020CC
:10FFE000344A0020384A0020444A00203C4A00207D
:10FFF00080D6FFFF2DE9F04F576885B09046064642
:02000004600298
:10000000202F03913BD94FF001091C27039D0024A9
:10001000DFF894B0DFF894A0D8F8083024B9B9F12B
:10002000000F01D01A78A2B107F1FF3E1B5D3046E8
:100030001A4AA64594BFDE46D6462946CDF800E0CA
:1000400002F046FE0028064421DBA842A5EB00058D
:100050001DD20134BC42DFD3D8F80430BB4209D0F2
:1000600030460F4A294602F033FE00280FDB854256
:100070000DD92D1A039B581B05B0BDE8F08F57B161
:10008000012F94BF4FF000094FF00109BEE705486A
:1000900005B0BDE8F08F3846EEE700BF404A0020CB
:1000A000484A002080D6FFFF34250020F4170020A6
:1000B000002070470020704770B5ADF5207D53AD2E
:1000C00068B9284601F048FC314A324B284612688C
:1000D000196802F025F8C0B10DF5207D70BD2E48DD
:1000E00002F0EEFD284601F037FC2A4B284A28464C
:1000F0001968126802F014F8044638B3274802F071
:10010000C7FD20460DF5207D70BD06AE304601F0DE
:1001100023FC234A234B30461268196802F000F88A
:100120000028D9D105AA02900190034600923146D9
:100130000246284601F000FC0028CDD1304601F0EF
:1001400011FC284601F00EFC0020C5E706AE304643
:1001500001F002FC134B124A30461968126801F094
:10016000DFFF04460028C9D10F4802F0A9FD05A908
:10017000029423460194224600912846314601F01C
:10018000DBFB04460028B9D1084802F081FDD5E721
:100190004C0E00200C670020504A00205C1A002002
:1001A000480E0020086700206C4A0020A01A00209A
:1001B0002DE9F041044682B0884615463B4F312375
:1001C0006A4641462046E2F785FC002868D1266849
:1001D000009B1E44302301AA31462046E2F77AFCF8
:1001E00008BB2368F21A002A56DD18782A4606232F
:1001F000314642F8040B2046E2F76CFC98B92368BC
:10020000D5F804E0AB60D4F800C00CEB0E03F21A92
:100210002360002A40DD1CF80E201E2A13D9244832
:1002200002B0BDE8F081A0F50E500028F8D1236897
:100230009E4223D001202021287702F03DFDA861B5
:1002400030B30546C6E727FA02F2D207E7D50133F5
:1002500005F110023146204623601CF80E30EB6099
:10026000E2F7E8FB0028DED122682B696A61226888
:1002700013442360A86123689E42DBD1B04512D0AD
:100280002021012002F018FDA86108B1054696E77B
:10029000084802B0BDE8F081074802B0BDE8F0812F
:1002A000A0F50E50BCE70020BAE700BF0810585078
:1002B0001EDCFFFF80D7FFFF20DCFFFF08B5E2F761
:1002C000C1FD08B1A0F50C5008BD00BF08B5E2F7AC
:1002D0004BFD08B1A0F50C5008BD00BF2DE9F0435F
:1002E000042414258FB00C7014701D600468302C29
:1002F00061D18768446801973C44A74240D01D46BD
:1003000016468846A023214602AA01A8E2F7E2FB8E
:10031000002839D010F1620F04D0A0F50C500FB0B6
:10032000BDE8F083019B9C422AD0A12302AA21466A
:1003300001A8E2F7CFFB00283FD010F1620FECD10B
:10034000019B9C421CD0A22302AA214601A8E2F7ED
:10035000C1FB002844D010F1620FDED1019B9C420A
:100360000ED002AAA323214601A8E2F7B3FB00287E
:1003700000F0888010F1620FCFD1019B9C4218D110
:1003800000200FB0BDE8F083019F01A8029B05AAE1
:100390001F443946E2F756FD10B1B0F50C50BED1FE
:1003A000414605A8EFF7D0F80028B6D1019B9F423F
:1003B000B9D03F48B3E73F48B1E7029908AB019F86
:1003C00005AA01A80F443946E2F7CEFC20B9069AE7
:1003D000092A13D03848A2E7B0F50C509FD1F6E7B0
:1003E00001992A46029B01A8CD182946E2F7B0FBE5
:1003F000002892D1019B9D42B1D0DAE707992F489E
:1004000002F04AFC0028E5D1089B302BD3D10A9B8F
:10041000099A039303EB0208434547D293F800E09F
:100420000DF13809062303A80CAA414649F80CED42
:10043000E2F750FB48B1A0F50C5000287FF46FAFF5
:10044000019B9F423FF47DAFB3E7039A31460C9B7B
:1004500048460D9213440393EFF776F80028EAD14B
:10046000039B9845ECD003A8052304AA4146E2F774
:1004700031FB0028DFD1049B002BDCD1039B984586
:10048000DED096E7019D01A8029B0BAA1D442946D8
:10049000E2F75EFB00287FF440AF019B9D4288D1CC
:1004A0000B9A012A3FF46AAF054838E7054836E75A
:1004B0009ADCFFFF9EDCFFFF52DFFFFF904A002027
:1004C00000DDFFFFA0DCFFFF036870B5CE1A82B02D
:1004D000002E14DD154601AA04461E78E2F7A0FBA3
:1004E00048B92368019AAB6023682E6013446A60A0
:1004F000236002B070BDA0F5125002B070BD01487B
:10050000F7E700BF20DBFFFF2DE9F041069E3468CE
:10051000CCB917460D461A461C463946EEF7DCFFA5
:1005200068B92378062B11D02B68052B00D033BB7C
:100530006B681648002B08BF0020BDE8F081A0F5CD
:100540001850BDE8F0811248BDE8F0810821012073
:1005500002F0B2FB8046A8B13946284608F10403F0
:100560004246FFF7BBFE044618B9C6F80080BDE856
:10057000F081404602F058FB2046BDE8F081034878
:10058000BDE8F0810348BDE8F08100BF00DDFFFF5A
:1005900000D8FFFF80D7FFFF03682DE9F043CD1A95
:1005A00083B0002D40F31F811D78172D00F0D280FD
:1005B000182D40F0D18004260133144601AA0546C7
:1005C0000360E2F737FA20B1A0F5105003B0BDE8A0
:1005D000F083019F06F108039F42C0F0B0802968B4
:1005E000206088190B780131303B092B00F2A7807D
:1005F0002368814203EB83034FEA430323602960AE
:1006000011F8012CA2F1300213442360EAD1022E2A
:1006100000F099800023811C024663601378013248
:10062000303B092B00F28B806368914203EB83031C
:100630004FEA430363602A6012F801ECAEF1300E1A
:1006400073446360EAD1002200F1040EA2600A78CC
:100650000131303A092A72D8A2688E4502EB820233
:100660004FEA4202A260296011F801CCACF1300CD3
:100670006244A260EBD1002100F1060CE1609EF81B
:1006800000100EF1010E3039092958D8E168E6450D
:1006900001EB81014FEA4101E160C5F800E01EF87D
:1006A000018CA8F130084144E160E8D14FF0000E20
:1006B00000F10808C4F810E09CF800E00CF1010C0F
:1006C000AEF1300EBEF1090F39D8D4F810E0C445B0
:1006D0000EEB8E0E4FEA4E0EC4F810E0C5F800C0C7
:1006E0001CF8019CA9F13009CE44C4F810E0E3D114
:1006F000BF1BA7F10806012E21D9002600F10A0C24
:10070000666108F1010698F800003038092816D80B
:100710006069B44500EB80004FEA400060612E60E4
:1007200016F8019CA9F130094844606116D0B04622
:1007300098F8000008F1010630380928E8D9334854
:1007400003B0BDE8F083312BD8BF643303F26C7380
:1007500023605FE702262FE72D4837E7A7F10A0657
:10076000012E35D0002EEAD1246842F20F75AC423A
:10077000E5D81729E3D8BEF13B0FE0D83B28DED8F7
:100780000C2BDCD8012141F2AA5001FA03F31840E6
:1007900058BB13F4256F2AD15907D0D5A30728D009
:1007A000E3171C494FF4C87081FB0451C3EBE113FC
:1007B00000FB1344002C14BF1C231D23002ABEDDA4
:1007C0009A42D4BF0020012000283FF4FFAEB6E7D4
:1007D00098F801605A2EB2D108F10208A7F10B0671
:1007E000C5F80080BEE70C48F0E61F23E6E71E23AD
:1007F000E4E70849E317642081FB0451C3EB61116E
:1008000000FB11410029CCD01D23D7E700DCFFFFFE
:100810009EDBFFFF1F85EB51A0DBFFFF036870B578
:10082000CE1A002E1ADD1D7805F07F05022D13D19A
:100830005E1C1546044606601B7842F8043BE2F74E
:10084000F9F830B922686B68AA6022681344236003
:1008500070BDA0F50A5070BD014870BD014870BD63
:100860001EDDFFFF20DDFFFF70B5056882B08D4201
:100870001CD02D78144643F0A003064642F8045BD2
:10088000E2F728F908B102B070BD30683023616822
:1008900001AAA060304634680C442146E2F71AF9F8
:1008A00038B93268019B13449C4206D1002002B043
:1008B00070BDA0F5145002B070BD0148E3E700BF61
:1008C0009ADAFFFF2DE9F04385B0002607460C4673
:1008D00004AD104698469DF8309045F8046D2946C1
:1008E000EEF70AFE90B1244A2146384602F0F0F9AC
:1008F0000546002D38DBAC4236D9B8F1060FA4EB23
:1009000005060BD0A01B05B0BDE8F083039B214674
:100910001A4A384602F0DCF90546EAE74846EDF7A0
:10092000C5FC0D9B81461878EDF7C0FC8046B9F1F7
:10093000000F1DD04846EDF72DFD8146B8F1000FA0
:1009400014D04046EDF726FD0D9B31465A684B46C4
:100950000090781901920A4A02F0BAF9002803DBE4
:10096000864201D9361ACDE70648CCE70248EBE7C4
:10097000DFF80490E2E700BF9C4A0020444A0020D0
:10098000A04A002080D6FFFF10B51346064A0C4649
:1009900002F09EF9002805DB84428CBF0020012074
:1009A00000B910BD0148FCE7B84A002080D6FFFF1F
:1009B0002DE9F043044695B090F828010D46EDF777
:1009C00075FC226904AB61690646EDF705FDF8B9CF
:1009D000304694F82971D4F82C9194F82881EDF7D9
:1009E000D1FCD4F8206105F1BC02D4F8244104AD57
:1009F0000190494643463846009503960294EFF726
:100A00008FFA003018BF0120404215B0BDE8F083D6
:100A10004FF0FF30F9E700BFF0B5044683B00D4654
:100A200021B9061C18BF0126002E35D095B38CB312
:100A30002A6823689A422DD162686B68934229D153
:100A4000A968A06802F028F9064618BBE768EB68B9
:100A50009F423CD00C2F01D0132F1BD10C2B01D067
:100A6000132B17D123692A69934213D162696F69E5
:100A7000BBB1013F02EB030E12F8013B17F8010F67
:100A800023F020014340A1F1410108D0202B01D1E6
:100A9000192904D94FF0FF36304603B0F0BD964512
:100AA000EAD1227F2B7F9A42F4D1A469AD690CB9B7
:100AB000002DF1D0002CEDD0002DEBD022682B685A
:100AC0009A42E7D162686B689A42B9D0E2E722693C
:100AD00029698A42BED169696069019302F0DCF834
:100AE000019B0028B6D1DCE770B5054610461446D8
:100AF0000E46EFF719FB012812D0062810D0023855
:100B0000C0B2022816D86368012229681B78013B0D
:100B100002FA03F30B420CBF4FF0FF30002070BD10
:100B20002046EFF7BFF9336898424FF0FF3028BFF7
:100B3000002070BD4FF0FF3070BD00BF70B506687B
:100B40008E420CD03678154643F0A003044642F896
:100B5000046BE1F7BFFF20B110F1620F07D1002055
:100B600070BD22686B68AA6022681344236070BD60
:100B7000F8B5466896423AD0044608460F4602F059
:100B80005FF8022E14D9A5682B782A2B10D16B7828
:100B90002E2B0DD160B13B782E2B09D03A46002385
:100BA00003E012F8014F2E2C05D001339842F8D102
:100BB0004FF0FF30F8BD002BFAD0C01A013EB04212
:100BC000F6D12C463B44002514F8012F013513F8CB
:100BD000016B22F020017240A1F1410103D0202AD3
:100BE000E6D11929E4D8A842EED80020F8BD8268E1
:100BF000AEB102F1FF3C0D468B1915F8012B1CF824
:100C000001EF22F0200492EA0E02A4F1410403D085
:100C1000202AB1D1192CAFD89D42EED1E5E730465C
:100C2000F8BD00BFD0F804210B4B18461340084014
:100C30000B4098420ED148F201000A43074B10B412
:100C4000044610400C40844214BF184600205DF852
:100C5000044B704701487047FE7FFFFF00D8FFFF3D
:100C60002DE9F8430C46002947D01546089A8146DD
:100C700000F14C069B1A002703F1010818E0A36954
:100C8000022B1EDCD4F80031002B01DD43450CD3D0
:100C900021464846FFF78CFE38B904F1A400FFF75F
:100CA00007FA20B3002F08BF2746D4F830412CB3F1
:100CB00004F16C013046FFF7AFFE0028F5D1002D9E
:100CC000DDD1D4F8FC30002BEFD0D4F8F8305B073E
:100CD00017D4D4F80031002B01DD4345E5D3002DB6
:100CE000D6D104F1A400FFF7E3F90028DAD104F12A
:100CF0008C00FFF7DFF90028D4D127463846BDE83D
:100D0000F88304212046FFF78DFF0028E1D0CCE7CF
:100D10002DE9F04F89468DB0002B00F052819C697F
:100D200016461D46134600940746B24A01F0D0FF0E
:100D30000028C0F24D81814540F24A81C0EB090490
:100D400007443346AC4A2146384601F0C1FF00282B
:100D5000C0F23E81844240F23B81241A074405F1EF
:100D60001C0221463846FFF745F90028C0F23081C1
:100D7000844240F22D81241A074433469F4A21467B
:100D8000384601F0A5FF0028C0F22281844240F2DB
:100D90001F81241A074405F14C0221463846FFF70B
:100DA00097F80028C0F21481844240F21181241A7D
:100DB00007443346924A2146384601F089FF00280D
:100DC000C0F20681844240F20381241A074405F1EF
:100DD0006C0221463846FFF77BF80028C0F2F88005
:100DE000844240F2F580D5F8A02007EB0008241AD1
:100DF000334605924046D5F89C702146814A0497B7
:100E0000D5F898700397D5F894700297D5F890703C
:100E10000197D5F88C70009701F05AFF0028C0F2B6
:100E2000D780844240F2D480D5F8B820241A804478
:100E3000334605922146D5F8B4704046724A04976D
:100E4000D5F8B0700397D5F8AC700297D5F8A870B4
:100E50000197D5F8A470009701F03AFF0028C0F27E
:100E6000B780844240F2B480241A80443346674AF3
:100E70002146404601F02CFF0028C0F2A9808442A0
:100E800040F2A680D5F82C21241A95F82931804407
:100E90000192214695F82871404605F128020097F5
:100EA000FFF710FDB0F1000AC0F29280544540F205
:100EB0008F8005F1BC0B5846EFF72CF91221024642
:100EC00007A8FFF761FD002840F083805846CAEB71
:100ED0000404EEF7E7FFD04407AB019021464046FB
:100EE000009333464A4A01F0F3FE002870DB844247
:100EF0006ED9D5F8F830271A08EB0004DA0528D5A2
:100F0000D5F8FC203346DFF834C13946DFF830E14C
:100F10002046002A18BFE6463E4ACDF800E001F020
:100F2000D7FE002854DB874252D9D5F800313F1A4A
:100F30000444002B0BDD013B374A3946204601F0C3
:100F4000C7FE002844DB874242D93F1A0444D5F843
:100F5000F830980676D4D90300F1AD805A0700F135
:100F6000D9801B0538D533462C4A3946204601F036
:100F7000AFFE00282CDBB8422AD23F1A044405F504
:100F80008475274EDFF8A48011E0069B0093394654
:100F90003346244A2046244E01F09AFE002817DBEF
:100FA00087420444A7EB000712D9ED68A5B106A952
:100FB0002846EEF70DFB1D4B0028E6D0CDF8188033
:100FC000E4E71B4A01F084FE002801DB814500D8DC
:100FD00018480DB0BDE8F08F2046174A394601F099
:100FE00077FE0028F4DB8742F2D9381AC0EB0900FB
:100FF000EFE700BFF44A0020104B0020284B0020F0
:10100000404B0020584B0020904B0020C84B002044
:10101000E04B0020F44B0020144C0020804D0020B9
:1010200034250020984D0020344A00209C4A00209E
:10103000D44A002080D6FFFF1C2A0020C44A00208A
:10104000CC4A00203346C84A3946204601F040FECB
:101050000028BDDBB84234BF00230123002BB7D1E9
:101060003F1A044405F1E802DFF804E35168C818A8
:10107000874240F287803F1A4BB19EF80010022B46
:10108000217002D19EF8011061701C44516841B179
:1010900000239168C95C013304F8011B51688B423D
:1010A000F7D3D2680223DFF8D8E2002ADED122701B
:1010B000D5F8F8304FE73346AC4A3946204601F0C0
:1010C00007FE002884DBB84282D295F818813F1AC7
:1010D0000444A74B18F0800F40F0728118F0400FC5
:1010E00040F0818018F0200F6ED118F0100F5CD105
:1010F00018F0080F4AD118F0040F40F0838018F060
:10110000020F40F09C8018F0010F40F08A80D5F863
:10111000F83023E73346974A3946204601F0D8FD98
:101120000028FFF655AFB842BFF452AFD5F804819E
:101130003F1A04448E4B18F0800F40F09E8018F048
:10114000400F40F08B8018F0200F40F0B48018F072
:10115000100F40F0A18018F0080F40F0CA8018F07E
:10116000040F40F0B78018F0020F40F0EE8018F046
:10117000010F40F0DB8018F4004F40F0C980D5F833
:10118000F830EEE600237C48237022E77B4A39469C
:10119000204601F09DFD0028FFF61AAF87427FF63A
:1011A00017AF3F1A0444764BA5E7764A39462046E6
:1011B00001F08EFD0028FFF60BAF87427FF608AFE7
:1011C0003F1A04446E4B93E76F4A3946204601F0BC
:1011D0007FFD0028FFF6FCAE87427FF6F9AE3F1A8E
:1011E0000444674B81E7694A3946204601F070FDA7
:1011F0000028FFF6EDAE87427FF6EAAE3F1A0444C0
:101200005F4B6FE7624A3946204601F061FD0028D6
:10121000FFF6DEAE87427FF6DBAE3F1A0444584B42
:101220006DE75C4A3946204601F052FD0028FFF682
:10123000CFAE87427FF6CCAE3F1A044467E7564AEA
:101240003946204601F044FD0028FFF6C1AE874232
:101250007FF6BEAE3F1A0444494B54E74F4A394625
:10126000204601F035FD0028FFF6B2AE87427FF63A
:10127000AFAE3F1A0444424B65E73946484A204620
:1012800001F026FD0028FFF6A3AE87427FF6A0AE50
:101290003F1A04443A4B52E7424A3946204601F08D
:1012A00017FD0028FFF694AE87427FF691AE3F1AF5
:1012B0000444334B4FE73C4A3946204601F008FDD1
:1012C0000028FFF685AE87427FF682AE3F1A0444BF
:1012D0002B4B3CE7354A3946204601F0F9FC002803
:1012E000FFF676AE87427FF673AE3F1A0444244B76
:1012F00039E72F4A3946204601F0EAFC0028FFF67C
:1013000067AE87427FF664AE3F1A04441C4B26E763
:10131000284A3946204601F0DBFC0028FFF658AE8B
:1013200087427FF655AE3F1A044428E7224A3946E1
:10133000204601F0CDFC0028FFF64AAE87427FF63A
:1013400047AE3F1A04440E4B15E71C4A3946204667
:1013500001F0BEFC0028FFF63BAE87427FF638AEB8
:101360003F1A0444064B02E7284C0020404C002062
:1013700034250020CC4C002080D6FFFF944C002068
:10138000344A0020804C0020784C0020684C00201B
:10139000A04C0020B84C0020AC4C0020F84C0020A1
:1013A000E44C0020204D00200C4D0020444D002036
:1013B000344D0020704D0020604D0020544D002021
:1013C0003946074A204601F083FC0028FFF600AEAC
:1013D00087427FF6FDAD3F1A0444024B7EE600BF14
:1013E000584C0020344A00202DE9F04390461D4619
:1013F00083B0894607460E461B4C01221B4B05E075
:10140000083454F8043CCBB154F8082C2A42F7D0E5
:10141000009338464346164A314601F059FC0028ED
:1014200007441DDBB042A6EB000619D254F8083C75
:1014300008345D4054F8043C002BE5D125B9C6EBD7
:10144000090003B0BDE8F08343463846094A3146F7
:1014500001F03EFC002803DB864201D9361AEEE794
:10146000054803B0BDE8F08368F50260A04D002098
:10147000C84D0020D04D002080D6FFFFD0F8F830B6
:1014800013F0040301D0FFF7CDBB1846704700BF2F
:10149000F8B50446D0F8F80010F4006012D01646F3
:1014A0000F4604F5847403E0042D0CD0E468A4B165
:1014B0006568B542F8D132463946A06801F0ECFBC8
:1014C0000028F1D1F8BD2A46A168054801F0E4FBE7
:1014D0000028F7D0E468002CEAD10248F8BD00BF2C
:1014E0004C05002000D8FFFF38B511F1840419D055
:1014F000D1F89420054622B914E0E46B94B1226936
:1015000082B12B6A9342F8D16169686A01F0C4FB29
:101510000028F2D104F11800FEF7CAFD0028ECD033
:10152000012038BD002038BD2DE9F04FB5B00024B2
:10153000984681463F9B20A80E9121460F9250224B
:101540001C603E9C01F0ACFBB8F1000F00F0EA819A
:10155000B4B1204601F074FBD9F8F83005469A067C
:1015600040F1AE8109F1E80603E0F668002E00F0D4
:10157000C1812A4621463046FFF7FAFA0028F4D105
:1015800009F1BC042046EEF7CFFD01230138D8F85D
:1015900004208340134200F08E8108F10C0208F110
:1015A000080311460892184622460793FFF79CFA53
:1015B000002840F07B81002420AF4FF0010A0B94FB
:1015C0000D9420AB09F1A40043F83490631C0693FA
:1015D000FEF76EFD18B17B6843F001037B6009F1F3
:1015E0008C00FEF767FD18B17B6843F400737B60E5
:1015F0000D9B002B40F0118199F82831D8F800207C
:10160000013B0AFA03F3134203D17B6843F480439E
:101610007B6099F82931D8F80420013B0AFA03F3DA
:10162000134203D17B6843F400437B60069B012B8C
:1016300000F0D5800B9B01220E994846009323466B
:10164000FFF70EFB0546002800F00C8109F16C0144
:1016500009F14C00FFF7E0F9002840F0BB800123BE
:101660000B9A01320B92002B40F0B480069B082BA2
:1016700000F2568129464846FFF79AF97B68002810
:1016800040F00B810A9305F1BC03089907981A46AC
:101690009B46FFF729FA20B10A9B43F480330A9353
:1016A0007B600F9B002B00F039811C4600260C97B5
:1016B000CDF810B0CDF8249003E0D4F8F040002C21
:1016C0007BD0A369002BF8D0E26A6B6C9A42F4D10C
:1016D000A96C206B01F0E0FA0028EED1D5F8F830C3
:1016E0005B0706D502212846FFF79CFA002840F048
:1016F000D98094F8E800D8F80020431E0AFA03F3D2
:10170000134201D146F4003694F8E930D8F80420A9
:10171000013B0AFA03F3134201D146F48026ECF7A9
:10172000C5FD10AB226983466169ECF755FE0028C0
:1017300040F0B880049A08990798FFF7D5F908B1E6
:1017400046F48036D4F8EC10584694F8E89094F8B3
:10175000E9B00591ECF716FED4F8E0704B46059918
:101760000397D4F8E470049A029710AF019058469A
:101770000097EEF7D5FB002840F0948004F16C0050
:10178000FEF796FC08B146F0200604F15400FEF77F
:1017900091FC08B146F4806621460998FFF7A4FE43
:1017A00000288AD00C9F46F002060A9BA946069C98
:1017B00008371E4347F8046C03E70C9FF5E70B9BC3
:1017C00001220E99484600932346FFF749FA054641
:1017D000002847D07B680A9301230D9353E709F152
:1017E0006C0109F14C00FFF717F90028E7D10E9BB7
:1017F000002BE4D0D9F804601D4603E0D5F8305141
:10180000002DDCD06B68B342F8D13246A968D9F814
:10181000080001F041FA0028F0D120AA069D3F9F60
:1018200002EBC504DDF800816E1E54F8041C10ABF9
:10183000419832461091B8F1000F05D054F8081CB9
:10184000C047002859D110993B68083C35461943D8
:101850003960002EE8D10029334808BF002035B098
:10186000BDE8F08F0B9A2346D9F830114846009214
:101870000022FFF7F5F9054600284AD0069B012B08
:101880003FF4F8AE09F16C0109F14C00FFF7C4F820
:1018900000287FF4EBAE0346E2E643F008030A9328
:1018A0007B60F0E60C9F46F010067EE7219B43F438
:1018B000803321937FE6219B43F4004321936CE620
:1018C00009F16C0601E0B669A6B17268032AFAD183
:1018D000B168164801F0E0F92A4621460028F2D105
:1018E00006F10C00FFF744F900283FF449AEB66951
:1018F000002EEAD10423219342E610F51C5F0C4B25
:1019000008BF18464FF0FF333F9A136035B0BDE86B
:10191000F08F7B6843F008037B607EE70F9E44E70F
:101920000348EFE70348EDE700D9FFFF1425002047
:1019300000D0FFFF00D8FFFF70B584B0089E099D5E
:101940000A9C029503948DE84800024BFFF7ECFDDA
:1019500004B070BD08F602604FF49A72002101F0E5
:101960009FB900BF002868D0F8B50746064606F1C3
:10197000BC00EEF743FAD6F82C0101F055F9746E6D
:1019800054B12046A5692021F0F7E8F8204601F07F
:101990004BF92C46002DF4D1D6F8844054B12046A2
:1019A000A5692021F0F7DAF8204601F03DF92C4630
:1019B000002DF4D1D6F8144154B12046E568102129
:1019C000F0F7CCF8204601F02FF92C46002DF4D189
:1019D000D6F8F44054B12046E5681021F0F7BEF87F
:1019E000204601F021F92C46002DF4D1B06828B131
:1019F0007168F0F7B3F8B06801F016F9D6F8306105
:101A0000002EB4D14FF49A713846D7F83041F0F730
:101A1000A5F820464FF49A7174B1D4F83051F0F71C
:101A20009DF8A74220462C46F3D001F0FDF8204651
:101A30004FF49A71002CF0D1F8BD70472DE9F04FAA
:101A40009DB0002800F08D81B1FA81F56D09002D5F
:101A500040F08781824690460F46044605E0D4F860
:101A600030612546002E75D03446A369002BF6D18F
:101A700010A90DAA0D930846049113A9109313936E
:101A80000E460392059153609360436083607360D8
:101A9000B3601CAE07EB080B302308A846F8548D42
:101AA000594632460897E1F715F8002840F08F8133
:101AB000089BDDF81C80C3EB0B0BC345C0F03F81D6
:101AC00043440120C7EB0309C4F80490494601F0E0
:101AD000F3F883460890A060002800F07D81394625
:101AE0004A4601F0B9F8C8EB09013023324659449F
:101AF00008A801EB08076161089139460297E0F7F1
:101B0000E9FF804600284FD1079FA023089819AA13
:101B1000616900EB070B08A8C1EB0B075946276169
:101B2000E0F7D8FF0346002849D010F1620F00F01B
:101B30000B8120461F46FFF715FF15B10023C5F89E
:101B40003031A24502D0204601F06EF838461DB073
:101B5000BDE8F08F4FF49A71012001F0ADF8C4F8A0
:101B60003001002800F03A8131464FF49A7201F0BA
:101B700097F80DAB0D961946039310AB109613967C
:101B80001846049313AB4E608E601D460593D4F83F
:101B900030316E60AE60254646608660002B40F0B6
:101BA0006082A14F1C46C8E7A8F506572046FFF7FC
:101BB000D9FE002FC1D138461DB0BDE8F08F08997D
:101BC00004F11802199B08A801EB03084146E0F74D
:101BD000BFFF002840F0BB80089B984540F0F5808F
:101BE00004F11C02594608A8FEF718FE0346002817
:101BF0009FD104F12807039B594608A83A46FEF7EF
:101C000065FB0346002894D1A369022B00F20281F0
:101C1000013304F5967203993846A36104F229133F
:101C2000009204F59472FEF76FFC8046002840F0A5
:101C300093800898302332465946E06308A8E0F7BD
:101C400049FF0746002840F0B780089904F14C028C
:101C5000079B08A81944FEF7ABFA0746002840F096
:101C6000A78008983023E76B19AA5946C71B08A814
:101C7000A763E0F72FFF002800F0B280B0F51057FF
:101C800040F09680089BA36432463023594608A84A
:101C9000E0F720FF0746002840F08E80079B4BB1FD
:101CA000089904F16C0208A81944FEF781FA074666
:101CB00000287DD1A06C04F1BC02089B59461B1A78
:101CC00008A86364EFF73AFE0746002870D1A369BD
:101CD000023B012B47D9089B9B4530D1049B08A8A8
:101CE000059A0299FEF7F2FA0746002860D1E26AE7
:101CF000149B9A4240F093801599206B00F0CCFF22
:101D00000746002840F08B800E9A119B9A4240F0C3
:101D100086802AB112990F9800F0BEFF00287ED16C
:101D200008A804F58E720299FEF7CEFB0346002840
:101D30007FF4FFAE089B029A9A423FF407AF204619
:101D40003A4FFFF70FFEF8E6C4F8188048E7B0F501
:101D500008533FF445AFECE620464746FFF702FE46
:101D6000EBE6314FF2E6012304F1C402594608A81C
:101D7000FEF7E4FE0746D8B9A369023B012BAAD8B7
:101D8000022304F1D002594608A8FEF7D7FE074601
:101D900070B9A369032B9ED104F1DC02594608A84F
:101DA000FEF762FD00284DD010F1620F93D0074678
:101DB0002046FFF7D7FDC0E6A7F506572046FFF7F8
:101DC000D1FD002F3FF4F7AEB7E6194BB1E6204640
:101DD000184FFFF7C7FDB0E6174FAEE6164FB5E652
:101DE000089904F18C02199B08A801EB03094946E4
:101DF000FEF7D2FB0028DAD104F1A402494608A874
:101E0000FEF7CAFB0028D2D1089B994540F02B81F0
:101E10004B4638E72046094FFFF7A4FD8DE62046E4
:101E2000074FFFF79FFD88E600D8FFFF1ADEFFFF90
:101E30009ADDFFFF80DEFFFF80D7FFFF80DAFFFF24
:101E400080D9FFFF8046089B9B454DD930235946DA
:101E500008A809AACDF85880CDF85C80CDF860803C
:101E6000CDF82880CDF82C80E0F734FE002840F033
:101E7000F280089E0623099817AA37785946064427
:101E800008A81697E0F726FE002840F0E480089A9C
:101E9000179B18921344C3EB0B020893002A27DD0B
:101EA0000AAA314608A8E0F729FE10F1620F02D015
:101EB000002840F0D08009AA0423314608A8E0F7A2
:101EC00009FE002840F0C780089A099B13449E42EF
:101ED0000CD10BA916A8EDF733FA68B10A9B089646
:101EE00043B933469B45B1D83FF4F8AE844F5FE722
:101EF000844F5DE7844F5BE7D4F8F8200B9B12EA30
:101F0000030740F0F5801A43B3F5807FC4F8F8204A
:101F100000F0AB8076DC042B51D0202B46D130234F
:101F2000314608A804F1E8070DEB0302E0F7D2FD03
:101F3000002834D1089B0C9A1A449642D6D19E426E
:101F400036D9F21A002AD3DD13F8019B19AA3146BB
:101F500008A80893E0F76EFD08BB09F0C003802BCA
:101F6000C8D1B9F1820F04D0089A199B1344089381
:101F7000E5E7BB6853B1FB68002B40F0B980102146
:101F8000012000F099FEF860B8B107468223089A54
:101F90003B60199BBA607B6013440893CFE7A0F5C0
:101FA0001457002F7FF404AF089B4DE7574FFFE60F
:101FB000C7F80C803FF448AF98E7554FF8E6314634
:101FC00019AA08A819978DF868701B97E0F7F6FD15
:101FD000002840F08F80199F002F3AD01B9A0646A8
:101FE000C4F804010346501E10F8012FD900013334
:101FF0008A40032B46EA0206C4F80461D4D89F4203
:10200000F2D8D1E7B3F5006F16D0B3F5803FCDD14C
:10201000314619AA08A819978DF868701B97E0F740
:10202000CDFD002866D1199B012B12D11B9A089B6C
:10203000127884F8182107E73146062304F58472E4
:1020400008A8E0F713FE002854D1D4F81031002B73
:10205000AAD1304FACE6A0F51457002F3FF43BAEA9
:10206000A6E61C4615E52C4FA2E6C4F8FC7030230A
:10207000C4F8007119AA314608A8E0F72BFD04F155
:10208000FC0704F58079002889D1089B9E423FF423
:10209000DBAE3A46314608A8E0F730FD88B110F1D2
:1020A000620F7FF47CAF3A46314608A8E0F750FD56
:1020B00000287FF474AFD4F8FC3013B10123C4F8C6
:1020C000FC30089B9E423FF4BFAE4A46314608A80A
:1020D000E0F73EFD00287FF462AF089B9E427FF44C
:1020E00005AFD4F8002133460132C4F80021ABE635
:1020F0000A4F5DE6B0F514573FF456AF58E600BFFF
:102100009ADAFFFFA0DAFFFF9EDAFFFF80DFFFFF12
:1021100096DAFFFF9CDAFFFF9ADBFFFF00DBFFFF91
:10212000002872D02DE9F04F0C468BB000296AD000
:1021300015460746002A3CD08B1813F8016C002E78
:1021400037D13349204600F0BFFD90B3012D56D959
:102150000DF1180AB146B046059607A8EDF7CEFB7B
:10216000CDF808A0CDF804802346CDF8008007A85C
:10217000284A2749EDF7C8FB834610B31BF5A45F37
:1021800007A83ED01BF5845F0BD0EDF78DFD069AB6
:10219000B9F1000F08BFD9460136AD1A1444012D1C
:1021A000DBD8059B4BBB1C48B9F1000F18BF484654
:1021B00004E02A4621463846FFF740FC0BB0BDE854
:1021C000F08F069B3846089A0799ED1A1C44FFF7D2
:1021D00035FC834607A8EDF767FDBBF1000F09D07A
:1021E0001BF5225F06F101060BD0B9F1000F08BF05
:1021F000D946D4E701230593D1E73046DEE7064808
:10220000DCE75846DAE70548D8E70448704700BFDE
:10221000FC4D0020184E002080D8FFFF00D8FFFFA3
:102220002DE9F041294F002542690124B96B4FF097
:10223000020E16684FF4303821F47C010369DFF890
:102240009CC041F48021B9633168576839433160DB
:102250004FF001161E49C3F810E01D61C3F848C0D5
:102260005C629962C3F82C809F6C1A491F651D62DD
:102270009E651C61037E184E02EB03152C7A2B46DB
:1022800001EB0414A46826602C7AED6801EB0414B9
:10229000646825601C690CB15B692360407E0E4C4C
:1022A00002EB001393F828001A4601EB0010806837
:1022B000046093F82840D86A01EB04114B68186059
:1022C000136B0BB1526B1A60BDE8F08100C00F4078
:1022D000B80B0505F009002061F801003B3728190B
:1022E0004369027E03EB0212F0B4147A8C4209D0E7
:1022F0001A7AFF2A06D08A4228D01A7EFF2A01D0F5
:102300008A4201D0F0BC704701252E4693E80600B2
:102310000968114217D00F4A03EB061305270E4E2A
:1023200002EB041461680F60197A02EB01118968ED
:102330000E601C7AD96802EB0412526811601A69A7
:102340000AB15B6913600576F0BC704700252E4624
:10235000DCE700BFF009002061F8010043690B4A87
:1023600003EB011010B4017A094C02EB01118968EA
:102370000C60047AC16802EB0412526811600269B1
:102380000AB1436913605DF8044B7047F0090020FF
:1023900061F801004369427E03EB0212F0B492F847
:1023A00028408C420BD093F82820FF2A07D08A427D
:1023B0002BD093F83820FF2A01D08A4201D0F0BCFC
:1023C000704701252E4693E806000968114219D08E
:1023D0000F4A03EB061305270E4E02EB0414616847
:1023E0000F6093F8281002EB011189680E6093F8D2
:1023F0002840D96A02EB0412526811601A6B0AB1C4
:102400005B6B13604576F0BC704700252E46DAE71B
:10241000F009002061F8010043690C4A03EB011048
:1024200010B490F828100A4C02EB011189680C6076
:1024300090F82840C16A02EB041252681160026BE6
:102440000AB1436B13605DF8044B7047F00900203C
:1024500061F80100114B1249D86E0A4640F4403031
:1024600030B4D86640F23765D86EA02440F440708E
:10247000D8664D648C64936C1B06FCD4094B40F207
:102480003760A0211A4658649964936C13F0800356
:10249000FBD1054A137030BC704700BF00C00F402D
:1024A00000400C4000800C4096B40020704700BFF4
:1024B000704700BF704700BFF0B5244A0020244B8E
:1024C0004FF0100C234C1126DFF8C8E012272060D3
:1024D0000125C2F800C0C3F800E01660DFF8B8E0DC
:1024E0001D4EC3F800E01D4917601E6041F0150144
:1024F0001B4F1C4E17601E601B4F1C4E17601E604A
:102500001B4F11601B4E1C491F6016601B4F19604A
:102510001B4E1C4917601E601B4F11601B4E1C494F
:102520001F60166019602560BFF34F8FBFF36F8F78
:10253000C3F8B001BFF34F8FBFF36F8F52F8883CE1
:1025400043F4403342F8883CF0BD00BF9CED00E00E
:10255000A0ED00E094ED00E009001000A0B600201E
:10256000130020002100020714000020250008139A
:10257000090000101600202027000B131700004050
:1025800033001013180000602F000B0719000070B3
:102590002F000B133F00001025000803F0B58D4BF2
:1025A00018228D4E01208D4948F20C7E8C4D4FF043
:1025B000FF378C4C83B0C3F85C12C3F8605200251F
:1025C000C3F86412C3F868424FF40054C3F86C6255
:1025D0008549C3F87062C3F87462C3F87862834EA9
:1025E000DA661A675A679A67DA67C3F88020C3F811
:1025F0008420C3F8882040F20562C1F82C03C1F89A
:102600003003C1F83403C1F83803C1F83C03C1F802
:1026100050032946B36976481840764B0343764801
:10262000B361D6F8843043F00C03C6F88430022638
:10263000036833430360036803EA0E0E6F4B4EEAF0
:102640000303DFF8F0E103606D4B4760DEF80870CC
:102650003B406C4F43F000538360C36823F0780322
:10266000C360036A1F40684B3B43664F0362036AC3
:102670001F40654B3B43654F43628762C762DEF88C
:10268000B830634F23F03F0343F00103C0F8B83084
:10269000DEF8BC30DFF884E123F03F0343F00103B0
:1026A000C0F8BC30056104660767C0F88020446646
:1026B0004767C0F884200468564B24F00204564A49
:1026C0000460C0F818E0C66143F8041B9342FBD1D4
:1026D000494B1A68194642F001021A600B68464AD3
:1026E00013F00103FAD14D4E022540F2F56440F299
:1026F000664040F299414A4F966142F20146D561E7
:1027000040F23545C2F8004242F20124C2F81002FC
:102710000120C2F820121146C2F8307207F15A4760
:10272000C2F8346207F51377C2F840523D4E3E4D71
:10273000C2F85072C2F85462C2F86052C2F86442E1
:10274000C2F8A030C2F8A430C2F8B0004B692A4ADF
:10275000DD07FBD5012300244FF48030114653617F
:10276000C2F8A040C2F8A400C2F8B0304B69224AB7
:10277000DC07FBD5012300244FF4003011465361E0
:10278000C2F8A040C2F8A400C2F8B0304B691A4A9F
:10279000D807FBD501230024244811465361C2F811
:1027A000A040C2F8A400C2F8B0304B69124ADB075F
:1027B000FBD5D2F8003145F60D5121209BB2506176
:1027C0008B4239D01A4B00221A605A609A60DA6044
:1027D00003B0F0BD00801F40F9700100F9B00100A6
:1027E000F9100100F900010000841F4000C00F40F3
:1027F000FFFCFF1F000300A000402A401200FFFF63
:10280000FF37F70000FFF07C40000080FF000F83DF
:102810006300020000422A4000432A40F05AF05A66
:102820009F041830063201263806180A04000300F7
:1028300050B6002000802A4000244FF4802001235D
:102840001146C2F8A040C2F8A400C2F8B0304B69EB
:102850003B4ADF07FBD501234FF40004002011465B
:102860005361C2F8A040C2F8A400C2F8B0304B696E
:10287000334ADE07FBD501234FF400044FF48030C8
:1028800011465361C2F8A040C2F8A400C2F8B030AB
:102890004B692B4ADD07FBD501234FF400044FF4AD
:1028A000003011465361C2F8A040C2F8A400C2F83B
:1028B000B0304B69224ADC07FBD501234FF40004FA
:1028C000204811465361C2F8A040C2F8A400C2F8E3
:1028D000B0304B691A4AD807FBD5D2F8003145F61B
:1028E0000D5121209BB250618B4210D0164B082213
:1028F0004FF400041A7015490020154A0123009076
:10290000521A1448224400F0A3F903B0F0BD4FF46A
:1029100000044FF4802101231046C2F8A040C2F801
:10292000A410C2F8B03043690549DB07FBD501208C
:10293000054B10224FF0807448611A70DBE700BF2E
:1029400000402A40040003009AB4002000000070F8
:102950000000007050B60020F0B4174A40274FF432
:1029600080314FF480564FF400554FF4404443F209
:102970004200136913F0020F06D094615161906117
:10298000136913F0020FF8D113F4005F01D1556100
:10299000EFE713F4805F01D15661EAE7002BE8DA34
:1029A00013F4803F01D09161E3E75B0601D45761E6
:1029B000DFE7F0BC704700BF00800D40394A0320BC
:1029C0003949F3EE095A13689FED386A23F0010381
:1029D000DFED376AF0B4136000241061D1F8E03005
:1029E000344FD8B2C3F30B211B0D334E07EE100A40
:1029F00005EE101A07EE903A304BB8EEC55A304D3E
:102A0000B8EEC77A3060F8EEE77A29602D4937EEE4
:102A1000466A2D4E77EEC57A2C4877EE666A2C4DC5
:102A200037EE657A26EE276AC7ED007A66EEA76A6A
:102A3000176867EE277A83ED007AC6EE075A86EEAE
:102A4000876AC7EE876A35EE857AFCEEC77A36EE7E
:102A5000057A17EE903ABCEEC77A47EA035376EE52
:102A6000857A136017EE103AD2F81071FCEEE77A0F
:102A700001EA0341394317EE903AC2F81011C3F34B
:102A80000B03D2F810110B43C2F81031136843F056
:102A9000020313603470C0F840510E4B0122F0BCA9
:102AA0001A60704780810D4000441F400000AA4218
:102AB0000000B4428CB1002084B1002088B1002015
:102AC00080B100200000FF0F40E400E0006800201B
:102AD000590A010008E100E0304B40F6617270B520
:102AE000C3F8202140F2044500F0CAF82C492D48D3
:102AF000D1F880202C4C42F003022C4BC1F88020EE
:102B0000C0F86051226813401BB9D0F8A8319A0769
:102B10001AD0244B4FF00041234A51631A46D3F890
:102B2000401141F00201C3F84011D2F840319B0737
:102B3000FBD44FF400301E491B4B4FF0004208609D
:102B400019209A6300F078F81A4D0022164B4FF0C6
:102B50008041144C0A26996328461A601146C4F82D
:102B6000A8614FF4207200F09BF84FF4810640F208
:102B700043114FF48000104B104A2E602864C4F8B3
:102B80005851C4F84811C3F804220D4A4FF40031DB
:102B900001231160C4F8403170BD00BF00800D40BA
:102BA00000C00F4000002E4000900D40001C1E0091
:102BB0008CE200E00000002000680020250C0100ED
:102BC0000CE100E008B50E4B1B6E9B0700D4FBBE6A
:102BD00072B60C4B00200C4AC3F8400103F160436D
:102BE0000A49A3F55F2311649D46BFF34F8F084A3E
:102BF00003F5E0430749126818461960936898473F
:102C000000441F4000002E4000C00A400300200086
:102C10001C002000000012EBF8B500BFF8BC08BC97
:102C20009E467047000000005FF800F04938010040
:102C30005FF800F0ED3F01005FF800F049F7000099
:102C40005FF800F0814A01005FF800F065FD0000C8
:102C50005FF800F0211D01005FF800F075FD000035
:102C60005FF800F0E94601005FF800F0593E01000E
:102C70005FF800F0753301005FF800F0AD0501006A
:102C80005FF800F0C51301005FF800F085F4000064
:102C90005FF800F0694001005FF800F0F53D0100C9
:102CA0005FF800F0213F01005FF800F0794001007B
:102CB0005FF800F0213701005FF800F08D36010069
:102CC0005FF800F0C53F01005FF800F07D4E0100A5
:102CD0005FF800F0CD440100450000005D2A0000CF
:082CE0003D550000D5F1000094
:102CE80001000000020000000400000008000000CD
:102CF80010000000200000004000000080000000DC
:102D08001B00000036000000637C777BF26B6FC508
:102D18003001672BFED7AB76CA82C97DFA5947F0D6
:102D2800ADD4A2AF9CA472C0B7FD9326363FF7CCB2
:102D380034A5E5F171D8311504C723C31896059A4F
:102D4800071280E2EB27B27509832C1A1B6E5AA072
:102D5800523BD6B329E32F8453D100ED20FCB15B5D
:102D68006ACBBE394A4C58CFD0EFAAFB434D3385C6
:102D780045F9027F503C9FA851A3408F929D38F59A
:102D8800BCB6DA2110FFF3D2CD0C13EC5F974417D1
:102D9800C4A77E3D645D197360814FDC222A908848
:102DA80046EEB814DE5E0BDBE0323A0A4906245CD4
:102DB800C2D3AC629195E479E7C8376D8DD54EA939
:102DC8006C56F4EA657AAE08BA78252E1CA6B4C605
:102DD800E8DD741F4BBD8B8A703EB5664803F60E5E
:102DE800613557B986C11D9EE1F8981169D98E944D
:102DF8009B1E87E9CE5528DF8CA1890DBFE6426866
:102E080041992D0FB054BB1651F4A7507E4165531C
:102E18001A17A4C33A275E963BAB6BCB1F9D45F1AF
:102E2800ACFA58AB4BE303932030FA55AD766DF608
:102E380088CC7691F5024C254FE5D7FCC52ACBD72F
:102E480026354480B562A38FDEB15A4925BA1B677F
:102E580045EA0E985DFEC0E1C32F7502814CF01261
:102E68008D4697A36BD3F9C6038F5FE715929C95A0
:102E7800BF6D7AEB955259DAD4BE832D587421D39D
:102E880049E069298EC9C84475C2896AF48E79787F
:102E980099583E6B27B971DDBEE14FB6F088AD1782
:102EA800C920AC667DCE3AB463DF4A18E51A318290
:102EB8009751336062537F45B16477E0BB6BAE8452
:102EC800FE81A01CF9082B94704868588F45FD199D
:102ED80094DE6C87527BF8B7AB73D323724B02E254
:102EE800E31F8F576655AB2AB2EB28072FB5C203ED
:102EF80086C57B9AD33708A5302887F223BFA5B2A9
:102F080002036ABAED16825C8ACF1C2BA779B492A9
:102F1800F307F2F04E69E2A165DAF4CD0605BED5F5
:102F2800D134621FC4A6FE8A342E539DA2F355A045
:102F3800058AE132A4F6EB750B83EC394060EFAA01
:102F48005E719F06BD6E10513E218AF996DD063DE1
:102F5800DD3E05AE4DE6BD4691548DB571C45D05A7
:102F68000406D46F605015FF1998FB24D6BDE99765
:102F7800894043CC67D99E77B0E842BD07898B88E2
:102F8800E7195B3879C8EEDBA17C0A477C420FE978
:102F9800F8841EC90000000009808683322BED48A2
:102FA8001E1170AC6C5A724EFD0EFFFB0F85385621
:102FB8003DAED51E362D39270A0FD964685CA62187
:102FC8009B5B54D124362E3A0C0A67B19357E70F0E
:102FD800B4EE96D21B9B919E80C0C54F61DC20A2A7
:102FE8005A774B691C121A16E293BA0AC0A02AE54E
:102FF8003C22E043121B171D0E090D0BF28BC7ADC7
:103008002DB6A8B9141EA9C857F11985AF75074C74
:10301800EE99DDBBA37F60FDF701269F5C72F5BCCE
:1030280044663BC55BFB7E348B432976CB23C6DCE9
:10303800B6EDFC68B8E4F163D731DCCA42638510A9
:103048001397224084C61120854A247DD2BB3DF8BF
:10305800AEF93211C729A16D1D9E2F4BDCB230F39A
:103068000D8652EC77C1E3D02BB3166CA970B999D1
:10307800119448FA47E96422A8FC8CC4A0F03F1ACE
:10308800567D2CD8223390EF87494EC7D938D1C105
:103098008CCAA2FE98D40B36A6F581CFA57ADE2875
:1030A800DAB78E263FADBFA42C3A9DE45078920D36
:1030B8006A5FCC9B547E4662F68D13C290D8B8E8FE
:1030C8002E39F75E82C3AFF59F5D80BE69D0937CD1
:1030D8006FD52DA9CF2512B3C8AC993B10187DA781
:1030E800E89C636EDB3BBB7BCD2678096E5918F4F0
:1030F800EC9AB701834F9AA8E6956E65AAFFE67E1B
:1031080021BCCF08EF15E8E6BAE79BD94A6F36CE5F
:10311800EA9F09D429B07CD631A4B2AF2A3F233123
:10312800C6A5943035A266C0744EBC37FC82CAA6C8
:10313800E090D0B033A7D815F104984A41ECDAF7FB
:103148007FCD500E1791F62F764DD68D43EFB04DAB
:10315800CCAA4D54E49604DF9ED1B5E34C6A881B93
:10316800C12C1FB84665517F9D5EEA04018C355D10
:10317800FA877473FB0B412EB3671D5A92DBD25248
:10318800E91056336DD647139AD7618C37A10C7A5C
:1031980059F8148EEB133C89CEA927EEB761C935CF
:1031A800E11CE5ED7A47B13C9CD2DF5955F2733FFB
:1031B8001814CE7973C737BF53F7CDEA5FFDAA5B02
:1031C800DF3D6F147844DB86CAAFF381B968C43E2B
:1031D8003824342CC2A3405F161DC372BCE2250CF0
:1031E800283C498BFF0D954139A80171080CB3DEC5
:1031F800D8B4E49C6456C1907BCB8461D532B67058
:10320800486C5C74D0B85742F4A750514165537E5E
:1032180017A4C31A275E963AAB6BCB3B9D45F11FAB
:10322800FA58ABACE303934B30FA5520766DF6AD04
:10323800CC769188024C25F5E5D7FC4F2ACBD7C52B
:103248003544802662A38FB5B15A49DEBA1B67257B
:10325800EA0E9845FEC0E15D2F7502C34CF012815D
:103268004697A38DD3F9C66B8F5FE703929C95159C
:103278006D7AEBBF5259DA95BE832DD47421D35899
:10328800E0692949C9C8448EC2896A758E7978F47B
:10329800583E6B99B971DD27E14FB6BE88AD17F07E
:1032A80020AC66C9CE3AB47DDF4A18631A3182E58C
:1032B80051336097537F45626477E0B16BAE84BB4E
:1032C80081A01CFE082B94F94868587045FD198F99
:1032D800DE6C87947BF8B75273D323AB4B02E27250
:1032E8001F8F57E355AB2A66EB2807B2B5C2032FE9
:1032F800C57B9A863708A5D32887F230BFA5B223A5
:10330800036ABA0216825CEDCF1C2B8A79B492A7A5
:1033180007F2F0F369E2A14EDAF4CD6505BED506F1
:1033280034621FD1A6FE8AC42E539D34F355A0A241
:103338008AE13205F6EB75A483EC390B60EFAA40FD
:10334800719F065E6E1051BD218AF93EDD063D96DD
:103358003E05AEDDE6BD464D548DB591C45D0571A3
:1033680006D46F045015FF6098FB2419BDE997D661
:103378004043CC89D99E7767E842BDB0898B8807DE
:10338800195B38E7C8EEDB797C0A47A1420FE97C74
:10339800841EC9F800000000808683092BED48329E
:1033A8001170AC1E5A724E6C0EFFFBFD8538560F1D
:1033B800AED51E3D2D3927360FD9640A5CA6216883
:1033C8005B54D19B362E3A240A67B10C57E70F930A
:1033D800EE96D2B49B919E1BC0C54F80DC20A261A3
:1033E800774B695A121A161C93BA0AE2A02AE5C04A
:1033F80022E0433C1B171D12090D0B0E8BC7ADF2C3
:10340800B6A8B92D1EA9C814F119855775074CAF70
:1034180099DDBBEE7F60FDA301269FF772F5BC5CCA
:10342800663BC544FB7E345B4329768B23C6DCCBE5
:10343800EDFC68B6E4F163B831DCCAD763851042A5
:1034480097224013C61120844A247D85BB3DF8D2BB
:10345800F93211AE29A16DC79E2F4B1DB230F3DC96
:103468008652EC0DC1E3D077B3166C2B70B999A9CD
:103478009448FA11E9642247FC8CC4A8F03F1AA0CA
:103488007D2CD8563390EF22494EC78738D1C1D901
:10349800CAA2FE8CD40B3698F581CFA67ADE28A571
:1034A800B78E26DAADBFA43F3A9DE42C78920D5032
:1034B8005FCC9B6A7E4662548D13C2F6D8B8E890FA
:1034C80039F75E2EC3AFF5825D80BE9FD0937C69CD
:1034D800D52DA96F2512B3CFAC993BC8187DA7107D
:1034E8009C636EE83BBB7BDB267809CD5918F46EEC
:1034F8009AB701EC4F9AA883956E65E6FFE67EAA17
:10350800BCCF082115E8E6EFE79BD9BA6F36CE4A5B
:103518009F09D4EAB07CD629A4B2AF313F23312A1F
:10352800A59430C6A266C0354EBC377482CAA6FCC4
:1035380090D0B0E0A7D8153304984AF1ECDAF741F7
:10354800CD500E7F91F62F174DD68D76EFB04D43A7
:10355800AA4D54CC9604DFE4D1B5E39E6A881B4C8F
:103568002C1FB8C165517F465EEA049D8C355D010C
:10357800877473FA0B412EFB671D5AB3DBD2529244
:10358800105633E9D647136DD7618C9AA10C7A3758
:10359800F8148E59133C89EBA927EECE61C935B7CB
:1035A8001CE5EDE147B13C7AD2DF599CF2733F55F7
:1035B80014CE7918C737BF73F7CDEA53FDAA5B5FFE
:1035C8003D6F14DF44DB8678AFF381CA68C43EB927
:1035D80024342C38A3405FC21DC37216E2250CBCEC
:1035E8003C498B280D9541FFA80171390CB3DE08C1
:1035F800B4E49CD856C19064CB84617B32B670D554
:103608006C5C7448B85742D05051F4A7537E41655A
:10361800C31A17A4963A275ECB3BAB6BF11F9D45A7
:10362800ABACFA58934BE303552030FAF6AD766D00
:103638009188CC7625F5024CFC4FE5D7D7C52ACB27
:10364800802635448FB562A349DEB15A6725BA1B77
:103658009845EA0EE15DFEC002C32F7512814CF059
:10366800A38D4697C66BD3F9E7038F5F9515929C98
:10367800EBBF6D7ADA9552592DD4BE83D358742195
:103688002949E069448EC9C86A75C28978F48E7977
:103698006B99583EDD27B971B6BEE14F17F088AD7A
:1036A80066C920ACB47DCE3A1863DF4A82E51A3188
:1036B800609751334562537FE0B1647784BB6BAE4A
:1036C8001CFE81A094F9082B58704868198F45FD95
:1036D8008794DE6CB7527BF823AB73D3E2724B024C
:1036E80057E31F8F2A6655AB07B2EB28032FB5C2E5
:1036F8009A86C57BA5D33708F2302887B223BFA5A1
:10370800BA02036A5CED16822B8ACF1C92A779B4A1
:10371800F0F307F2A14E69E2CD65DAF4D50605BEED
:103728001FD134628AC4A6FE9D342E53A0A2F3553D
:1037380032058AE175A4F6EB390B83ECAA4060EFF9
:10374800065E719F51BD6E10F93E218A3D96DD06D9
:10375800AEDD3E05464DE6BDB591548D0571C45D9F
:103768006F0406D4FF605015241998FB97D6BDE95D
:10377800CC8940437767D99EBDB0E8428807898BDA
:1037880038E7195BDB79C8EE47A17C0AE97C420F70
:10379800C9F8841E000000008309808648322BED9A
:1037A800AC1E11704E6C5A72FBFD0EFF560F853819
:1037B8001E3DAED527362D39640A0FD921685CA67F
:1037C800D19B5B543A24362EB10C0A670F9357E706
:1037D800D2B4EE969E1B9B914F80C0C5A261DC209F
:1037E800695A774B161C121A0AE293BAE5C0A02A46
:1037F800433C22E01D121B170B0E090DADF28BC7BF
:10380800B92DB6A8C8141EA98557F1194CAF75076C
:10381800BBEE99DDFDA37F609FF70126BC5C72F5C6
:10382800C544663B345BFB7E768B4329DCCB23C6E1
:1038380068B6EDFC63B8E4F1CAD731DC10426385A1
:10384800401397222084C6117D854A24F8D2BB3DB7
:1038580011AEF9326DC729A14B1D9E2FF3DCB23092
:10386800EC0D8652D077C1E36C2BB31699A970B9C9
:10387800FA1194482247E964C4A8FC8C1AA0F03FC6
:10388800D8567D2CEF223390C787494EC1D938D1FD
:10389800FE8CCAA23698D40BCFA6F58128A57ADE6D
:1038A80026DAB78EA43FADBFE42C3A9D0D5078922E
:1038B8009B6A5FCC62547E46C2F68D13E890D8B8F6
:1038C8005E2E39F7F582C3AFBE9F5D807C69D093C9
:1038D800A96FD52DB3CF25123BC8AC99A710187D79
:1038E8006EE89C637BDB3BBB09CD2678F46E5918E8
:1038F80001EC9AB7A8834F9A65E6956E7EAAFFE613
:103908000821BCCFE6EF15E8D9BAE79BCE4A6F3657
:10391800D4EA9F09D629B07CAF31A4B2312A3F231B
:1039280030C6A594C035A26637744EBCA6FC82CAC0
:10393800B0E090D01533A7D84AF10498F741ECDAF3
:103948000E7FCD502F1791F68D764DD64D43EFB0A3
:1039580054CCAA4DDFE49604E39ED1B51B4C6A888B
:10396800B8C12C1F7F466551049D5EEA5D018C3508
:1039780073FA87742EFB0B415AB3671D5292DBD240
:1039880033E91056136DD6478C9AD7617A37A10C54
:103998008E59F81489EB133CEECEA92735B761C9C7
:1039A800EDE11CE53C7A47B1599CD2DF3F55F273F3
:1039B800791814CEBF73C737EA53F7CD5B5FFDAAFA
:1039C80014DF3D6F867844DB81CAAFF33EB968C423
:1039D8002C3824345FC2A34072161DC30CBCE225E8
:1039E8008B283C4941FF0D957139A801DE080CB3BD
:1039F8009CD8B4E4906456C1617BCB8470D532B650
:103A080074486C5C42D0B857A75051F465537E4156
:103A1800A4C31A175E963A276BCB3BAB45F11F9DA3
:103A280058ABACFA03934BE3FA5520306DF6AD76FC
:103A3800769188CC4C25F502D7FC4FE5CBD7C52A23
:103A480044802635A38FB5625A49DEB11B6725BA73
:103A58000E9845EAC0E15DFE7502C32FF012814C55
:103A680097A38D46F9C66BD35FE7038F9C95159294
:103A78007AEBBF6D59DA9552832DD4BE21D3587491
:103A8800692949E0C8448EC9896A75C27978F48E73
:103A98003E6B995871DD27B94FB6BEE1AD17F08876
:103AA800AC66C9203AB47DCE4A1863DF3182E51A84
:103AB800336097517F45625377E0B164AE84BB6B46
:103AC800A01CFE812B94F90868587048FD198F4591
:103AD8006C8794DEF8B7527BD323AB7302E2724B48
:103AE8008F57E31FAB2A66552807B2EBC2032FB5E1
:103AF8007B9A86C508A5D33787F23028A5B223BF9D
:103B08006ABA0203825CED161C2B8ACFB492A7799D
:103B1800F2F0F307E2A14E69F4CD65DABED50605E9
:103B2800621FD134FE8AC4A6539D342E55A0A2F339
:103B3800E132058AEB75A4F6EC390B83EFAA4060F5
:103B48009F065E711051BD6E8AF93E21063D96DDD5
:103B580005AEDD3EBD464DE68DB591545D0571C49B
:103B6800D46F040615FF6050FB241998E997D6BD59
:103B780043CC89409E7767D942BDB0E88B880789D6
:103B88005B38E719EEDB79C80A47A17C0FE97C426C
:103B98001EC9F8840000000086830980ED48322B96
:103BA80070AC1E11724E6C5AFFFBFD0E38560F8515
:103BB800D51E3DAE3927362DD9640A0FA621685C7B
:103BC80054D19B5B2E3A243667B10C0AE70F935702
:103BD80096D2B4EE919E1B9BC54F80C020A261DC9B
:103BE8004B695A771A161C12BA0AE2932AE5C0A042
:103BF800E0433C22171D121B0D0B0E09C7ADF28BBB
:103C0800A8B92DB6A9C8141E198557F1074CAF7568
:103C1800DDBBEE9960FDA37F269FF701F5BC5C72C2
:103C28003BC544667E345BFB29768B43C6DCCB23DD
:103C3800FC68B6EDF163B8E4DCCAD731851042639D
:103C480022401397112084C6247D854A3DF8D2BBB3
:103C58003211AEF9A16DC7292F4B1D9E30F3DCB28E
:103C680052EC0D86E3D077C1166C2BB3B999A970C5
:103C780048FA1194642247E98CC4A8FC3F1AA0F0C2
:103C88002CD8567D90EF22334EC78749D1C1D938F9
:103C9800A2FE8CCA0B3698D481CFA6F5DE28A57A69
:103CA8008E26DAB7BFA43FAD9DE42C3A920D50782A
:103CB800CC9B6A5F4662547E13C2F68DB8E890D8F2
:103CC800F75E2E39AFF582C380BE9F5D937C69D0C5
:103CD8002DA96FD512B3CF25993BC8AC7DA7101875
:103CE800636EE89CBB7BDB3B7809CD2618F46E59E4
:103CF800B701EC9A9AA8834F6E65E695E67EAAFF0F
:103D0800CF0821BCE8E6EF159BD9BAE736CE4A6F53
:103D180009D4EA9F7CD629B0B2AF31A423312A3F17
:103D28009430C6A566C035A2BC37744ECAA6FC82BC
:103D3800D0B0E090D81533A7984AF104DAF741ECEF
:103D4800500E7FCDF62F1791D68D764DB04D43EF9F
:103D58004D54CCAA04DFE496B5E39ED1881B4C6A87
:103D68001FB8C12C517F4665EA049D5E355D018C04
:103D78007473FA87412EFB0B1D5AB367D25292DB3C
:103D88005633E91047136DD6618C9AD70C7A37A150
:103D9800148E59F83C89EB1327EECEA9C935B761C3
:103DA800E5EDE11CB13C7A47DF599CD2733F55F2EF
:103DB800CE79181437BF73C7CDEA53F7AA5B5FFDF6
:103DC8006F14DF3DDB867844F381CAAFC43EB9681F
:103DD800342C3824405FC2A3C372161D250CBCE2E4
:103DE800498B283C9541FF0D017139A8B3DE080CB9
:103DF800E49CD8B4C190645684617BCBB670D5324C
:103E08005C74486C5742D0B8C66363A5F87C7C8460
:103E1800EE777799F67B7B8DFFF2F20DD66B6BBD53
:103E2800DE6F6FB191C5C554603030500201010397
:103E3800CE6767A9562B2B7DE7FEFE19B5D7D7624B
:103E48004DABABE6EC76769A8FCACA451F82829D47
:103E580089C9C940FA7D7D87EFFAFA15B25959EB3D
:103E68008E4747C9FBF0F00B41ADADECB3D4D46736
:103E78005FA2A2FD45AFAFEA239C9CBF53A4A4F761
:103E8800E47272969BC0C05B75B7B7C2E1FDFD1CBA
:103E98003D9393AE4C26266A6C36365A7E3F3F4198
:103EA800F5F7F70283CCCC4F6834345C51A5A5F400
:103EB800D1E5E534F9F1F108E2717193ABD8D87323
:103EC800623131532A15153F0804040C95C7C752AF
:103ED800462323659DC3C35E30181828379696A1DC
:103EE8000A05050F2F9A9AB50E07070924121236EC
:103EF8001B80809BDFE2E23DCDEBEB264E27276956
:103F08007FB2B2CDEA75759F1209091B1D83839E86
:103F1800582C2C74341A1A2E361B1B2DDC6E6EB2DC
:103F2800B45A5AEE5BA0A0FBA45252F6763B3B4D26
:103F3800B7D6D6617DB3B3CE5229297BDDE3E33E04
:103F48005E2F2F7113848497A65353F5B9D1D16886
:103F580000000000C1EDED2C40202060E3FCFC1FB8
:103F680079B1B1C8B65B5BEDD46A6ABE8DCBCB467E
:103F780067BEBED97239394B944A4ADE984C4CD444
:103F8800B05858E885CFCF4ABBD0D06BC5EFEF2AE1
:103F98004FAAAAE5EDFBFB16864343C59A4D4DD7BC
:103FA80066333355118585948A4545CFE9F9F9106B
:103FB80004020206FE7F7F81A05050F0783C3C440A
:103FC800259F9FBA4BA8A8E3A25151F35DA3A3FE76
:103FD800804040C0058F8F8A3F9292AD219D9DBC45
:103FE80070383848F1F5F50463BCBCDF77B6B6C164
:103FF800AFDADA754221216320101030E5FFFF1A8D
:10400800FDF3F30EBFD2D26D81CDCD4C180C0C143C
:1040180026131335C3ECEC2FBE5F5FE1359797A2EB
:10402800884444CC2E17173993C4C45755A7A7F210
:10403800FC7E7E827A3D3D47C86464ACBA5D5DE72C
:104048003219192BE6737395C06060A019818198A5
:104058009E4F4FD1A3DCDC7F44222266542A2A7E5D
:104068003B9090AB0B8888838C4646CAC7EEEE29F6
:104078006BB8B8D32814143CA7DEDE79BC5E5EE2C8
:10408800160B0B1DADDBDB76DBE0E03B6432325612
:10409800743A3A4E140A0A1E924949DB0C06060A7B
:1040A8004824246CB85C5CE49FC2C25DBDD3D36E67
:1040B80043ACACEFC46262A6399191A8319595A43E
:1040C800D3E4E437F279798BD5E7E7328BC8C84374
:1040D8006E373759DA6D6DB7018D8D8CB1D5D564D2
:1040E8009C4E4ED249A9A9E0D86C6CB4AC5656FA8D
:1040F800F3F4F407CFEAEA25CA6565AFF47A7A8E55
:1041080047AEAEE9100808186FBABAD5F0787888C3
:104118004A25256F5C2E2E72381C1C2457A6A6F142
:1041280073B4B4C797C6C651CBE8E823A1DDDD7CDC
:10413800E874749C3E1F1F21964B4BDD61BDBDDCAE
:104148000D8B8B860F8A8A85E07070907C3E3E428C
:1041580071B5B5C4CC6666AA904848D8060303056D
:10416800F7F6F6011C0E0E12C26161A36A35355FBF
:10417800AE5757F969B9B9D01786869199C1C15810
:104188003A1D1D27279E9EB9D9E1E138EBF8F813AF
:104198002B9898B322111133D26969BBA9D9D97068
:1041A800078E8E89339494A72D9B9BB63C1E1E22A6
:1041B80015878792C9E9E92087CECE49AA5555FFC8
:1041C80050282878A5DFDF7A038C8C8F59A1A1F8B5
:1041D800098989801A0D0D1765BFBFDAD7E6E63160
:1041E800844242C6D06868B8824141C3299999B0CF
:1041F8005A2D2D771E0F0F117BB0B0CBA85454FC4D
:104208006DBBBBD62C16163A6363A5C67C7C84F8B6
:10421800777799EE7B7B8DF6F2F20DFF6B6BBDD64F
:104228006F6FB1DEC5C55491303050600101030293
:104238006767A9CE2B2B7D56FEFE19E7D7D762B547
:10424800ABABE64D76769AECCACA458F82829D1F43
:10425800C9C940897D7D87FAFAFA15EF5959EBB239
:104268004747C98EF0F00BFBADADEC41D4D467B332
:10427800A2A2FD5FAFAFEA459C9CBF23A4A4F7535D
:10428800727296E4C0C05B9BB7B7C275FDFD1CE1B6
:104298009393AE3D26266A4C36365A6C3F3F417E94
:1042A800F7F702F5CCCC4F8334345C68A5A5F451FC
:1042B800E5E534D1F1F108F9717193E2D8D873AB1F
:1042C8003131536215153F2A04040C08C7C75295AB
:1042D80023236546C3C35E9D181828309696A137D8
:1042E80005050F0A9A9AB52F0707090E12123624E8
:1042F80080809B1BE2E23DDFEBEB26CD2727694E52
:10430800B2B2CD7F75759FEA09091B1283839E1D82
:104318002C2C74581A1A2E341B1B2D366E6EB2DCD8
:104328005A5AEEB4A0A0FB5B5252F6A43B3B4D7622
:10433800D6D661B7B3B3CE7D29297B52E3E33EDD00
:104348002F2F715E848497135353F5A6D1D168B982
:1043580000000000EDED2CC120206040FCFC1FE3B4
:10436800B1B1C8795B5BEDB66A6ABED4CBCB468D7A
:10437800BEBED96739394B724A4ADE944C4CD49840
:104388005858E8B0CFCF4A85D0D06BBBEFEF2AC5DD
:10439800AAAAE54FFBFB16ED4343C5864D4DD79AB8
:1043A80033335566858594114545CF8AF9F910E967
:1043B800020206047F7F81FE5050F0A03C3C447806
:1043C8009F9FBA25A8A8E34B5151F3A2A3A3FE5D72
:1043D8004040C0808F8F8A059292AD3F9D9DBC2141
:1043E80038384870F5F504F1BCBCDF63B6B6C17760
:1043F800DADA75AF2121634210103020FFFF1AE589
:10440800F3F30EFDD2D26DBFCDCD4C810C0C141838
:1044180013133526ECEC2FC35F5FE1BE9797A235E7
:104428004444CC881717392EC4C45793A7A7F2550C
:104438007E7E82FC3D3D477A6464ACC85D5DE7BA28
:1044480019192B32737395E66060A0C081819819A1
:104458004F4FD19EDCDC7FA3222266442A2A7E5459
:104468009090AB3B8888830B4646CA8CEEEE29C7F2
:10447800B8B8D36B14143C28DEDE79A75E5EE2BCC4
:104488000B0B1D16DBDB76ADE0E03BDB323256640E
:104498003A3A4E740A0A1E144949DB9206060A0C77
:1044A80024246C485C5CE4B8C2C25D9FD3D36EBD63
:1044B800ACACEF436262A6C49191A8399595A4313A
:1044C800E4E437D379798BF2E7E732D5C8C8438B70
:1044D8003737596E6D6DB7DA8D8D8C01D5D564B1CE
:1044E8004E4ED29CA9A9E0496C6CB4D85656FAAC89
:1044F800F4F407F3EAEA25CF6565AFCA7A7A8EF451
:10450800AEAEE94708081810BABAD56F787888F0BF
:1045180025256F4A2E2E725C1C1C2438A6A6F1573E
:10452800B4B4C773C6C65197E8E823CBDDDD7CA1D8
:1045380074749CE81F1F213E4B4BDD96BDBDDC61AA
:104548008B8B860D8A8A850F707090E03E3E427C88
:10455800B5B5C4716666AACC4848D8900303050669
:10456800F6F601F70E0E121C6161A3C235355F6ABB
:104578005757F9AEB9B9D06986869117C1C158990C
:104588001D1D273A9E9EB927E1E138D9F8F813EBAB
:104598009898B32B111133226969BBD2D9D970A964
:1045A8008E8E89079494A7339B9BB62D1E1E223CA2
:1045B80087879215E9E920C9CECE49875555FFAAC4
:1045C80028287850DFDF7AA58C8C8F03A1A1F859B1
:1045D800898980090D0D171ABFBFDA65E6E631D75C
:1045E8004242C6846868B8D04141C3829999B029CB
:1045F8002D2D775A0F0F111EB0B0CB7B5454FCA849
:10460800BBBBD66D16163A2CA5C6636384F87C7CB2
:1046180099EE77778DF67B7B0DFFF2F2BDD66B6B4B
:10462800B1DE6F6F5491C5C550603030030201018F
:10463800A9CE67677D562B2B19E7FEFE62B5D7D743
:10464800E64DABAB9AEC7676458FCACA9D1F82823F
:104658004089C9C987FA7D7D15EFFAFAEBB2595935
:10466800C98E47470BFBF0F0EC41ADAD67B3D4D42E
:10467800FD5FA2A2EA45AFAFBF239C9CF753A4A459
:1046880096E472725B9BC0C0C275B7B71CE1FDFDB2
:10469800AE3D93936A4C26265A6C3636417E3F3F90
:1046A80002F5F7F74F83CCCC5C683434F451A5A5F8
:1046B80034D1E5E508F9F1F193E2717173ABD8D81B
:1046C800536231313F2A15150C0804045295C7C7A7
:1046D800654623235E9DC3C328301818A1379696D4
:1046E8000F0A0505B52F9A9A090E070736241212E4
:1046F8009B1B80803DDFE2E226CDEBEB694E27274E
:10470800CD7FB2B29FEA75751B1209099E1D83837E
:1047180074582C2C2E341A1A2D361B1BB2DC6E6ED4
:10472800EEB45A5AFB5BA0A0F6A452524D763B3B1E
:1047380061B7D6D6CE7DB3B37B5229293EDDE3E3FC
:10474800715E2F2F97138484F5A6535368B9D1D17E
:10475800000000002CC1EDED604020201FE3FCFCB0
:10476800C879B1B1EDB65B5BBED46A6A468DCBCB76
:10477800D967BEBE4B723939DE944A4AD4984C4C3C
:10478800E8B058584A85CFCF6BBBD0D02AC5EFEFD9
:10479800E54FAAAA16EDFBFBC5864343D79A4D4DB4
:1047A8005566333394118585CF8A454510E9F9F963
:1047B8000604020281FE7F7FF0A0505044783C3C02
:1047C800BA259F9FE34BA8A8F3A25151FE5DA3A36E
:1047D800C08040408A058F8FAD3F9292BC219D9D3D
:1047E8004870383804F1F5F5DF63BCBCC177B6B65C
:1047F80075AFDADA63422121302010101AE5FFFF85
:104808000EFDF3F36DBFD2D24C81CDCD14180C0C34
:10481800352613132FC3ECECE1BE5F5FA2359797E3
:10482800CC884444392E17175793C4C4F255A7A708
:1048380082FC7E7E477A3D3DACC86464E7BA5D5D24
:104848002B32191995E67373A0C06060981981819D
:10485800D19E4F4F7FA3DCDC664422227E542A2A55
:10486800AB3B9090830B8888CA8C464629C7EEEEEE
:10487800D36BB8B83C28141479A7DEDEE2BC5E5EC0
:104888001D160B0B76ADDBDB3BDBE0E0566432320A
:104898004E743A3A1E140A0ADB9249490A0C060673
:1048A8006C482424E4B85C5C5D9FC2C26EBDD3D35F
:1048B800EF43ACACA6C46262A8399191A431959536
:1048C80037D3E4E48BF2797932D5E7E7438BC8C86C
:1048D800596E3737B7DA6D6D8C018D8D64B1D5D5CA
:1048E800D29C4E4EE049A9A9B4D86C6CFAAC565685
:1048F80007F3F4F425CFEAEAAFCA65658EF47A7A4D
:10490800E947AEAE18100808D56FBABA88F07878BB
:104918006F4A2525725C2E2E24381C1CF157A6A63A
:10492800C773B4B45197C6C623CBE8E87CA1DDDDD4
:104938009CE87474213E1F1FDD964B4BDC61BDBDA6
:10494800860D8B8B850F8A8A90E07070427C3E3E84
:10495800C471B5B5AACC6666D89048480506030365
:1049680001F7F6F6121C0E0EA3C261615F6A3535B7
:10497800F9AE5757D069B9B9911786865899C1C108
:10498800273A1D1DB9279E9E38D9E1E113EBF8F8A7
:10499800B32B989833221111BBD2696970A9D9D960
:1049A80089078E8EA7339494B62D9B9B223C1E1E9E
:1049B8009215878720C9E9E94987CECEFFAA5555C0
:1049C800785028287AA5DFDF8F038C8CF859A1A1AD
:1049D80080098989171A0D0DDA65BFBF31D7E6E658
:1049E800C6844242B8D06868C3824141B0299999C7
:1049F800775A2D2D111E0F0FCB7BB0B0FCA8545445
:104A0800D66DBBBB3A2C161663A5C6637C84F87CAE
:104A18007799EE777B8DF67BF20DFFF26BBDD66B47
:104A28006FB1DE6FC55491C530506030010302018B
:104A380067A9CE672B7D562BFE19E7FED762B5D73F
:104A4800ABE64DAB769AEC76CA458FCA829D1F823B
:104A5800C94089C97D87FA7DFA15EFFA59EBB25931
:104A680047C98E47F00BFBF0ADEC41ADD467B3D42A
:104A7800A2FD5FA2AFEA45AF9CBF239CA4F753A455
:104A88007296E472C05B9BC0B7C275B7FD1CE1FDAE
:104A980093AE3D93266A4C26365A6C363F417E3F8C
:104AA800F702F5F7CC4F83CC345C6834A5F451A5F4
:104AB800E534D1E5F108F9F17193E271D873ABD817
:104AC80031536231153F2A15040C0804C75295C7A3
:104AD80023654623C35E9DC31828301896A13796D0
:104AE800050F0A059AB52F9A07090E0712362412E0
:104AF800809B1B80E23DDFE2EB26CDEB27694E274A
:104B0800B2CD7FB2759FEA75091B1209839E1D837A
:104B18002C74582C1A2E341A1B2D361B6EB2DC6ED0
:104B28005AEEB45AA0FB5BA052F6A4523B4D763B1A
:104B3800D661B7D6B3CE7DB3297B5229E33EDDE3F8
:104B48002F715E2F8497138453F5A653D168B9D17A
:104B580000000000ED2CC1ED20604020FC1FE3FCAC
:104B6800B1C879B15BEDB65B6ABED46ACB468DCB72
:104B7800BED967BE394B72394ADE944A4CD4984C38
:104B880058E8B058CF4A85CFD06BBBD0EF2AC5EFD5
:104B9800AAE54FAAFB16EDFB43C586434DD79A4DB0
:104BA800335566338594118545CF8A45F910E9F95F
:104BB800020604027F81FE7F50F0A0503C44783CFE
:104BC8009FBA259FA8E34BA851F3A251A3FE5DA36A
:104BD80040C080408F8A058F92AD3F929DBC219D39
:104BE80038487038F504F1F5BCDF63BCB6C177B658
:104BF800DA75AFDA2163422110302010FF1AE5FF81
:104C0800F30EFDF3D26DBFD2CD4C81CD0C14180C30
:104C180013352613EC2FC3EC5FE1BE5F97A23597DF
:104C280044CC884417392E17C45793C4A7F255A704
:104C38007E82FC7E3D477A3D64ACC8645DE7BA5D20
:104C4800192B32197395E67360A0C0608198198199
:104C58004FD19E4FDC7FA3DC226644222A7E542A51
:104C680090AB3B9088830B8846CA8C46EE29C7EEEA
:104C7800B8D36BB8143C2814DE79A7DE5EE2BC5EBC
:104C88000B1D160BDB76ADDBE03BDBE03256643206
:104C98003A4E743A0A1E140A49DB9249060A0C066F
:104CA800246C48245CE4B85CC25D9FC2D36EBDD35B
:104CB800ACEF43AC62A6C46291A8399195A4319532
:104CC800E437D3E4798BF279E732D5E7C8438BC868
:104CD80037596E376DB7DA6D8D8C018DD564B1D5C6
:104CE8004ED29C4EA9E049A96CB4D86C56FAAC5681
:104CF800F407F3F4EA25CFEA65AFCA657A8EF47A49
:104D0800AEE947AE08181008BAD56FBA7888F078B7
:104D1800256F4A252E725C2E1C24381CA6F157A636
:104D2800B4C773B4C65197C6E823CBE8DD7CA1DDD0
:104D3800749CE8741F213E1F4BDD964BBDDC61BDA2
:104D48008B860D8B8A850F8A7090E0703E427C3E80
:104D5800B5C471B566AACC6648D890480305060361
:104D6800F601F7F60E121C0E61A3C261355F6A35B3
:104D780057F9AE57B9D069B986911786C15899C104
:104D88001D273A1D9EB9279EE138D9E1F813EBF8A3
:104D980098B32B981133221169BBD269D970A9D95C
:104DA8008E89078E94A733949BB62D9B1E223C1E9A
:104DB80087921587E920C9E9CE4987CE55FFAA55BC
:104DC80028785028DF7AA5DF8C8F038CA1F859A1A9
:104DD800898009890D171A0DBFDA65BFE631D7E654
:104DE80042C6844268B8D06841C3824199B02999C3
:104DF8002D775A2D0F111E0FB0CB7BB054FCA85441
:104E0800BBD66DBB163A2C1652096AD53036A53872
:104E1800BF40A39E81F3D7FB7CE339829B2FFF879A
:104E2800348E4344C4DEE9CB547B9432A6C2233D7E
:104E3800EE4C950B42FAC34E082EA16628D924B22F
:104E4800765BA2496D8BD12572F8F6648668981650
:104E5800D4A45CCC5D65B6926C704850FDEDB9DAAF
:104E68005E154657A78D9D8490D8AB008CBCD30A9D
:104E7800F7E45805B8B34506D02C1E8FCA3F0F0279
:104E8800C1AFBD0301138A6B3A9111414F67DCEA48
:104E980097F2CFCEF0B4E67396AC7422E7AD3585C1
:104EA800E2F937E81C75DF6E47F11A711D29C589CB
:104EB8006FB7620EAA18BE1BFC563E4BC6D27920AD
:104EC8009ADBC0FE78CD5AF41FDDA8338807C731B6
:104ED800B11210592780EC5F60517FA919B54A0DAE
:104EE8002DE57A9F93C99CEFA0E03B4DAE2AF5B023
:104EF800C8EBBB3C83539961172B047EBA77D6263F
:104F0800E169146355210C7D6BC1BEE22E409F966A
:104F1800E93D7E117393172AAE2D8A571E03AC9C68
:104F28009EB76FAC45AF8E5130C81C46A35CE411E8
:104F3800E5FBC1191A0A52EFF69F2445DF4F9B176C
:104F4800AD2B417BE66C371044416AC2D1F53C5821
:104F58003303917E6BE9EBE048E31E9E256718F268
:104F68009229319C19F15BA4058CCFFDBBCB382D60
:104F78001F6F56585D8A4ADEC34C052CC0DA8D7304
:104F8800451AFE5F03BE297FF3F6752AE8D7831119
:104F980038F041560631B1148B79EECC93A0EE5D12
:104FA800FF30B4EA21636DA4FACA37E0B0C853737E
:104FB800DF706E73F7C9AF865DF678DD17BA4E7588
:104FC800B61768C6ADEF7C7B4804E1818FE629758A
:104FD80019A3E88C573104138A05FC5E095AF48436
:104FE8008A08D328D3688E3D7BD966D53AD8C1BB09
:104FF80085D2ADFAE87BB104FE3C53653E2F45B53A
:105008006FCD88B2CC898FF0000102030405060732
:1050180008090A0B0C0D0E0F2B7E151628AED2A60A
:10502800ABF7158809CF4F3C0000000000000000D6
:1050380000000000000000008E73B0F7DA0E645222
:10504800C810F32B809079E562F8EAD2522C6B7B7A
:105058000000000000000000603DEB1015CA71BEA2
:105068002B73AEF0857D77811F352C073B6108D700
:105078002D9810A30914DFF43B3FD92EB72DAD208E
:10508800333449F8E83CFB4AC8A64537A0B3A93FE2
:10509800CDE3CDAD9F1CE58B26751F67A3CBB14033
:1050A800B1808CF187A4F4DFC04B05357C5D1C0E04
:1050B800EAC4C66F9FF7F2E6CDC80D6FDDF18CAB81
:1050C80034C25909C99A417467CE7F7F8117362146
:1050D800961A2B70171D3D7A2E1E8A1DD59B88B1F6
:1050E800C8E60FED1EFAC4C9C05F9F9CA9834FA0F4
:1050F80042AE8FBA584B09FFDC7E84BFDA79164B73
:105108007ECD8486985D386039FFED143B28B1C8A0
:1051180032113C6331E5407BDF10132415E54B92D7
:10512800A13ED0A8267AE2F975A385741AB9CEF8FB
:105138002031623D55B1E4710000003000000000EC
:105148000000000000000001006CB6DBC0543B59B1
:10515800DA48D90B0000000100E0017B27777F3F88
:105168004A1786F000000001AE6852F8121067CCAA
:105178004BF7A5765577F39E7E24067817FAE0D785
:1051880043D6CE1F325391637691BE035E5020A85A
:10519800AC6E618529F9A0DC100000002000000039
:1051A80024000000E4095D4FB7A7B3792D6175A30A
:1051B800261311B8000000000000000000000000E5
:1051C80000000000000000000000000000000000D7
:1051D800000000005104A106168A72D9790D41EE2B
:1051E8008EDAD388EB2E1EFC46DA57C8FCE630DF91
:1051F8009141BE28000000000000000000000000EF
:1052080000000000C1CF48A89F2FFDD9CF4652E922
:10521800EFDB72D74540A42BDE6D7836D59A5CEA71
:10522800AEF3105325B2072F000000000000000065
:105238000000000053696E676C6520626C6F636BD9
:10524800206D7367000000000000000000000000EF
:105258000000000000000000000000000000000046
:1052680000000000000102030405060708090A0BF4
:105278000C0D0E0F101112131415161718191A1BEE
:105288001C1D1E1F000000000000000000000000A0
:1052980000000000000102030405060708090A0BC4
:1052A8000C0D0E0F101112131415161718191A1BBE
:1052B8001C1D1E1F202122230000000000000000EA
:1052C800000000004142434445464748494A4B4C88
:1052D8004D4E4F505152535455565758595A616272
:1052E800636465666768696A6B6C6D6E6F7071720E
:1052F800737475767778797A303132333435363756
:1053080038392B2F7F7F7F7F7F7F7F7F7F7F7F7FD6
:105318007F7F7F7F7F7F7F7F7F7F7F7F7F7F7F7F95
:105328007F7F7F7F7F7F7F7F7F7F7F7F7F7F7F3EC6
:105338007F7F7F3F3435363738393A3B3C3D7F7F76
:105348007F407F7F7F000102030405060708090AE2
:105358000B0C0D0E0F101112131415161718197FB8
:105368007F7F7F7F7F1A1B1C1D1E1F202122232465
:1053780025262728292A2B2C2D2E2F303132337F12
:105388007F7F7F7F24486E5687625ABDBF17D9A298
:10539800C4171A0194ED8F1E11B3D7090CB6E91082
:1053A8006F22EE13CAB3070576C9FA316C0834FFC9
:1053B8008DC26C380043E95497AF504BD141BA9530
:1053C800315A0B974A456875566F64695772322F80
:1053D80046396D6978426361415A54746A78345227
:1053E8007339634A444C6270454738693768504B93
:1053F8007377634664736E364D5777494E502B4E1C
:10540800776D773441455070564A657655457652E2
:10541800516271564D566F4C6C773D3D000000004F
:105428000300000005000000070000000B0000005A
:105438000D0000001100000013000000170000001C
:105448001D0000001F0000002500000029000000CA
:105458002B0000002F000000350000003B0000007A
:105468003D00000043000000470000004900000024
:105478004F000000530000005900000061000000C8
:1054880065000000670000006B0000006D00000070
:10549800710000007F000000830000008900000008
:1054A8008B00000095000000970000009D000000A0
:1054B800A3000000A7000000AD000000B30000003A
:1054C800B5000000BF000000C1000000C5000000DA
:1054D800C7000000D3000000DF000000E300000068
:1054E800E5000000E9000000EF000000F100000006
:1054F800FB00000001010000070100000D01000091
:105508000F01000015010000190100001B01000037
:1055180025010000330100003701000039010000B7
:105528003D0100004B010000510100005B0100003B
:105538005D01000061010000670100006F010000CB
:10554800750100007B0100007F010000850100005B
:105558008D0100009101000099010000A3010000E5
:10556800A5010000AF010000B1010000B701000073
:10557800BB010000C1010000C9010000CD0100000D
:10558800CF010000D3010000DF010000E7010000A7
:10559800EB010000F3010000F7010000FD0100002D
:1055A800090200000B0200001D0200002302000097
:1055B8002D02000033020000390200003B02000007
:1055C800410200004B020000510200005702000097
:1055D800590200005F020000650200006902000035
:1055E8006B020000770200008102000083020000C5
:1055F800870200008D02000093020000950200005F
:10560800A1020000A5020000AB020000B3020000E6
:10561800BD020000C5020000CF020000D702000052
:10562800DD020000E3020000E7020000EF020000D4
:10563800F5020000F9020000010300000503000064
:10564800130300001D030000290300002B030000C2
:1056580035030000370300003B0300003D03000052
:105668004703000055030000590300005B030000D6
:105678005F0300006D030000710300007303000066
:10568800770300008B0300008F03000097030000DE
:10569800A1030000A9030000AD030000B30300004C
:1056A800B9030000C7030000CB030000D1030000CA
:1056B800D7030000DF030000E503000099FFFFFFA8
:1056C800B50200006102000015000000E4060000B9
:1056D800640300001C0000000BB1CD2D06D3502040
:1056E8000100000038411676D99360F272C2AB9A75
:1056F800750657A091F7B5C9A28CD290F607A727CF
:105708008EB249DE435CD7C73EF58F671F186EAF70
:105718002FE2850D53F09C65EAA3AE9EEC802D6BBD
:10572800A82B36A6C5864D33FD6658963A099510BE
:1057380078D842CCEF26E5611A3F3B82B6DBD49895
:10574800E88B02EB0A2C1DB06F8D880E19874E0B63
:10575800A90C79117F22E759E1DA3DC81204745483
:10576800307EB428556850BED0C431CB2AAD0FCA9C
:1057780070FF326908620024D1FBBAED4581736D70
:10578800849FEE4AC32EC101E6254899B9B37BF937
:10579800CEBFDF7129CD6C13649B639DC04BB7A549
:1057A800895FB117F4BCD346CF375E4794FAFC5BE8
:1057B80097FE5AAC3C4C0335F323B85D6A92D52169
:1057C8004451C67D3983DCAA7C7756051BA4153461
:1057D8001E1CF8522014E9BDDDE4A1E08AF1D67A56
:1057E800BBE3404F70822CECB327C0E5E485573506
:1057F800EA0CAE4123EF6B934519A521ED0E4F4EF0
:105808001D6592BD86B8AF8F7CEB1FCE3E30DC5F46
:105818005EC50B1AA6E139CAD5475D3DD9015AD6EE
:1058280051566C4D8B0D9A66FBCCB02D74122B2003
:10583800F0B18499DF4CCBC2347E76056DB7A931BF
:10584800D11704D714583A61DE1B111C320F9C166D
:105858005318F222FE44CFB2C3B57A912408E8A8BF
:1058680060FC6950AAD0A07DA1896297545B1E95FF
:10587800E0FF64D210C40048A3F775DB8A03E6DAB8
:10588800093FDD94875C8302CD4A90337367F6F352
:105898009D7FBFE2529BD826C837C63B81966F4B87
:1058A80013BE632EE979A78C9F6EBC8E29F5F9B6D5
:1058B8002FFDB4597898066AE74671BAD425AB42E9
:1058C80088A28DFA7207B955F8EEAC0A36492A68EB
:1058D8003C38F1A44028D37BBBC943C115E3ADF4E0
:1058E80077C7809E702CB3C0E457EAAE236B45A5FA
:1058F800ED4F1D9286AF7C1F3EDC5E0BA639D55D51
:10590800D95A516C8B9AFBB0742BF084DFCB347668
:105918006DA9D104143ADE11329C53F2FECFC37A3A
:1059280024E86069AAA0A162541EE0641000A3756F
:105938008AE609DD8783CD9073F69DBF52D8C8C625
:10594800816F1363E9A79FBC29F92FB47806E77123
:10595800D4AB888D72B9F8AC362A3CF140D3BB433E
:1059680015AD778082EC27E585350C41EF93192139
:105978000E4E65BDB88FEBCE305FC51AE1CA473D04
:1059880001D6564D0D66CC2D1220B1994CC27E051C
:10599800B73117D758611B1C0F16182244B2B5919E
:1059A80008A8FC50D07D89975B95FFD2C448F7DBE7
:1059B80003DA3F945C024A3367F37FE29B26373B66
:1059C800964BBE2E798C6E8EF5B6FD59986A46BAFE
:1059D8002542A2FA0755EE0A496838A4287BC9C1AE
:1059E800E3F4C79EE00558D9674E81CBC90BAE6A70
:1059F800D5185D8246DFD6278A324B42DB1C9E9C37
:105A08003ACA257B0D715F1FF8D73E9D7C60B9BEF1
:105A1800BC8B16344DC37295AB8EBA7AB302B4AD53
:105A2800A2ACD89A171A35CCF799615AE82456408F
:105A3800E1630933BF98978568FCEC0ADA6F536213
:105A4800A32E08AF28B074C2BD362238641E392C84
:105A5800A630E544FD889F65876BF4234810D15133
:105A6800C0F9D2A055A141FA4313C42FA8B63C2BC4
:105A7800C1FFC8A52089009047EFEAB71506CDB544
:105A8800127EBB290FB807049B942166E6CEEDE78A
:105A98003BFE7FC5A437B14C916E8D76032DDE9603
:105AA800267DC65CD3F24F193FDC791D52EBF36DAE
:105AB8005EFB69B2F0310CD4CF8CE275A94A5784E9
:105AC80011451BF5E40E73AAF1DD59146C9254D0FC
:105AD8007870E3498050A7F6779386832AC75BE9F5
:105AE800EE8F013DA09E667F3BCC908BB67AE8583E
:105AF8004CAA73B2C6EF372FE94F82BE54FF53A5A5
:105B0800F1D36F1C10E527FADE682D1DB05688C248
:105B1800B3E6C1FD0101010100000000010101011E
:105B28000000000001000101010100010101010064
:105B3800010100010001020308090A0B2627242598
:105B4800171415161BFFFF1AFFFFFFFFFFFFFFFFCC
:105B5800FFFFFFFFFFFFFFFFFFFFFFFF0405060733
:105B68000C0D0E0F10111213FF1819FF1F1C1D1E0C
:105B7800FFFFFFFFFFFFFFFFFFFFFFFFFFFFFFFF2D
:105B8800FFFFFFFF000102033D3E3F3CFFFFFFFF19
:105B98001B18191A23202122FFFFFFFF08090A0BEF
:105BA80010111213FFFFFFFF27242526FFFFFFFF19
:105BB8000C0D0E0F3A3B38391F1C1D1EFFFFFFFF4F
:105BC800040506074142434014151617FFFFFFFF5F
:105BD8002B28292A15161714FFFFFFFF121310117F
:105BE8000B08090A0F0C0D0E191A1B181D1E1F1C75
:105BF80012131011FFFFFFFFFFFFFFFF012345678F
:105C080089ABCDEFFEDCBA98765432100000000064
:105C1800000000000000000000000000000000007C
:105C2800000000000000000000000000000000006C
:105C3800000000000000000000000000012345678C
:105C480089ABCDEFFEDCBA987654321000112233BE
:105C580044556677000000000000000000000000C6
:105C6800000000000000000000000000000000002C
:105C7800000000000000000000000000012345674C
:105C880089ABCDEFFEDCBA9876543210001122337E
:105C9800445566778899AABBCCDDEEFF000000006A
:105CA80000000000000000000000000000000000EC
:105CB80000000000000000000000000067673138A5
:105CC800549669730857065648EABE43383C6C2A0E
:105CD800ABEF7FDE25CD470BF774A331B4993401C0
:105CE800B3E996F84EE5CEE7D79B09B9D1763FC020
:105CF80019D77CC930BFF2A56F7C93649ACC237DF9
:105D0800FF16D76C20EF7C919E3A75090503FB10AE
:105D1800AB241E7CF45D8CDEEE47433501234567DA
:105D280089ABCDEFFEDCBA98765432100000000043
:105D38000200000000000000000000000001020353
:105D48000405060708090A0B0C0D0E0F2B7E151605
:105D580028AED2A6ABF7158809CF4F3C000000004B
:105D68000000000000000000000000008E73B0F783
:105D7800DA0E6452C810F32B809079E562F8EAD203
:105D8800522C6B7B0000000000000000603DEB100F
:105D980015CA71BE2B73AEF0857D77811F352C0730
:105DA8003B6108D72D9810A30914DFF41607CF49D3
:105DB8004B36BBF00DAEB0B503C831ABA2F2CF671E
:105DC8001629EF7840C5A5DFB50748870F06165096
:105DD80008CF8B8B5A63586362543E542A4830ABC1
:105DE8005AC4A1A2405955FD2195CF935D5A869B6F
:105DF800D14CE54264F892A6DD2EC3D537D359C3FA
:105E0800349836D884E310ADDF68C449E6CFA35F81
:105E1800C02B134A4D2C0B6737AC3EDA36CBEB73ED
:105E2800BD504B4070B1B7DE2B21EB50E31A6055E3
:105E3800297D96CA3330CDF1B1860A836BC1BEE2A3
:105E48002E409F96E93D7E117393172AAE2D8A57EF
:105E58001E03AC9C9EB76FAC45AF8E5130C81C4634
:105E6800A35CE411E5FBC1191A0A52EF00000030E7
:105E7800000000000000000000000001006CB6DB1C
:105E8800C0543B59DA48D90B0000000100E0017BFF
:105E980027777F3F4A1786F000000001AE6852F866
:105EA800121067CC4BF7A5765577F39E7E240678BB
:105EB80017FAE0D743D6CE1F325391637691BE03CB
:105EC8005E5020A8AC6E618529F9A0DCD09DC29AED
:105ED8008214619A20877C76DB1F0B3F000000004C
:105EE80000000000000000000000000000000000AA
:105EF800000000000000000000000000DBF3C78D78
:105F0800C08396D4DA7C907765BBCB442B8E8E0FFA
:105F180031F0DCA72C7417E35360E0480000000060
:105F2800000000000000000000000000B19D1FCD2F
:105F3800CB75EB882F849CE24D85CF739CE64B2B69
:105F48005C9D73F14F2D5D9DCE9889CDDF5086966F
:105F580000000000000000000000000053696E67A8
:105F68006C6520626C6F636B206D736700000000C6
:105F78000000000000000000000000000000000019
:105F88000000000000000000000000000001020303
:105F98000405060708090A0B0C0D0E0F1011121341
:105FA8001415161718191A1B1C1D1E1F00000000B7
:105FB80000000000000000000000000000010203D3
:105FC8000405060708090A0B0C0D0E0F1011121311
:105FD8001415161718191A1B1C1D1E1F2021222301
:105FE8000000000000000000000000001000000099
:105FF8002000000024000000404142434445464739
:1060080048494A4B4C4D4E4F07000000080000001D
:106018000C00000008000000100000001400000040
:106028000400000010000000180000000400000038
:1060380006000000080000007162015B4DAC255DA0
:106048000000000000000000000000000000000048
:106058000000000000000000D2A1F0E051EA5F62F9
:10606800081A7792073D593D1FC64FBFACCD0000B7
:106078000000000000000000E3B201A9F5B71A7A99
:106088009B1CEAECCD97E70B6176AAD9A4428AA5B6
:10609800484392FBC1B099511011121314151617E9
:1060A80018191A1B202122232425262728292A2BC0
:1060B8002C2D2E2F30313233343536370001020380
:1060C8000405060708090A0B0C0D0E0F1011121310
:1060D800A70D00002D2D2D2D2D424547494E20435B
:1060E800455254494649434154452D2D2D2D2D0DDA
:1060F8000A4D494944687A4343416D2B67417749C2
:1061080042416749424144414E42676B71686B693D
:10611800473977304241515546414441374D5173D3
:1061280077435159445651514745774A4F5444454E
:10613800520D0A4D4138474131554543684D49553F
:1061480047397359584A545530777847544158421B
:10615800674E5642414D5445464276624746795508
:10616800314E4D4946526C6333516751304577483B
:1061780068634E0D0A4D5445774D6A45794D545123
:10618800304E4441775768634E4D6A45774D6A45AE
:10619800794D5451304E444177576A41374D5173C8
:1061A80077435159445651514745774A4F544445CE
:1061B800524D4138470D0A4131554543684D4955BF
:1061C80047397359584A545530777847544158429B
:1061D800674E5642414D5445464276624746795588
:1061E800314E4D4946526C6333516751304577679C
:1061F8006745694D4130470D0A435371475349621A
:106208003344514542415155414134494244774113
:10621800776767454B416F494241514441337A663C
:1062280038463776676C70302F687436574D6E3144
:1062380045705261677A5348780D0A6D6454733615
:10624800737438474667496C4B58736D38574C33ED
:10625800786F656D54695A687835377749303533C2
:106268007A6864634867483035375A6B2B693563F9
:106278006C48467A714D7755716E790D0A35304202
:1062880077464D74456F6E494C777556412B543798
:106298006C7067367A2B65784B593843344B5142CA
:1062A800306E466337714B55456B48487876595080
:1062B8005A5039616C346A77716A2B386E0D0A59F5
:1062C8004D50476E38753637474239742B61454D06
:1062D8007235502B31676D49674E62314C54562BDD
:1062E8002F586A6C693577774F51757666777537A9
:1062F800754A42566341304C6E306B636D6E4C0D7F
:106308000A5237455551494E395A2F5347396A472A
:106318007238586D6B7372557545766D45462F42C8
:10632800696279632B45316978564130686D6E4DE5
:10633800336F54445062354C6339756E38724E73FE
:10634800750D0A4B4E462B416B736A6F4258794F55
:1063580047566B43656F4D626F34624636427879B3
:106368004C4F6279617670772F4C50683561506771
:106378004149796E706C5962364C5641674D4241BD
:1063880041476A0D0A675A5577675A497744415910
:10639800445652305442415577417745422F7A410D
:1063A8006442674E564851344546675155744672A3
:1063B8006B70625065306C4C327564576D6C512F40
:1063C8007250727A480D0A2F6638775977594456B1
:1063D80052306A42467777576F41557446726B70F0
:1063E800625065306C4C327564576D6C512F725029
:1063F800727A482F662B68503651394D447378436A
:106408007A414A42674E560D0A42415954416B350A
:106418004D4D524577447759445651514B4577680D
:106428005162327868636C4E545444455A4D426305
:10643800474131554541784D515547397359584A67
:1064480054553077675647567A0D0A64434244518B
:106458005949424144414E42676B71686B694739FB
:106468007730424151554641414F4341514541756D
:10647800503155324142556B49736C734366646CB5
:10648800633269393451484859654A0D0A53735281
:106498003445646748746463695549354936324AF6
:1064A800364D6F6D2B593064542F37612B38533666
:1064B8004D564D435A503643354E794E79587731BB
:1064C8004757592F5952383258544A38480D0A44B8
:1064D800424A6943546F6B3544625A36537A614F66
:1064E8004E427A645748587757776D6935766731E1
:1064F80064786E375978724D396430496A784D320C
:1065080037574E4B7334734451685A42516B460D9A
:106518000A706A6D6673326362346F506C3459392D
:1065280054396D6554782F6C76646B52594575678C
:1065380036314A666E3663412B714870795059641A
:1065480054482B55736849546E6D70352F5A746BC7
:10655800660D0A6D2F5554534C424E464E4865738E
:1065680069545A654833314E637859476448536DC6
:1065780065394E632F67666964526130464C4F43F4
:10658800665778526C4671414934377A47396A41BF
:1065980051435A0D0A375A326D4347444E4D686A83
:1065A80051632B425963646E6C306C50586A644472
:1065B8004B36563071436731645665776855426388
:1065C8005735675A4B7A563765392B447056413DD3
:1065D8003D0D0A2D2D2D2D2D454E44204345525459
:1065E800494649434154452D2D2D2D2D0D0A2D2D5C
:1065F8002D2D2D424547494E204345525449464981
:10660800434154452D2D2D2D2D0D0A4D49494468E2
:106618007A4343416D2B674177494241674942417B
:1066280044414E42676B71686B6947397730424124
:10663800517346414441374D51737743515944563C
:1066480051514745774A4F544445520D0A4D4138F8
:106658004741315545436777495547397359584A32
:1066680054553077784754415842674E5642414D09
:106678004D454642766247467955314E4D49465218
:106688006C63335167513045774868634E0D0A4D46
:106698005463774E5441304D5459314E7A417857AE
:1066A80068634E4D6A63774E5441314D5459314EAB
:1066B8007A4178576A41374D517377435159445657
:1066C80051514745774A4F544445524D4138470D3B
:1066D8000A41315545436777495547397359584AEF
:1066E80054553077784754415842674E5642414D89
:1066F8004D454642766247467955314E4D49465298
:106708006C6333516751304577676745694D413050
:10671800470D0A4353714753496233445145424137
:1067280051554141344942447741776767454B4168
:106738006F494241514441337A6638463776676C2F
:1067480070302F687436574D6E3145705261677AD4
:106758005348780D0A6D6454733673743847466726
:10676800496C4B58736D38574C33786F656D546965
:106778005A6878353777493035337A6864634867BB
:10678800483035375A6B2B6935636C48467A714DFA
:106798007755716E790D0A35304277464D74456FDD
:1067A8006E494C777556412B54376C7067367A2B87
:1067B80065784B593843344B5142306E46633771D4
:1067C8004B55456B4848787659505A5039616C3466
:1067D8006A77716A2B386E0D0A594D50476E3875B5
:1067E8003637474239742B61454D7235502B316726
:1067F8006D49674E62314C54562B2F586A6C693577
:1068080077774F51757666777537754A4256634183
:10681800304C6E306B636D6E4C0D0A5237455551D6
:10682800494E395A2F5347396A477238586D6B7336
:1068380072557545766D45462F42696279632B45D9
:10684800316978564130686D6E4D336F54445062EB
:10685800354C6339756E38724E73750D0A4B4E465A
:106868002B416B736A6F4258794F47566B43656F7C
:106878004D626F346246364278794C4F6279617660
:1068880070772F4C5068356150674149796E706C4C
:106898005962364C5641674D424141476A0D0A6775
:1068A8005A5577675A4977485159445652304F429A
:1068B800425945464C5261354B577A33744A5339DD
:1068C800726E5670705550367A3638782F332F4D91
:1068D800474D4741315564497752634D4671410DE3
:1068E8000A464C5261354B577A33744A5339726EA3
:1068F8005670705550367A3638782F332F6F542BA0
:106908006B505441374D5173774351594456515147
:106918004745774A4F544445524D413847413155D0
:10692800450D0A436777495547397359584A5455AD
:106938003077784754415842674E5642414D4D454D
:106948004642766247467955314E4D4946526C6308
:106958003351675130474341514177444159445677
:106968005230540D0A42415577417745422F7A41BA
:106978004E42676B71686B69473977304241517392
:106988004641414F4341514541484B2F4848725475
:106998005A4D6E6E564D70646531696F2B766F4136
:1069A80074716C376A0D0A347352684C726A4437D2
:1069B8006F33544874775262446132646943767025
:1069C8007130537132334E67324C4D596F58734F93
:1069D800786F4C2F52514B33694E37554B7856339D
:1069E8004D4B50457230770D0A5851532B6B4B5114
:1069F80071695432627366726A6E574D56485A749A
:106A0800554F4D706D36464E716364476D2F527306
:106A18007333764B6461326C634B6C386B556E71B3
:106A28002F796C63312B5162420D0A473641367417
:106A38005576516372325A79576656672B6D4D35C4
:106A4800586B6854724F4F587573324F4C696B626C
:106A580034577745744A544A524E4530662B79501C
:106A68004F4453557A302F765435370D0A417048C4
:106A780030436E42383062594A7368594850484822
:106A8800796D4F746C654142384B535974716D3749
:106A980035672F594E6F626A6E6A4236636D3448A5
:106AA8006B57334F5A5256496C366659590D0A6E10
:106AB80032304E52564131566A73364741524F7200
:106AC800344E7157346B2F2B4C6F66593979304CD3
:106AD8004C44452B70306F49454B5849734976688B
:106AE8005072333973777853413D3D0D0A2D2D2D62
:106AF8002D2D454E4420434552544946494341545F
:106B0800452D2D2D2D2D0D0A2D2D2D2D2D42454791
:106B1800494E2043455254494649434154452D2D39
:106B28002D2D2D0D0A4D494943556A43434164654E
:106B380067417749424167494A414D4644346E3579
:106B48006951387A6F4D416F4743437147534D340C
:106B58003942414D434D443478437A414A42674E65
:106B680056424159540D0A416B354D4D52457744B3
:106B78007759445651514B4577685162327868636A
:106B88006C4E54544445634D426F4741315545411D
:106B9800784D545547397359584A7A63327767564E
:106BA80047567A644342460D0A517942445154414A
:106BB80065467730784D7A41354D6A51784E545153
:106BC800354E446861467730794D7A41354D6A498A
:106BD800784E5451354E4468614D443478437A4177
:106BE8004A42674E56424159540D0A416B354D4D44
:106BF800524577447759445651514B45776851620D
:106C0800327868636C4E54544445634D426F474133
:106C180031554541784D545547397359584A7A6327
:106C28003277675647567A644342460D0A5179428D
:106C380044515442324D42414742797147534D3491
:106C4800394167454742537542424141694132499A
:106C580041424D50614B7A52424E316776683162FB
:106C68002B2F496D364B554E4C547542750D0A778E
:106C7800773558557A4D35574E5253744A47564FC3
:106C880051736A333138584A474A492F4271564B33
:106C98006334734C59664369464B4172395A717172
:106CA800794864754E4D63626C6934797569790DFC
:106CB8000A6159377A516130707737526664616476
:106CC800486239555A4B5656706D6C4D37494C527F
:106CD8006D466D417A48714F426F4443426E54414C
:106CE8006442674E5648513445466751556E573091
:106CF800670D0A4A456B425079764C654C555A7671
:106D080048346B796476374E6E77776267594456A4
:106D180052306A424763775A5941556E5730674A2D
:106D2800456B425079764C654C555A7648346B79A8
:106D38006476370D0A4E6E7968517152414D44346C
:106D480078437A414A42674E5642415954416B351D
:106D58004D4D524577447759445651514B457768C4
:106D68005162327868636C4E54544445634D426FA7
:106D780047413155450D0A41784D545547397359A6
:106D8800584A7A633277675647567A64434246517F
:106D98007942445159494A414D4644346E35695106
:106DA800387A6F4D41774741315564457751464DA3
:106DB800414D42416638770D0A436759494B6F5A2E
:106DC800497A6A304541774944615141775A674960
:106DD80078414D4F30596E4E574B4A55416658676A
:106DE800534A744A7865786E346970672B6B7634C9
:106DF8007A6E755235307635360D0A7434643050F3
:106E080043753431326D5543364E6E6437697A7640
:106E18007445324D6749784150316E6E4A516A5A0D
:106E2800384257756B737A465144473438777843FC
:106E38004379636939717064534D760D0A75436AF5
:106E48006E387077554F6B4142584B384D737339D4
:106E580030667A436643454F7449413D3D0D0A2DDE
:106E68002D2D2D2D454E4420434552544946494326
:106E78004154452D2D2D2D2D0D0A0000AB06000087
:106E88002D2D2D2D2D424547494E2052534120503E
:106E9800524956415445204B45592D2D2D2D2D0D28
:106EA8000A4D4949457041494241414B4341514589
:106EB80041794854457A4C6E3574586E7052646BFB
:106EC80055594C423975355079617836664D3630AA
:106ED8004E6A346F38566D586C3345545A7A476148
:106EE800460D0A423958344A37424B4E64426A6E5C
:106EF8006770754737666138483672376777516B00
:106F0800345A4A4744547A71437253562F5575314F
:106F18004339334B59526854594A516A3665565366
:106F28004844310D0A626B327931525044306872EC
:106F380074356B507151685472644F724137522FD7
:106F4800555630367038366A74307544424D484567
:106F5800774D6A4456302F594930465A50526F3748
:106F680079582F6B390D0A5A3547494D43354373C4
:106F78007439392B2B554D642F2F734D6342346A66
:106F8800372F4366387174624348576A646D4C61A1
:106F98006F3576344A76344546624D7334345446F8
:106FA800655930424762480D0A37766B32446D7135
:106FB8005639676D61426D66305A58483479715355
:106FC800784A65442B504973314247653634453910
:106FD800326866782F2F445A7274656E4E4C514E43
:106FE8006954724D39414D2B760D0A6471427056C1
:106FF8006F4E7130716A553531427835725532426B
:1070080058634662587649354D5439544E55685838
:1070180077494441514142416F49424147644E7466
:1070280066594469617036627A73740D0A796843E7
:107038006949386D39547472685A77344D69736187
:1070480045614E2F6C6C3358536A614F47326476F2
:107058005636784D5A434D562B3554655844484F4B
:10706800415A6E59313859693138767A7A0D0A346D
:10707800557432546E4E467A697A434543594E6187
:107088004132665354335767496E6E78556B5633A1
:10709800595841795036434E784A61436D7632618A
:1070A8004130794672326B46565365614B47740DD1
:1070B8000A796D766C6A4E70324E566B766D37541F
:1070C8006838664251424F3749374158687A3433F5
:1070D8006B306D5237586D50676577653841705A17
:1070E8004F47336873746B4F614D766257417657DB
:1070F800410D0A7A435A757064446A5A596A4F4A6C
:10710800716C41346545413448382F7737463833F8
:107118007235437567654245384C674552456A4C38
:10712800506979656A725535483166756245592BDB
:107138006830640D0A6C35485A424A3638796254C8
:107148005866513555396F2F514B4133646430744B
:107158006F4245686864525544477A57746A76772F
:107168006B455166714631726547576A2F746F6473
:107178002F674370660D0A444669365830454367A1
:1071880059454134774F762F706A534333747936B3
:1071980054754F764B5832724F556942724C585855
:1071A80076324A53785A6E4D6F4D69574935697032
:1071B8004C51742B5259540D0A565061664C2F6D20
:1071C80037446E364D62776A61794F6B635A68420D
:1071D800776B35434E7A35413651346C4A36344DE7
:1071E800712F6C71487A6E52435151324D63314759
:1071F80038657944462F66594C0D0A5A6532704CE9
:10720800767750395644356A5463326D69446677E7
:107218002B4D6E764A68797752524C63656D4446B9
:1072280050386B34685156746D38504D70335A6D00
:107238004E45436759454134677A370D0A777A4F87
:10724800625234676E386962653631377551505A03
:107258006A577A556A3964554859642B696E31679B
:107268007742434972744E6E61526E394939552FCF
:10727800513674656752597069693479730D0A63B8
:107288003137364E6D552B756D7936586D75534BB4
:1072980056357144396253705A5747326E4C466EB0
:1072A800736C724E31354C6D3366685A786F654D24
:1072B8004E6842614544546E4C543236796F690DBC
:1072C8000A33336770306D5353577939345A4571DF
:1072D80069706D732B554C46367359315A7446573D
:1072E80036747047466F7938436759415148686E1C
:1072F8006E764A666C4973326B7934713130423636
:10730800300D0A5A6378467033727444706B70306B
:107318004A7868464C6869697A4672756A4D745A43
:10732800536A594E6D3555374B6B67505648684C04
:10733800454C455576436D4F6E4B54743461702FF0
:10734800765A300D0A42784A4E6531475A483370AA
:107358005736534176474451706C397347377575C2
:107368002F765446502B6C4378756B6D7A78423083
:107378004472724463766F72456B4B4D6F6D375A2A
:1073880043435276570D0A4B5A735A365965483259
:107398005A3831426175526A3231386B514B426703
:1073A800514355562F44674B503239383578445439
:1073B8005437394E30386A556F33685450354D5606
:1073C800594343756A2F2B0D0A5565457731547615
:1073D8005A6378334C4A627937503658616436615B
:1073E800312F42717665614779464B496645464972
:1073F8006142554249746B3830317344447044617A
:10740800596334674C303058630D0A376C467542FF
:10741800484F5A6B784A596C737335517247707577
:107428004F456C395A775574354972464C42645900
:10743800614B714E487A4E56433170435066622F05
:107448004A794836447232485578710D0A6778553A
:107458007741514B4267514363553647324C384167
:1074680047396439633055704F794C31744D7646DD
:107478006535547477304B6A6C5156647368314D76
:107488005036796967596F3944597577750D0A62AD
:107498004846565732723064425471656750322FED
:1074A8004B544F784B7A6148664331716630524786
:1074B8004473556F4A434E4A72643163776F434C45
:1074C8004738503245463477334F42724B71760D08
:1074D8000A38753479745930462B566C616E6A35A2
:1074E8006C6D3354616F48535646312B4E57507963
:1074F8004F5469776576494543474B775378766C9F
:107508006B6934664441413D3D0D0A2D2D2D2D2DCD
:10751800454E44205253412050524956415445202B
:107528004B45592D2D2D2D2D0D0A00001705000056
:107538002D2D2D2D2D424547494E20434552544966
:107548004649434154452D2D2D2D2D0D0A4D4949B0
:107558004468544343416D32674177494241674922
:10756800424244414E42676B71686B6947397730D4
:107578004241517346414441374D51737743515904
:10758800445651514745774A4F544445520D0A4D88
:10759800413847413155454367774955473973590C
:1075A800584A54553077784754415842674E5642A6
:1075B800414D4D454642766247467955314E4D49D3
:1075C80046526C63335167513045774868634E0DB6
:1075D8000A4D5463774E5441314D544D774E7A5588
:1075E800355768634E4D6A63774E5441324D544D5A
:1075F800774E7A5535576A41384D5173774351590B
:10760800445651514745774A4F544445524D4138A5
:10761800470D0A41315545436777495547397359ED
:10762800584A5455307778476A415942674E56420E
:10763800414D4D455642766247467955314E4D4942
:10764800454E7361575675644341794D49494249DE
:107658006A414E0D0A42676B71686B69473977302A
:10766800424151454641414F43415138414D4949B5
:107678004243674B4341514541794854457A4C6EE2
:107688003574586E7052646B55594C423975355083
:1076980079617836660D0A4D36304E6A346F385641
:1076A8006D586C3345545A7A476146423958344AC2
:1076B80037424B4E64426A6E677075473766613869
:1076C800483672376777516B345A4A4744547A714F
:1076D800437253562F55750D0A314339334B59525E
:1076E8006854594A516A36655653484431626B3278
:1076F800793152504430687274356B507151685406
:1077080072644F724137522F555630367038366A88
:1077180074307544424D4845770D0A4D6A445630D9
:107728002F594930465A50526F3779582F6B395A6A
:107738003547494D433543737439392B2B554D64BF
:107748002F2F734D6342346A372F43663871746242
:107758004348576A646D4C616F35760D0A344A7632
:10776800344546624D733434544665593042476255
:107778004837766B32446D715639676D61426D6674
:10778800305A584834797153784A65442B504973B4
:107798003142476536344539326866782F0D0A2FED
:1077A800445A7274656E4E4C514E6954724D39414B
:1077B8004D2B7664714270566F4E7130716A553533
:1077C80031427835725532425863466258764935A7
:1077D8004D5439544E556858774944415141420DEA
:1077E8000A6F3447534D4947504D42304741315550
:1077F8006444675157424252786F51427A636B41F1
:107808007656485A654D2F78536A377A78335774C5
:10781800474954426A42674E5648534D4558444278
:10782800610D0A674253305775536C733937535596
:1078380076613531616156442B732B764D66392F4D
:1078480036452F704430774F7A454C4D416B474150
:1078580031554542684D43546B7778455441504201
:10786800674E560D0A42416F4D434642766247467F
:107878007955314E4D4D526B774677594456515193
:10788800444442425162327868636C4E54544342D5
:10789800555A584E3049454E42676745414D416BF0
:1078A80047413155640D0A457751434D414177446D
:1078B80051594A4B6F5A496876634E4151454C427B
:1078C80051414467674542414337794F3738364E0F
:1078D800766348704B38556F764B49473963423366
:1078E800326F5351516F6D0D0A4C6F5230654844D9
:1078F800527A6471456B6F713779475A7566484695
:10790800695241417A624D714A666F675274786C68
:10791800725741654234792F6A47614D4256323574
:107928004962464F49634832570D0A694345614DDC
:107938004D62472B56514C4B4E76754336336B6D23
:10794800772F5A6577633954684D365061314863EB
:1079580079306178543066616631422F5530316A2A
:1079680030464963772F366D54664B0D0A44387795
:1079780034384F497763317972304A747574435695
:107988006A696735444330797A6E474D74333252A9
:107998007973654F4C6355652B6C6671303035765D
:1079A80032504169436F7A7235583872450D0A6F03
:1079B80066475A70694D324E715250655067597911
:1079C8002B566337355A6B3238786B525171316E9A
:1079D8006370726751623353347654735A645363D5
:1079E800704D39684C662B654D6C7267716C6A0D09
:1079F8000A6335504C536B5842654C45352B6665C8
:107A0800646B796654614C7878516C674370756F14
:107A18004F684B426D30342F523170574E7A55486B
:107A2800797161676A4F39513D0D0A2D2D2D2D2D24
:107A3800454E442043455254494649434154452DF7
:107A48002D2D2D2D0D0A0000AB0600002D2D2D2DFE
:107A58002D424547494E20525341205052495641E4
:107A68005445204B45592D2D2D2D2D0D0A4D494995
:107A7800457041494241414B434151454177553257
:107A88006A3365664E4864454531306C79754A6D90
:107A980073446E6A6B4F6A784B7A7A6F54467442B5
:107AA80061354D326A4149696E376835720D0A6C25
:107AB800716453744A44764C584A36506953612F5E
:107AC8004C593072435431642B416D5A4979637370
:107AD8004368396F6472716A4F624A484A61382F45
:107AE80073454555724D32314B5036346246320D2E
:107AF8000A324A44425962526D556A61694A6C4F6A
:107B080071713352654233305A6774737132422B44
:107B180067325130634C556C6D3931736C63306228
:107B28006F4334705061517931414A4468326F492A
:107B3800510D0A5A6E32755643754C5A586D526F2C
:107B4800654A687738314153516A7561417A786975
:107B580034625352722F51754B6F524178352F56FC
:107B6800716761486B515944772B466939714C529A
:107B78004637690D0A474D5A694C38646D6A667014
:107B8800643248337A4A346B7041635751446A38D7
:107B98006E38544449536737763174374878796476
:107BA800727877553965735143504A6F6450672F1F
:107BB8006F4E4A68620D0A79334E4C5570625945CA
:107BC800614973674968704F567254443744655722
:107BD800533852782F6671456745776C7749444129
:107BE800514142416F4942415143585230533845FF
:107BF800494846474F525A0D0A2B2B41744F673656
:107C080065454E78442B7856733066314965477A16
:107C18003537546A6F33516E58583756425A4E6446
:107C28006A2B70314543766843452F4737586E6B4A
:107C3800675535684C5A582B470D0A5A306A6B7A83
:107C48002F74714A4F4930765253644C42626970BE
:107C5800486E576F7579425134652F413179494AD9
:107C6800646C42747158784A314B452F6974754871
:107C780052624E63346A346B4C385A0D0A2F72368E
:107C88007076776E5449305053783245717330347A
:107C98003859645339324C543671417634666C62C3
:107CA8004E44784D6E327559377334796353345175
:107CB8003877314A586E436561416E596D0D0A57E0
:107CC80059493577784F2B627652454C52324D637D
:107CD8007A35446D566E4C386A52796D6C366C360E
:107CE800353832625376356F756652654649627922
:107CF800505A6251576C5867596E70753648650D01
:107D08000A4754633745317A4B595147472F392B26
:107D18004451556C2F3176517543507151776E79B6
:107D28003074516F5832773574645970644D6456A5
:107D38006D2B7A6B4C7462616A7A645476694A4A2C
:107D4800610D0A54577A4C366C7435416F4742417D
:107D58004E38362B5356654A44636D514A63763420
:107D680045713655687452723451474D69514D7A90
:107D780030536F64366574745978597A4D677874DE
:107D88007732380D0A43497267706F7A43632B550F
:107D9800615A4A4C6F375578764336616E3835727A
:107DA8003162326E4B50434C51466167674A3048E6
:107DB8003451304A2F735A4F68424958616F427A9A
:107DC800577876654B0D0A6E757063654B64567807
:107DD8004773466938434479383644426669794678
:107DE800697666426A2B3437426261517A50426A38
:107DF800374334724B37556C4C6A61623272444176
:107E08006F4742414E32750D0A414D326763686FC4
:107E180046697534763148464C3844376C77654541
:107E28007069365A6E4D4A6A6E45752F64456747C4
:107E3800514A466A7764704C6E5062736A3463378D
:107E4800356F645134477A38670D0A7377396C6136
:107E58006F3956567A6275736F52452F4A474934BF
:107E68006154644F307041545879473765473151F0
:107E7800752B355963315947586343726C694132E0
:107E8800784D3978782B6437662B730D0A6D507AE4
:107E98004E2B5749456735474A44595A446A417AEF
:107EA800484735424E76692F46664D314339644F0F
:107EB800746A763264416F4741463074354B6D774A
:107EC800626A574842686356714F3449630D0A42E3
:107ED80056764E3342496C6331756532595258456E
:107EE800446C785935623072384E345863654D6742
:107EF8004B6D5731384F4841705A78666C38755019
:107F0800446175575A4C584F676C34756570760DD7
:107F18000A77685A43334575577253797949434EFE
:107F2800684C593231416837686249454250463396
:107F38004C335A734F77432B5545724C2B64585723
:107F48004C644235364A677933675A614265573718
:107F5800620D0A764472456E6F634A6271436D37EB
:107F680049756B6858484F424B38436759454177C4
:107F780071644842306871794E537A494F4759378E
:107F8800763961627A42367055644133425A695192
:107F98007645730D0A334C6A4856643448504A3261
:107FA80078304E384367724249574F453071382B05
:107FB8003068534D6D6545393657572F376A443306
:107FC800665057774352357A6C586B6E78425173C6
:107FD80066763067500D0A3342433550523051644B
:107FE80079707A2B642B397A664D663632356B791F
:107FF800697434542F687A77684476655A557A4894
:108008006E6B3143662B494737512B544F456E4CA5
:108018006E5741574245440D0A49534F576D7255A3
:108028004367594146456D5278677741632F752BF1
:10803800443674307379437741596836504F7473B6
:10804800637139593069394779576B38394E7A67CE
:1080580043344E6477776242480D0A344167616859
:108068004F78497858783267784A6E713379666BF9
:108078004A66496A7766307332447950306B5932B0
:1080880079365561314F656F6D506559396D724953
:1080980053347443754451364C72450D0A54423674
:1080A8006C3956476F784A4C346679486E5A62384C
:1080B8004C356747766E423162624438634C3659B4
:1080C800506144694F686352736543397642694524
:1080D8007556673D3D0D0A2D2D2D2D2D454E4420FD
:1080E8005253412050524956415445204B45592D31
:1080F8002D2D2D2D0D0A0000AD0400002D2D2D2D48
:108108002D424547494E204345525449464943412B
:1081180054452D2D2D2D2D0D0A4D4949444E7A4398
:108128004341682B674177494241674942416A4167
:108138004E42676B71686B694739773042415155D8
:1081480046414441374D5173774351594456515133
:108158004745774A4F544445520D0A4D41384741E7
:1081680031554543684D495547397359584A54550F
:108178003077784754415842674E5642414D5445EE
:108188004642766247467955314E4D4946526C63B0
:10819800335167513045774868634E0D0A4D544551
:1081A800774D6A45794D5451304E44413257686392
:1081B8004E4D6A45774D6A45794D5451304E44418C
:1081C80032576A41304D5173774351594456515192
:1081D8004745774A4F544445524D4138470D0A4167
:1081E80031554543684D495547397359584A54558F
:1081F800307778456A415142674E5642414D544363
:10820800577876593246736147397A644443434113
:108218005349774451594A4B6F5A496876634E0D12
:108228000A415145424251414467674550414443E0
:108238004341516F4367674542414D464E6F39335D
:108248006E7A523352424E644A6372695A724135A9
:108258003435446F385373383645786251577554FE
:108268004E0D0A6F774349702B34656135616E5541
:1082780072535137793179656A346B6D7679324E3C
:108288004B776B395866674A6D534D6E4C416F6634
:10829800614861366F7A6D79527957765037424224
:1082A800464B7A0D0A4E74536A2B75477864746985
:1082B80051775747305A6C49326F695A5471717403
:1082C800305867643947594C624B7467666F4E6B18
:1082D8004E4843314A5A7664624A584E4736417589
:1082E8004B54326B4D0D0A745143513464714345FC
:1082F800475A39726C5172693256356B61486959FF
:1083080063504E51456B49376D674D385975473045
:108318006B612F304C697145514D656631616F470E
:10832800683545474138500D0A68597661693052B9
:108338006534686A4759692F485A6F3336586468F4
:10834800393879654A4B5148466B41342F4A2F4595
:108358007779456F4F373962657838636E6138636E
:108368004650587245416A79610D0A48543450366E
:108378004453595738747A53314B57324247694CF2
:1083880049434961546C6130772B77336C6B764580
:10839800636633366849424D4A63434177454141F4
:1083A800614E4E4D457377435159440D0A5652302C
:1083B80054424149774144416442674E56485134DA
:1083C80045466751557051586F5A4C6A633332416C
:1083D8005055424A4E594B686B7230324C51354DAC
:1083E80077487759445652306A424267770D0A46B1
:1083F8006F41557446726B70625065306C4C3275C3
:1084080064576D6C512F7250727A482F66387744D2
:1084180051594A4B6F5A496876634E415145464215
:1084280051414467674542414A786E58436C590D3B
:108438000A6F486B62703730637142727347584CE9
:108448007962413734637A624F3552644C456746E6
:1084580073377248565339722B633239336C7553FC
:108468002F4B646C694C53635A71417A5956796C35
:10847800770D0A55665257764B4D6F576848594BDA
:10848800703364454953347854586B362F357A58CD
:108498007868763952773853476338716E3676493B
:1084A80054486B3153316D50657674656B676173F1
:1084B8005935590D0A695751754D33683459566CF9
:1084C8005248334848454D414431546E41657866B9
:1084D80058484844465147652B4264316941627A9D
:1084E800312F73483948386C345374775836656778
:1084F80076544B334D0D0A775852776B4B6B766A2F
:108508004B61454441394154625A78306D49384C81
:10851800477378537543716539723964796A6D7434
:10852800746434374A31703152756C7A33434C7AFB
:10853800615263564975530D0A5252516661443867
:108548006E654D396331532F694A2F616D545671E9
:108558004A7841314B4F644F53353738305768505C
:1085680066534172412B673471416D536A656C6380
:108578003370347757706861380D0A7A687559779F
:108588006A567558364A484730633D0D0A2D2D2DD9
:108598002D2D454E442043455254494649434154A4
:1085A800452D2D2D2D2D0D0A000000000C0000007A
:1085B800506F6C617253534C546573740000000023
:1085C800F60600002D2D2D2D2D424547494E2052EF
:1085D80053412050524956415445204B45592D2D61
:1085E8002D2D2D0D0A50726F632D547970653A2028
:1085F800342C454E435259505445440D0A44454B7A
:108608002D496E666F3A204445532D454445332D18
:108618004342432C4138413935423035443542379D
:10862800323036420D0A0D0A3951643947654172B4
:10863800656A6C3147445668326C4C5631624874EE
:108648003063507466626835682F357A56704156C3
:10865800614670717453504D72456C703530526E6E
:10866800746E3965742B4A410D0A37564F79626F1B
:10867800522B497932742F4855345776413638375A
:108688006B33427070653947774B486A4868746C39
:108698002F2F3878464B775A7233586235794F35D1
:1086A8004A5550384155637451710D0A4E6238432A
:1086B8004C6C5A797555432B353252454141746893
:1086C80064576773582B37644A4F347961627A5517
:1086D800635132325470394A53443068694C3433E8
:1086E800426C6B5759554E4B3364416F0D0A505AC3
:1086F8006C6D6970746A6E7A56546A67314D787316
:10870800425379645A696E574F4C4256382F4A5132
:10871800677853506F3279443475456669673238E3
:108728007162765132774E496E30706E41620D0A31
:1087380047786E53414F617A6B6F6E67454766762F
:10874800636A4949732B4C5A4E39675846687863AF
:108758004F68366B6334512F633939423751574567
:1087680054774C4C6B59675A2B7A316139565939C1
:108778000D0A67455537437743785943442B683981
:1087880068593646506D734B302F6C43344F376100
:1087980065524B7059713030725050787336693762
:1087A8007068696578673661783679544D6D4172BD
:1087B80051710D0A516D4B335441734A6D38562F20
:1087C8004A354157704C4556366A41466752477993
:1087D8006D4747486E6F663044587A56575A6964F1
:1087E80072635A4A57544E7547455839306E42336A
:1087F800656532770D0A50584A4546574B6F4433E2
:108808004B33614663534C64485972336D4C477817
:108818005037483954685161693956737963785AC1
:108828004B53356B7776424B512F2F594D726D460E
:108838006677506B38780D0A76546559344B5A4D23
:10884800615572766545656C3574575A43393452AB
:10885800534D4B67785236637945316E4258795497
:10886800516E444F476266704E4E67424B78794B63
:1088780062494E576F4F4A550D0A574A5A41776C0D
:1088880073516E2B517A434477707269372B735644
:10889800316D53336742453655593761516D6E6DA9
:1088A80069696143325633486270687863742F652A
:1088B8006E35517366444F7431580D0A4A637A53C2
:1088C800667052574C6C62507A6E5A67384F5168CE
:1088D8002F5667434D4135384E35446A4F7A5449CF
:1088E8004B37734A4A35722B39345A4254437067AE
:1088F800414D624635383866304E54520D0A4B4366
:108908006534797278474A52375830324D346E762A
:10891800443449774F6C707351387851785A744F92
:1089280053675876344C6B7876645539584A4A4BB5
:10893800575A2F584E4B4A65577A747853650D0A23
:108948005A3176645463325966734442413253450E
:10895800763333767848783267317671747738535E
:108968006A44525432526151535330517553614DD8
:108978004A696D644F58366D544F43424B6B314AC8
:108988000D0A3951356D58547245522B2F4C6E4B88
:10899800306A456D58734258574135627171565A5D
:1089A800497961685853783456595A376C37772F54
:1089B80050486955447444677952684D4D4B693441
:1089C8006E320D0A6951765163575351546A727069
:1089D8006E6C4A626361312F446B705274335977FD
:1089E80072764A776471623861735A553256724E9C
:1089F8004554683578305156656644524C46695638
:108A08007069662F0D0A7455616541652F503146AE
:108A1800384F6B53374F495A447331535562762F49
:108A2800734432764D62684E6B556F436D73332FC6
:108A380050764E74646E76674C3446307A6861447A
:108A4800704B436D6C540D0A50387678343945377D
:108A580076354379524E6D4544397A5A67346F33C7
:108A6800776D4D7172514F39335074547567334572
:108A780075396F5678317A50514D314E564D79428D
:108A880061322B663239444C0D0A316E7554436598
:108A980058646F392B6E69343578782B6A414934BC
:108AA800444377725264684A39757A5A7943363939
:108AB80036324833374836442B356E614E76436C30
:108AC80046523173366C693147620D0A6E71506FC8
:108AD80069792F4F4273457839436144476371512F
:108AE800427035576D652F3358572B367A314953B5
:108AF8004F782B6967774E5456435431346D486428
:108B0800424D6279613065494B6674350D0A582BC0
:108B1800476E777467454D79435979795775556329
:108B280074386734527A45726359392B7957394FFB
:108B38006D35487A7078347A4F7557344E505A6785
:108B4800504454674B2B743252534C2F59710D0AB1
:108B58007245316E6A726765475963566547336671
:108B68002B4F6674483473366650627137743141DE
:108B7800355A67557363624C4D42717239744B2B89
:108B88004F717967523445674B4250734836437A80
:108B98000D0A4C367A6C762F32525630714148762F
:108BA8005675444A6349444967775935724A744946
:108BB8004E456D333272684F65464E4A775A533583
:108BC8004D4E494331637A585A78352F2F75675877
:108BD800376C0D0A49347379356E62566877536A73
:108BE80074416B38586735645A6264545A366D4913
:108BF8007262377871482B6664616B5A6F72316B99
:108C08006847376243327549776962443363536C06
:108C180032586B520D0A774E34386C736C62486E5A
:108C2800717161677236586D316E4E4F53566C389C
:108C3800432F366B624A45734D704C6841657A66BE
:108C480052744777764F75636F61452B5762655548
:108C58004E6F6C4764650D0A502F65516964645303
:108C6800663062726E70694C4A526837715A726C1B
:108C78003958757159647055716E6F45644D416608
:108C88006F74444F4944384F7456376774386134A9
:108C980038616438565057320D0A2D2D2D2D2D452B
:108CA8004E44205253412050524956415445204B7E
:108CB80045592D2D2D2D2D0D0A0000002D2D2D2D62
:108CC8002D424547494E2043455254494649434160
:108CD80054452D2D2D2D2D0D0A4D494944687A43B3
:108CE80043416D2B674177494241674942414441BD
:108CF8004E42676B71686B6947397730424151550D
:108D080046414441374D5173774351594456515167
:108D18004745774A4F544445520D0A4D413847411B
:108D280031554543684D495547397359584A545543
:108D38003077784754415842674E5642414D544522
:108D48004642766247467955314E4D4946526C63E4
:108D5800335167513045774868634E0D0A4D544585
:108D6800774D6A45794D5451304E44417757686381
:108D78004E4D6A45774D6A45794D5451304E4441C0
:108D880077576A41374D517377435159445651517A
:108D98004745774A4F544445524D4138470D0A419B
:108DA80031554543684D495547397359584A5455C3
:108DB8003077784754415842674E5642414D5445A2
:108DC8004642766247467955314E4D4946526C6364
:108DD80033516751304577676745694D4130470DD5
:108DE8000A435371475349623344514542415155EF
:108DF8004141344942447741776767454B416F4960
:108E08004241514441337A6638463776676C703050
:108E18002F687436574D6E3145705261677A5348E2
:108E2800780D0A6D64547336737438474667496C15
:108E38004B58736D38574C33786F656D54695A6861
:108E480078353777493035337A686463486748300E
:108E580035375A6B2B6935636C48467A714D7755AF
:108E6800716E790D0A35304277464D74456F6E49FB
:108E78004C777556412B54376C7067367A2B65786A
:108E88004B593843344B5142306E466337714B551A
:108E9800456B4848787659505A5039616C346A772E
:108EA800716A2B386E0D0A594D50476E3875363732
:108EB800474239742B61454D7235502B31676D49E6
:108EC800674E62314C54562B2F586A6C6935777748
:108ED8004F51757666777537754A42566341304CFF
:108EE8006E306B636D6E4C0D0A5237455551494EC5
:108EF800395A2F5347396A477238586D6B73725510
:108F08007545766D45462F42696279632B4531690F
:108F180078564130686D6E4D336F54445062354C0D
:108F28006339756E38724E73750D0A4B4E462B4178
:108F38006B736A6F4258794F47566B43656F4D6242
:108F48006F346246364278794C4F62796176707731
:108F58002F4C5068356150674149796E706C596281
:108F6800364C5641674D424141476A0D0A675A558A
:108F780077675A49774441594456523054424155CB
:108F880077417745422F7A416442674E56485134BB
:108F980045466751557446726B70625065306C4C2B
:108FA800327564576D6C512F7250727A480D0A2FC2
:108FB800663877597759445652306A424677775718
:108FC8006F41557446726B70625065306C4C3275E7
:108FD80064576D6C512F7250727A482F662B685007
:108FE8003651394D447378437A414A42674E560D9B
:108FF8000A42415954416B354D4D52457744775992
:10900800445651514B4577685162327868636C4ECB
:10901800545444455A4D4263474131554541784D72
:10902800515547397359584A5455307767564756FA
:109038007A0D0A64434244515949424144414E42DF
:10904800676B71686B6947397730424151554641C2
:10905800414F434151454175503155324142556B5D
:1090680049736C734366646C633269393451484898
:1090780059654A0D0A5373523445646748746463EA
:10908800695549354936324A364D6F6D2B5930642A
:10909800542F37612B3853364D564D435A5036436B
:1090A800354E794E795877314757592F59523832BA
:1090B80058544A38480D0A44424A6943546F6B353C
:1090C80044625A36537A614F4E427A645748587709
:1090D80057776D693576673164786E375978724D90
:1090E800396430496A784D3237574E4B733473447C
:1090F80051685A42516B460D0A706A6D6673326345
:1091080062346F506C34593954396D6554782F6C0A
:1091180076646B525945756736314A666E366341D7
:109128002B7148707950596454482B5573684954C9
:109138006E6D70352F5A746B660D0A6D2F5554532A
:109148004C424E464E48657369545A654833314E11
:10915800637859476448536D65394E632F6766696C
:1091680064526130464C4F43665778526C467141A1
:109178004934377A47396A4151435A0D0A375A32C6
:109188006D4347444E4D686A51632B425963646E80
:109198006C306C50586A64444B36563071436731B2
:1091A80064566577685542635735675A4B7A563720
:1091B80065392B447056413D3D0D0A2D2D2D2D2D21
:1091C800454E442043455254494649434154452D50
:1091D8002D2D2D2D0D0A00002D2D2D2D2D4245470D
:1091E800494E2043455254494649434154452D2D43
:1091F8002D2D2D0D0A4D494944687A4343416D2B65
:109208006741774942416749424144414E42676B51
:1092180071686B694739773042415173464144411F
:10922800374D517377435159445651514745774A01
:109238004F544445520D0A4D413847413155454335
:109248006777495547397359584A5455307778479D
:1092580054415842674E5642414D4D45464276620A
:1092680047467955314E4D4946526C6333516751E3
:109278003045774868634E0D0A4D5463774E544124
:10928800304D5459314E7A41785768634E4D6A6370
:10929800774E5441314D5459314E7A4178576A418D
:1092A800374D517377435159445651514745774A81
:1092B8004F544445524D4138470D0A4131554543B5
:1092C8006777495547397359584A5455307778471D
:1092D80054415842674E5642414D4D45464276628A
:1092E80047467955314E4D4946526C633351675163
:1092F800304577676745694D4130470D0A435371DB
:1093080047534962334451454241515541413449DB
:1093180042447741776767454B416F494241514421
:1093280041337A6638463776676C70302F68743602
:10933800574D6E3145705261677A5348780D0A6D02
:1093480064547336737438474667496C4B58736D69
:1093580038574C33786F656D54695A687835377764
:10936800493035337A6864634867483035375A6B13
:109378002B6935636C48467A714D7755716E790D56
:109388000A35304277464D74456F6E494C777556AD
:10939800412B54376C7067367A2B65784B593843B4
:1093A800344B5142306E466337714B55456B4848D4
:1093B800787659505A5039616C346A77716A2B380B
:1093C8006E0D0A594D50476E387536374742397415
:1093D8002B61454D7235502B31676D49674E6231AF
:1093E8004C54562B2F586A6C693577774F517576E0
:1093F80066777537754A42566341304C6E306B63F9
:109408006D6E4C0D0A5237455551494E395A2F53F6
:1094180047396A477238586D6B7372557545766D62
:1094280045462F42696279632B4531697856413048
:10943800686D6E4D336F54445062354C6339756EA8
:1094480038724E73750D0A4B4E462B416B736A6F1B
:109458004258794F47566B43656F4D626F34624689
:10946800364278794C4F6279617670772F4C506824
:10947800356150674149796E706C5962364C564176
:10948800674D424141476A0D0A675A5577675A49FD
:1094980077485159445652304F42425945464C52EA
:1094A80061354B577A33744A5339726E567070551A
:1094B80050367A3638782F332F4D474D474131553E
:1094C80064497752634D4671410D0A464C526135E5
:1094D8004B577A33744A5339726E567070555036FA
:1094E8007A3638782F332F6F542B6B505441374DC1
:1094F800517377435159445651514745774A4F5410
:109508004445524D413847413155450D0A43677727
:10951800495547397359584A545530777847544113
:109528005842674E5642414D4D454642766247463F
:109538007955314E4D4946526C6333516751304726
:10954800434151417744415944565230540D0A42DF
:10955800415577417745422F7A414E42676B716892
:109568006B6947397730424151734641414F434116
:10957800514541484B2F484872545A4D6E6E564DCE
:1095880070646531696F2B766F4174716C376A0D41
:109598000A347352684C726A44376F33544874778C
:1095A8005262446132646943767071305371323368
:1095B8004E67324C4D596F58734F786F4C2F52513C
:1095C8004B33694E37554B7856334D4B50457230B7
:1095D800770D0A5851532B6B4B5171695432627392
:1095E80066726A6E574D56485A74554F4D706D36AF
:1095F800464E716364476D2F52737333764B6461C3
:10960800326C634B6C386B556E712F796C63312BF0
:109618005162420D0A4736413674557651637232AB
:109628005A79576656672B6D4D35586B6854724F8B
:109638004F587573324F4C696B6234577745744A8B
:10964800544A524E4530662B79504F4453557A3020
:109658002F765435370D0A41704830436E42383002
:1096680062594A73685948504848796D4F746C6517
:109678004142384B535974716D3735672F594E6FC6
:10968800626A6E6A4236636D34486B57334F5A527A
:1096980056496C366659590D0A6E32304E5256414B
:1096A80031566A73364741524F72344E7157346B94
:1096B8002F2B4C6F66593979304C4C44452B703000
:1096C8006F49454B584973497668507233397377F7
:1096D8007853413D3D0D0A2D2D2D2D2D454E44200D
:1096E80043455254494649434154452D2D2D2D2D6E
:1096F8000D0A00001B0500002D2D2D2D2D4245477C
:10970800494E2043455254494649434154452D2D1D
:109718002D2D2D0D0A4D494944687A4343416D2B3F
:109728006741774942416749424144414E42676B2C
:1097380071686B69473977304241517346414441FA
:10974800374D517377435159445651514745774ADC
:109758004F544445520D0A4D413847413155454310
:109768006777495547397359584A54553077784778
:1097780054415842674E5642414D4D4546427662E5
:1097880047467955314E4D4946526C6333516751BE
:109798003045774868634E0D0A4D5463774E5441FF
:1097A800304D5459314E7A41785768634E4D6A634B
:1097B800774E5441314D5459314E7A4178576A4168
:1097C800374D517377435159445651514745774A5C
:1097D8004F544445524D4138470D0A413155454390
:1097E8006777495547397359584A545530777847F8
:1097F80054415842674E5642414D4D454642766265
:1098080047467955314E4D4946526C63335167513D
:10981800304577676745694D4130470D0A435371B5
:1098280047534962334451454241515541413449B6
:1098380042447741776767454B416F4942415144FC
:1098480041337A6638463776676C70302F687436DD
:10985800574D6E3145705261677A5348780D0A6DDD
:1098680064547336737438474667496C4B58736D44
:1098780038574C33786F656D54695A68783537773F
:10988800493035337A6864634867483035375A6BEE
:109898002B6935636C48467A714D7755716E790D31
:1098A8000A35304277464D74456F6E494C77755688
:1098B800412B54376C7067367A2B65784B5938438F
:1098C800344B5142306E466337714B55456B4848AF
:1098D800787659505A5039616C346A77716A2B38E6
:1098E8006E0D0A594D50476E3875363747423974F0
:1098F8002B61454D7235502B31676D49674E62318A
:109908004C54562B2F586A6C693577774F517576BA
:1099180066777537754A42566341304C6E306B63D3
:109928006D6E4C0D0A5237455551494E395A2F53D1
:1099380047396A477238586D6B7372557545766D3D
:1099480045462F42696279632B4531697856413023
:10995800686D6E4D336F54445062354C6339756E83
:1099680038724E73750D0A4B4E462B416B736A6FF6
:109978004258794F47566B43656F4D626F34624664
:10998800364278794C4F6279617670772F4C5068FF
:10999800356150674149796E706C5962364C564151
:1099A800674D424141476A0D0A675A5577675A49D8
:1099B80077485159445652304F42425945464C52C5
:1099C80061354B577A33744A5339726E56707055F5
:1099D80050367A3638782F332F4D474D4741315519
:1099E80064497752634D4671410D0A464C526135C0
:1099F8004B577A33744A5339726E567070555036D5
:109A08007A3638782F332F6F542B6B505441374D9B
:109A1800517377435159445651514745774A4F54EA
:109A28004445524D413847413155450D0A43677702
:109A3800495547397359584A5455307778475441EE
:109A48005842674E5642414D4D454642766247461A
:109A58007955314E4D4946526C6333516751304701
:109A6800434151417744415944565230540D0A42BA
:109A7800415577417745422F7A414E42676B71686D
:109A88006B6947397730424151734641414F4341F1
:109A9800514541484B2F484872545A4D6E6E564DA9
:109AA80070646531696F2B766F4174716C376A0D1C
:109AB8000A347352684C726A44376F335448747767
:109AC8005262446132646943767071305371323343
:109AD8004E67324C4D596F58734F786F4C2F525117
:109AE8004B33694E37554B7856334D4B5045723092
:109AF800770D0A5851532B6B4B517169543262736D
:109B080066726A6E574D56485A74554F4D706D3689
:109B1800464E716364476D2F52737333764B64619D
:109B2800326C634B6C386B556E712F796C63312BCB
:109B38005162420D0A473641367455765163723286
:109B48005A79576656672B6D4D35586B6854724F66
:109B58004F587573324F4C696B6234577745744A66
:109B6800544A524E4530662B79504F4453557A30FB
:109B78002F765435370D0A41704830436E423830DD
:109B880062594A73685948504848796D4F746C65F2
:109B98004142384B535974716D3735672F594E6FA1
:109BA800626A6E6A4236636D34486B57334F5A5255
:109BB80056496C366659590D0A6E32304E52564126
:109BC80031566A73364741524F72344E7157346B6F
:109BD8002F2B4C6F66593979304C4C44452B7030DB
:109BE8006F49454B584973497668507233397377D2
:109BF8007853413D3D0D0A2D2D2D2D2D454E4420E8
:109C080043455254494649434154452D2D2D2D2D48
:109C18000D0A0000E90000002D2D2D2D2D4245478D
:109C2800494E2045432050524956415445204B4502
:109C3800592D2D2D2D2D0D0A4D4863434151454574
:109C480049506233686D54785A332F6D5A493376C8
:109C5800796B37703355337742662B57496F7036B7
:109C68006844686B467A4A686D4C63716F416F4708
:109C780043437147534D34390D0A417745486F5571
:109C8800514451674145562B5775735850663036C5
:109C980079376B3769422F784B7537755A54724D3F
:109CA8003556552F59304473777534324D6C4339D6
:109CB8002B5934764E63594461570D0A774E5559DE
:109CC8004648446C66352F565330555935624273B1
:109CD80031567A346C6F2B48634B506B78773D3D27
:109CE8000D0A2D2D2D2D2D454E4420454320505233
:109CF8004956415445204B45592D2D2D2D2D0D0AE2
:109D0800000000003D0300002D2D2D2D2D4245475C
:109D1800494E2043455254494649434154452D2D07
:109D28002D2D2D0D0A4D4949434C44434341624B67
:109D38006741774942416749424454414B4267670A
:109D480071686B6A4F50515144416A412B4D5173B0
:109D580077435159445651514745774A4F544445E2
:109D6800524D4138470D0A4131554543684D4955D3
:109D780047397359584A54553077784844416142B5
:109D8800674E5642414D54453142766247467963A3
:109D9800334E734946526C6333516752554D675180
:109DA8003045774868634E0D0A4D544D774F5449F6
:109DB800304D5455314D6A41305768634E4D6A4DA8
:109DC800774F5449794D5455314D6A4130576A425D
:109DD800424D517377435159445651514745774A3B
:109DE8004F544445524D4138470D0A41315545437A
:109DF800684D495547397359584A5455307778480A
:109E08007A416442674E5642414D54466C427662EE
:109E180047467955314E4D4946526C633351675127
:109E28003278705A573530494449770D0A575441AA
:109E38005442676371686B6A4F5051494242676781
:109E480071686B6A4F50514D4242774E43414152BF
:109E5800583561367863392F54724C7554754948B2
:109E68002F45713775356C4F737A6C56540D0A3916
:109E78006A514F7A43376A5979554C33356A69388C
:109E88003178674E70624131526755634F562F6E75
:109E980039564C52526A6C73477A56585069576A09
:109EA8003464776F2B54486F3447644D4947610DCC
:109EB8000A4D416B4741315564457751434D414106
:109EC80077485159445652304F4242594546486F97
:109ED8004158345A6B2F4F4264355245514F374CD5
:109EE8006D4F38516D50382F694D473447413155C2
:109EF800640D0A4977526E4D475741464A317449B5
:109F080043524A41543872793369314762782B4A4F
:109F18004D6E622B7A5A386F554B6B5144412B4D1D
:109F2800517377435159445651514745774A4F54D5
:109F38004445520D0A4D4138474131554543684D16
:109F4800495547397359584A5455307778484441E8
:109F58006142674E5642414D54453142766247460A
:109F68007963334E734946526C6333516752554D8A
:109F780067513047430D0A43514442512B4A2B59EC
:109F88006B504D3644414B42676771686B6A4F505E
:109F980051514441674E6F4144426C416A424B5AA9
:109FA80051313749494F696D626D6F442F794E378A
:109FB8006F38397533424D0D0A6C674F736A6E6896
:109FC800773366494F6F4C49577932574F47736B10
:109FD8002F4C47462B2B447A7672527A754E69413C
:109FE800434D5143643869656D315853344A4B3792
:109FF80068616A38786F6370550D0A4C776A516AE0
:10A00800653550444748666433683974503338516D
:10A018006B6E7535624A717773306D64324B4F4B96
:10A028004879655630553D0D0A2D2D2D2D2D454E5F
:10A03800442043455254494649434154452D2D2D0A
:10A048002D2D0D0A00000000E90000002D2D2D2DFA
:10A058002D424547494E20454320505249564154C8
:10A0680045204B45592D2D2D2D2D0D0A4D48634367
:10A07800415145454950457145794232416E436FDA
:10A08800504C2F39552F59444876647158596249B4
:10A098006F67547977777970362F55664477366EBF
:10A0A8006F416F4743437147534D34390D0A417728
:10A0B80045486F555144516741454E387857325895
:10A0C800594A486C70795073645A4C66386762759F
:10A0D80035382B516152644E4374464C58336143B2
:10A0E8004A5A59704A4F355144594978482F0D0AF0
:10A0F80036692F534E4631644672324B694D4A7267
:10A10800647731567A596F7144766F42794C54743A
:10A118002F773D3D0D0A2D2D2D2D2D454E442045E3
:10A12800432050524956415445204B45592D2D2D19
:10A138002D2D0D0A000000002D0300002D2D2D2DC2
:10A148002D424547494E20434552544946494341CB
:10A1580054452D2D2D2D2D0D0A4D494943487A433F
:10A1680043416157674177494241674942435441F6
:10A178004B42676771686B6A4F50515144416A415D
:10A188002B4D517377435159445651514745774A9E
:10A198004F544445524D4138470D0A4131554543C6
:10A1A800684D495547397359584A54553077784856
:10A1B80044416142674E5642414D544531427662B0
:10A1C80047467963334E734946526C63335167523D
:10A1D800554D67513045774868634E0D0A4D544DCB
:10A1E800774F5449304D5455314D6A413057686363
:10A1F8004E4D6A4D774F5449794D5455314D6A410A
:10A2080030576A41304D5173774351594456515133
:10A218004745774A4F544445524D4138470D0A4106
:10A2280031554543684D495547397359584A54552E
:10A23800307778456A415142674E5642414D544302
:10A24800577876593246736147397A6444425A4D91
:10A25800424D4742797147534D3439416745470D5F
:10A268000A43437147534D34394177454841304992
:10A27800414244664D56746C3243523561636A37C5
:10A28800485753332F4947377566506B476B5854B7
:10A2980051725253313932676957574B5354755578
:10A2A800410D0A32434D522F2B6F76306A52645853
:10A2B800526139696F6A436133634E5663324B4B5F
:10A2C8006737364163693037662B6A675A30776774
:10A2D8005A6F774351594456523054424149774155
:10A2E8004441640D0A42674E564851344546675109
:10A2F800555547476C6A3951483264654341517A2C
:10A308006C5A582B4D5930616E453734776267590E
:10A31800445652306A424763775A5941556E57300E
:10A32800674A456B420D0A5079764C654C555A760A
:10A3380048346B796476374E6E7968517152414D65
:10A34800443478437A414A42674E5642415954410F
:10A358006B354D4D524577447759445651514B45CD
:10A36800776851623278680D0A636C4E54544445DC
:10A37800634D426F474131554541784D54554739F2
:10A388007359584A7A633277675647567A64434214
:10A3980046517942445159494A414D4644346E35F3
:10A3A8006951387A6F4D416F470D0A4343714753DE
:10A3B8004D343942414D43413267414D4755434D34
:10A3C8005143614C467A58707475693557514E3807
:10A3D8004C6C4F3364646831684D787836747A67AA
:10A3E8004C765430334D54564B32530D0A43313268
:10A3F80072304C7A3372692F6D6F5345704E5A57CD
:10A4080071506A6B434D434532663533475863593B
:10A418004C717966794A52303738632F784E5355E4
:10A4280055352B58786C37565A343134560D0A66E0
:10A438004761356B48764841524250633859414923
:10A448005649714476484831513D3D0D0A2D2D2D10
:10A458002D2D454E442043455254494649434154C5
:10A46800452D2D2D2D2D0D0A000000000C0000009B
:10A47800506F6C617253534C546573740000000044
:10A488006A0100002D2D2D2D2D424547494E2045AE
:10A49800432050524956415445204B45592D2D2DA6
:10A4A8002D2D0D0A50726F632D547970653A203442
:10A4B8002C454E435259505445440D0A44454B2DA2
:10A4C800496E666F3A204445532D454445332D4324
:10A4D80042432C33303745414234363939333344DB
:10A4E8003634450D0A0D0A49786272526D4B634144
:10A4F8007A63744A71506454514C413453577942C9
:10A50800595947594A566B59456E612B4637506120
:10A5180035743559672F674B414472464B636D3626
:10A52800423732653744470D0A69684578745A4995
:10A5380036343873307A6459773671534A373476FB
:10A548007250537557446535716D3933427173666E
:10A55800564839737674437A57485730706D31705E
:10A56800304B544243466655710D0A55737557541E
:10A578004954774A496D636E6C4173316761525A29
:10A58800337341576D37634F5569644C30666F328A
:10A598004730665955464E63596F43534C66664378
:10A5A800465445484275506E6167620D0A613737F7
:10A5B800782F735931427669693853392F5868446E
:10A5C80054623670544D783036777A726D0D0A2D94
:10A5D8002D2D2D2D454E442045432050524956419E
:10A5E8005445204B45592D2D2D2D2D0D0A000000C9
:10A5F800730300002D2D2D2D2D424547494E204334
:10A60800455254494649434154452D2D2D2D2D0D74
:10A618000A4D494943556A4343416465674177494F
:10A62800424167494A414D4644346E356951387A4A
:10A638006F4D416F4743437147534D343942414D44
:10A64800434D443478437A414A42674E5642415911
:10A65800540D0A416B354D4D524577447759445650
:10A6680051514B4577685162327868636C4E545447
:10A678004445634D426F474131554541784D5455E6
:10A6880047397359584A7A633277675647567A6416
:10A698004342460D0A517942445154416546773048
:10A6A800784D7A41354D6A51784E5451354E44684B
:10A6B80061467730794D7A41354D6A49784E545123
:10A6C800354E4468614D443478437A414A42674E76
:10A6D80056424159540D0A416B354D4D5245774408
:10A6E8007759445651514B457768516232786863BF
:10A6F8006C4E54544445634D426F47413155454172
:10A70800784D545547397359584A7A6332776756A2
:10A7180047567A644342460D0A517942445154429D
:10A72800324D42414742797147534D34394167456B
:10A7380047425375424241416941324941424D5075
:10A74800614B7A52424E3167766831622B2F496DE0
:10A75800364B554E4C547542750D0A77773558551A
:10A768007A4D35574E5253744A47564F51736A3390
:10A778003138584A474A492F4271564B6334734C13
:10A7880059664369464B4172395A71717948647503
:10A798004E4D63626C6934797569790D0A61593770
:10A7A8007A5161307077375266646164486239550E
:10A7B8005A4B5656706D6C4D37494C526D466D412B
:10A7C8007A48714F426F4443426E54416442674E27
:10A7D8005648513445466751556E5730670D0A4AF9
:10A7E800456B425079764C654C555A7648346B79AE
:10A7F8006476374E6E7777626759445652306A42AC
:10A808004763775A5941556E5730674A456B4250EE
:10A8180079764C654C555A7648346B796476370DA1
:10A828000A4E6E7968517152414D443478437A41E9
:10A838004A42674E5642415954416B354D4D524537
:10A8480077447759445651514B457768516232786D
:10A8580068636C4E54544445634D426F47413155CB
:10A86800450D0A41784D545547397359584A7A630A
:10A878003277675647567A64434246517942445183
:10A8880059494A414D4644346E356951387A6F4DBD
:10A8980041774741315564457751464D414D4241D5
:10A8A8006638770D0A436759494B6F5A497A6A30B7
:10A8B8004541774944615141775A674978414D4F3D
:10A8C80030596E4E574B4A5541665867534A744A39
:10A8D8007865786E346970672B6B76347A6E75524A
:10A8E80035307635360D0A7434643050437534315A
:10A8F800326D5543364E6E6437697A767445324DFB
:10A908006749784150316E6E4A516A5A38425775D4
:10A918006B737A465144473438777843437963698F
:10A9280039717064534D760D0A75436A6E387077C5
:10A93800554F6B4142584B384D73733930667A43E3
:10A948006643454F7449413D3D0D0A2D2D2D2D2D52
:10A95800454E442043455254494649434154452DA8
:10A968002D2D2D2D0D0A00000200000064B002609C
:10A978000300000048B00260040000002CB0026030
:10A988000500000010B0026006000000F4AF02608D
:10A9980007000000D8AF026008000000BCAF0260EA
:10A9A80009000000A0AF02600A00000084AF026046
:10A9B8000B00000068AF02600C0000004CAF0260A2
:10A9C8000D00000030AF02600E000000F0AE026023
:10A9D8000F000000D4AE026010000000B8AE0260A4
:10A9E8002B00000078AE02602C0000005CAE026014
:10A9F8002D00000040AE02601100000000AE0260B1
:10AA080012000000E4AD026013000000C8AD02604F
:10AA180014000000ACAD02601500000090AD0260AB
:10AA28001600000074AD02601700000058AD026007
:10AA3800180000003CAD02601900000020AD026063
:10AA48001A00000004AD02601B000000E8AC0260C0
:10AA58001C000000CCAC02601D0000008CAC026041
:10AA68001E00000070AC02601F00000054AC0260C1
:10AA78002E00000014AC02602F000000F8AB02604A
:10AA880030000000DCAB0260200000009CAB0260DC
:10AA98002200000040AB026024000000E4AA02602B
:10AAA8002100000080AB02602300000024AB02609C
:10AAB80025000000C8AA0260000000000000000095
:10AAC80025020000C00000007C1F002008000000D4
:10AAD800000000000800000000AB02602401000034
:10AAE800C00000008C1F00200800000000000000CB
:10AAF8000800000000AB026004000000F580006060
:10AB08000981006000000000000000002981006049
:10AB180025810060A58100602D810060230200006E
:10AB2800800000009C1F00200800000000000000BA
:10AB3800080000005CAB02602201000080000000F9
:10AB4800A81F002008000000000000000800000006
:10AB58005CAB026003000000F580006009810060C2
:10AB68000000000000000000218100601D810060DD
:10AB7800A58100602D8100602102000040000000D6
:10AB8800DC2500200800000000000000080000008C
:10AB9800B8AB02602001000040000000B41F002094
:10ABA800080000000000000008000000B8AB0260C8
:10ABB80003000000ED800060FD80006000000000E0
:10ABC800000000001981006015810060BD810060EF
:10ABD800418100603008000000010000BC1F002017
:10ABE8000C000000010000001000000030AC026002
:10ABF8002F080000C0000000D01F00200C0000003B
:10AC0800010000001000000030AC02602E080000B7
:10AC180080000000E41F00200C000000010000007C
:10AC28001000000030AC02600500000000000000C9
:10AC3800000000000000000000000000E18000604B
:10AC4800E1800060D5810060558100601F0600002A
:10AC580000010000F81F00200C00000001000000A7
:10AC680010000000A8AC02601E060000C000000032
:10AC78000C2000200C000000010000001000000063
:10AC8800A8AC02601D060000800000002020002003
:10AC98000C0000000100000010000000A8AC0260D9
:10ACA8000500000000000000000000000000000097
:10ACB80000000000D5800060D5800060ED81006054
:10ACC800698100601C05000000010000342000209C
:10ACD8001000000000000000100000001CAE026020
:10ACE8001B050000C00000004820002010000000E4
:10ACF80000000000100000001CAE02601A050000F1
:10AD0800800000005C20002010000000000000000F
:10AD1800100000001CAE02601903000000010000D2
:10AD2800702000201000000000000000100000004B
:10AD38001CAE026018030000C00000008420002040
:10AD48001000000000000000100000001CAE0260AF
:10AD58001703000080000000982000201000000069
:10AD680000000000100000001CAE02601602000087
:10AD780000010000AC2000201000000000000000CE
:10AD8800100000001CAE026015020000C0000000A8
:10AD9800C02000201000000000000000100000008B
:10ADA8001CAE02601402000080000000D4200020C5
:10ADB8001000000000000000100000001CAE02603F
:10ADC8001301000000010000E8200020100000002E
:10ADD80000000000100000001CAE0260120100001C
:10ADE800C0000000FC20002010000000000000004F
:10ADF800100000001CAE026011010000800000007D
:10AE080010210020100000000000000010000000C9
:10AE18001CAE026005000000AD800060B1800060DB
:10AE2800BD800060C5800060D1800060CD8000607A
:10AE3800058200607D8100602D080000000100008F
:10AE4800242100200C000000010000001000000078
:10AE580094AE02602C080000C000000030210020E1
:10AE68000C000000010000001000000094AE026019
:10AE78002B080000800000003C2100200C0000008E
:10AE8800010000001000000094AE02600200000003
:10AE980000000000000000000000000000000000AA
:10AEA800A1800060A1800060D581006055810060AC
:10AEB8001006000000010000482100200C000000DE
:10AEC80001000000100000000CAF02600F06000037
:10AED800C0000000542100200C0000000100000008
:10AEE800100000000CAF02600E0600008000000099
:10AEF800602100200C00000001000000100000008C
:10AF08000CAF02600200000000000000000000001A
:10AF1800000000000000000095800060958000603F
:10AF2800ED810060698100600D05000000010000EE
:10AF38006C2100201000000000000000100000003C
:10AF480080B002600C050000C000000078210020DD
:10AF580010000000000000001000000080B0026037
:10AF68000B05000080000000842100201000000074
:10AF7800000000001000000080B002600A0300001A
:10AF880000010000902100201000000000000000D7
:10AF98001000000080B0026009030000C00000003B
:10AFA800A021002010000000000000001000000098
:10AFB80080B002600803000080000000B02100207B
:10AFC80010000000000000001000000080B00260C7
:10AFD8000702000000010000C0210020100000004E
:10AFE800000000001000000080B0026006020000AF
:10AFF800C0000000CC21002010000000000000006C
:10B008001000000080B0026005020000800000000F
:10B01800D8210020100000000000000010000000EF
:10B0280080B002600401000000010000E42100205B
:10B0380010000000000000001000000080B0026056
:10B0480003010000C0000000F021002010000000F3
:10B05800000000001000000080B002600201000043
:10B0680080000000FC21002010000000000000000B
:10B078001000000080B00260020000006D800060D7
:10B08800718000607D800060858000609180006034
:10B098008D8000601D8200609181006001020407BC
:10B0A800080B0D0E10131516191A1C1F2023252620
:10B0B800292A2C2F31323437383B3D3E4043454610
:10B0C800494A4C4F51525457585B5D5E6162646700
:10B0D800686B6D6E70737576797A7C7F80838586F0
:10B0E800898A8C8F91929497989B9D9EA1A2A4A7E0
:10B0F800A8ABADAEB0B3B5B6B9BABCBFC1C2C4C7D0
:10B10800C8CBCDCED0D3D5D6D9DADCDFE0E3E5E6BF
:10B11800E9EAECEFF1F2F4F7F8FBFDFE01010101B9
:10B1280001010101FEFEFEFEFEFEFEFE1F1F1F1FA7
:10B138000E0E0E0EE0E0E0E0F1F1F1F1011F011F4B
:10B14800010E010E1F011F010E010E0101E001E0B9
:10B1580001F101F1E001E001F101F10101FE01FE5F
:10B1680001FE01FEFE01FE01FE01FE011FE01FE0DF
:10B178000EF10EF1E01FE01FF10EF10E1FFE1FFE93
:10B188000EFE0EFEFE1FFE1FFE0EFE0EE0FEE0FE91
:10B19800F1FEF1FEFEE0FEE0FEF1FEF140100010CF
:10B1A800001000000000040040100410000000100F
:10B1B8004010001040000000000000104000040093
:10B1C80000000410401004100010040000100410C7
:10B1D80040100400001000004000000000000410AF
:10B1E8004000001000100010401000000010040083
:10B1F800400004004000041000100410401000003B
:10B208000000000000000000400004104000001092
:10B21800001000104010040000000400401004005A
:10B22800000004000010041000100000400000009E
:10B23800400004100010000040100400001000102E
:10B2480040000000400000100000041040000410FE
:10B258000000001000000400401000100000000072
:10B2680040100410400004004000001000000410CA
:10B2780000100010401000100000000040100410E2
:10B2880000100400001004004010000040100000EE
:10B29800400004000000001000100410000020000E
:10B2A800020020040208000400000000000800005A
:10B2B80002080004020820000008200402082004F4
:10B2C800000020000000000002000004020000004E
:10B2D8000000000402002004020800000008000426
:10B2E80002082000020020000008000402000004F8
:10B2F80000002004000820040200200000002004B0
:10B3080000080000020800000208200400082000CD
:10B3180002000000000000040008200000000004F3
:10B3280000082000000020000208000402080004B1
:10B338000200200402002004020000000200200095
:10B348000000000400080004000020000008200499
:10B35800020800000208200000082004020800007B
:10B368000200000402082004000020040008200055
:10B378000000000002000000020820040000000095
:10B388000208200000002004000800000200000459
:10B39800000800040008000002002000100000203F
:10B3A80000004020004000001040402000004020E5
:10B3B8001000000010404020000040000040002025
:10B3C8001040400000004000100000201000400025
:10B3D8000040002000000020104000000000000095
:10B3E80010004000104000200040000000404000D5
:10B3F80010400020100000001000402010004020E5
:10B4080000000000104040000040402010400000B4
:10B418000040400000404020000000200040002084
:10B428001000000010004020004040001040402064
:10B438000000400010400000100000200000400004
:10B4480000400020000000201040000010000020F4
:10B4580010404020004040000000402010404000C4
:10B4680000404020000000001000402010000000B4
:10B478000040000000004020104040000040000054
:10B488001000400010400020000000000040402054
:10B498000000002010004000104000200120800023
:10B4A80081200000812000008000000080208000B2
:10B4B80081008000010080000120000000000000E1
:10B4C8000020800000208000812080008100000092
:10B4D80000000000800080000100800001000000E2
:10B4E8000020000000008000012080008000000093
:10B4F8000000800001200000802000008100800002
:10B508000100000080200000800080000020000072
:10B518008020800081208000810000008000800061
:10B528000100800000208000812080008100000050
:10B5380000000000000000000020800080200000C3
:10B548008000800081008000010000000120800050
:10B558008120000081200000800000008120800000
:10B5680081000000010000000020000001008000B0
:10B578000120000080208000810080000120000060
:10B588008020000000008000012080008000000072
:10B5980000008000002000008020800020801080B3
:10B5A8000080008000800000208010000000100053
:10B5B80020000000200010802080008020000080F3
:10B5C80020801080008010800000008000800080B3
:10B5D80000001000200000002000108000801000F3
:10B5E8002000100020800080000000000000008083
:10B5F8000080000020801000000010802000100053
:10B608002000008000000000008010002080000062
:10B6180000801080000010802080000000000000E2
:10B628002080100020001080000010002080008082
:10B638000000108000801080008000000000108052
:10B6480000800080200000002080108020801000F2
:10B658002000000000800000000000802080000022
:10B6680000801080000010002000008020001000E2
:10B678002080008020000080200010000080100042
:10B688000000000000800080208000000000008092
:10B698002000108020801080008010000001000031
:10B6A8000001080200000802000100420000080032
:10B6B80000010000000000400000080200010840EE
:10B6C80000000800000100020001084000010042DB
:10B6D80000000842000108000000004000000002CD
:10B6E8000000084000000840000000000001004081
:10B6F800000108420001084200010002000008425F
:10B7080000010040000000000000004200010802A3
:10B7180000000002000000420001080000000800CC
:10B72800000100420001000000000002000000408B
:10B738000000080200010042000108400001000268
:10B748000000004000000842000108020001084013
:10B758000001000000000002000008420001084249
:10B768000001080000000042000108420000080231
:10B77800000000000000084000000042000108002E
:10B788000001000200010040000008000000000065
:10B798000000084000010802000100400802000003
:10B7A8000002020800000000080002080002000869
:10B7B8000000000008020200000200080800020061
:10B7C800080000080800000800000200080202083B
:10B7D800080002000000020808020000000000083B
:10B7E8000800000000020208000200000002020037
:10B7F8000000020808000208080202000802000807
:10B808000002020000000200080200080800000010
:10B8180008020208000200000000000800020208F6
:10B8280000000008080002000802000000000200F2
:10B8380000020208000200080000000000020000E8
:10B8480008000200080202080002000808000008B8
:10B8580000020000000000000800020808020008BA
:10B8680000000200000000080802020808000000AA
:10B878000802020000020200080000080000020896
:10B88800080200080802000000000208080202007E
:10B89800080000000800020800020200000401017C
:10B8A800000000000000010004040101040001017F
:10B8B800040401000400000000000100000400006E
:10B8C8000004010104040101000400000404000153
:10B8D800040001010000000104000000040400004D
:10B8E800000400010004000100040100000401003C
:10B8F800000001010000010104040001040001002E
:10B908000400000104000001040001000000000020
:10B91800040400000404010000000001000001000C
:10B9280004040101040000000000010100040101F9
:10B9380000000001000000010004000004000101F3
:10B9480000000100000401000400000100040000E0
:10B9580004000000040400010404010004040101BF
:10B9680004000100000001010404000104000001BA
:10B9780004040000040401000004010104040000A0
:10B9880000040001000400010000000004000100A0
:10B998000004010000000000040001010000000094
:10B9A800010000000001000001010000000001008A
:10B9B8000100010000010100010101000000000177
:10B9C8000100000100010001010100010000010166
:10B9D8000100010100010101010101010000000055
:10B9E800000000010000010000000101000100004A
:10B9F8000001000100010100000101010100000037
:10BA08000100000101000100010001010101000025
:10BA18000101000101010100010101014E6F7720C0
:10BA2800697320740123456789ABCDEF2345678986
:10BA3800ABCDEF01456789ABCDEF0123CDD64F2FB5
:10BA48009427C15D6996C8FA47A2ABEB832539767E
:10BA580044091A0A6A2A19F41ECA854B03E69F5B31
:10BA6800FA58EB42DD17E8B8B437D23212345678B8
:10BA780090ABCDEF54F15AF6EBE3A4B435761156FA
:10BA88005FA18E4DCB191F85D1ED8439129F40B926
:10BA9800D20056B3470EFC9A6B8EE393C5CECF63A4
:10BAA800ECEC514C2D2D2D2D2D424547494E20446F
:10BAB8004820504152414D45544552532D2D2D2D6E
:10BAC8002D0D0A4D494748416F4742414A343139A3
:10BAD8004442454F676D51547A6F3571586C3566DD
:10BAE80051634E39544E343535776B4F4C373035BA
:10BAF80032487A787852564D7968596D775163672C
:10BB08004A76680D0A317361313866796652394F61
:10BB18006956454D59676C4F706B71566F474C4E5F
:10BB28003771643561514E4E693557372F432B565F
:10BB380042644854424A63475A4A797950354233F5
:10BB480071637A33320D0A396D4C4A4B75646C5601
:10BB58007564563051786B3571554A61505A2F7853
:10BB680075707A304E796F567076697569424F49AB
:10BB780031674E69386F765358577A416745430D98
:10BB88000A2D2D2D2D2D454E44204448205041523C
:10BB9800414D45544552532D2D2D2D2D0D0A000094
:10BBA80004001800800100008C2200200300170008
:10BBB800000100004824002002001500E0000000F9
:10BBC8005424002001001300C0000000602400205D
:10BBD800000000000000000000000000FFFFFFFF61
:10BBE800FFFFFFFFFEFFFFFFFFFFFFFFFFFFFFFF5E
:10BBF800FFFFFFFFB1B946C1ECDEB8FE4930247241
:10BC0800ABE9A70FE7809CE5190521643128D2B478
:10BC1800B1C96B1436F8DE99FFFFFFFFFFFFFFFF86
:10BC2800FFFFFFFF1210FF82FD0AFFF40088A14307
:10BC3800EB20BF7CF69030B00EA88D181148791E05
:10BC4800A177F973D5CD246BED11106378DAC8FFAD
:10BC5800952B1907010000000000000000000000FB
:10BC6800FFFFFFFFFFFFFFFFFFFFFFFFFFFFFFFFDC
:10BC780000000000B4FF552343390B27BAD8BFD7BB
:10BC8800B7B04450563241F5ABB3040C850A05B43D
:10BC98003D2A5C5C4529DD133EF0B8E0A216FFFFA3
:10BCA800FFFFFFFFFFFFFFFFFFFFFFFF211D5C11ED
:10BCB800D68032342211C256D3C1034AB990133206
:10BCC8007FBFB46BBD0C0EB7347E00859981D54417
:10BCD8006447075AA07543CDE6DF224CFB23F7B52E
:10BCE800886337BDFFFFFFFFFFFFFFFFFFFFFFFF79
:10BCF800000000000000000000000000010000003B
:10BD0800FFFFFFFF4B60D2273E3CCE3BF6B053CC43
:10BD1800B0061D65BC86987655BDEBB3E7933AAA85
:10BD2800D835C65A512563FCC2CAB9F3849E17A7F1
:10BD3800ADFAE6BCFFFFFFFFFFFFFFFF00000000BA
:10BD4800FFFFFFFF96C298D84539A1F4A033EB2D29
:10BD5800817D0377F240A463E5E6BCF847422CE115
:10BD6800F2D1176BF551BF376840B6CBCE5E316B59
:10BD78005733CE2B169E0F7C4AEBE78E9B7F1AFE1D
:10BD8800E242E34FFFFFFFFF000000000000000059
:10BD9800FFFFFFFFFEFFFFFFFFFFFFFFFFFFFFFFAC
:10BDA800FFFFFFFFFFFFFFFFFFFFFFFFFFFFFFFF9B
:10BDB800FFFFFFFFEF2AECD3EDC8852A9DD12E8A1D
:10BDC8008D3956C65A8713508F081403124181FEC5
:10BDD8006E9C1D18192DF8E36B058E98E4E73EE27A
:10BDE800A72F31B37329C5CC6A19ECEC7AA7B048F0
:10BDF800B20D1A58DF2D37F4814D63C7FFFFFFFFDF
:10BE0800FFFFFFFFFFFFFFFFFFFFFFFFFFFFFFFF3A
:10BE1800FFFFFFFFB70A7672385E543A6C2955BFA8
:10BE28005DF20255382A5482E041F759989BA78B56
:10BE3800623B1D6E74AD20F31EC7B18E37058BBEF5
:10BE480022CA87AA5F0EEA907C1D437A9D817E1DD7
:10BE5800CEB1600AC0B8F0B51331DAE97C149A287B
:10BE6800BD1DF4F829DC9292BF989E5D6F2C269632
:10BE78004ADE173600000000000000000000000045
:10BE8800201C0000000000004038000000000000F6
:10BE98006024000000000000807000000000000026
:10BEA800A06C000000000000C04800000000000076
:10BEB800E05400000000000000E100000000000065
:10BEC80020FD00000000000040D900000000000034
:10BED80060C5000000000000809100000000000024
:10BEE800A08D000000000000C0A9000000000000B4
:10BEF800E0B500000000000058E2FCCEFA7E306198
:10BF0800367F1D57A4E7455AAB6E47D42CEC13BDBA
:10BF1800F53A67B21257BDDF4D5C2AF327CD64A608
:10BF28002CF35ABD2BA6FAB45BC94FBC3221A5DB52
:10BF380094FAE95AE7121A473612D2E79E3B078568
:10BF4800561BE14AACA2FCCB619CC5AEFFFE0BFAC6
:10BF5800462AF43C1699D050CD33B28AC773F74BB2
:10BF6800A00ED1F3125724352FF58D80033927AB56
:10BF78008EF4D4587514F0FB9924A7C8587336BFAB
:10BF8800B118024DB8674A142519498E80F1478FB8
:10BF980037BA55BD6D27618C65DCC57FCF623A2401
:10BFA800094FCCA40D3533F8DCF566FF291C25BBF9
:10BFB800B8568FC3D376A6D9530F8AFBC74536B96F
:10BFC800A963B4F1C4CB738BD0D1C8A799996BF08E
:10BFD800265B98B5D48AB919B094DAC5D93471BD3D
:10BFE800EC1A502270E3CC6C76FC6ECE0F4E1768BC
:10BFF800CDDF8853BB2D551B3A337DBF46A792C46E
:10C008005E454913FE2EA8F2A44A8266EE1C8EB045
:10C01800C8B5D4CF5AE9F19A00000000000000002A
:10C028000000000000000000000000000000000008
:10C0380000000000000000000000000000000000F8
:10C0480000000000000000000000000000000000E8
:10C0580000000000000000000388DACE60B6A3925A
:10C06800F328C2B971B2FE78000000000000000099
:10C0780000000000000000000000000000000000B8
:10C0880000000000000000000000000000000000A8
:10C09800000000000000000042831EC221777424C3
:10C0A8004B7221B784D0D49CE3AA212F2C02A4E0A0
:10C0B80035C17E2329ACA12E21D514B25466931C18
:10C0C8007D8F6A5AAC84AA051BA30B396A0AAC9700
:10C0D8003D58E091473F598542831EC22177742419
:10C0E8004B7221B784D0D49CE3AA212F2C02A4E060
:10C0F80035C17E2329ACA12E21D514B25466931CD8
:10C108007D8F6A5AAC84AA051BA30B396A0AAC97BF
:10C118003D58E0910000000061353B4C2806934AE9
:10C12800777FF51FA22A4755699B2A714FCDC6F81C
:10C138003766E5F97B6C742373806900E49F24B249
:10C148002B097544D4896B424989B5E1EBAC0F07DB
:10C15800C23F4598000000008CE24998625615B627
:10C1680003A033ACA13FB894BE9112A5C3A211A8F5
:10C17800BA262A3CCA7E2CA701E4A9A4FBA43C90B9
:10C18800CCDCB281D48C7C6FD62875D2ACA41703D2
:10C198004C34AEE500000000000000000000000084
:10C1A8000000000000000000000000000000000087
:10C1B8000000000000000000000000000000000077
:10C1C8000000000000000000000000000000000067
:10C1D800000000000000000098E7247C07F0FE4102
:10C1E8001C267E4384B0F60000000000000000001A
:10C1F8000000000000000000000000000000000037
:10C208000000000000000000000000000000000026
:10C2180000000000000000003980CA0B3C00E84123
:10C22800EB06FAC4872A2757859E1CEAA6EFD9840D
:10C23800628593B40CA1E19C7D773D00C144C5257E
:10C24800AC619D18C84A3F4718E2448B2FE324D9B4
:10C25800CCDA2710ACADE2563980CA0B3C00E84175
:10C26800EB06FAC4872A2757859E1CEAA6EFD984CD
:10C27800628593B40CA1E19C7D773D00C144C5253E
:10C28800AC619D18C84A3F4718E2448B2FE324D974
:10C29800CCDA2710000000000F10F599AE14A15455
:10C2A800ED24B36E25324DB8C566632EF2BBB34F8D
:10C2B8008347280FC4507057FDDC29DF9A471F7544
:10C2C800C66541D4D4DAD1C9E93A19A58E8B473F5E
:10C2D800A0F062F700000000D27E88681CE3243CCE
:10C2E8004830165A8FDCF9FF1DE9A1D8E6B447EFAC
:10C2F8006EF7B79828666E4581E79012AF34DDD99E
:10C30800E2F037589B292DB3E67C036745FA22E70C
:10C31800E9B7373B00000000000000000000000003
:10C328000000000000000000000000000000000005
:10C3380000000000000000000000000000000000F5
:10C3480000000000000000000000000000000000E5
:10C358000000000000000000CEA7403D4D606B6E5D
:10C36800074EC5D3BAF39D18000000000000000076
:10C3780000000000000000000000000000000000B5
:10C3880000000000000000000000000000000000A5
:10C398000000000000000000522DC1F099567D07F2
:10C3A800F47F37A32A84427D643A8CDCBFE5C0C998
:10C3B8007598A2BD2555D1AA8CB08E48590DBB3DA4
:10C3C800A7B08B1056828838C5F61E6393BA7A0ACE
:10C3D800BCC9F662898015AD522DC1F099567D070A
:10C3E800F47F37A32A84427D643A8CDCBFE5C0C958
:10C3F8007598A2BD2555D1AA8CB08E48590DBB3D64
:10C40800A7B08B1056828838C5F61E6393BA7A0A8D
:10C41800BCC9F66200000000C3762DF1CA787D32EF
:10C42800AE47C13BF19844CBAF1AE14D0B976AFA7E
:10C43800C52FF7D79BBA9DE0FEB582D33934A4F057
:10C44800954CC2363BC73F7862AC430E64ABE49967
:10C45800F47C9B1F000000005A8DEF2F0C9E53F1B7
:10C46800F75D7853659E2A20EEB2B22AAFDE6419D2
:10C47800A058AB4F6F746BF40FC0C3B780F244453C
:10C488002DA3EBF1C5D82CDEA2418997200EF82EFA
:10C4980044AE7E3F000000000000000000000000E5
:10C4A8000000000000000000000000000000000084
:10C4B8000000000000000000FEFFE9928665731C82
:10C4C8006D6A8F9467308308FEFFE9928665731C56
:10C4D8006D6A8F9467308308000000000000000038
:10C4E8000000000000000000000000000000000044
:10C4F8000000000000000000000000000000000034
:10C508000000000000000000000000000000000023
:10C518000000000000000000000000000000000013
:10C528000000000000000000000000000000000003
:10C5380000000000000000000000000000000000F3
:10C5480000000000000000000000000000000000E3
:10C5580000000000000000000000000010000000C3
:10C56800400000003C0000003C0000003C000000CF
:10C5780000000000000000000000000000000000B3
:10C5880000000000000000000000000000000000A3
:10C598000000000000000000000000000000000093
:10C5A8000000000000000000000000000000000083
:10C5B800CAFEBABEFACEDBADDECAF88800000000BB
:10C5C8000000000000000000000000000000000063
:10C5D8000000000000000000000000000000000053
:10C5E8000000000000000000000000000000000043
:10C5F8009313225DF88406E555909C5AFF5269AA68
:10C608006A7A9538534F7DA1E4C303D2A318A728AB
:10C61800C3C0C95156809539FCF0E2429A6B525416
:10C6280016AEDBF5A0DE6A57A637B39B0000000004
:10C6380000000000000000000000000000000000F2
:10C6480000000000000000000000000000000000E2
:10C6580000000000000000000000000000000000D2
:10C6680000000000000000000000000000000000C2
:10C6780000000000000000000000000000000000B2
:10C6880000000000000000000000000000000000A2
:10C698000000000000000000000000000000000092
:10C6A8000000000000000000000000000000000082
:10C6B8000000000000000000000000000000000072
:10C6C8000000000000000000000000000000000062
:10C6D8000000000000000000000000000000000052
:10C6E8000000000000000000000000000000000042
:10C6F8000000000000000000010000000100000030
:10C7080001000000020000000C0000000C00000006
:10C718000C0000000C000000080000003C000000B5
:10C728000000000000000000000000000000000001
:10C7380000000000000000000000000000000000F1
:10C7480000000000000000000000000000000000E1
:10C7580000000000000000000000000000000000D1
:10C76800FEEDFACEDEADBEEFFEEDFACEDEADBEEFEB
:10C77800ABADDAD2000000000000000000000000AD
:10C7880000000000000000000000000000000000A1
:10C798000000000000000000000000000000000091
:10C7A8000000000000000000000000000000000081
:10C7B8000000000000000000000000000000000071
:10C7C8000000000000000000000000000000000061
:10C7D8000000000000000000000000000000000051
:10C7E8000000000000000000000000000000000041
:10C7F8000000000000000000000000000000000031
:10C808000000000000000000000000000000000020
:10C818000000000000000000000000000000000010
:10C828000000000000000000000000000000000000
:10C8380000000000000000000000000000000000F0
:10C8480000000000000000000000000000000000E0
:10C8580000000000000000000000000000000000D0
:10C8680000000000000000000000000000000000C0
:10C8780000000000000000000000000000000000B0
:10C8880000000000000000000000000000000000A0
:10C898000000000000000000000000000000000090
:10C8A800000000000000000000000000010000007F
:10C8B800010000000100000000000000000000006E
:10C8C8000000000014000000140000001400000024
:10C8D8000000000000000000000000000000000050
:10C8E8000000000000000000000000000000000040
:10C8F8000000000000000000000000000000000030
:10C90800000000000000000000000000000000001F
:10C91800D9313225F88406E5A55909C5AFF5269A17
:10C9280086A7A9531534F7DA2E4C303D8A318A721E
:10C938001C3C0C95956809532FCF0E2449A6B525A4
:10C94800B16AEDF5AA0DE657BA637B391AAFD2552D
:10C9580000000000000000000000000000000000CF
:10C9680000000000000000000000000000000000BF
:10C9780000000000000000000000000000000000AF
:10C98800000000000000000000000000000000009F
:10C99800000000000000000000000000000000008F
:10C9A800000000000000000000000000000000007F
:10C9B800000000000000000000000000000000006F
:10C9C800000000000000000000000000000000005F
:10C9D800000000000000000000000000000000004F
:10C9E800000000000000000000000000000000003F
:10C9F800000000000000000000000000000000002F
:10CA0800000000000000000000000000000000001E
:10CA1800000000000000000000000000000000000E
:10CA280000000000000000000000000000000000FE
:10CA380000000000000000000000000000000000EE
:10CA480000000000000000000000000000000000DE
:10CA580000000000000000000100000001000000CC
:10CA68000100000001000000A0C9AB58F1E2E5A4F4
:10CA7800DE3EBD4FF73E9C5B64EFD8CA028CF811CE
:10CA880048A584FE69AB5AEE42AA4D42176099D474
:10CA98005E1397DC404D86A37BF55954756951E4C4
:10CAA8009A00A2D00ED59BFE31ECB1399B6081482B
:10CAB800D1969D250D3C1E94101098129325CAB846
:10CAC800FCCC2D54731970C0107AA4892519955E71
:10CAD8004BC6001D7F4E6A2BF8A301AB46055C09C7
:10CAE800A67188F1A740EEF3E15C029B44AF0344D2
:10CAF80079349BBF7CDDA5799557866621C9138358
:10CB08001146733ABF8C35C8C7215B5B96C48E9BB0
:10CB1800338C74E3E99DFEDFC6A16AB8D420706F38
:10CB28000F34AB7FEC5ADCA9D8CA3A133E159CA641
:10CB3800AC43C6F8A2BE22834A4C0A0AFFB10D7163
:10CB480094F1C1A5CF7322EC1AE0964ED4BF1227F8
:10CB580046E087FDB5B3E91B3493D5BB98FAED4998
:10CB6800E85F130FC8A459B70800000007000000C9
:10CB7800060000000500000004000000030000009B
:10CB88000000000000000000010000000300000099
:10CB98000E0000001A0000003E00000050000000D7
:10CBA800D41D8CD98F00B204E9800998ECF8427E34
:10CBB8000CC175B9C0F1B6A831C399E2697726618D
:10CBC800900150983CD24FB0D6963F7D28E17F72B5
:10CBD800F96B697D7CB7938D525A2F31AAF161D0D8
:10CBE800C3FCD3D76192E4007DFB496CCA67E13B83
:10CBF800D174AB98D277D9F5A5611C2C9F419D9F24
:10CC080057EDF4A22BE3C955AC49DA2E2107B67AC1
:10CC1800000000000000000000000000000000000C
:10CC280000000000000000000000000000000000FC
:10CC380000000000000000000000000000000000EC
:10CC480000000000000000000000000000000000DC
:10CC580000000000000000000000000000000000CC
:10CC6800006100000000000000000000000000005B
:10CC780000000000000000000000000000000000AC
:10CC8800000000000000000000000000000000009C
:10CC9800000000000000000000000000000000008C
:10CCA800000000000000000000000000000000007C
:10CCB8000000616263000000000000000000000046
:10CCC800000000000000000000000000000000005C
:10CCD800000000000000000000000000000000004C
:10CCE800000000000000000000000000000000003C
:10CCF800000000000000000000000000000000002C
:10CD08000000006D6573736167652064696765730A
:10CD18007400000000000000000000000000000097
:10CD280000000000000000000000000000000000FB
:10CD380000000000000000000000000000000000EB
:10CD480000000000000000000000000000000000DB
:10CD5800000000006162636465666768696A6B6CFD
:10CD68006D6E6F707172737475767778797A00006A
:10CD780000000000000000000000000000000000AB
:10CD8800000000000000000000000000000000009B
:10CD9800000000000000000000000000000000008B
:10CDA80000000000004142434445464748494A4B79
:10CDB8004C4D4E4F505152535455565758595A612D
:10CDC80062636465666768696A6B6C6D6E6F7071C3
:10CDD80072737475767778797A30313233343536C0
:10CDE8003738390000000000000000000000000093
:10CDF800000000000000313233343536373839301E
:10CE080031323334353637383930313233343536D8
:10CE180037383930313233343536373839303132C2
:10CE280033343536373839303132333435363738AC
:10CE380039303132333435363738393031323334AA
:10CE4800353637383930000008000000A4260020A5
:10CE5800400000008000000081F1006069F100607E
:10CE68006DF1006089F1006029F20060CDF1006089
:10CE780079F100607DF1006007000000003A0020B1
:10CE8800300000008000000061F1006069F100607E
:10CE98006DF1006071F1006029F20060CDF1006071
:10CEA80079F100607DF1006006000000D4390020AF
:10CEB800200000004000000051F1006039F10060DE
:10CEC8003DF1006059F1006011F20060B9F10060B5
:10CED80049F100604DF10060050000002C2600209B
:10CEE8001C0000004000000031F1006039F10060D2
:10CEF8003DF1006041F1006011F20060B9F100609D
:10CF080049F100604DF1006004000000082600208F
:10CF180014000000400000001DF1006021F10060D5
:10CF280025F1006071570160F9F10060A5F100601A
:10CF380029F100602DF1006003000000E0240020CA
:10CF4800100000004000000009F100600DF10060D1
:10CF580011F10060F5EF0060E1F1006091F100600F
:10CF680015F1006019F10060F824002009000000A4
:10CF7800D8270020F0270020030100000028002007
:10CF8800090000000C2800202428002004010000CB
:10CF980034280020090000004028002058280020DC
:10CFA800050100006C2800200900000078280020F6
:10CFB8009028002006010000A42800200900000095
:10CFC800B0280020C828002007010000DC28002025
:10CFD80009000000E82800200029002008010000BE
:10CFE80014290020050000000C2800202428002017
:10CFF800040100001C29002007000000242900204B
:10D0080034290020040400004429002008000000FE
:10D0180050290020642900200504000078290020F8
:10D028000800000084290020982900200604000038
:10D03800AC29002008000000B8290020CC290020D5
:10D0480007040000E029002008000000EC29002067
:10D05800002A002008040000142A0020090000000B
:10D06800202A0020202A00200006000000000000DE
:10D0780000000000000000000000000000000000A8
:10D088001025002003000000682B0020802B0020C2
:10D0980000010000942B002003000000982B0020C2
:10D0A800A82B002004000000B42B0020030000007F
:10D0B800B82B0020CC2B002000080000E02B00201B
:10D0C80003000000E42B0020FC2B002020000000BF
:10D0D800102C0020090000001C2C0020342C0020FB
:10D0E8000000010000000000000000000000000037
:10D0F80000000000000000001425002003000000CC
:10D10800502C0020642C0020702C0020742C00204F
:10D1180003000000782C00208C2C0020942C002088
:10D12800982C0020030000009C2C0020AC2C002030
:10D13800B82C0020BC2C002003000000C02C0020CC
:10D14800CC2C0020D42C0020D82C00200300000078
:10D15800DC2C0020F42C0020042D0020082D0020B9
:10D16800030000000C2D00202C2D0020382D00205D
:10D178003C2D002009000000482D0020582D0020DB
:10D18800482D0020682D0020030000006C2D002091
:10D19800802D0020902D0020A02D002003000000ED
:10D1A800A42D0020B82D0020C82D0020D82D002047
:10D1B80003000000DC2D0020F02D0020FC2D0020B5
:10D1C800082E0020030000000C2E00201C2E00203A
:10D1D800242E0020282E0020030000002C2E0020E2
:10D1E8003C2E0020482E00204C2E0020030000007A
:10D1F800502E0020602E00206C2E0020782E00205B
:10D20800030000007C2E0020982E0020B02E002065
:10D21800C42E002003000000C82E0020D42E0020B9
:10D22800DC2E0020E42E002003000000E82E002061
:10D23800FC2E00201C2F0020282F002003000000B7
:10D248002C2F00203C2F0020482F0020542F002096
:10D258000A000000602F0020742F0020882F002073
:10D268008C2F002003000000902F0020A82F002002
:10D27800BC2F00200000000000000000000000009B
:10D288000000000000000000182500200900000030
:10D298008427002094270020010000002425002076
:10D2A8000700000098270020A8270020020000009F
:10D2B800B827002005000000C0270020C82700204C
:10D2C8000300000000000000000000000000000053
:10D2D80000000000000000002C25002008000000CD
:10D2E800602400206024002001000000E4030020E6
:10D2F80005000000542400205424002002000000EF
:10D308007827002008000000482400204824002036
:10D3180003000000EC030020050000008C22002020
:10D328008C22002004000000000000000000000023
:10D338000000000000000000000000003825002068
:10D3480008000000BC260020E024002003000000A4
:10D358005C25002005000000C4260020CC26002003
:10D3680004000000D426002009000000E026002068
:10D37800EC26002005000000F4260020090000002B
:10D38800002700200C27002006000000142700209A
:10D3980009000000202700202C270020070000009B
:10D3A8003427002009000000402700204C270020D7
:10D3B800080000000000000000000000000000005D
:10D3C80000000000000000004425002008000000C4
:10D3D8000426002010260020040000001C2600203F
:10D3E8000800000028260020342600200500000040
:10D3F8004426002008000000502600205C2600205B
:10D40800060000006C260020080000007826002096
:10D418008426002007000000942600200800000051
:10D42800A0260020AC260020080000000000000014
:10D4380000000000000000000000000000000000E4
:10D4480050250020080000002C2A0020402A002037
:10D45800602A0020080000006C2A0020802A002092
:10D46800A02A002008000000AC2A0020C02A0020C2
:10D47800D02A002008000000DC2A0020F42A00201E
:10D48800082B002008000000142B0020282B002067
:10D49800382B002008000000442B0020582B0020C7
:10D4A8000000000000000000000000000000000074
:10D4B800642500200500000054270020DC250020FA
:10D4C800210000005C2700200800000068270020D9
:10D4D8007C1F002025000000000000000000000064
:10D4E8000000000000000000000000006C25002083
:10D4F8000A00000078250020982500200425000057
:10D50800B82500200A000000C4250020E4250020DA
:10D5180004230000000000000000000000000000DC
:10D52800000000000000000005000000903000200E
:10D53800A50301609903016000000000B1030160C8
:10D54800FD03016000000000E1040160D9040160EE
:10D5580079040160000000000400000098300020F9
:10D56800A90201608D030160AD020160D102016072
:10D57800000000000000000069030160C1040160B0
:10D58800650401606D03016003000000A030002005
:10D59800A902016081030160000000000000000092
:10D5A800000000000000000069030160A904016098
:10D5B800510401606D03016002000000A8300020E2
:10D5C800A90201609D020160D90201601D0301608A
:10D5D800000000000000000069030160A904016068
:10D5E800510401606D0301600100000094270020D0
:10D5F8004501016035010160510101609D01016033
:10D60800D901016029020160710201608D04016085
:10D618003D04016075020160080000000800000078
:10D6280008000000180000000900000000000000C9
:10D6380004000000040000000400000024000000B2
:10D6480005000000000000000100000002000000CA
:10D658000010000000100000001000000000000092
:10D66800140000001400000014000000190000005D
:10D6780010000000000000000C60C80F961F0E711B
:10D68800F3A9B524AF6012062FE037A6000000000A
:10D698000000000000000000EA6C014DC72D6F8CEF
:10D6A800CD1ED92ACE1D41F0D8DE895700000000D2
:10D6B80000000000000000004B007901B765489A9F
:10D6C800BEAD49D926F721D065A429C100000000C4
:10D6D80000000000000000003D2EEC4FE41C849B7D
:10D6E80080C8D83662C0E44A8B291A964CF2F0708A
:10D6F800380000000000000056FA6AA75548099D46
:10D70800CC37D7F03425E0C300000000000000004B
:10D718000000000000000000000000000000000001
:10D7280000000000000000000000000000000000F1
:10D73800000000000000000070617373776F72646E
:10D7480000000000000000000000000000000000D1
:10D75800000000000000000070617373776F72644E
:10D7680000000000000000000000000000000000B1
:10D77800000000000000000070617373776F72642E
:10D788000000000000000000000000000000000091
:10D79800000000000000000070617373776F72640E
:10D7A80050415353574F524470617373776F72648B
:10D7B80000000000000000007061737300776F7252
:10D7C80064000000000000000000000000000000ED
:10D7D8000000000000000000000000000000000041
:10D7E8000000000000000000000000000000000031
:10D7F800000000000000000073616C74000000006D
:10D808000000000000000000000000000000000010
:10D818000000000000000000000000000000000000
:10D8280073616C740000000000000000000000003C
:10D8380000000000000000000000000000000000E0
:10D84800000000000000000073616C74000000001C
:10D8580000000000000000000000000000000000C0
:10D8680000000000000000000000000000000000B0
:10D8780073616C7453414C5473616C7453414C54D0
:10D8880073616C7453414C5473616C7453414C54C0
:10D8980073616C74000000007361006C7400000018
:10D8A8000000000000000000000000000000000070
:10D8B8000000000000000000000000000000000060
:10D8C8000000000000000000000000000000000050
:10D8D8000000000000000000000000000000000040
:10D8E8000000000000000000A9993E364706816A42
:10D8F800BA3E25717850C26C9CD0D89D84983E441D
:10D908001C3BD26EBAAE4AA1F95129E5E54670F141
:10D9180034AA973CD4C4DAA4F61EEB2BDBAD27312E
:10D928006534016F616263000000000000000000C0
:10D9380000000000000000000000000000000000DF
:10D9480000000000000000000000000000000000CF
:10D958000000000000000000000000000061626399
:10D968006462636465636465666465666765666763
:10D9780068666768696768696A68696A6B696A6B13
:10D988006C6A6B6C6D6B6C6D6E6C6D6E6F6D6E6FC3
:10D99800706E6F7071000000000000000000000051
:10D9A800000000000000000000000000000000006F
:10D9B800000000000000000000000000000000005F
:10D9C800000000000000000000000000000000004F
:10D9D8000300000038000000E8030000982F8A4286
:10D9E80091443771CFFBC0B5A5DBB5E95BC25639A9
:10D9F800F111F159A4823F92D55E1CAB98AA07D8C1
:10DA0800015B8312BE853124C37D0C55745DBE72E3
:10DA1800FEB1DE80A706DC9B74F19BC1C1699BE463
:10DA28008647BEEFC69DC10FCCA10C246F2CE92DF3
:10DA3800AA84744ADCA9B05CDA88F97652513E9817
:10DA48006DC631A8C82703B0C77F59BFF30BE0C61E
:10DA58004791A7D55163CA0667292914850AB727AC
:10DA680038211B2EFC6D2C4D130D385354730A6549
:10DA7800BB0A6A762EC9C281852C7292A1E8BFA220
:10DA88004B661AA8708B4BC2A3516CC719E892D188
:10DA9800240699D685350EF470A06A1016C1A4190B
:10DAA800086C371E4C774827B5BCB034B30C1C390A
:10DAB8004AAAD84E4FCA9C5BF36F2E68EE828F74C9
:10DAC8006F63A5781478C8840802C78CFAFFBE90E3
:10DAD800EB6C50A4F7A3F9BEF27871C623097D2236
:10DAE8003405D8228642A477BDA255B32AADBCE43A
:10DAF800BDA0B3F7E36C9DA70000000075388B1636
:10DB0800512776CC5DBA5DA1FD890150B0C6455C50
:10DB1800B4F58B195252252500000000207946558E
:10DB2800980C91D8BBB4C1EA97618A4BF03F425830
:10DB38001948B2EE4EE7AD6700000000BA7816BF8C
:10DB48008F01CFEA414140DE5DAE2223B00361A3DD
:10DB580096177A9CB410FF61F20015AD248D6A61A6
:10DB6800D20638B8E5C026930C3E6039A33CE45988
:10DB780064FF2167F6ECEDD419DB06C1CDC76E5CF6
:10DB88009914FB9281A1C7E284D73E67F1809A4835
:10DB9800A497200E046D39CCC7112CD003000000C7
:10DBA80038000000E8030000616263000000000024
:10DBB800000000000000000000000000000000005D
:10DBC800000000000000000000000000000000004D
:10DBD800000000000000000000000000000000003D
:10DBE8000061626364626364656364656664656654
:10DBF8006765666768666768696768696A68696AA1
:10DC08006B696A6B6C6A6B6C6D6B6C6D6E6C6D6E50
:10DC18006F6D6E6F706E6F70710000000000000015
:10DC280000000000000000000000000000000000EC
:10DC380000000000000000000000000000000000DC
:10DC480000000000000000000000000000000000CC
:10DC5800000000000000000022AE28D7982F8A425A
:10DC6800CD65EF23914437712F3B4DECCFFBC0B509
:10DC7800BCDB8981A5DBB5E938B548F35BC2563909
:10DC880019D005B6F111F1599B4F19AFA4823F92F3
:10DC980018816DDAD55E1CAB420203A398AA07D897
:10DCA800BE6F7045015B83128CB2E44EBE85312491
:10DCB800E2B4FFD5C37D0C556F897BF2745DBE72EB
:10DCC800B196163BFEB1DE803512C725A706DC9B50
:10DCD800942669CF74F19BC1D24AF19EC1699BE435
:10DCE800E3254F388647BEEFB5D58C8BC69DC10F4F
:10DCF800659CAC77CCA10C2475022B596F2CE92DAF
:10DD080083E4A66EAA84744AD4FB41BDDCA9B05C46
:10DD1800B5531183DA88F976ABDF66EE52513E9837
:10DD28001032B42D6DC631A83F21FB98C82703B027
:10DD3800E40EEFBEC77F59BFC28FA83DF30BE0C604
:10DD480025A70A934791A7D56F8203E05163CA06B6
:10DD5800706E0E0A67292914FC2FD246850AB72748
:10DD680026C9265C38211B2EED2AC45AFC6D2C4D81
:10DD7800DFB3959D130D3853DE63AF8B54730A657B
:10DD8800A8B2773CBB0A6A76E6AEED472EC9C281D7
:10DD98003B358214852C72926403F14CA1E8BFA232
:10DDA800013042BC4B661AA89197F8D0708B4BC2D1
:10DDB80030BE5406A3516CC71852EFD619E892D159
:10DDC80010A96555240699D62A20715785350EF471
:10DDD800B8D1BB3270A06A10C8D0D2B816C1A41985
:10DDE80053AB4151086C371E99EB8EDF4C774827AF
:10DDF800A8489BE1B5BCB034635AC9C5B30C1C39FB
:10DE0800CB8A41E34AAAD84E73E363774FCA9C5B37
:10DE1800A3B8B2D6F36F2E68FCB2EF5DEE828F74B2
:10DE2800602F17436F63A57872ABF0A11478C8848C
:10DE3800EC39641A0802C78C281E6323FAFFBE90C7
:10DE4800E9BD82DEEB6C50A41579C6B2F7A3F9BE22
:10DE58002B5372E3F27871C69C6126EACE3E27CA3C
:10DE680007C2C021C7B886D11EEBE0CDD67DDAEA5D
:10DE780078D16EEE7F4F7DF5BA6F1772AA67F006FC
:10DE8800A698C8A2C57D630AAE0DF9BE04983F11D5
:10DE98001B471C13350B711B847D0423F577DB2886
:10DEA8009324C7407BABCA32BCBEC9150ABE9E3C90
:10DEB8004C0D109CC4671D43B6423ECBBED4C54C26
:10DEC8002A7E65FC9C297F59ECFAD63AAB6FCB5F6A
:10DED8001758474A8C19446CCB00753F45A35E8B95
:10DEE800B5A03D699AC65007272C32AB0EDED16328
:10DEF8001A8B605A43FF5BED8086072BA1E7CC2382
:10DF080058BAECA134C825A70000000000000000A2
:10DF1800000000000000000009330C33F71147E847
:10DF28003D192FC782CD1B4753111B173B3B05D209
:10DF38002FA08086E3B0F712FCC7C71A557E2DB90B
:10DF480066C3E9FA9174603900000000000000001F
:10DF580000000000000000009D0E1809716474CBD9
:10DF6800086E834E310A4A1CED149E9C00F24852FA
:10DF78007972CEC5704C2A5B07B8B3DC38ECC4EBB9
:10DF8800AE97DDD87F3D89850000000000000000C5
:10DF98000000000000000000DDAF35A193617ABAEF
:10DFA800CC417349AE20413112E6FA4E89A97EA2CE
:10DFB8000A9EEEE64B55D39A2192992A274FC1A87B
:10DFC80036BA3C23A3FEEBBD454D4423643CE80E22
:10DFD8002A9AC94FA54CA49F8E959B75DAE313DA4C
:10DFE8008CF4F72814FC143F8F7779C6EB9F7FA138
:10DFF8007299AEADB6889018501D289E4900F7E476
:10E00800331B99DEC4B5433AC7D329EEB6DD26548F
:10E018005E96E55B874BE909E718483D0CE76964BC
:10E028004E2E42C7BC15B4638E1F98B13B204428BE
:10E038005632A803AFA973EBDE0FF244877EA60A17
:10E048004CB0432CE577C31BEB009C5C2C49AA2EF3
:10E058004EADB217AD8CC09B0300000070000000ED
:10E06800E803000061626300000000000000000097
:10E078000000000000000000000000000000000098
:10E088000000000000000000000000000000000088
:10E098000000000000000000000000000000000078
:10E0A8000000000000000000000000000000000068
:10E0B8000000000000000000000000000000000058
:10E0C8000000000000000000000000000000000048
:10E0D80000000000006162636465666768626364EB
:10E0E8006566676869636465666768696A646566C2
:10E0F8006768696A6B65666768696A6B6C66676892
:10E10800696A6B6C6D6768696A6B6C6D6E68696A61
:10E118006B6C6D6E6F696A6B6C6D6E6F706A6B6C31
:10E128006D6E6F70716B6C6D6E6F7071726C6D6E01
:10E138006F707172736D6E6F70717273746E6F70D1
:10E148007172737475000000000000000000000088
:10E1580000000000000000000000000000000000B7
:10E1680000000000000000000000000000000000A7
:10E178000000000000000000000000000000000097
:10E188000000000000000000000000000000000087
:10E198000000000000000000000000000000000077
:10E1A8000000000000000000000000000000000067
:10E1B800000000000000000009C0000058360020E0
:10E1C8000504040003000000010000000300000033
:10E1D80003000000000000000AC00000883600208C
:10E1E8000704040003000000010000000300000011
:10E1F800030000000000000023C00000B03600202B
:10E2080005060400030000000300000003000000EE
:10E2180003000000000000002BC00000D8360020DA
:10E228000E060400030000000300000003000000C5
:10E23800030000000000000024C000000037002098
:10E2480007070400030000000300000003000000AB
:10E2580003000000000000002CC000002837002048
:10E268001007040003000000030000000300000082
:10E278000300000000000000ADC00000503700207F
:10E288002D06040003000000030000000300000046
:10E298000300000000000000AFC000007437002039
:10E2A8002D06040003000000030000000300000026
:10E2B8000300000002000000ACC0000098370020F6
:10E2C8002B06040003000000030000000300000008
:10E2D8000300000000000000AEC00000BC370020B2
:10E2E8002B060400030000000300000003000000E8
:10E2F800030000000200000072C00000E0370020A8
:10E3080014060400030000000100000003000000E0
:10E31800030000000000000073C000001038002057
:10E3280016070400030000000100000003000000BD
:10E33800030000000000000086C0000040380020F4
:10E348001D06040003000000030000000300000095
:10E35800030000000000000087C0000070380020A3
:10E368001F07040003000000030000000300000072
:10E37800030000000000000008C00000A0380020D2
:10E388002504040003000000010000000300000051
:10E39800030000000000000013C00000C83800207F
:10E3A8000504030003000000010000000300000052
:10E3B800030000000000000014C00000EC3800203A
:10E3C8000704030003000000010000000300000030
:10E3D800030000000000000027C0000010390020E2
:10E3E800050603000300000003000000030000000E
:10E3F80003000000000000002FC000003839002092
:10E408000E060300030000000300000003000000E4
:10E41800030000000000000028C000006039002050
:10E4280007070300030000000300000003000000CA
:10E43800030000000000000030C000008839002000
:10E4480010070300030000000300000003000000A1
:10E45800030000000000000076C00000B039002072
:10E468001406030003000000010000000300000080
:10E47800030000000000000077C00000DC39002025
:10E48800160703000300000001000000030000005D
:10E4980003000000000000008AC00000083A0020C5
:10E4A8001D06030003000000030000000300000035
:10E4B80003000000000000008BC00000343A002078
:10E4C8001F07030003000000030000000300000012
:10E4D800030000000000000012C00000603A0020A5
:10E4E80025040300030000000100000003000000F1
:10E4F80003000000000000009F000000843A002094
:10E5080010070200030000000300000003000000E1
:10E5180003000000000000009E000000A83A002050
:10E528000E060200030000000300000003000000C4
:10E53800030000000000000067000000CC3A002043
:10E5480005060200030000000300000003000000AD
:10E5580003000000000000006B000000F03A0020FB
:10E56800070602000300000003000000030000008B
:10E57800030000000000000033000000143B0020EE
:10E588000504020003000000000000000300000072
:10E59800030000000000000039000000383B0020A4
:10E5A8000704020003000000000000000300000050
:10E5B80003000000000000009FC000005C3B00203A
:10E5C8002D06020003000000030000000300000005
:10E5D8000300000000000000A3C000007C3B0020F6
:10E5E8002D060200030000000300000003000000E5
:10E5F80003000000020000009EC000009C3B0020B9
:10E608002B060200030000000300000003000000C6
:10E618000300000000000000A2C00000BC3B002076
:10E628002B060200030000000300000003000000A6
:10E638000300000002000000BE000000DC3B0020D8
:10E64800140602000300000003000000030000009D
:10E658000300000000000000C4000000083C002087
:10E66800160602000300000003000000030000007B
:10E67800030000000000000045000000343C0020BA
:10E688001404020003000000000000000300000062
:10E698000300000000000000880000005C3C00202F
:10E6A8001604020003000000000000000300000040
:10E6B80003000000000000007CC00000843C002033
:10E6C8001D06020003000000030000000300000014
:10E6D80003000000000000007DC00000B03C0020E6
:10E6E8001F070200030000000300000003000000F1
:10E6F800030000000000000016000000DC3C0020C1
:10E7080025040200030000000000000003000000D0
:10E7180003000000000000009D000000003D0020F4
:10E7280010070100030000000300000003000000C0
:10E7380003000000000000009C000000203D0020B5
:10E748000E060100030000000300000003000000A3
:10E7580003000000000000003C000000403D0020D5
:10E76800050601000300000003000000030000008C
:10E7780003000000000000003D000000603D002094
:10E78800070601000300000003000000030000006A
:10E7980003000000000000002F000000803D002062
:10E7A8000504010003000000000000000300000051
:10E7B800030000000000000035000000A03D00201C
:10E7C800070401000300000000000000030000002F
:10E7D80003000000000000009DC00000C03D0020B4
:10E7E8002D060100030000000300000003000000E4
:10E7F8000300000000000000A1C00000DC3D002074
:10E808002D060100030000000300000003000000C3
:10E8180003000000020000009CC00000F83D00203A
:10E828002B060100030000000300000003000000A5
:10E838000300000000000000A0C00000143E0020FB
:10E848002B06010003000000030000000300000085
:10E858000300000002000000BA000000303E002063
:10E86800140601000300000003000000030000007C
:10E878000300000000000000C0000000583E002017
:10E88800160601000300000003000000030000005A
:10E89800030000000000000041000000803E00204E
:10E8A8001404010003000000000000000300000041
:10E8B800030000000000000084000000A43E0020C7
:10E8C800160401000300000000000000030000001F
:10E8D80003000000000000007AC00000C83E0020CD
:10E8E8001D060100030000000300000003000000F3
:10E8F80003000000000000007BC00000F03E002084
:10E908001F070100030000000300000003000000CF
:10E9180003000000000000000A000000183F00206B
:10E9280025040100030000000000000003000000AF
:10E9380003000000000000000EC00000383F002067
:10E9480005040900030000000100000003000000A6
:10E9580003000000000000000FC000005C3F002022
:10E968000704090003000000010000000300000084
:10E97800030000000000000029C00000803F0020C4
:10E988000506090003000000030000000300000062
:10E99800030000000000000031C00000A83F002074
:10E9A8000E06090003000000030000000300000039
:10E9B80003000000000000002AC00000D03F002033
:10E9C800070709000300000003000000030000001F
:10E9D800030000000000000032C00000F83F0020E3
:10E9E80010070900030000000300000003000000F6
:10E9F800030000000000000078C000002040002054
:10EA080014060900030000000100000003000000D4
:10EA1800030000000000000079C000004C40002006
:10EA280016070900030000000100000003000000B1
:10EA380003000000000000008CC0000078400020A7
:10EA48001D06090003000000030000000300000089
:10EA580003000000000000008DC00000A44000205A
:10EA68001F07090003000000030000000300000066
:10EA780003000000000000000DC00000D04000208E
:10EA88002504090003000000010000000300000045
:10EA9800030000000000000004C00000F440002053
:10EAA80005040A0003000000010000000300000044
:10EAB800030000000000000005C00000184100200D
:10EAC80007040A0003000000010000000300000022
:10EAD800030000000000000025C000003C410020A9
:10EAE80005060A0003000000030000000300000000
:10EAF80003000000000000002DC000006441002059
:10EB08000E060A00030000000300000003000000D6
:10EB1800030000000000000026C000008C41002017
:10EB280007070A00030000000300000003000000BC
:10EB380003000000000000002EC00000B4410020C7
:10EB480010070A0003000000030000000300000093
:10EB5800030000000000000074C00000DC41002039
:10EB680014060A0003000000010000000300000072
:10EB7800030000000000000075C0000008420020EB
:10EB880016070A000300000001000000030000004F
:10EB9800030000000000000088C00000344200208C
:10EBA8001D060A0003000000030000000300000027
:10EBB800030000000000000089C00000604200203F
:10EBC8001F070A0003000000030000000300000004
:10EBD800030000000000000003C000008C42002079
:10EBE80025040A00030000000100000003000000E3
:10EBF8000300000000000000A8000000B44200204C
:10EC08000E060500030000000300000003000000DA
:10EC18000300000000000000A9000000D44200200A
:10EC280010070500030000000300000003000000B7
:10EC38000300000000000000AE000000F4420020C5
:10EC480005060500030000000100000003000000A5
:10EC58000300000000000000AF0000001443002083
:10EC68000707050003000000010000000300000082
:10EC780003000000000000008C0000003443002066
:10EC88000504050003000000000000000300000068
:10EC980003000000000000008D0000005443002025
:10ECA8000704050003000000000000000300000046
:10ECB8000300000000000000A5C00000744300200D
:10ECC8002D060500030000000300000003000000FB
:10ECD8000300000000000000A9C0000090430020CD
:10ECE8002D060500030000000300000003000000DB
:10ECF8000300000002000000A4C00000AC43002094
:10ED08002B060500030000000300000003000000BC
:10ED18000300000000000000A8C00000C843002055
:10ED28002B0605000300000003000000030000009C
:10ED3800030000000200000094C00000E44300202B
:10ED48001406050003000000010000000300000095
:10ED5800030000000000000095C000000C440020E3
:10ED68001607050003000000010000000300000072
:10ED780003000000000000008EC0000034440020A2
:10ED88001D0605000300000003000000030000004A
:10ED980003000000000000008FC000005C44002059
:10EDA8001F07050003000000030000000300000027
:10EDB80003000000000000008B00000084440020D5
:10EDC8002504050003000000000000000300000007
:10EDD8000300000000000000AA000000A444002076
:10EDE8000E060600030000000300000003000000F8
:10EDF8000300000000000000AB000000C844002031
:10EE080010070600030000000300000003000000D4
:10EE18000300000000000000B2000000EC440020E5
:10EE280005060600030000000100000003000000C2
:10EE38000300000000000000B3000000104500209F
:10EE4800070706000300000001000000030000009F
:10EE5800030000000000000090000000344500207E
:10EE68000504060003000000000000000300000085
:10EE78000300000000000000910000005845002039
:10EE88000704060003000000000000000300000063
:10EE98000300000000000000A7C000007C4500201F
:10EEA8002D06060003000000030000000300000018
:10EEB8000300000000000000ABC000009C450020DB
:10EEC8002D060600030000000300000003000000F8
:10EED8000300000002000000A6C00000BC4500209E
:10EEE8002B060600030000000300000003000000DA
:10EEF8000300000000000000AAC00000DC4500205C
:10EF08002B060600030000000300000003000000B9
:10EF1800030000000200000096C00000FC4500202D
:10EF280014060600030000000100000003000000B2
:10EF3800030000000000000097C0000028460020E1
:10EF4800160706000300000001000000030000008F
:10EF5800030000000000000090C00000544600209C
:10EF68001D06060003000000030000000300000067
:10EF7800030000000000000091C00000804600204F
:10EF88001F07060003000000030000000300000044
:10EF980003000000000000008F000000AC460020C5
:10EFA8002504060003000000000000000300000024
:10EFB800030000000000000037C00000D046002019
:10EFC800050608000300000001000000030000001F
:10EFD800030000000000000038C00000F8460020D0
:10EFE80007070800030000000100000003000000FC
:10EFF800030000000000000035C00000204700208A
:10F0080005040800030000000100000003000000E0
:10F01800030000000000000036C000004447002044
:10F0280007040800030000000100000003000000BE
:10F0380003000000000000009AC00000684700209C
:10F04800140608000300000001000000030000008F
:10F0580003000000000000009BC00000944700204F
:10F06800160708000300000001000000030000006C
:10F07800030000000000000034C00000C04700206A
:10F088002504080003000000010000000300000040
:10F098000300000000000000AC000000E44700206E
:10F0A8000E06070003000000030000000300000034
:10F0B8000300000000000000AD0000000848002028
:10F0C8001007070003000000030000000300000011
:10F0D8000300000000000000B60000002C480020DB
:10F0E80005060700030000000100000003000000FF
:10F0F8000300000000000000B70000005048002096
:10F1080007070700030000000100000003000000DB
:10F118000300000000000000940000007448002074
:10F1280005040700030000000100000003000000C0
:10F13800030000000000000095000000984800202F
:10F14800070407000300000001000000030000009E
:10F15800030000000000000098C00000BC48002028
:10F16800140607000300000001000000030000006F
:10F17800030000000000000099C00000E8480020DB
:10F18800160707000300000001000000030000004C
:10F19800030000000000000092C000001449002095
:10F1A8001D06070003000000030000000300000024
:10F1B800030000000000000093C000004049002048
:10F1C8001F07070003000000030000000300000001
:10F1D8000300000000000000930000006C490020BC
:10F1E80025040700030000000100000003000000E0
:10F1F800030000000000000000000000342500208B
:10F2080000000000000000000000000000000000F6
:10F218000000000000000000A8CC0000A9CC0000FD
:10F22800AACC00002CC0000030C000009F000000E5
:10F23800ADC000009FC0000024C0000028C000002E
:10F248006B0000000AC0000014C000003900000074
:10F25800AFC00000A3C0000087C000008BC0000042
:10F268007DC0000073C0000077C00000C40000002B
:10F27800880000005DC0000061C0000053C00000AD
:10F2880049C000004DC0000045C000002BC0000070
:10F298002FC000009E000000ACC000009EC000000F
:10F2A80023C0000027C000006700000009C000005C
:10F2B80013C0000033000000AEC00000A2C0000070
:10F2C80086C000008AC000007CC0000072C0000038
:10F2D80076C00000BE000000450000005CC00000D1
:10F2E80060C0000052C0000048C000004CC00000D0
:10F2F80044C0000008C0000012C000001600000052
:10F30800ACCC0000ADCC0000AB000000A7C00000F2
:10F3180038C00000B300000036C0000091000000B3
:10F3280091C000009BC0000097C00000ABC0000067
:10F338006DC0000071C0000067C00000AA00000096
:10F34800A6C0000037C00000B200000035C00000B1
:10F358009000000090C0000096C000009AC0000015
:10F36800AAC000006CC0000070C0000066C00000A9
:10F3780034C000008F000000FFC000009D000000A6
:10F388009DC000003D0000003500000032C00000B4
:10F398002AC000000FC000002EC0000026C00000D8
:10F3A80005C00000A1C000007BC00000C000000034
:10F3B800840000008DC0000079C0000089C00000F2
:10F3C80075C000005FC0000063C0000051C00000AD
:10F3D8004BC000004FC000003DC000009C00000072
:10F3E8009CC000003C0000002F00000031C000005D
:10F3F80029C000000EC000002DC0000025C000007C
:10F4080004C00000A0C000007AC00000BA000000DC
:10F41800410000008CC0000078C0000088C00000D7
:10F4280074C000005EC0000062C0000050C0000050
:10F438004AC000004EC000003CC000000A000000A6
:10F448000DC0000003C00000AECC0000AD000000FD
:10F45800B70000009500000093C0000099C00000AC
:10F468006FC0000069C00000AC000000B6000000DA
:10F478009400000092C0000098C000006EC0000018
:10F4880068C0000093000000ABCC0000A900000099
:10F49800A5C00000AF0000008D0000008FC0000074
:10F4A80095C00000A9C000006BC0000065C0000046
:10F4B800A8000000A4C00000AE0000008C000000FE
:10F4C8008EC0000094C00000A8C000006AC0000000
:10F4D80064C000008B00000007C0000011C00000DD
:10F4E80033C000008E00000005000000040000008A
:10F4F8000CC0000002C00000920000008A0000005A
:10F50800150000000900000006C0000010C000003F
:10F518003BC000003AC0000039C00000B500000040
:10F52800B40000002D0000003B00000002000000B5
:10F53800010000000BC0000001C00000B90000007D
:10F54800B80000002E000000B1000000B00000006C
:10F558002C0000000000000001000000A04D002069
:10F5680002000000344E002004000000644E002019
:10F5780008000000AC4E002010000000E84E0020FB
:10F58800200000001C4F002040000000304F0020E9
:10F5980080000000484F002000010000704F00204C
:10F5A80000020000A04F002000040000D04F0020FF
:10F5B80000080000EC4F0020001000001850002048
:10F5C800002000004C500020004000007C5000202B
:10F5D80000800000B450002000000100005100200D
:10F5E8000000020054510020000004008451002053
:10F5F80000000800C85100200000000000000000C2
:10F60800F0000000FFFFFF0FFFFFFF0F00080000E2
:10F61800600000000A0000000C000000000000006C
:10F62800E0000000FFFFFF0FFC08000000080000DA
:10F6380080C00F4000000003190000001000000007
:10F64800E8841F4001000000FF000000FF000000E8
:10F65800000000000000000018000000100000007A
:10F66800E4841F4001000000FF000000FF000000CC
:10F6780000000000000000001F00000001E400007E
:10F6880070C00F40000C00001100000011000000C5
:10F69800E0841F40020000002C000000120000005F
:10F6A800E0841F400100000010000000110000006D
:10F6B800DC841F40020000002D0000001200000042
:10F6C800DC841F40010000001E000000F5E300007C
:10F6D80070C00F40C00000001200000013000000BE
:10F6E800D0841F4001000000FF000000FF00000060
:10F6F80000000000000000001300000013000000DC
:10F70800CC841F4001000000FF000000FF00000043
:10F7180000000000000000001C000000E9E30000F9
:10F728000101010116035500530042002000530057
:10F7380065007200690061006C0000001803540045
:10F74800650065006E00730079006400750069004B
:10F758006E006F000403090409024B00020100C097
:10F7680032080B0002020201000904000001020233
:10F7780001000524001001052401010104240206EA
:10F788000524060001070582031000100904010082
:10F79800020A000000070503024000000705840272
:10F7A8004000000009024B00020100C032080B00B3
:10F7B80002020201000904000001020201000524FE
:10F7C8000010010524010101042402060524060095
:10F7D800010705820310000509040100020A000060
:10F7E800000705030200020007058402000200006A
:0CF7F8000A060002EF02014001000100BF
:10F8040000000000000000000000000000000000F4
:10F8140000000000000000000000000000000000E4
:10F8240010B5054C237833B9044B13B10448AFF336
:10F8340000800123237010BDB0920020000000005E
:10F8440014A40100084B10B51BB108490848AFF3D4
:10F8540000800848036803B910BD074B002BFBD098
:10F86400BDE81040184700BF00000000B49200201B
:10F8740014A40100C06A00200000000000207047AA
:10F88400704700BF0E4942F20F700E4A0B6830B445
:10F8940014681B1B834203D90B4B9B7A022B0BD896
:10F8A4000A4803780133DBB20D6800240849156067
:10F8B40003700C7030BC704701230448F4E700BFA8
:10F8C40054B4002014B2002070670020AAB40020B1
:10F8D40099B4002010B50A4805F068FB00B910BDC2
:10F8E400044602460749064805F002FB064B224639
:10F8F400044918680368BDE810405B68184700BFF6
:10F9040008950020CC92002014590020082264217C
:10F9140001480FF017BE00BFF86600202DE9F04142
:10F92400114C94F8BF50C5F1BE05002D1ADD94F8B2
:10F93400BD10002794F8BC6021440C4814F80680DC
:10F94400A75514F03BFC042D04F806800ADD94F856
:10F95400B85094F8B910665D21440548675514F011
:10F964002DFC6655BDE8F0812CB0002064B4002065
:10F9740020B200202DE9F04F0A20D5B00FF0B6FBDD
:10F98400B0FA80F1DFF87C810A2049090FF0A8FB66
:10F9940098F8BE30002B40F0838014AC4B4F2423E6
:10F9A4002146384600F8013B14F008FC98F8BFA043
:10F9B400CAF1BD0919F0FF092DD0454B0025CAF144
:10F9C400BE0A444EB3F800B007E0601C04A9013E2F
:10F9D400384414F0F3FB4D451DD03C4814F050FC62
:10F9E400AA45044627F800B005F10105EDDD16F837
:10F9F400013C04A8317818F8032041440093019293
:10FA04004FF0000208F8032014F0D8FB009B019A81
:10FA140008F80320D9E72D4814F032FC2B490123C0
:10FA2400002202E011F8014F6240834203F1010316
:10FA3400F8D3264C03A8284914F096F9204614F06C
:10FA44001FFC03A9384414F0B5F9244B1B781BB9E7
:10FA5400234B1B78002B34D0224B1B78B3B11B48AB
:10FA640014F00EFC204B214A04465D6804A9204B87
:10FA7400128820480493059505F0FEF9224613499F
:10FA84001C4805F00DFA1B4805F0FEF91A4B01223B
:10FA94001A4918681A4B08601A7055B0BDE8F08FFF
:10FAA40098F8BD5014AC0026052218F805702046BD
:10FAB400414608F8056014F051FC08F805706671B9
:10FAC4006CE7011B204611F0EBFBC5E774AE002088
:10FAD400640F0020E9B00020680F0020A5B40020C6
:10FAE400A6B4002088B40020CC9400203467002001
:10FAF4009C0600203895002054B4002074AF0020E8
:10FB0400A1B400202CB000202DE9F84F00228B4630
:10FB14004FF4E12104460EF0C1F964200FF014FA09
:10FB240003E0236820465B699847236820461B69E5
:10FB340098470028F5D1DFF8A0900546254F0646E2
:10FB4400D9F800A0DFF89480D9F80030CAEB030399
:10FB54005B4539D2236820461B6998470028F3D0B7
:10FB6400236820465B699847F35DC0B2834214D092
:10FB7400A0F12406B6FA86F6760915F80830834211
:10FB840016D0A0F1240523682046B5FA85F51B6933
:10FB94006D0998470028E3D1D6E70136F6B2F35D44
:10FBA400002BEAD120460EF0DBFA0120BDE8F88FE5
:10FBB4000135EDB215F80830002BCBD120460EF0FC
:10FBC400CFFA0120BDE8F88F20460EF0C9FA0020D4
:10FBD400BDE8F88F700F002054B40020780F002087
:10FBE4001049002230B4134601F1440411F8010F06
:10FBF4000344A142DBB21A44D2B2F7D10A490B4DF5
:10FC040091F846000A4C98422B70227002D00020D2
:10FC140030BC704791F84700801AB0FA80F030BCCD
:10FC240040097047096400200864002086B400205D
:10FC340087B4002030B40178447845880C44E3B29A
:10FC44005A191944D2B202EB15230A44DBB21A44FE
:10FC54000373D2B2427375B18168013D11FA85F51F
:10FC6400013911F8014F2344A942DBB21A4403734A
:10FC7400D2B24273F5D130BC704700BFF0B50B4C23
:10FC840083B0526805460E46094F019269461A46EA
:10FC94002046009705F0F0F832462946204605F044
:10FCA400FFF8204605F0F0F803B0F0BDD89400202A
:10FCB4009C060020334882B0334B027893ED007ADF
:10FCC40007EE902A314BB5EEC07A3149F8EEE77A67
:10FCD400304AF1EE10FA67EE877AD8BFB1EE477A70
:10FCE400FDEEE76AC3ED007AF0EE087A82ED007A61
:10FCF400CDED016AB4EEE77ABDF904300B80F1EE84
:10FD040010FA2FD54278002B07EE902A224AF8EEFB
:10FD1400E77AD2ED006AE7EE267AFDEEE77ACDEDDA
:10FD2400017ABDF9042020DB03D0007903441BB21F
:10FD34000B809A4201DA13460A8052429342174BCF
:10FD4400B8BF0A809A7812B10A8852420A80DB7AD4
:10FD540033B1B1F9003013F1FA0F0BDA41230B8000
:10FD640002B07047002B4279DEDA00791B1A1BB20D
:10FD74000B80DEE7FA2BA8BFFA239B1080331BB25B
:10FD8400EDE700BF8067002034B2002028B00020D7
:10FD94007CB4002048AA002034AE00207067002004
:10FDA400214B10B51979214CA1B1B4F900104022AE
:10FDB4001F4B00291EDBC3F884205B685A0602D45B
:10FDC4001C4B1D4ADA6202200FF058FF22881B4B9D
:10FDD4001A8010BDB4F90030002B17DD03200FF09A
:10FDE4004DFFB4F9001002200FF048FF2288134B96
:10FDF4001A8010BDC3F888205B685B0602D40D4BE3
:10FE04003822DA62494209B22180DCE75B420220EF
:10FE140023800FF033FFB4F9001003200FF02EFFFE
:10FE24002288064B1A8010BD706700207CB4002025
:10FE340000C0004200801F4038F001007AB4002066
:10FE440058B938B5064D6424204601340FF0EAF958
:10FE540005F8010F6C2CF7D138BDFFF757BD00BF73
:10FE6400F76600202DE9F0419FED6A0A82B0022076
:10FE74000FF068FF9FED670A03200FF063FF022174
:10FE840022200FF039F9022120200FF035F9022148
:10FE940025200FF031F9012104200FF02DF905215F
:10FEA40029200FF029F9052118200FF025F95A48C7
:10FEB4000DF094FC584819F097FE584804F096FC4D
:10FEC400002852D01021564811F0EAF95548564FEF
:10FED4000EF0FAFB554C00200FF0A4F9207001201D
:10FEE4000FF0A0F96070B4F90030B3F5166F47D085
:10FEF4004FF4166302A80422002140F8043D0FF0D9
:10FF040021FB10220A214A480FF01CFBDFF8208154
:10FF14000D2228214748474E0FF014FB03223C21B1
:10FF240045480FF00FFBFFF7F1FC98F80110F0EED5
:10FF3400086A98F8053032795B1A404907EE903A1E
:10FF4400F8EEE77A87EEA67A81ED007A002A5BD193
:10FF54003B78002B3ED12121394811F0A1F93148D9
:10FF64000EF0B2FB02B0BDE8F0810446152135481D
:10FF74002D4F11F095F92B480EF0A6FB3C70A9E724
:10FF8400314C04F1010804F11006C8F10B052819DD
:10FF94000FF048F904F8010FA642F8D1254E2824A1
:10FFA4003546204601340FF03DF905F8010B352C98
:10FFB400F7D1214C3C200FF035F920703D200FF093
:10FFC40031F960703E200FF02DF9A0700020FFF78A
:10FFD40037FFAAE728211D4811F062F911480EF0F5
:10FFE40073FB00210C200FF07BF801210B200FF094
:0CFFF40077F88021094804F0F7FB002199
:02000004600397
:10000000074804F0EFFB02B0BDE8F08101210320B6
:100010000FF074F89EE700BF0000F543605A00201F
:1000200038A60020800F002084570020A8670020F9
:1000300074B40020806700207067002014670020DF
:1000400034AE0020D80F0020940F00207F670020DE
:10005000AC0F002038B50020234CFFF7F3FE16212B
:10006000224811F01FF920460EF030FB0121262016
:100070001F4D0FF043F801211B200FF03FF8012125
:100080001A200FF03BF8E97826200FF02BF8E978DA
:100090001B200FF027F8E9781A200FF023F815211C
:1000A000144811F0FFF820460EF010FB0D21124805
:1000B00011F0F8F820460EF009FB0023E9780A2237
:1000C00020460EF02BFB11210C4811F0EBF82046D6
:1000D0000EF0FCFAE9782046B1FA81F1BDE838402B
:1000E00049090EF05BBB00BF84570020FC0F0020C5
:1000F000F866002014100020301000202C10002082
:1001000070B505460E4615480D21144611F0CAF883
:10011000294613480EF042FB0A21124811F0C2F89A
:1001200031460F480EF03AFB0A210F4811F0BAF899
:1001300021460B480EF032FB09480EF0C7FA314653
:10014000E8B20EF0CFFF34B1084B4FF47A701B6861
:1001500000FB043070BD204670BD00BF4010002081
:1001600084570020501000205C10002054B4002060
:1001700010B5124C23681BB1114A1268934211D377
:10018000104C23686BB10E4A12689A4215D90E4B77
:1001900000221B20D978891A18BF0121FFF7B0FF70
:1001A000206010BD084B00222620D978891A18BF7C
:1001B0000121FFF7A5FF2060E2E710BD3CB1002060
:1001C00054B40020A0AF0020F866002038B5474D99
:1001D000474C2B780BB1A378DBB90022E1782620BD
:1001E000891A18BF0121FFF78BFF0022E1781B203D
:1001F000891A18BF0121FFF783FF0022E1781A2036
:10020000891A18BF0121FFF77BFF3A4B00221A70B1
:1002100038BDFFF7ADFF384BE1781A788AB1B1FAF3
:1002200081F100221A204909FFF76AFF314A2B7831
:100230001178994204D0022B13701ED0012B08D0E4
:1002400038BD00314FF01A0018BF0121FFF758FFE9
:10025000ECE7A378264C002BF2D0E379012B20D0D9
:10026000022BEDD1E1781B206278B1FA81F14909C6
:10027000FFF746FF214B1860E2E7A3781C4C002BE8
:10028000DED0E379012B1ED0022BD9D1E1782620D4
:100290002278B1FA81F14909FFF732FF184B186053
:1002A00038BDE17800222620891A18BF0121FFF706
:1002B00027FFE17800221B20B1FA81F1BDE8384028
:1002C0004909FFF71DBFE17800222620B1FA81F12C
:1002D0004909FFF715FFE17800221B20891ABDE8C4
:1002E000384018BF0121FFF70BBF00BF9EB40020AC
:1002F000F8660020B0670020B6B40020A0AF002050
:100300003CB1002038B522211F4C204D204810F070
:10031000C9FF07211F4810F0C5FFE97900230A2211
:1003200020460EF0FBF909211B4810F0BBFF1B4AC9
:100330000023204611780A220EF0F0F90D2118480A
:1003400010F0B0FF174A0023204611780A220EF061
:10035000E5F90A21144810F0A5FF144A00232046AD
:1003600011780A220EF0DAF91021114810F09AFFE4
:10037000A978204600230A220EF0D0F902210D4868
:10038000BDE8384010F08EBF84570020F86600208A
:10039000681000208C100020941000209EB40020D3
:1003A000A0100020B0670020B0100020B6B40020DC
:1003B000BC100020D010002070B51D212B4D2C4CFE
:1003C0002C4810F06FFF0C212B4810F06BFF2978A0
:1003D00000230A2220460EF0A1F90D21274810F033
:1003E00061FF697800230A2220460EF097F9112157
:1003F000234810F057FFA97800230A2220460EF068
:100400008DF913211F4810F04DFFE97800230A22CF
:1004100020460EF083F908211B4810F043FF29798C
:1004200000230A2220460EF079F90821174810F01F
:1004300039FF697900230A2220460EF06FF908215E
:10044000134810F02FFFA97900230A2220460EF04E
:1004500065F908210F4810F025FFE97920460023AF
:100460000A22BDE870400EF059B900BFF8660020BE
:1004700084570020D4100020F41000200411002024
:1004800014110020281100203C11002048110020E8
:10049000541100206011002070B514211C4E1D481D
:1004A00010F000FF0B211C48741E10F0FBFE00230F
:1004B0000A22F17C194806F110050EF02FF90B21E4
:1004C000174810F0EFFE00230A22317D13480EF08A
:1004D00025F90E21134810F0E5FE717C00230A2255
:1004E0000E480EF01BF9B17C00230A220B480EF0D7
:1004F00015F90D210C4810F0D5FE14F8011F00234A
:100500000A2206480EF00AF9AC42F6D170BD00BFCF
:100510001C6700206C1100208411002084570020EB
:10052000901100209C110020AC11002038B50378F8
:10053000802B00D038BD4378812BFBD183787F2B73
:10054000F8D1C378EF2B11D0EE2B1BD0EC2BF1D1CF
:100550001D4B021D03F1180012F8011F03F8011FC3
:100560008342F9D1BDE83840FFF796BFC479174BF5
:100570001749027A0C701A70FFF7C4FEBDE83840C4
:10058000FFF724BE134B8179027A597012F00101F2
:10059000447902F0020218BF01211C70D97002F0E8
:1005A000FF017AB101229A70457A847AC17A027B7E
:1005B0001D715C719971DA71FFF7AAF9BDE83840D5
:1005C000FFF7FABE9970EFE71B670020B6B4002072
:1005D0009EB40020F866002000000000B94B1B7894
:1005E00003B970472DE9F043B74C89B0204604F0B9
:1005F000DFFC80B2042802D809B0BDE8F083B34D17
:1006000018222046294604F075FC2B78802BF3D164
:100610006B78812BF0D1AB787F2BEDD1EB78FE2B73
:1006200025D0FC2B00F0F480FB2B00F09181C82B2F
:1006300000F0FB81C92B40F057822A79A34B052A91
:10064000DAD15A79C92AD7D19A79C92AD4D1A04CFA
:100650000322DE793C211D7A20465B7A2670A37046
:1006600065700EF071FF9B4B9B4A1A60C4E79B4B71
:100670001B78002BC0D095F909202B7AB5F805100E
:1006800043EA0223964E07EE101A964906EE103AF8
:10069000954CB8EEC77B0A78B8EEC66BEB79327032
:1006A000D71A2468914A18BF01270B7090489149C6
:1006B000914E1460DA0737709FED7C4B9FED7D5BA8
:1006C00026EE046B27EE057BB7EEC66BB7EEC77B55
:1006D00080ED006A81ED007A40F1C281B7EEC77A01
:1006E000B4EEC57BF1EE10FA00F1BA81834B1B78B2
:1006F000012B00F0B581824B00221A70814927231B
:100700009FED817A0F22D1ED007AB8207F4C222113
:1007100067EE877A7E4E23727E4BFDEEE77A7E4F40
:10072000E2711A78CDED017ABDF90430B6F800C057
:1007300097F900E01E126371A671BEF1020F774EA9
:100740006072AF7AA172E2727549E87A2A7B754BC2
:1007500084F80CC0377008701A7040F3C38102220D
:10076000002013460133A25CDBB21044734500B293
:100770001A46F7DBDFF8D48104AD6B4F0E2104F885
:100780000E002A46D8F80460684C3B885F480596FE
:100790000494FFF775FA664B1A7A1AB95B7A002B44
:1007A0003FF42AAF634E33785A1C022B32707FF627
:1007B00023AF614B614AD3ED007A92F900E0FCEE81
:1007C000E77ADFF87CC1BEF1020F17EE903A8CF8A1
:1007D000053040F3848102224FF0000913460133B3
:1007E0001CF80220DBB24A4473450FFA82F91A461C
:1007F000F5DBD8F804002A463B880E2105905048C6
:100800000CF80E900494FFF73BFA00233370F3E6E4
:10081000324B1B78002B3FF4EFAE287A10222B7B53
:100820000A2107EE900A474C06EE103A6B7AB8EEB2
:10083000677AEF7A05EE903AB8EE466AAB7AB7EE91
:10084000C77A6E79F8EE655A43EA0723B7EEC66AAF
:10085000AD796380C4ED025A20712046267065711F
:100860009FED164B9FED115B27EE047B26EE056B8B
:10087000B7EEC77BFCEEC77AB7EEC66B17EE903AC1
:1008800084ED036A63700EF05FFE6379F0EE086A30
:1008900061782D4A5B1A07EE903AF8EEE77A87EE18
:1008A000A67A82ED007AA7E6AFF300807B14AE470C
:1008B000E17A843F9A9999999999B93F33333333BF
:1008C0003333F33F88B40020D894002064A600207E
:1008D000146700200CED00E00400FA05A867002072
:1008E000A8B400209CB4002054B4002030AE0020F6
:1008F00038B200202CAE00209DB40020B16700204B
:10090000B367002030B200200000C84274570020B6
:100910007AB40020B3B40020AA670020B5B4002048
:10092000ADB40020AEB40020346700209C06002047
:100930007067002092B4002018B20020A967002040
:10094000645700208067002034AE0020CC94002043
:100950006B79994C13F0010218BF0122227003F049
:10096000020202F0FF01002A00F08E800122627074
:1009700003F0040202F0FF01002A00F0838001224C
:10098000A27003F0080202F0FF01002A78D00122D1
:10099000E27003F0100202F0FF01002A6ED0012283
:1009A000227103F0200202F0FF01002A64D001222C
:1009B000627103F0400202F0FF01002A5AD00122C6
:1009C000A2711B06AA794CBF01230023A272E37116
:1009D0002B7A794A13F0010118BF0121D17203F07B
:1009E000020202F0FF01002A42D00122227203F02B
:1009F000040202F0FF01002A38D00122627203F0E3
:100A0000080303F0FF02002B2ED0012323730D22D5
:100A1000282169480EF098FD2379002B3FF4ECADB6
:100A2000012103200EF06AFBE6E5644B1B786BBBEB
:100A3000634B1B783BB9634B1B7823B9624B1B7824
:100A4000002B3FF4D9AD614804AA614B0B214568E6
:100A5000604C1B88604805950494FFF711F9CBE5BD
:100A60005E4B16221A7049E62273D0E76172C6E720
:100A70002172BCE7A171A4E761719AE7217190E747
:100A8000E17086E7A1707CE7617071E7544B04AABE
:100A90009FED547A0B21D3ED007A4C4867EE877AAC
:100AA000514B524DB3F90030FDEEE77A4068504C9F
:100AB0002F781D12CDED017A0590BDF90400444E4A
:100AC0004FEA202E2572434DE37160712046338832
:100AD00084F806E067720495FFF7D2F8A8E74FF0B4
:100AE000000986E6002045E6CA2B58D12A79414BF9
:100AF000032A7FF481AD5A79CA2A7FF47DAD9B79B0
:100B0000CA2B7FF479AD3C4B002294F814C04FF00F
:100B1000800E1D788127D978CB268DF81550104688
:100B20009D7893F8018017238DF812108DF8181016
:100B300007218DF8175004AD8DF819C094F815C031
:100B4000A47D8DF816808DF81AC08DF81B408DF8A5
:100B500010E08DF811708DF813608DF814108DF879
:100B60001C30AB1801329B780A2A03EB0004A4B2B4
:100B700020B2F6D1FF26174F284642F20F7302AA81
:100B80000D218DF81C4002978DF80C608DF80D60DA
:100B90008DF80E608DF80F60FFF772F82CE503F109
:100BA0001202D2B2012A02D9EC2B7FF425AD1148F2
:100BB000FFF7BCFC20E500BF70670020A86700209D
:100BC000BEB40020BFB40020C1B40020CC940020EB
:100BD000346700209C060020EC660020B3670020EC
:100BE00030B200200000C84276B40020B3B4002028
:100BF000E066002064A60020D49400202DE9F04F88
:100C000083B0A84DFFF7EAFCA7492A680B68A748FC
:100C1000D31A0260182B16D8A54EA64A2B68116865
:100C2000A04A5B1AB3F57A7F80F00881A249136865
:100C300008681B1AC82B3AD833789D4C002B5AD120
:100C400003B0BDE8F08F9D4F0120994E3B789C4C3E
:100C5000FA2B30700A6094BF1B1816232220DFF88D
:100C6000A0923B700EF044FA637989F80000012BE2
:100C700000F0A581A379012B00F00382914B1B7832
:100C8000002B4CD0904B1B78012B00F00882002BDE
:100C900045D1DFF8708298F80030002B41D18B4AA3
:100CA000117801293DD188F80010137039E0884887
:100CB000136890ED007A0B60B7EEC77A854B9FED15
:100CC000756BB4EEC67BF1EE10FA40F3B88018787D
:100CD0000022774C9FED716B27EE067BB7EEC77B4A
:100CE000FCEEC77ACDED017ABDF804100DF0BAFD27
:100CF0003378002BA4D025200EF0FAF9764B7749F3
:100D00001A78087082429BD01870002898D02378F7
:100D1000002B95D003B0BDE8F04FFEF7B5BDDFF86E
:100D2000E481E379664A2BB16D4B927A1B789A4243
:100D300040F2F280237ADFF888B1002B40F0FA808D
:100D4000637A002B40F0438198F80030012B00F0CB
:100D50002A8125200EF0CCF998F80010830099F82C
:100D60000020DFF8A4E143EA4103DFF8A0C1E17805
:100D700013438CF800008EF8003009B14FF4804125
:100D8000DFF88C81574803F02FFD564803F054FDDF
:100D9000A8F80000534803F087FDB8F90020524935
:100DA00052105248DFF86C91114413B2227801803E
:100DB000A8F800304E49002A62D04A8891ED027AA4
:100DC000C2F56542B1EE477A6B3213441BB207EEAF
:100DD000903AA8F80030F8EEE76AC6EE877AF5EEAA
:100DE000C07AC9ED007AF1EE10FA00F13A813B7851
:100DF000132B28D82379324A002B00F0D780537860
:100E0000002B00F03581002103200EF06BF9394BE7
:100E1000D9ED007A93ED007A374B77EEC77AC3EDC0
:100E2000007AFEF749FFFEF7BDFF01210C200EF00E
:100E300059F900210B200EF055F9EEE6254B1878F4
:100E40000DF0AAFDF8E621791D4B002900F0B380D2
:100E50005978002900F01181012103200EF042F998
:100E60000024264B1C80FEF79DFF1D4B01210B200B
:100E70001C700EF037F921460C200EF033F9CCE649
:100E80004A8891ED027AA2F5D452153A9DE700BF47
:100E9000AFF30080295C8FC2F528BC3FF54A598624
:100EA000380E424054B40020586400208064002072
:100EB00099B4002030AE00202CB20020B36700208F
:100EC000706700209DB400209CB40020A9B40020CD
:100ED0002CAE0020B2670020A2B40020B4B40020E1
:100EE000AAB4002038A6002070E5FFFF76B40020E9
:100EF0008067002038B2002034B200207CB400208B
:100F0000C2B40020B1670020B3B40020AFB4002009
:100F100080B4002030B2002001237C487C4A0021AC
:100F200088F800300370237A1170DFF8F8B1002BD5
:100F30003FF406AF1820DFF8F0A10DF05FFE06EEDB
:100F4000100A9AED005ABAEECF6A9BF80A30B7EE53
:100F5000C55A06EE903A6F4BB7EEC67AF8EEE66ADF
:100F600083ED006A9FED613B9FED624B27EE037BB3
:100F7000A5EE047BB7EEC77BB4EEE67A8AED007A85
:100F8000F1EE10FAFFF6DCAE0122DFF880C14FF07F
:100F9000000E5F489BF8091088F800208CF80020AC
:100FA00080F800E0B1B916233B70D2E6012104209D
:100FB0000EF098F82BE704200EF094F850E7DFF8D5
:100FC0006C8120200EF094F888F80000A9E6514BBF
:100FD000DFF854A1292001930DF010FE07EE900ACE
:100FE000019BF8EEE76ADFED4C7A77EEE66AF5EE04
:100FF000C06AF1EE10FA64DDF6EE007A9AED005A5E
:10100000DFED464AB7EEC55AA27A66EEA76A06EE4B
:10101000102AB7EEE67AC3ED006AB8EEC66A9FED15
:10102000372B9FED383B27EE027BA5EE037BB7EE17
:10103000C77BB4EEE47AF1EE10FA58BFB0EE647AF2
:10104000B4EEC76A8AED007AF1EE10FA3FF67CAE94
:1010500001232E482E4A002188F8003003701170B9
:10106000A1E791ED037A67EE277AC9ED007ABEE633
:10107000012103200EF036F8C9E603200EF032F805
:10108000EEE620200EF034F8254B1870A0B9204B66
:101090001A78012A18D0DFF89480187041E6DFF83A
:1010A0008C8098F80030012B7FF43BAE184A117801
:1010B00000297FF436AEF6E5154BDFF87080187026
:1010C0002FE6F1EE666A97E71049DFF8608091F845
:1010D00000E0BEF1010F04D00A7088F800201870FB
:1010E0001FE6087088F8000018701AE69A99999916
:1010F0009999D93F333333333333E33F9A999999ED
:101100009999B93FCDCCCCCCCCCCEC3FAF6700208B
:10111000A9B400201CB2002000C0414400007F435D
:10112000ACB400207067002018B20020B167002026
:1011300010B50A4C00224FF4E13120680CF0B0FEEB
:1011400020684FF4007206490DF05CF820684FF4F7
:1011500000720449BDE810400DF03AB81C59002057
:10116000C8A10020C89F0020042970B41CD0841C92
:101170000D1F4FF6FF720E4E254414F8013B5340ED
:10118000AC42DBB236F8133083EA1222F5D10144C7
:1011900011F8010C11F8023C03EB0020801AB0FAA0
:1011A00080F070BC400970474FF6FF72EFE700BF58
:1011B000A00600202DE9F0476A4D6B4C2E46DFF863
:1011C000EC816A4F286803681B699847002800F083
:1011D0008F80306803685B6998472378C0B2624AA1
:1011E000032B64D8DFE803F06E69590298F800C059
:1011F000DFF898E10CF101015D4B9EF800E0C9B207
:1012000003F80C000EF1040088F8001088424EDA52
:1012100000215648117099780023DFF85491053168
:1012200003704846C9B2FFF79FFF8246002875D079
:10123000504A0121504B1068504A186099F8033009
:101240001170162B56D0232BBCD14D4B99F80B2087
:1012500099F80C101A70597099F80D2099F80E1021
:101260009A70D970474A99F80F3099F81010137096
:10127000517099F8113099F812109370D170424B57
:1012800099F8132099F8140099F815101A7099F824
:10129000162058709970DA7094E73C490322344B59
:1012A0003B280870987088F8002012DC22703B7888
:1012B0002E48002B86D02E4BADE7552813D00023A7
:1012C0002370F4E7AA28F2D1294B0122187022706A
:1012D000EDE7002318212E4823700FF0E3FF2D487F
:1012E0000DF0F4F9E3E7224B022258702270DEE79A
:1012F000BDE8F08799F8112099F80B10264B02F001
:10130000070226481970027099F80D1099F80C0020
:1013100099F80E2058709970DA7053E70E21204822
:101320000FF0C0FF1B480DF0D1F908211D480FF048
:10133000B9FF53460A2299F8021016480DF0EEF94B
:1013400014480DF0C3F90A2117480FF0ABFF0F4BFB
:101350001048197805310DF021FA0E480DF0B6F954
:1013600030E700BF1C590020A4B400209BB400202B
:10137000749D002054B40020C8A300208BB400202A
:10138000B49D0020C09F0020D0A30020A3B4002063
:10139000BC11002084570020CCA30020ABB4002057
:1013A000D8110020E8110020F4110020A7B400207B
:1013B0002DE9F0411E4F0E461E4C3860FFF7B8FE77
:1013C0001D4A00232068B8461C4910601C4A0B7057
:1013D00013701C4D1C491D4A2B700B70137004E0D8
:1013E000D8F8000003685B699847386803681B6990
:1013F00098470028F4D1C8200DF0A8FD276823687D
:10140000DB1B9E4206D80EE00DF0A0FD2368DB1B1F
:10141000B34208D2FFF7CEFE2B780120002BF3D089
:101420001846BDE8F08100231846BDE8F08100BFF2
:101430001C59002054B40020C8A30020A4B40020EC
:10144000A3B400208BB40020A7B400209BB40020DC
:10145000F0B52C2183B067480FF024FF66480DF0EB
:1014600035F94FF47A620021644803F007FB03F07A
:1014700045FC002800F0908003F030FC022800F0CA
:10148000B0805F4B5F48604C19785D789A7803783C
:1014900021706570A270002B7BD178200346E0702C
:1014A0005A4E5B488DF8041069468DF806208DF879
:1014B00007308DF80550009603F030FC1421554894
:1014C0000FF0F0FE4C480DF001F9112152480FF0D9
:1014D000E9FE684603F014FC474968464F4D0CF09E
:1014E000DBFF45480DF0F2F84FF0010EA278FF2324
:1014F0002778192166784A48AA7180F800E0EB71D4
:1015000048482F716E710FF0CDFE684603F0F8FB6E
:1015100039496846444C0CF0BFFF37480DF0D6F807
:10152000182142480FF0BEFE334928460CF0B4FFA4
:1015300031480DF0CBF81A213D480FF0B3FE3D497C
:1015400000230A2209682C480DF0E8F82A480DF01B
:10155000BDF82188384803F03BFC30BB374C384895
:10156000218803F035FC70BB364C3748218803F0E6
:101570002FFC60B1362135480FF094FE216800231E
:101580000A221D480DF0CAF81B480DF09FF803B061
:10159000F0BD7E23E37083E730212D480FF082FEFB
:1015A00015480DF093F803B0F0BD242129480FF041
:1015B00079FE216800230A220F480DF0AFF80E488B
:1015C0000DF084F8CAE7262123480FF06BFE21684E
:1015D00000230A2208480DF0A1F807480DF076F81C
:1015E000C2E74A211D480FF05DFE03480DF06EF87A
:1015F00047E700BF0012002084570020006700204A
:1016000014670020A8670020D49400209C060020C6
:1016100068950020B0120020C8120020CC94002051
:1016200088B40020DC12002038670020F812002067
:1016300014130020346700203895002058570020EC
:101640000895002054570020D894002080130020D3
:1016500030120020301300205813002064120020A4
:101660002DE9F04F4FF4FA7083B00DF06FFC0121BB
:101670000D20984C0DF042FD012105200DF03EFD9E
:10168000012106200DF03AFD012109200DF036FD63
:1016900001210A200DF032FD01210B200DF02EFD5D
:1016A00001210C200DF02AFD94F804718A4B042FBF
:1016B000C4F8C03040F2EB81884D0A200DF046FCA2
:1016C000874C2E6840F2EE28864FDFF8849204E0C3
:1016D000B3F5FA6F15D80FF06BFE0FF069FE2378A3
:1016E00043B13B78DB0705D52B68D9F800209B1A5E
:1016F0000E2B06D82B6822789B1B002AE8D1434585
:10170000E9D90A20DFF84C820DF020FC0B21764845
:101710000FF0C8FD75480CF0D9FF2A2174480FF06E
:10172000C1FD72480CF0D2FF40464FF49671FEF7AF
:10173000EDF9002800F07C8218216E480FF0B2FD10
:101740006A480CF0C3FF6C4F6C4DC7F80080DFF89F
:1017500004826B4B40462B6000224FF4E1210CF0D9
:101760009FFB4FF400726749012638680CF030FD8A
:101770004FF40072644938680CF044FD0A200DF003
:10178000E5FB00224FF4165160480CF089FB4FF442
:1017900000725F495D480CF01BFD0A200DF0D6FB7E
:1017A00000224FF4E12128680CF07AFB4FF400721C
:1017B000584928680CF00CFD4FF40072564928680F
:1017C0000CF020FD3A2155480FF06CFD47480CF015
:1017D0007DFF172152480FF065FD44480CF076FF5D
:1017E000504CFEF741FB16214F480FF05BFD3F4880
:1017F0000CF06CFFFFF72CFE18214C480FF052FD47
:101800003A480CF063FFFEF725FC112148480FF021
:1018100049FD36480CF05AFF204618F0E7F9C0237E
:101820002046314684F8A53084F8306184F82F6171
:101830000CF082F88146002840F0928012213D4849
:101840000FF030FD4B461022602128480CF066FF57
:1018500026480CF03BFFDFF800B10A213648DFF8DC
:10186000FC900FF01FFD354C20480CF02FFF8BF83B
:10187000006064200DF06AFB0C2131480FF012FD6E
:101880009BF8001019480CF089FF18480CF01EFF57
:101890000C212C480FF006FD99F8001013480CF0AD
:1018A0007DFF12480CF012FF0B2127480FF0FAFCC5
:1018B00021780E480CF072FF0C480CF007FF212134
:1018C00022480FF0EFFC094803B0BDE8F04F0CF0E0
:1018D000FDBE00BF2CB000208100000054B40020E9
:1018E000BBB40020BAB40020D013002084570020DD
:1018F000DC1300203816002014590020185900204D
:10190000545800206C9900206C9B0020F457002054
:10191000C09D00206C9500206C97002024140020AE
:10192000601400202059002078140020901400201A
:10193000AC140020C0140020D4140020C1B4002036
:10194000C8150020D8150020E8150020F415002047
:1019500068B6002094570020BFB40020BEB4002019
:101960001B21C948DFF890B30FF09CFCC7480CF06E
:10197000ADFE9BF80030002B40F0D581DFF87CA352
:101980004A23DFF87C930126C149C24803FA06F2D4
:101990000B70314684F8306184F8A52084F82F61FB
:1019A0000BF0CAFF034601900221BB48002B4DD12A
:1019B0000FF078FCB649019B10220978B3480CF06F
:1019C000ADFE0B21B5480FF06DFCB0480CF07EFE6B
:1019D000AF49FF23AF4A0978B14802F0D1FD292170
:1019E00000284DD0AF49AB480CF012F94FF4967077
:1019F0000DF0ACFA1421AA4802F0A4FD89F80060A9
:101A00002921A9480FF04EFCA0480CF05FFE3C686D
:101A1000A648844206D040F2DC51FFF7C9FC0028FA
:101A200040F07081A24EB44207D040F2DC51304603
:101A3000FFF7BEFC002840F018811C219D480FF0E4
:101A400031FC92480CF042FE9B4C12E70FF02AFC4E
:101A50008F490023102209788C480CF05FFE1E216C
:101A600096480FF01FFC89480CF030FE99F80030C2
:101A7000002BC5D1924B5345C2D01AF8013F82E7E3
:101A800090480FF00FFC81480CF020FEEEE7002F8D
:101A900000F0438107F1FF3E4FF00C0C04F1C90543
:101AA000DFF824825FFA8EF30CFB034C0CF1D50CAB
:101AB00015F8013C2D2B01D0472B71D182482E1DEA
:101AC0002B4613F8012B10F8011F8A4218BF2D2A4C
:101AD00001D02D2964D1B342F3D15FFA8EFE0C23DD
:101AE0007A4D03FB0E4EDFF8E8C10EF1D50E15F866
:101AF000013C2D2B02D0472B40F0958074482E1DC1
:101B00002B4613F8012B10F8011F2D2A18BF8A420B
:101B100002D02D2940F08780B342F2D194F804E13D
:101B2000BEF1000F00F0F6800EF1FF330C27674D79
:101B3000DBB2DFF8A0C107FB0347D53715F8013C3E
:101B40004B2B01D02D2B0FD162482E1D2B4613F8A5
:101B5000012B10F8011F2D2A18BF8A4201D02D2910
:101B600002D1B342F3D1A7E50C35AF42E6D10EEB7B
:101B70004E030026584D9B00C8339CE80300E21832
:101B8000E050117194F8043103EB4302013304EB8C
:101B9000820284F8043182F8CD60C2F8D0508BE51F
:101BA0000C35AC4584D107EB470300264B4D9B0019
:101BB000C83398E80300E218E050117194F804313A
:101BC00003EB43020133DFB204EB8202042F84F8FB
:101BD000047182F8CD60C2F8D0503FF66DAD002F91
:101BE00040F0A580DFF8E8C007EB470300263C4D36
:101BF0009B00C8339CE80300E218E050117194F890
:101C0000043103EB430201335FFA83FE04EB8202EB
:101C1000BEF1040F84F804E182F8CD60C2F8D05020
:101C20003FF64AAD7CE70C35AE457FF460AFDBE7AD
:101C30001E4C4FF496712046FDF768FF68B11821DD
:101C40002848294F0FF02EFB284D10480CF03EFD80
:101C50003C602046C5F800807EE5372124480FF01F
:101C600021FB0A480CF032FD6DE5232121480FF0DD
:101C700019FB06480CF02AFD2B681C4AB3424FD0D2
:101C80000D4C01232370F4E5E0140020845700205C
:101C900095B4002020590020D0140020FC1400200E
:101CA00084A60020801A060054150020B458002095
:101CB0005458002018160020C1B40020341500200C
:101CC000C905002008150020C8130020F5B0002029
:101CD000C0130020B813002075010000A1300000DF
:101CE0001D0100000814002014590020185900207C
:101CF00054160020A4150020BFB40020C805002001
:101D0000BEB4002023210B480FF0CCFA0A480CF097
:101D1000DDFCB5E7DFF828C029E7DFF8288042E7D7
:101D2000C2F80080ACE7DFF82090044CA1E507F191
:101D3000FF3ED2E68015002084570020C1B4002069
:101D4000B8130020C8130020BEB4002030B5954859
:101D50002DED048B8DB002F05FFA18B90DB0BDEC1B
:101D6000048B30BD0DF11B020BA90AA809AB02922E
:101D700008AA019107A900908A4801F0A9FE9DEDEB
:101D8000076ADDED0A6A26EE067A9DED085ADDED5A
:101D9000095AA6EEA67AA5EE057AA5EEA57AB7EEC3
:101DA000C77AB1EEC70BB4EE400BF1EE10FA40F07B
:101DB000DF80B7EEC00BB0EE004BB7EE001BC5EEF8
:101DC000007A85EE807A86EE005AC6EE805ACDED16
:101DD000087A27EEA78A8DED097AB0EE486AA7EE59
:101DE000076A8DED075A65EE277AE5EE877ACDED25
:101DF0000A5AB7EEC66AA6EE441B37EEA70AB7EE3C
:101E0000C00AB7EEC11BB7EEC11A0FF029FCB7EE3E
:101E1000C00B654BB7EEC07AB1EE400A9FED5D6B2B
:101E2000B7EEC00A27EE067B83ED000BFDEEC77B05
:101E3000CDED057ABDF9143007EE903AF8EEE77A69
:101E4000F5EEC07AF1EE10FA00F18A80574BC3ED3F
:101E5000007ADDED096AB7EE006A9DED077ADDEDE7
:101E60000A5A27EE660ADDED087AA5EEA70A30EEDB
:101E7000000AB4EEC60AF1EE10FA67DDB7EE000B09
:101E8000A7EE078A4A4B67EEA67AB0EE004B1B7BA3
:101E9000B7EE001BE5EE877AB7EEC86AA6EE441BE4
:101EA00037EEA78AF7EEC18B53BB0FF083FB414B94
:101EB000B7EEE81A404C9FED399B20EE097BB7EE58
:101EC000C80AB7EEC77B83ED007A0FF0C9FB20EE9E
:101ED000090B3A48B7EEC09BB0EE490A84ED009A70
:101EE00002F008FC354802F043FC354B83ED000A54
:101EF000B1EE400A84ED000A0DB0BDEC048B30BD9C
:101F00009FED269B0FF056FB2B4C2D4D20EE090B21
:101F10002A48F7EEC07BB0EE670AC4ED007A02F003
:101F2000E9FB264802F024FCB7EEE81A85ED000A2A
:101F3000B7EEC80A0FF094FB20EE099B1D4B95ED00
:101F4000000AB7EEC99B83ED009AD1E7BFEE006AA5
:101F5000B4EEC60AF1EE10FA17D5BFEE000B8FE70C
:101F60009FED187A114B77EE877AC3ED007A70E710
:101F7000B0EE470B0FF0B6FCDDED0A6A9DED076A87
:101F80009DED085ADDED095A13E7B7EEC00A77E771
:101F9000AFF300803B597E90A9E781C03B597E900A
:101FA000A9E7814084A600208892002070B4002018
:101FB0007067002038B100204CB10020A8AF00208D
:101FC0007CA60020000061452DE9F041174E82B04B
:101FD00073782A2B27D0711C00225A4011F8013F38
:101FE0002A2BFAD1111102F00F04114B002702AD78
:101FF0000E48D3F80080ADF8007018F8013005F8ED
:10200000083D12F03FF92946304411F0D5FE18F88A
:10201000043002A9ADF8047001F8043D12F0D0F8C4
:1020200002B0BDE8F08100242146DEE7C0AF002009
:10203000546400206A4B1A7870B582B0B2B1694A14
:10204000694912680968521AB2F57A7F0ED2674B55
:102050001B7823B9664B1B78002B00F0B380654BCF
:102060001B78002B40F0958002B070BD624A0021C1
:10207000624D12781970002A40F08580604B93E819
:10208000030085E803002C245C4812F0FBF85D494E
:102090002844564E11F090FE5B490470013011F057
:1020A0008BFE5A490470013011F086FE58490470C5
:1020B000013011F081FE57490470013011F07CFEAF
:1020C00055490470013011F077FE54490470013015
:1020D00011F072FE52490470013011F06DFE514949
:1020E0000470013011F068FE4F490470013011F0A6
:1020F00063FE4E490470013011F05EFE4C490470DD
:10210000013011F059FE4B490470013011F054FEBA
:1021100049490470013011F04FFE48490470013004
:1021200011F04AFE464B1B880380FFF74DFF3348F2
:1021300012F0A8F8434B2A181C88997833782C524F
:1021400091701BB92A4B1B78002B43D0294B1B786D
:10215000002B89D0294812F095F83B4B3B4A0446A6
:102160005D6869463A4B12883A488DE8280002F0CB
:1021700085FE22462149374802F094FE354802F098
:1021800085FE02B070BD344B93E8030085E8030080
:1021900079E7324812F076F82B4B2C4A04465D68FA
:1021A00069462B4B12882B488DE8280002F066FE0A
:1021B00022462A49274802F075FE264802F066FEAC
:1021C00002B070BD254812F05DF8014623480FF0BB
:1021D00069F844E7811C09480FF064F8B6E700BFCE
:1021E000A1B4002054B4002074AF0020A5B4002096
:1021F000A6B4002088B40020C0B40020C0AF0020E6
:102200009416002050AA00207CAF002078AF002058
:1022100090AF00208CAF00204CAA002024B00020FA
:102220006C9D002050A6002044A6002020B2002073
:1022300038AE002048AE002040AE002054AE002052
:102240009C160020D0100020CC9400203467002081
:102250009C060020389500208C16002074AE0020CB
:102260002DE9F0414B4800244B4A4FF47A7C4B4B0C
:102270000826DFF868E10721494F4A4DC0F808C039
:10228000C0F800E0C2F808C0C2F800E0C3F808C017
:10229000C3F800E004710473446104624462846220
:1022A000C46207618677147114731761546196775D
:1022B000146254629462D4621C711C731F615C616D
:1022C0009E771C625C629C62DC62374BDFF8108197
:1022D0001F6004272A6840465C60344B1A6002F095
:1022E000D7F94046324A33494FF00E0810F03EFC11
:1022F000314B4FF00C0C4FF0090E0A20BE22012189
:10230000A3F826C1C3F8844083F88A4083F8BC4010
:1023100083F8CC40A3F82861A3F82A61A3F8884089
:10232000A3F82CE1A3F82E71D5F800E0A3F8300152
:102330002E68A3F824812148214B224F83F8BF2027
:1023400083F80711C7F800E0C3F8C040C3F8C440E1
:1023500083F8044183F8064183F8084183F8094172
:1023600083F8054183F8BE4006600CF055FE164B1D
:10237000164C18600CF034FF4821154802F01CFA86
:102380002E6814492868144B2A68266008601A6071
:10239000BDE8F0813895002008950020D8940020F1
:1023A0009C06002054B40020CC9400202CB20020C5
:1023B00050570020E14E000084A6002050AE0020BF
:1023C0002CB00020C8A300202CAA002014B20020AA
:1023D00038A6002030AE002080A60020D4050020C2
:1023E000A8AF0020F0B5AF4C23782DED028B83B061
:1023F000C3B1AD4B0221AD4A042093ED000BB7EE03
:10240000C00B0DF07DF9AA4BAA4A0221042093EDDE
:10241000000BB7EEC00B03B0BDEC028BBDE8F04083
:102420000DF06EB9A44B1B7873B9A44B1B78002B2D
:102430006ED1A34B1B78002B3DD12378002BD8D134
:1024400003B0BDEC028BF0BD9E4BB2EE048A0A22B3
:102450009849D3ED007A67EE887AFDEEE77A17EEB9
:10246000900A10F0C5FD984B1B7B002B00F0EE800E
:10247000964B0A229649D3ED007A67EE887AFDEEF4
:10248000E77A17EE900A10F0B3FD924BD3ED007A85
:102490000A22864927EE888AFDEEC87A17EE900A4E
:1024A00010F0A6FD0A228C49002010F0A1FD844BFB
:1024B0001B78002BC1D0894B0A227E49D3ED007ACC
:1024C000FDEEE77ACDED017ABDF9040010F090FD44
:1024D000834B0A227E49D3ED007AFDEEE77ACDEDFB
:1024E000017ABDF9040010F083FD7E4B0A226F498A
:1024F000D3ED007AFDEEE77ACDED017ABDF9040067
:1025000010F076FD0A227449002010F071FD94E766
:10251000754DC02301261C21284685F8A53085F875
:10252000306185F82F610BF025F9314628460BF014
:1025300003FA33460322284660210BF06DFA95F822
:10254000A30095F8A220831A022BFDDD904240F2F1
:102550008C80511CAB18644FC9B293F91A60814248
:1025600085F8A2104FEA06267FD2394402328B7ECC
:1025700087F8A220334307EE903AF8EEE77AF1EEBF
:10258000677AC0230127574E02215748C6ED007ACB
:1025900085F8A53085F8307185F82F710BF0EAF8D1
:1025A000394651480BF0C8F93B46032260214E489A
:1025B0000BF032FA95F8A31095F8A2208B1A022B93
:1025C000FDDD914257D9531CA818474FDBB290F953
:1025D0001A008B4285F8A2304FEA002050D23B44CB
:1025E00002329B7E87F8A220184306EE900A9FEDE8
:1025F000277BB8EEE66B9FED275B26EE077B27EE89
:10260000057B3A4B0A222B4983ED007B10F0F0FC4E
:1026100095F8A23095F8A310334A994228D9591C4D
:10262000134493F91A0082F8A2100A22284910F0E4
:10263000DFFCD6ED007A0A221C49FDEEE77ACDEDEB
:10264000017ABDF9040010F0D3FC2BE7214B0A22DC
:102650001F49D3ED007A67EE887AFDEEE77A17EE30
:10266000900A10F0C5FC194B10E7F7EE007A88E7E6
:102670004FF0FF30D9E74FF0FF309FED087BC0E708
:102680009FED067B4FF0FF30BBE700BF9A99999909
:102690009999B93F399D52A246DF913FF561B70341
:1026A00071985CBFC0B40020A892002048AE002002
:1026B0009892002038AE0020C1B40020BFB40020A2
:1026C000BEB40020D0A3002070670020B49D00207D
:1026D00040AE0020C09F002054AE002070B4002007
:1026E00038B100204CB100202059002088920020F1
:1026F0000000000038B5634B6348DA7F997F93F898
:10270000205001EB022193F8214001EB054202EB3E
:10271000046207EE902A90ED006BB8EEE77B5B4811
:102720009FED4C4B9FED4D5BA7EE046BB4EEC56B7C
:10273000F1EE10FAA8BF36EE456BB5EEC06B80ED3A
:10274000006BF1EE10FA5FD4DD7E9A7EDC7D02EB49
:1027500005221D7F997D02EB05425D7F01EB04217F
:102760001C7E02EB05624A4D01EB04415C7E07EEE4
:10277000102A93F9292004EE102A01EB0462B8EE26
:10278000C77B444C00EE102A93F92820B8EEC44BC6
:1027900093F8423005EE102AB8EEC00B83F0020128
:1027A00083F00402B8EEC55BC1F34001C2F38002BE
:1027B0009FED2C3B9FED2D2B0A43A4EE037BA5EE52
:1027C000030B26EE026B84ED007B85ED000B80EDA4
:1027D000006B18D103F0010282F001059AB1C3F336
:1027E000C103022B15D02C4B0A202C4A93ED007B01
:1027F0009FED206B117827EE067B83ED007B0CF0BC
:1028000071FC274B1D7038BD9FED147B36EE076BB6
:102810009AE7B5EE407BF1EE10FA03D137EE037B79
:1028200084ED007B80EE070B0EF0C4FE1A4B0121F5
:102830000A209FED127B20EE070B83ED000B0CF0BE
:1028400051FCFFF7CFFD164B01221A7038BD00BFB7
:10285000AFF300802D431CEBE2361A3F000000006E
:102860000020AC407B14AE47E17A843F9A99999955
:102870009999B93FCDCCCCCCCCCCEC3FF8C1631A04
:10288000DCA54CC008640020205300209892002052
:10289000A092002080920020A892002094B40020F2
:1028A00098B400202DE9F041BC4CACB094F8BF5076
:1028B000C5F1BE05002D40F3948094F8BD100027AB
:1028C00094F8BC602144B64814F80680A75511F06E
:1028D00077FC012D04F8068000F0838094F8BC108A
:1028E00094F8BB602144AF4814F80680A75511F056
:1028F00067FC022D04F8068073D094F8BB1094F89E
:10290000BA602144A84814F80680A75511F058FC75
:10291000032D04F8068064D094F8BA1094F8B960D6
:102920002144A24814F80680A75511F049FC042D53
:1029300004F8068055D094F8B91094F8B860214492
:102940009B4814F80680A75511F03AFC052D04F8B1
:10295000068046D094F8B81094F8B76021449548A2
:1029600014F80680A75511F02BFC062D04F80680FC
:1029700037D094F8B71094F8B66021448E4814F814
:102980000680A75511F01CFC072D04F8068028D0FE
:1029900094F8B61094F8B5602144884814F806807D
:1029A000A75511F00DFC082D04F8068019D094F8F5
:1029B000B51094F8B4602144814814F80680A755F6
:1029C00011F0FEFB0C2D04F806800ADD94F8B050DF
:1029D00094F8B110665D21447A48675511F0F0FB18
:1029E0006655794C217859B301210D200CF07AFB02
:1029F00021780123754D5940754A2E782170137046
:102A00000EB1744A1370744B1B78EBB9734B1B787F
:102A100023B9734B1B78002B00F01081FFF7E2FC09
:102A2000FFF708FB6B4B00222C781A70002C00F08B
:102A300019816C4F3A686C4B1A602CB0BDE8F0817C
:102A40000D200CF04FFBD3E7664F0126674A684B19
:102A500039681E701160FFF7EDFA00225D4B2D788A
:102A60001A70002D00F01581624D2B78032B00F2B7
:102A70000381012BDED921780A200CF033FB217869
:102A8000092081F001010CF02DFB5B4B1B78002B22
:102A9000D0D05A4A43F698213B681068514C1B1A13
:102AA0008B42C7D9236808A85549812613600BF0CB
:102AB000DFFF544B022104A893ED000A0CF01EF82E
:102AC00004A908A80CF06AF84F490CF06FF8044606
:102AD00029780CA80BF0FEFF0CA9204680250CF0ED
:102AE0005DF8014668460BF0D7FF0CA80BF080FF9D
:102AF00004A80BF07DFF08A80BF07AFF2C214348B7
:102B00000EF0D0FB694642480BF0BAFD40480BF08E
:102B1000DDFD2A4600210CA810F004FE029C8DF871
:102B2000305005257E23A01CDD218DF83550A51DD4
:102B30008DF834008DF83230621C8DF83310684601
:102B400000230DF137018DF831600CF03DF8012DB7
:102B500004F1080640F3A6800222002113462CA8A7
:102B600001330244DBB212F8802CAB4211441A4606
:102B700088B201B2F3DDC3B22CAA16212548144451
:102B800004F8793C0EF08EFB21480BF09FFD002EDF
:102B900040F38A800DF12F05002445E02CB0002081
:102BA00050AA00207CAF002078AF002090AF00201A
:102BB0008CAF00204CAA002024B000206C9D002087
:102BC00050A6002044A6002094B40020C0B40020E9
:102BD0008AB4002097B40020C1B40020BEB4002005
:102BE000BFB4002054B4002028AE002050AE002016
:102BF0009FB40020ABB4002088B4002080A6002041
:102C0000C0160020CCA30020E0160020EC16002007
:102C100084570020A016002015F8012F2E492F48B8
:102C20000BF06CFDA6423FD014F00F0F04F101042D
:102C3000F2D101212A480EF035FBEDE7002E7FF49A
:102C4000F8AE0920274F0CF04DFA31460A200CF05F
:102C500049FA0A2224494FF6FF7010F0C9F9FFF72C
:102C6000E9F9E7E6012109200CF03CFA21460A20A7
:102C70001C4F0CF037FADDE6002109200CF032FA87
:102C80002B780A20042B0CBF217801210CF02AFAA2
:102C9000D0E6314609200CF025FA29460A200CF02E
:102CA00021FAE1E6002367E701210D480EF0FAFA68
:102CB0000A480BF00BFD0D490D4B0CA84D6808AAF6
:102CC0000C4CF1B21B8809950894FCF7D9FF6846B3
:102CD0000BF08EFEAEE600BFB81600208457002031
:102CE0001C2A002054B4002038AE0020CC940020D0
:102CF000346700209C060020AA4B1B782DE9F04F7A
:102D00008FB023B9A84F3B78002B00F08B80DFF801
:102D1000C0B2DFF898A2DFF8A8920EF059FA0028A6
:102D200040F09880DAF80000A04C03681B699847CF
:102D3000002840F0ED809E4B1B78002B40F0E58092
:102D40009C480AF0E5FF002840F0D4809A4C237894
:102D500023B19A4D2B78002B40F00181D9F8000067
:102D6000974C03681B699847002840F09B80954C5E
:102D70002368472B00F3B680934942F21072DBF8C8
:102D8000003009685B1A934200F2A0808F4ADBF89A
:102D9000003011688E485B1A142B03D98D4B1B78B9
:102DA000002B3AD1FEF706FA8B4B1B7833B18B4AD6
:102DB000DBF8003012689B1A462B6AD8884B1B78C8
:102DC0006BB1FDF71BFF01F089FF02280DD001F068
:102DD00085FF0128044615D00FB0BDE8F08FFDF740
:102DE000FDFB01F07BFF0228F1D1012105200CF051
:102DF00079F9002106200CF075F901F06FFF012828
:102E00000446E9D1002105200CF06CF9214606208A
:102E10000CF068F90FB0BDE8F08F03681360FEF79F
:102E200095FFBFE76F4BDFF8A8B11B784BB96E4C2D
:102E300042F20F72DBF8003021685B1A934200F215
:102E4000ED80DFF868A1DFF878910EF0C1F9002875
:102E50003FF468AF0EF000FA644B5FFA80F81B781D
:102E6000032B61D9042B00F0868100235F4A4E4F6B
:102E700013703B78002B40F089805A4B1B78002B55
:102E800000F08480D9F80000414603681B68984729
:102E900048E7574B1A78002A90D000221A70FFF7A3
:102EA000A1FA8BE72068474C03685B6998474D4B54
:102EB000C0B21B78002B70D12268032A55DC4D4B21
:102EC0009B5C834213D10132226055E70021092027
:102ED0000CF008F900210A200CF004F9464B0022FE
:102EE0001A7053E7FCF77EFE002840F08D80002327
:102EF000236041E7DAF800402E480AF01DFF2368FE
:102F0000C1B220461B68984720E7FCF7E5FC17E7AD
:102F1000206803685B699847234BC5B21B787BB177
:102F200028460EF0A9F906E7344AD25C42459CD106
:102F300033495A1C1C4F01F803802C4B1A7098E738
:102F4000304C94F80531062B00F22581DFE813F0B0
:102F50000301EA00D100B6009A0094007F00FFF759
:102F600069F8002323702B70F8E62249531C88541B
:102F70002360FEE623445B78442B40F00A81002363
:102F80000949184A0B70194913700B70DAF80000E0
:102F9000414603681B689847C4E60EF06DF9236844
:102FA000E7E600BF8AB40020A5B400201459002031
:102FB00088B40020F457002097B4002098B4002073
:102FC0001859002040B1002028AE0020BC9D0020F0
:102FD00054B40020BEB40020C1B4002050AE002084
:102FE000A8670020A6B40020B89D002093B400205C
:102FF0009FB4002008640020C0B40020506400206A
:103000005CA600202CB00020002109200CF06AF8FA
:10301000C14B01221A70FFF76DFB68E71721DFF83B
:103020002CA3DFF82C93BD480EF03CF9BC480BF004
:103030004DFBDAF80030D9F80000BA49DBF800207F
:10304000CAF80000C9F800300B60226065E60A2D5E
:1030500000F0BF810122D4F8C03084F8062103B10A
:1030600098470023BE2284F8053184F8BE3084F8E6
:10307000063184F8BF205EE60D2DEBD1062384F8DF
:10308000053158E6A5F13003092B40F2A58028460A
:103090000FF088FF462D00F29480002800F0918008
:1030A000A5F137035BB2591CD4D094F8091105225D
:1030B0000B4384F8052184F809313CE6A5F130037F
:1030C000092B7CD928460FF06DFF462D6CD80028BF
:1030D0006AD0A5F137035BB2581CBBD094F8092124
:1030E000DBB2042142EA031384F8051184F80931A4
:1030F00021E694F8BE1094F8BF208B4B91426DD21C
:103100002A2D00F0B9812C2D40F09D8193F8080103
:10311000013A80F02C00D2B283F8080183F8BF2076
:10312000995408E628460FF025FF002800F0398161
:1031300094F8BE2094F8BF107B4B91424ED9042ADC
:1031400040F200820321D3F8C02083F80611002A40
:1031500087D0904785E70022242D734B4FF0010163
:1031600084F8062100F06A81D3F8C02083F80611A4
:10317000002AEED175E76D4C84F804800EF06CF8EF
:103180006B4B60711B78E25C522A2FD0452A3FF4CA
:10319000F1AE684F6DE60522D4F8C03084F8062100
:1031A000002B7FF45DAF5CE728460FF0EDFE662D47
:1031B0003FF650AF00283FF44DAFA5F157035BB287
:1031C0008AE728460FF0E0FE662D3FF643AF002861
:1031D0003FF440AFA5F157035BB264E70221D3F897
:1031E000C02083F80611002AB3D13AE72344524A9B
:1031F000524C5B78CAF80040312BC9F8002000F02F
:103200004781322B00F0968100244A4F002306218B
:1032100008220AA80A930B930C930D938DF828109B
:103220008DF82920FCF708FD454908AB4548BDF855
:103230002A200646086849681512CDF818A0B2463B
:10324000CDF810800597CDF81C9003C39DF8293068
:103250008DF824209DF828208DF823308DF8222029
:103260009DF835309DF834208DF825508DF82620B6
:103270008DF827305AF8049F132133480EF012F8C6
:10328000002349460A2226480BF048FA24480BF04E
:103290001DFA4946002220460AF002FE64200BF087
:1032A00055FE2368FF2120461B68984701E05B69B3
:1032B0009847236820461B699847002823682046C2
:1032C000F5DC5B68082208A9204698474FF0000803
:1032D0009DF82830454646460293DBF800709DF87D
:1032E0002930CDF804800393236820461B69984752
:1032F00000282FDD236820465B699847C0B2A0F103
:10330000B503B3FA83F35B09AB4241D8002D40F01B
:1033100024810136E8E700BFC0B400201C1700205C
:1033200084570020C49F00202CB000205CA6002001
:1033300093B40020A5B4002094570020B458002076
:10334000C0030020586400203417002014590020C6
:1033500018590020DBF80030DB1BB3F57A7FC3D3AC
:10336000019B002B49D1944B534583D12E21934887
:10337000DDF81080059FDDF818A0DDF81C900DF039
:1033800091FF8F480BF0A2F900238E4A137070E56D
:10339000B52802D001260025A6E700260136012522
:1033A000A2E72A2D59D02C2D7FF454AE94F8BF30CB
:1033B000022094F80821013B94F8BE1082F02C0200
:1033C00084F80501DBB284F8082184F8BF30E154A9
:1033D000B1E494F807217C4B002A60D093F80911DE
:1033E00093F8082191425AD00421D3F8C02083F8E1
:1033F0000611002A7FF4ADAE33E64C460621734831
:10340000DDF81080059FDDF818A0DDF81C900DF0A8
:1034100049FF1C216E480DF045FF214600230A227A
:1034200067480BF07BF966480BF050F906216948B4
:103430000DF038FF62480BF049F9A5E783F8082141
:1034400083F8051177E493F80821481C5D54554032
:1034500083F8BE0083F808516DE494F8BF3003216F
:1034600094F8BE20013B84F8090184F80511DBB211
:1034700084F8BF30E2545EE4013A00240320D2B263
:1034800083F8094183F8050183F8BF20995452E479
:10349000514F0121514B002239701A70B6E694F851
:1034A000BDE0002594F8048114F80E30464E0193D7
:1034B00004F80E50B8F1000F32D016F8C9CBBCF1A9
:1034C0002D0318BF0123029316F8013C9C4518BF39
:1034D0002D2B01D0029BF3B93B48371D334613F81F
:1034E000012B10F8011F2D2A18BF8A4201D02D2967
:1034F00011D19F42F3D16DB29DF804306A1C04F8DB
:103500000E30314B10D005EB450503EB8505D5F8A2
:10351000D0309847A5E501350C36EDB24545D3D1FD
:103520009DF8043004F80E30D4F8C430002B7FF43A
:1035300097AD96E5284F0020284B0121144638709E
:10354000197063E693F80811501C9D544D4083F8A0
:10355000BE0083F80851FFF7EEBB16B9B5287FF41B
:1035600019AFA6F101036228B3FA83F34FEA5313AC
:1035700003D013B102260025B6E6622802D1002B43
:103580007FF4C7AE022E02D180460326ACE6032E9E
:103590007FF404AFB8F1050F0BD0029B04269845C9
:1035A0007FF4F9AE039B83427FF4F5AE01230193D0
:1035B0009AE6042698E600BF7C64002048170020A5
:1035C0008457002093B400202CB000205CA600207B
:1035D0007817002098170020A5B40020A6B400207A
:1035E00090F8A32090F8A200101A704790F8A2302B
:1035F00090F8A3209A4205D95A1C034480F8A220CF
:10360000987E70474FF0FF30704700BF70B504469A
:10361000D0F8B800072214490368651EE61C5B68F1
:103620009847D4F8B8000122104903685B689847AE
:1036300015F8011F0F290DD900231022D4F8B80066
:103640000BF06CF8B542ECD1D4F8B800BDE870408E
:103650000BF03CB8D4F8B8000122054903685B6858
:1036600098472978E8E700BFB4170020B835002054
:10367000BC1700202DE9F041037805464778461E27
:10368000D0F8B800072243EA072766490368EC1C14
:103690003FB25B681FFA87F89847D5F8B800012257
:1036A000614903685B68984716F8011F0F2935D9EF
:1036B00000231022D5F8B8000BF030F8B442ECD15A
:1036C0003E1FD5F8B80006225849F6B20368282EE6
:1036D0005B6828BF282698474EB3013EF6B20436F1
:1036E0002E4407E000231022D5F8B8000BF016F89E
:1036F000A6421CD0D5F8B80001224B4903685B688C
:10370000984714F8011F0F29ECD8D5F8B80001220A
:10371000474903685B6898472178E3E7D5F8B80024
:103720000122434903685B6898473178C0E7002F5E
:103730003FDBD5F8B80008223E4903685B6898472C
:103740004146D5F8B8000BF029F8D5F8B8003A4949
:10375000092203685B689847A978A9B1012943D079
:1037600002294ED003291CD0042952D005292ED07D
:1037700000230A22D5F8B8000AF0D0FFD5F8B80027
:10378000BDE8F0410AF0A2BFD5F8B80007222B49E6
:1037900003685B689847D5F8B800BDE8F0410AF0C7
:1037A00095BFD5F8B8000D22254903685B68984796
:1037B000E4E7D5F8B84014222249C8F30E0823687C
:1037C00020465B68984720460AF080FFB1E7D5F8AD
:1037D000B8000B221C4903685B689847D5F8B8000D
:1037E000BDE8F0410AF072BFD5F8B8000A221749C7
:1037F00003685B689847D5F8B800BDE8F0410AF067
:1038000065BFD5F8B8000722114903685B6898477F
:10381000B4E7D5F8B8000B220E4903685B689847F7
:10382000ACE700BFB4170020B8350020C017002057
:10383000BC170020E0170020EC170020F81700202C
:1038400014180020C817002030180020001800208D
:103850000C1800202418002038B5044608460D46F0
:1038600010F010FD23680246294620465B68984701
:10387000054620460AF02AFF284438BD2DE9F84FB6
:1038800081780346D0F805200529C0F80421407846
:103890001A781F7ADE799D795C7969D042EA002234
:1038A000DF7A9E7BC2F30E0293F80DE0DD7B07F01A
:1038B000030C043A93F810909C7C4EEA062812B24E
:1038C000597C45EA09290E2A41EA042436DC002104
:1038D0000A46587A012882463FD004287DD0022823
:1038E00000F0958003286DD0082818BF05287FD0E8
:1038F000A0F1280B5FFA8BFBBBF1010F78D91028E0
:1039000000F09180112800F08B80132800F08E8049
:103910001E2800F08E80BAF1140F00F09E80BAF1DC
:10392000150F00F0A180BAF1160F00F0A480BAF1D3
:10393000F10F00F0A7800020BDE8F88F187D102A55
:10394000D97C41EA002140F3BD80987D5A7D42EA4E
:103950000022587A01288246BFD1A3F8D4C080B291
:10396000A3F8CE80A3F8D090A3F8D240BDE8F88F9A
:1039700045EA06259A7A93F804E02A20DE7A597AF5
:103980004EEA042E42EA06265C7B1A7B47EA0127B0
:10399000D97B42EA04249A7BA3F8F05042EA012141
:1039A0005D7C1A7CA3F8EEE042EA0522A3F8F270EF
:1039B000A3F8F460A3F8FA40A3F8FC10A3F8FE20E3
:1039C000BDE8F88FA3F8ECC0A3F8E680A3F8E89070
:1039D000A3F8EA4080B2BDE8F88FA3F8DCC080B25B
:1039E000A3F8D680A3F8D890A3F8DA40BDE8F88F02
:1039F000A3F8F8C080B2A3F8EE80A3F8F090A3F883
:103A0000F240A3F8F410A3F8F620BDE8F88FA3F86D
:103A1000E4C0A3F8DE80A3F8E090A3F8E240D9E781
:103A2000A3F80241D6E783F800E1D3E783F808E181
:103A3000D0E76FF00E0003F10F0103F1170483F8D4
:103A40000961C01A01E011F8015FD3F80C21A1420D
:103A50000A441554F7D1587ABCE7A3F81281A3F8A9
:103A60001491A3F81641B5E7A3F81881A3F81A91A9
:103A7000A3F81C41AEE7A3F81E81A3F82091A3F898
:103A80002241A7E71C4693F8BC302BB9072FA1D1E0
:103A9000504684F810619DE70B49D4F8B800FFF751
:103AA000DBFEE37A072B01D0607A93E794F8BC3011
:103AB00023B10649D4F8B800FFF7CEFE94F809A068
:103AC000A67BE5E7002204E7A80F00203C180020B1
:103AD0002DE9F0479146984690F82421B0EE000B6E
:103AE000B0F9EE3004468A4607EE103A53422DED07
:103AF000028B01EE103AB8EEC78A0A9FB8EEC11BDE
:103B00000B9E0C9D0DF0AEFDB7EEC87A94F82431F3
:103B10005B4227EE007B01EE103AB4F9F03006EE7E
:103B2000103AB8EEC11BB0EE000BB8EEC68AB7EE85
:103B3000C77B8AED007A0DF095FDB7EEC86A94F860
:103B40002411B4F9F23026EE006B07EE103A4B4226
:103B5000B8EEC78A01EE103AB0EE000BB8EEC11B0A
:103B6000B7EEC66B89ED006A0DF07CFDB7EEC87A42
:103B700094F82421B4F9F43027EE007B06EE103AD5
:103B80005342B8EEC68A01EE103AB0EE000BB8EE22
:103B9000C11BB7EEC77B88ED007A0DF063FDB7EE71
:103BA000C86A94F82431B4F9F62026EE006B5B4223
:103BB00007EE102A01EE103AB8EEC78AB8EEC11B24
:103BC000B0EE000BB7EEC66B87ED006A0DF04AFD54
:103BD000B7EEC87AB4F8F83027EE000BB7EEC00B9A
:103BE00086ED000A2B70BDEC028BBDE8F08700BFAC
:103BF00070B505466424174E0DE090F8A33090F898
:103C0000A22001209B1A002B10DC0BF09FF9631EF1
:103C100013F0FF040CD0D5F8B00003681B69B34261
:103C2000EBD0984703460120002BEEDD012070BD4C
:103C300095F8BC000028FAD0D5F8B8500B220649F8
:103C40002B6828465B68984728460AF03FFD2046C7
:103C500070BD00BFDD3D0000CC18002070B50546EA
:103C60007D2406E001200BF071F9631E13F0FF04C0
:103C700016D095F8CA000BF03BFA78B195F8BC3035
:103C8000002BEFD0D5F8B86008220E4933683046D3
:103C90005B68984730460AF019FDE3E7012070BDE4
:103CA00095F8BC000028FAD0D5F8B8500F22064984
:103CB0002B6828465B68984728460AF007FD20468F
:103CC00070BD00BFD8180020E4180020002900F0C3
:103CD000A0802DE9F8430646894600254E4FB9F1EC
:103CE0001C0FC8464FF0010396F8B41028BF4FF0E0
:103CF0001C08D6F8B00008F10402D2B209F08CFE1C
:103D00003046FFF775FF002800F08180D6F8B0003C
:103D100003685B69BB4274D190F8A22090F8A310AD
:103D2000914206D9013280F8A220D6F8B00003688B
:103D30005B69BB425FD190F8A22090F8A31091423A
:103D400051D9013280F8A220D6F8B00003685B692F
:103D5000BB424ED190F8A22090F8A310914242D9D4
:103D6000013280F8A220D6F8B00003685B69BB423C
:103D70003BD190F8A23090F8A3209A4204D90133A5
:103D800080F8A230D6F8B000002419E090F8A230F4
:103D900090F8A32003F1010EC1189A4221D980F8AE
:103DA000A2E0887E01347F2D05F1010206EB0503B8
:103DB000E4B201D895B21871444508D2D6F8B000E3
:103DC00003685B69BB42E1D09847C0B2EAE7C8EB41
:103DD00009091FFA89F9B9F1000F80D10120BDE866
:103DE000F883FF20DEE7BB42CED09847D6F8B0007C
:103DF000CAE79847B7E79847D6F8B00003685B6909
:103E0000A6E79847D6F8B00003685B6991E7BDE87C
:103E1000F8830120704700BFE93D00002DE9F0471D
:103E20000446D0F8B000002879D00123042294F889
:103E3000B41009F0F1FD2046FFF7DAFE10B90020BA
:103E4000BDE8F087D4F8B0309B4E1A685269B24290
:103E500040F01A8193F8A21093F8A300884240F230
:103E600088814A1C194483F8A220D4F8B03091F814
:103E70001A801A680FFA88F95269B24240F0F98044
:103E800093F8A20093F8A310814240F27681421C7D
:103E9000184483F8A22090F81AA0D4F8B0304FEA62
:103EA0000A211A680DB25269B24240F0DF8093F8DD
:103EB000A21093F8A300884240F263814A1C19447F
:103EC00083F8A220887ED4F8B030C7B21A6852694D
:103ED000B24240F0C78093F8A22093F8A310914219
:103EE00040F25581511C1A4483F8A210907E45EA95
:103EF000090184F8008084F801A0C1F30E01A770C5
:103F0000E07000299BD00439204689B2FFF7DEFE1D
:103F1000A078012800F0C3800120BDE8F08794F864
:103F2000CA000BF0E5F8012889D0D4F8C030D4F8E5
:103F3000C400DA7C002A2ED072B6DA7CD70706D508
:103F40005E495A690D682A409A620A60DA7C9607CF
:103F500006D55B499A690D682A40DA620A60DA7C04
:103F6000550706D55749DA690D682A401A630A6071
:103F7000DA7C110706D554491A6A0D682A405A633B
:103F80000A60DA7CD70605D550495A6A0D682A407E
:103F90009A630A6062B69A68904200F0E8804C4AE0
:103FA000986092694B49C2F30115C2F3826251F8DD
:103FB00025100132B1FBF2F1002875D0B1FBF0F20F
:103FC0004AB1B1FBF2F1884238BF0132B2F5817FCC
:103FD000C0F0DF80404ADA601B68002503213F4EB5
:103FE00001201D61596229461A641E66186194F801
:103FF000C8000BF077F8D4F8C06033685D66DA6DFE
:1040000012F4F81FFBD05A6F0021D2B25966D96D55
:1040100011F4F81FFBD0586F0021C7B25966D96D53
:1040200011F4F81FFBD05D6F0021EDB25966D96D18
:1040300011F4F81FFBD000025B6FA57000F4FE4086
:104040002270E37050EA0205677049D194F8BC30E1
:10405000002B3FF4F4AE2046FFF7D8FA2846BDE81F
:10406000F087FF2718469047C0B240E718469047B0
:1040700029E718469047D4F8B03001021A685FFA71
:1040800080FA0DB252690FE718469047D4F8B03065
:104090005FFA80F81A680FFA88F95269EDE6237919
:1040A000012B03D0BDE8F0870A4689E784F8CC30BD
:1040B0001846BDE8F08700BFE93D000080E100E060
:1040C00084E100E088E100E08CE100E090E100E0C4
:1040D00000C00F40B8080020FF7F7F00070000C02D
:1040E0002A1F91B2A1B1251D0020FF273268576613
:1040F000D36D13F4F81FFBD07F28536F00F101003C
:1041000005F1010598BF05F8013C83B29942EDD84D
:10411000012194F8C8000AF0E5FFD4F8C020D37C50
:10412000E3B1DE0703D5214B916A1960D37C9D076B
:1041300003D51F4BD16A1960D37C580703D51D4B9B
:10414000116B1960D37C190703D51B4B516B196098
:10415000D37CDB0602D5926B184B1A6094F8BC3006
:10416000002B3FF4D5AE2046FFF784FAD0E6DA689C
:1041700032E74FF0FF09C8467FE66FF0FF054FF0CA
:10418000FF0AB2427FF46DAFFF200746AFE6FF2083
:10419000ADE6022A08D9023A5008010442EA002298
:1041A00001F47F010A4316E7002214E700E100E072
:1041B00004E100E008E100E00CE100E010E100E0D3
:1041C00010B5044690F8CA00FF2803D00AF090FF0B
:1041D00001280AD02046FFF721FE30B1A378032B37
:1041E00005D0022B0BD0052B04D0002010BD237965
:1041F000FB2BFAD12046BDE81040FFF73FBB2379E7
:10420000F12BF2D1A379072B01D0F12010BD637AF5
:1042100084F81031F9E700BF08B5FFF7D1FF00308F
:1042200018BF012008BD00BF2DE9F84302F10408C2
:10423000D0F8B030154606460F465FFA88F8002BD6
:104240005DD090F8B42001204146824083F83001CF
:1042500083F82F0183F8A520D6F8B00003681B6807
:104260009847D6F8B000002103681B689847D6F835
:10427000B0003946374403681B689847D6F8B00049
:1042800097F8841003684A1C1B6887F884209847B5
:104290006DB1013DF41CEDB204353544D6F8B000E3
:1042A00014F8011F03681B689847AC42F6D101213E
:1042B000D6F8B00009F040FB0546E0B196F8BC30F6
:1042C0001BB900242046BDE8F883D6F8B8002B229D
:1042D0007A49002403685B689847D6F8B860294695
:1042E00023460A2230460AF019FA30460AF0EEF95F
:1042F0002046BDE8F88301242046BDE8F883FFF797
:10430000ADFC04460028DCD0D6F8C030D6F8C49006
:10431000DA7C002A2ED072B6DA7CD00706D568493E
:1043200058690A6802409A620A60DA7C910706D5E9
:10433000644998690A680240DA620A60DA7C5007C8
:1043400006D56149D8690A6802401A630A60DA7CB6
:10435000110706D55D49186A0A6802405A630A6067
:10436000DA7CD20605D55A49586A0A6802409A632F
:104370000A6062B69A68914500F09180554AC3F888
:1043800008909269DFF868E1C2F38261C2F3011C10
:1043900001315EF82C20B2FBF1F1B9F1000F7CD0B5
:1043A000B1FBF9F242B1B1FBF2F1894538BF0132FC
:1043B000B2F5817F75D3484ADA601B6800214FF05F
:1043C000030CDFF830E101201961C3F824C01A643E
:1043D000C3F860E0186196F8C8000AF083FED6F8CA
:1043E000C0100B68C3F86480DA6D12F4F81FFBD0BC
:1043F0000022586F5A66DA6D12F4F81FFBD05A6F1C
:104400005F66DA6D12F4F81FFBD037445B6F97F8E4
:1044100084305A1C87F8842009684B66CB6D13F4EE
:10442000F81FFBD04B6F75B1681EF21CC0B2043090
:10443000304412F8013F4B66CB6D13F4F81FFBD0EC
:1044400090424B6FF5D1012196F8C8000AF04AFE60
:10445000D6F8C030DA7C002A3FF44DAFD60703D53A
:104460001E4A996A1160DA7C950703D51C4AD96AFD
:104470001160DA7C500703D51A4A196B1160DA7C97
:10448000110703D5184A596B1160DA7CD2067FF503
:1044900032AF9A6B154B1A6014E70A4682E7DA6866
:1044A0008BE7022A01D8002286E7023A500801046D
:1044B00042EA002201F47F010A437DE7F41800205C
:1044C00080E100E084E100E088E100E08CE100E0D0
:1044D00090E100E000C00F40FF7F7F0000E100E0BE
:1044E00004E100E008E100E00CE100E010E100E0A0
:1044F000B8080020070000C0F0B54FF47A7541718C
:104500001F0A4FF0FD0E05FB02F21E0C002543743E
:10451000111242721B0E80F804E081721114120E07
:104520008774C172022102731122C67403758571EA
:10453000C571057245738573C5730574BDE8F04098
:10454000FFF772BE0A4600230821FFF7D5BF00BF60
:10455000012210B5114602710446FFF765FE3220B4
:104560000AF0F4FC2046FFF759FC0028FAD132206B
:104570000AF0ECFC2046FFF751FC0028FAD110BDF0
:10458000FF2B2DE9F041044680F8B410C0F8B020AC
:1045900080F8CA3003D0184602210AF0AFFD204649
:1045A0000025FFF7D5FFF92302226571237120460C
:1045B0001146FFF739FE2046FFF730FC18B123798A
:1045C000F82B02D02846BDE8F08194F8BC60002E9C
:1045D000F9D0D4F8B8001422284903685B689847DA
:1045E0002B46A1791022D4F8B8000AF097F8D4F835
:1045F000B8001522224903685B6898472B46E17989
:104600001022D4F8B8000AF089F8D4F8B800A768E6
:10461000132203681B495B6898472B4639461022D2
:10462000D4F8B8000AF07AF8D4F8B800E768142291
:10463000036815495B6898472B4639461022D4F821
:10464000B8000AF06BF8D4F8B800237C1522016892
:10465000677CD1F804800D4943EA0727C047D4F8A6
:10466000B84039462B46102220460AF057F820461B
:104670000AF02CF83046BDE8F08100BF2019002078
:104680003819002050190020641900207C190020DE
:1046900038B50546018088000C46E9800EF0CEFC56
:1046A000E86090B100210E4B00226980A980AA60C9
:1046B0002B616B613CB12146013989B200EB81036A
:1046C0001A600029F8D1284638BD054B0022288001
:1046D0006880A8802846AA602B616B6138BD00BF46
:1046E0000000C07F10B50446C06808B10EF0AEFCF3
:1046F000204610BDC2683AB38388D0ED027A02EB3F
:1047000083020133C18892ED007A9BB277EEC77ABB
:104710008B42C0ED027A82ED000AD0ED027A8380EE
:1047200077EE807AC0ED027A14D043886BB1D0ED79
:10473000047AB4EEE70AF1EE10FA0ED580ED040A21
:10474000994201D901334380704780ED050A80ED1D
:10475000040AF5E700238380E7E7D0ED057AB4EE9D
:10476000E70AF1EE10FAC8BF80ED050AE8E700BFDE
:104770004188D1B14A1E9FED0E7AC36892B2F0EE25
:10478000477A80ED027A013203EB8202B3EC017AC0
:1047900077EE877A9342C0ED027AF7D107EE101ACE
:1047A000B8EEC77A87EE870A70479FED020A704716
:1047B000000000000000C07F70B5094D04460E46A1
:1047C000284609F00DF8284615F010FA4FF48065D8
:1047D00000228023267020466580A280A37170BDD0
:1047E000605A002041807047818070478171704716
:1047F00070B5012503780F4C0646AB4000212046DA
:1048000084F8305184F8A53084F82F5108F0B2FFB5
:104810002946204609F090F82B463178204602229E
:1048200009F0FAF894F8A30094F8A230C01A18BF5F
:10483000012070BD605A002070B501250378194C25
:104840000646AB400021204684F8305184F8A5305C
:1048500084F82F5108F08EFF2946204609F06CF8A5
:10486000317802222B46204609F0D6F894F8A2208F
:1048700094F8A3108A4211D25319A018DBB290F910
:104880001A00994284F8A2304FEA002006D9234446
:1048900002329B7E84F8A220184370BD4FF0FF3097
:1048A00070BD00BF605A0020F8B581880546428877
:1048B0000126AF7948F203130A432D780E4C314696
:1048C0003A43B540204684F83061134384F8A5503C
:1048D00084F82F619DB208F04DFF2046290A08F0A8
:1048E00049FF2046E9B208F045FF31462046BDE8C1
:1048F000F84009F021B800BF605A002088B181B1AA
:104900000288012A30B410D01030002203E030F8C1
:10491000104B012C0AD0013205469142F7D130BC30
:1049200070474FF0FF329A60704705462A7A01219E
:104930001A746A7A5A74AA7A9A74EA7A9960DA745A
:1049400030BC70474B684360704700BFF0B589B01A
:104950000D460446084601A9164603F0B7F9013092
:1049600004D0019B0120736009B0F0BD0023012237
:104970001B494FF45450A36005930293039304938F
:104980000793ADF80420ADF814200691ADF80600A9
:1049900004F03EFE04F0B4FF27796179A279E3794F
:1049A000029001A8049507948DF80C708DF80D10F5
:1049B0008DF80E208DF80F3001F056FF0028D3D06F
:1049C000A368002BFCD0A368013302D0A0680128A3
:1049D00002D0002009B0F0BD2369736009B0F0BDBA
:1049E000F950000000207047704700BF014B186865
:1049F000704700BF54B4002010B5044609F0FCFD18
:104A0000204610BD0029194B14BF0121002130B5EB
:104A1000197083B013D01546044604F0F9FD04F074
:104A200009FE00238DF804308DF805308DF806302E
:104A30008DF80730019B834208D003B030BD01F0F0
:104A4000A9FE03B0BDE8304001F098BE084B1846FF
:104A50001C6001F025FE0028EFD0204601F09AFEF0
:104A6000296803B0BDE8304001F0C2BE8DB400201B
:104A7000E0A50020704700BF704700BF2DE9F04F50
:104A8000844F93B0894604920390D7F8008004F0D5
:104A9000BFFD04F013FD002840F0CD807E4B1B6865
:104AA0001BB94FF480337C4A13607C4B1B68002B8E
:104AB00000F0E980DFF81CA2DAF800301BB94FF4EF
:104AC0000063CAF80030DFF810B29BF8000000283D
:104AD00000F0D0808000724E0AF0E8FD9BF80030B4
:104AE000306098000AF0E2FD9BF800306D4970607C
:104AF000580001910AF0DAFD9BF80030B0605800D0
:104B00000AF0D4FD9BF80030F06098000AF0CEFD6A
:104B10009BF80030306198000AF0C8FD624A9BF8AB
:104B20000030106058000AF0C1FD9BF80030706141
:104B300058000AF0BBFD5D4A9BF8003010609800F9
:104B40000AF0B4FD5A4B18609BF800000AF0AEFD65
:104B500001999BF8003008607BB30024CDF81480E5
:104B6000234625B2D6F80080DAF8000002930191BE
:104B70000AF09CFD48F82500D6F80480DAF8000019
:104B80000AF094FD48F825000420D6F810800AF0B9
:104B90008DFD454B48F8250004F1010E1A68019976
:104BA000029B42F825300A6813555FFA8EF49BF891
:104BB0000020A242D5D8DDF81480384B0AA81A6824
:104BC000354B0A921B683B4A0B933B4B0C920D935F
:104BD00005F0EAFF01303AD003990622374804F085
:104BE0000FFE013033D004F013FD80B304F010FD4C
:104BF000334A34491368079013F0010F0891324B80
:104C000003D1012104981160186007A8099302F0EC
:104C1000D7F845F6BF522D492D4809F08DFC04F018
:104C2000F7FC01F0B7FD01F0B1FDB0B93B68C8EB8E
:104C300003034B450BD204F0EBFC01F0ABFD01F09C
:104C4000A5FD50B93B68C8EB03034B45F3D30020E7
:104C500013B0BDE8F08F0A9B8BB904F0D9FC01F0CA
:104C600099FD0AA901F0B0FD3B68C8EB0303994523
:104C7000F1D8ECE7082320208BF800302BE7012047
:104C800013B0BDE8F08F044B18680AF00FFD034B1A
:104C900018600FE754B4002098A5002094A50020C8
:104CA00000002020ACA500208CA50020A4A5002099
:104CB000A8A50020A0080020B008002098640020CB
:104CC000D4A3002001520000F0A5002091B4000000
:104CD000785E002090A500208CB40020064B1B7845
:104CE00003F0FF002BB1A0F10100B0FA80F0400901
:104CF00070470220704700BF8DB40020032070472A
:104D000010B5044604F084FC04F094FC024B60608F
:104D10002046236010BD00BF9C06002038B50D461C
:104D200004F076FC04466D6804F072FC04F08CFC20
:104D3000024629462046BDE8384004F041BC00BF89
:104D400030B4054B0024054D5C601D60044A0549E4
:104D5000054830BC0DF00ABF9CA500209C06002031
:104D600050570020F5510000785E002003689B6BCF
:104D7000184700BF4969024A41600260704700BF9E
:104D80009C060020008B7047C0897047808B80B2E2
:104D9000704700BF10B582B00468012202AB03F86F
:104DA000011D19466368984702B010BD704700BFE7
:104DB00038B5064D837F2A789A4205D904461846AD
:104DC00000F08EF92B78A37738BD00BF8CB400209B
:104DD000104B1A7870B504460E460F4D82B1002173
:104DE0002A78197082773146022000F09DF92B78DD
:104DF000A07783420BD90023E6810120A38370BDF5
:104E0000807F2B788342EED900F06AF9EBE700202F
:104E100070BD00BFAC6700208CB40020F0B500234B
:104E20008BB0154C0D461746069309930646029320
:104E300005940894019404F0EBFB04F00FFC03A923
:104E4000049005A80394FFF77DFD294605A841F2CB
:104E5000883301AAFFF77AFD012801D00BB0F0BD1D
:104E600033683A46029D03A99B6A30460394049531
:104E700098470BB0F0BD00BF9C06002008B500238A
:104E800004314383807F00F0FFFA08BD08B500219C
:104E9000807F00F035FB08BD08B5807F00F030FB57
:104EA00008BD00BF10B5044693B2807F0A46618BEF
:104EB00000F0B6FA638B0344638310BD838B9BB20F
:104EC00013B94FF0FF30704710B582B0044601228D
:104ED000807F0DF1070100F035FA002807DDA38B74
:104EE0009DF80700013B9BB2A38302B010BD4FF0B9
:104EF000FF30FAE7838B9BB2CBB1838B9BB293429B
:104F000010B504460CD912B2807F00F01BFA02469D
:104F1000002A0FDDA38B10469B1A9BB2A38310BD02
:104F2000828B807F12B200F00DFA0246F0E74FF05C
:104F3000FF3070474FF0FF3010BD00BF074A08B583
:104F4000837F12789A4202D9828B92B212B94FF0C3
:104F5000FF3008BD184600F055FA08BD8CB400209B
:104F6000F0B5114D0446807F83B02B780F4616466E
:104F7000834215D80D4B32467F68694682208DE802
:104F8000880000F08DF92B78A077834205D90023A3
:104F90000120E681A38303B0F0BD002003B0F0BD83
:104FA00000F09EF8E6E700BF8CB400209C060020CD
:104FB000F0B5044687B0807F00F00AFAA08308B9F4
:104FC00007B0F0BD1B4B0C271B4906ADA27F0DEBB4
:104FD0000706186800230968DFF864E051F822101A
:104FE00050F82200DEF8002045F8107D009601956B
:104FF00005F0F0F9114A0023A17F126822F8113060
:10500000421C13D09842DBDDBDF80E309DF81460D1
:105010005BBA9DF815509DF816109DF81720238354
:1050200026756575A175E27507B0F0BD184607B025
:10503000F0BD00BF8CA5002004002020140020201B
:1050400090A50020224B1A6852F82030C3B152F8C4
:105050002000204910B584B0012403AA0DF10B03F0
:1050600003940092072205F0B3FA01301CD09DF89A
:105070000B30042B15D8DFE803F005080B0E1100E8
:1050800018467047002004B010BD1C2004B010BDAD
:10509000132004B010BD172004B010BD142004B0BC
:1050A00010BD012004B010BD02F016FA04460A211A
:1050B00009480CF0F7F80CF029F92146074809F0E7
:1050C0006DFB064809F002FB0CF020F9CFE700BFAA
:1050D0008CA5002017E50300B81900208457002094
:1050E00070B50E4D04462B681A5C034452B9860015
:1050F0000B4D00242A681C70905905F0CBF82B68E2
:105100009C5170BD074A03B212689E0052F82300FA
:1051100001F080FE2B682344EAE700BFACA5002025
:105120008CA50020A8A500202DE9F047564F88B097
:1051300097F80090B9F1000F00F08580DFF85C81EE
:105140000E460546D8F800301C68F4B1043300243C
:1051500002E053F8042BC2B10134E4B2A145F8D106
:105160004FF0000A534601E0994517D918461C46EE
:10517000FFF768FF00F0FB000AF1010A18285FFA48
:105180008AF3F1D12046FFF7ABFF404B0121022DFE
:105190001B680391029352D0212D03D0387808B0B8
:1051A000BDE8F08700220846D8F800A00FFA84F97D
:1051B00005F018FB4AF829004FEA8909D8F80030B1
:1051C000DFF8D88053F80930002BE7D00C220021FB
:1051D00005A876BA05F02AFED8F800304FF0000E88
:1051E00005A953F8090001230C22ADF81660ADF8AB
:1051F0001430CDF81CE005F059FB0130D8F8003030
:1052000023D0042653F80900062202AB2049009659
:1052100005F056F9D8F8001002AB052251F8090044
:105220001B49009605F04CF9212D13D0194B002293
:1052300020461B6823F8142008B0BDE8F087084614
:1052400000222946B0E74846A9E753F8090005F0CF
:1052500021F8A3E7D8F8005003AB0F49102255F806
:1052600009500868062100960490284605F028F9A0
:10527000D8F8001004AB032251F809000449009645
:1052800005F01EF9D2E700BF8CB4002090A50020E5
:1052900017E50300A4A50020C80300208CA500206A
:1052A0002DE9F047022086B089461146FFF73CFF02
:1052B000224B05461B7883423BD099F805400026D7
:1052C00099F804200FFA80F8240499F8073099F827
:1052D00006C04FF0080E04EB0264194F31460DF181
:1052E00018091C443A6804AB4FF0040A04EB0C2480
:1052F00052F828001922CDF800E024BA059604944B
:1053000005F0DEF83868FF233146182250F82800EF
:1053100049F80C3D4B46CDF800A005F0D1F83A68AD
:105320004B46314652F828001722CDF800A005F070
:10533000C7F8284606B0BDE8F08700BF8CB400204F
:105340008CA500202DE9F0411E4E45001E4B37680C
:105350001B6837F810E02F449E452FD080460EEB97
:1053600002001446834212DD69B1184B08461B68DF
:1053700053F82810714405F0D7FC376837F818E067
:105380002F440EEB040038802046BDE8F081CEEBC0
:105390000304A4B261B10D4B084622461B6853F8C2
:1053A0002810714405F0C0FC33685F1933F818E029
:1053B00004EB0E0120463980BDE8F0814FF0FF3448
:1053C000E2E700BF1400202090A500200400202068
:1053D00010B509490246094C022309682068084CA7
:1053E00051F8221050F82200226805F05FF8431CA3
:1053F00014BF80B2002010BD040020208CA5002026
:1054000090A50020044A054B12681B6852F8202022
:1054100033F81030D05C70470400202014002020A6
:1054200070B51D460B440E4604B2B3F5006F144B25
:1054300010DA1B6811462A4653F82400304405F060
:1054400073FC104B28461A6832F814301D4422F8B9
:10545000145070BD1B68C1F50065114653F8240057
:105460002A46304405F060FC064BA8B21A6832F8B0
:1054700014309E1B06F5006622F8146070BD00BF54
:105480000000202008002020F0B40C780CB94B78E4
:1054900023B3002A2AD0174D03B2174C002701204E
:1054A000266854BA2A6826F8137052F823600F78D9
:1054B000124A37702E684F7856F8236077702E683E
:1054C0008F7856F82360B7702E68CD7856F8231081
:1054D000CD70126822F81340F0BC70478B78002B17
:1054E000D7D1CB78002BD4D11846F5E71046F0BCC5
:1054F000704700BF10002020080020200C00202052
:10550000F0B51B4A87B01B4C012312680C26246897
:10551000ADF80C300B4654F820700DEB060532F850
:105520001020DFF85CC0ADF80E2079783C780904D3
:10553000FA7897F802E001EB04640F4F0F49144426
:105540003F68DCF8002004EB0E2457F8207009684F
:1055500024BA32F8102051F82010384605948DE80E
:10556000600004F0C5FE013018BF012007B0F0BD97
:105570000C002020100020208CA5002000002020FE
:105580000800202040BA80B2704700BF00BA7047C0
:10559000002070472DE9F041514D0446514BEA6E11
:1055A000514E194642F440625048EA66C3F8E8603A
:1055B000C3F8E400D1F8E0304A4A002BFADA4C4D47
:1055C0004FF480334B490527C2F8E83043F2E9062F
:1055D0006A684FF4004C484B4FF4804E11404748E6
:1055E00003224FF0160841F4003169604BF2E905DF
:1055F000C3F87471C3F878713127416841F44041B0
:105600004160C0F884C04FF0020CC0F888E001206F
:10561000C3F87C634FF0000EC3F88463C3F8805373
:10562000C3F89863C3F88853C3F88C53C3F89053F6
:10563000C3F8947307F16047C3F89021C3F88C2135
:1056400007F6D377C3F8A481C3F8A8213D46C3F871
:105650009421C3F8A021C3F89821C3F89C2102F13A
:1056600086422749274E02F5DE12C3F8B8E102F55B
:10567000F452C3F8B4E1C1F830C048638863C8632A
:105680000864C86238683368A2FB0332920C520087
:105690002B681D491B1A9A42FAD8184812221B4B34
:1056A0004FF48045C0F8845008465A64184A096887
:1056B0003368A2FB0332920C02EB820203685B1A8E
:1056C0009A42FBD84FF420721821204602F070F85D
:1056D00020468122172102F06BF80020BDE8F081FE
:1056E00000C00F4000800D400F100100012021007C
:1056F00000C00A40FFDF7DFF00801F4000400042E5
:1057000000841F4060570020041000E000802D40FE
:1057100083DE1B43014B187803F02CB904ED00E045
:10572000102832D91A4B1B4A9B68F0B453F820401A
:10573000944218BF43F82020A0F110025309042B13
:1057400020D89E00144D012402F01F0235440F2979
:1057500004FA02F2104FD5F8806128BF0F210F4CD8
:105760001643C1F10F0104440020C5F8806109010E
:1057700057F82350C9B22A4347F8232084F800136E
:10578000F0BC70470020F0BC70474FF0FF3070470E
:1057900000ED00E0115F000000E100E0F0E000E05B
:1057A000E0B103691B78012B18D1C3681A68AAB14C
:1057B000A1B113680020D3F8E43030B4CB701D0ED3
:1057C0001C0C1B0A0D704C708B701368D3F8E830FA
:1057D0001A0E1B0C0A714B7130BC70474FF0FF3032
:1057E000704700BF70B103691B78012B0AD1C368F1
:1057F00000201B681B68D3F80422D3F8843281E8A8
:105800000C0070474FF0FF30704700BFC3681A6844
:1058100013685968890103D44FF0FF325A6070470A
:105820004FF00071D1605960704700BFF0B4C66896
:105830004FF400078904154D30684FF4803301F4AC
:10584000F80144686760A768A06820F40000A060C1
:10585000307AC00500F0786005432943216401E0F7
:10586000013B0BD061680902FAD54FF40003002018
:105870006360A760236CF0BC138070474FF4000393
:105880004FF0FF306360A760F0BC7047000002601B
:10589000F0B4C7684FF400008904154D3C684FF41C
:1058A000803301F4F80164686060A668A06820F4A1
:1058B0000000A060387AC00500F07860024315430C
:1058C0002943216401E0013B09D062681202FAD544
:1058D0004FF4000300206360A660F0BC70474FF4F3
:1058E00000034FF0FF306360A660F0BC704700BF5C
:1058F00000000250002835D0F8B503691B78012B51
:105900002DD1C3681F6857B349B30C46054606221C
:105910001649204605F09AFA08B306221449204693
:1059200005F094FAD8B1237813F0010617D1617805
:105930001B06E278284643EA0143A57839681343F9
:1059400043EA0523C1F8E430637922791B0443EA72
:105950000263C1F8E83001F06BFE3046F8BD4FF04D
:10596000FF30F8BD4FF0FF30704700BF6C0D0020D6
:10597000640D002038B5C36800224FF0FF3504469F
:1059800019680B6888685A645A629A605D6003F00F
:1059900057F82046BDE8384001F03EBEC3689A691A
:1059A0002DE9F04F074683B01E6822B1904710B131
:1059B00003B0BDE8F08F326801235362536A13F0DD
:1059C0000104FBD1306B4FF0FF314FF00C099460B4
:1059D00000F13F0800F18E03ED30516028F03F08E0
:1059E00023F03F0320F03F002546C6F81480A2466E
:1059F000C6F82480B3613362A8F80090A8F802408A
:105A0000FFF7C4FD336BD6F814B0C8F8040003F2F6
:105A10002A709BF808306FF07F088BF8089020F010
:105A20003F009BF8093040F23D698BF809409BF834
:105A30000A308BF80A409BF80B308BF80B40FFF7CD
:105A4000A5FD0223CBF80C003377306BB36909FB5B
:105A5000050003EBC50413F8352000F6675003F882
:105A600035800135637820F03F0084F801A0A378E9
:105A700084F802A0E37884F803A0FFF787FD042DE3
:105A80006060E2D171692B4675770A89D6F818E013
:105A900042F02002B0680A81BEF818402D4A44F056
:105AA00020042D49AEF81840009702F089FF002825
:105AB0007FF47EAFB46940F2FE5E716918223368EC
:105AC0004FF047084FF4807CC3F82001C3F824014D
:105AD000C3F81801C3F81C01C3F888E14FF06E0E3B
:105AE000C3F880410F24C3F884111C49C3F8841003
:105AF0004FF00071C3F8C450C3F8C0210222C3F8AC
:105B0000C481C3F844C1C3F8900138463C6274684C
:105B1000C4F844E099605A6201F07EFE00287FF4E8
:105B200047AF33684FF000424FF08071C3F8E40094
:105B3000C3F8E8005A66C3F80402C3F884025A6E38
:105B400022F000425A66B062F062196103B0BDE80B
:105B5000F08F00BFF9630000096000000401FE053A
:105B6000F8B5C3681C68236A1A8815062FD4054641
:105B70004FF080761A8811072AD4236A21681A8880
:105B8000083302F0200223F8082C33F8082C42F0E6
:105B9000800223F8082C33F8082C920648BFA3692A
:105BA00023620E611A881707E9D51A8802F02002CD
:105BB0001A801A8842F080021A801A8890064CBF18
:105BC000A369083323620E611A881206D2D5F8BD84
:105BD0001A8812F47C5F02D0236A2168E5E75868CE
:105BE000FFF7D4FC236A07465888FFF7CBFC3946F9
:105BF0000246284601F07CFCEEE700BF38B5C368DA
:105C000005461C6802F04AFFE3689A0105D523F0B7
:105C100000732846E360FFF7A3FFBDE8384002F0B9
:105C200045BF00BFF8B50D46002933D04B690D2B99
:105C300030D9C3681E68736A1C8804F08004A4B25B
:105C4000002CF9D15868FFF7A1FC2146034607460E
:105C50004FF0FF32284603F0AFF8AB6999061ED526
:105C6000686980B2746AFFF78DFC736A60801A8875
:105C700042F080021A80BFF35F8F1A889206326862
:105C80004CBF7369083373625369002BFCD14FF02A
:105C9000807353612846BDE8F84003F0E1B9BB8941
:105CA0006869082B19D02728DBD94DF68652934214
:105CB000D7D1397D28230029D3D003F10E0206293C
:105CC0003A441ED0112915D00129CAD10433984273
:105CD000C7D300239370D370C3E71328C1D9BB8AFD
:105CE00023F04003002BBCD1BB7BF97D9B0003F06C
:105CF0003C03E0E708339842B3D300239371D37198
:105D0000AFE714339842ACD3002313745374A8E75D
:105D1000C2684FF0FF33F0B4CE181768053116F89B
:105D2000014F082006E01E4B01384FEA540483EA75
:105D300005030AD084EA03025D08D207F3D40138D0
:105D40004FEA53034FEA5404F4D18E42E7D19B0E3D
:105D5000012203F01F011F2B3B6802FA01F208D851
:105D6000D3F824110A420FD0BB6A1A43BA62F0BCBE
:105D70007047D3F820110A420DD1D3F820110A43FD
:105D8000F0BCC3F820217047D3F824110A43F0BCBB
:105D9000C3F824217047FB6A1A43FA62F0BC7047CB
:105DA0002083B8EDC2684FF0FF33F0B4CE18176807
:105DB000053116F8014F082006E0184B01384FEA6C
:105DC000540483EA05030AD084EA03025D08D2077B
:105DD000F3D401384FEA53034FEA5404F4D18E420E
:105DE000E7D19B0E0122386803F01F011F2B02FA36
:105DF00001F209D9F96AD0F8203161EA02021340B0
:105E0000F0BCC0F820317047B96AD0F8243161EA9B
:105E100002021340F0BCC0F8243170472083B8ED73
:105E200038B5DC1C8C420BD81C46054602701A465D
:105E300002346B700499023004F076FF281938BDE3
:105E4000002038BD70B590E84400531C9E4203D832
:105E50009AE0B24200F0D880147813460132002C48
:105E6000F7D0FF2C00F0D0805A7802321A44B242A8
:105E700000F2CA8002601C785D78013C3A2CE4D8BC
:105E80000FF2040E5EF824F0F7670000476600008A
:105E9000E96700004766000047660000DB67000016
:105EA000476600004766000047660000476600003E
:105EB000476600004766000047660000476600002E
:105EC000476600004766000047660000476600001E
:105ED000476600004766000047660000476600000E
:105EE00047660000476600004766000047660000FE
:105EF00047660000476600004766000047660000EE
:105F000047660000476600004766000047660000DD
:105F100047660000476600004766000047660000CD
:105F200047660000476600004766000047660000BD
:105F300047660000476600004766000047660000AD
:105F4000476600004766000047660000476600009D
:105F5000CD670000B5670000A367000095670000EB
:105F6000476600004766000047660000876700003C
:105F700071670000042D7FF468AFD3F802308B61A5
:105F8000531C9E423FF668AF70BD042D7FF45DAF99
:105F9000D3F802304B6158E7042D7FF456AFD3F8A5
:105FA0000230CB6051E7012D7FF44FAF9B7881F831
:105FB000203090E8440048E7012D7FF446AF9B78FD
:105FC000032B3FF642AF81F8213090E844003CE7D4
:105FD000042D7FF43AAFD3F80230CB6135E7032DBF
:105FE0007FF633AFD3F802300B612EE7032D7FF637
:105FF0002CAFD3F802308B6027E7042D7FF425AF58
:10600000D3F802304B6020E770BD00BF2DE9F041AE
:106010000C2586B000F13406044606AB0DEB0502F4
:1060200000680F4643F8105D31460193002300924B
:106030004FF40A7204F0CEF9054607F089F8A36917
:106040006269C01A904250D2EF2D03DD94F83430CB
:10605000022B04D00025284606B0BDE8F081D4F814
:106060003880A06AFFF792FA8045F3D194F8362081
:10607000062AEFD104F1200104F1500004F0E6FEFD
:106080000028E7D104221A4904F5907004F0DEFEDE
:106090000028DFD12421384604F0D0FE6B1E616C4D
:1060A00004F592721E4404F12C08396039462663C7
:1060B0004046E262FFF7C6FE97F82130002BCAD0B7
:1060C0009A07394640464CBF04F1600304F1A0032F
:1060D000E36297F82130DB074CBF04F21F1304F191
:1060E0009F032363FFF7AEFEB5E74FF0FF35B2E73E
:1060F000600D00202DE9F04F00F13407044689B00F
:106100004FF40A7100F12008384604F097FE062586
:106110000123A06A84F8365084F8343084F835308E
:10612000FFF734FA80232A46A063E387414604F14F
:10613000500004F5927504F0F7FD04F59070042208
:10614000704904F0F1FD2379092B00F28A80DFE821
:1061500003F08B88969EB888C3CE880504F5187224
:1061600004F5177628460423711B00923222FFF7AC
:1061700057FE0546002874D003234FF0FF398DF8F1
:1061800009300DF10900711B0123352200902846CA
:10619000FFF746FE0546002863D09DF8093003F05E
:1061A000FD03012B1CD106F0D3FFD4F86432A061AB
:1061B0005BB104F51970711B04233322009028464B
:1061C000FFF72EFE054600284BD04F48711B0623D3
:1061D000372200902846FFF723FE0546002840D0CE
:1061E0004FF40A70FFF7CEF90DF1200E711B022358
:1061F0002EF8160D39222846CDF800E0FFF710FEE4
:10620000054670B30DF1200B4FF0010A41460622FE
:106210000DF10D000BF814AD04F086FD711B28463E
:10622000CDF800B007233D22FFF7FAFD0546C0B1C7
:10623000FF2305AE0C210370304604F0FFFD0C2354
:10624000EA1B20684FF48644019300965244394675
:106250000023ADF814A0CDF81C90ADF8164004F062
:1062600047F809B0BDE8F08FD4F86C220723D4F8C2
:10627000789204F5177622648DF8093081E70123BE
:1062800004F517764FF0FF398DF8093079E704F5FA
:10629000247204F51776284604230092711B3222DB
:1062A000FFF7BEFD0028DCD004F52775311A042362
:1062B00036220095FFF7B4FD054600287FF45CAF59
:1062C000CFE7D4F86C22042304F517764FF0FF399A
:1062D00022648DF8093054E7D4F86C220323D4F8F3
:1062E000789204F5177622648DF8093049E7032285
:1062F000D4F86C3204F517764FF0FF398DF8092089
:1063000023643EE7600D0020F464002010B50446CD
:106310000171092906D8DFE801F01328383D4A57F2
:106320006778280610BDFFF7E5FE0120A1694FF44C
:10633000FA524FF47A6320732161A260636110BD49
:10634000D0F86C32002B66D1D4F8B40203F090F987
:10635000022863D000232068637103F09BFFD4F808
:10636000B802BDE8104000F0F3BCD0F8B40203F06E
:106370007FF9012805D00022D4F8B402114603F0B9
:106380001FF9A36A0133A36210BDFFF7B3FEE369EF
:10639000636110BDFFF7AEFE0120A1694FF47A6280
:1063A0004FF47A53207321616261A36010BDD0F86D
:1063B0006C12D0F8B40200F089FF06F0C9FE4FF469
:1063C0007A73A061A36010BD83690622D0F88002B1
:1063D0002361431C227316D0FFF7D8F84FF47A7369
:1063E00003FB00F0A06010BDFFF784FE0723D4F884
:1063F00084022373FFF7CAF84FF47A734EF66022D3
:1064000003FB00F06261A06010BDFFF773FE012383
:10641000D4F88802EDE7FFF76DFE95E70022D4F887
:10642000B402114603F0CCF894E700BF10B504465F
:10643000D0F87022D0F86C12D0F8B40203F0C0F893
:10644000D4F87412D4F8B40203F0CAF8D4F87C1269
:10645000D4F8B40203F0D0F8D4F8B402022103F067
:1064600013F920460521FFF751FFD4F8BC323BB1A8
:10647000D4F8C8222046D4F8B412BDE8104018471A
:1064800010BD00BF10B5044600F07CFC0021204682
:10649000FFF73CFFBDE8104000F07ABC0279531EC4
:1064A000F0B504468DB0082B3ED8DFE803F04E5619
:1064B000056F8805053F0500063A012A40F2B280C3
:1064C00006F046FE2369A268C01A904280F09E80C2
:1064D000204603A9FFF79AFD421C00F0AA8000287D
:1064E00022DD9DF82C30052B40F09580039BDBB11D
:1064F000069BCBB10A9DBDB1A36923616B1C40F023
:106500009C800895099503AD04F51B7694F8687294
:106510000FCD0FC60FCD2D680FC63560002F5AD096
:1065200020460421FFF7F2FE0DB0F0BD0921FFF770
:10653000EDFED4F8C032002BF6D0D4F8C4222046A9
:10654000D4F8B41298470DB0F0BD0221FFF7DEFE7B
:10655000D4F8C032002BF0D1E6E703A9FFF756FDCF
:10656000411C5AD00028DFDD9DF82C30022BDBD1F6
:1065700003AD04F524760FCD0FC60FCD2D680FC6E1
:10658000204635600321FFF7C1FECDE706F0E0FDB0
:10659000A369A268C01A90421DD20022D4F86C12DE
:1065A000D4F8B40200F02CFD01280546BCD12046E9
:1065B000FFF7A0FD29462046FFF7A8FEB4E7D0F874
:1065C000B40203F055F850B96379012BACD12046E1
:1065D000FFF758FFA8E72046FFF728FFA4E70C23A2
:1065E0000CAA20680DEB030142F8283D00238DE83A
:1065F00006004FF40A7204F1340103F0EBFE06F0DA
:10660000A7FD2369A268C01A90428DD9217B20463C
:10661000FFF77CFE88E7062B86D120460121FFF795
:1066200075FE81E7D0F8B40203F022F80028CBD041
:1066300046E72046FFF75EFD76E72846FEF7A6FF11
:10664000B3281FD84FF034430A93089BC3B1099B6A
:106650000A9813B185423FF456AFFEF797FF400802
:10666000FEF794FF08900A98FEF790FF05460A98F7
:10667000FEF78CFFA5EBD000FEF788FF099042E7FC
:106680000A98EAE70A98FEF781FF034B9842DCD9A3
:10669000024B0A93D9E700BF9BC420000020C49B93
:1066A0002DE9F043054685B000F06CFB002D5AD073
:1066B0002E68002E57D0304603F022F9814600287C
:1066C00051D02C4C6779002F4DD10C214FF001088F
:1066D00001A804F0B3FB4FF488433A464046022138
:1066E0000397CDF80890ADF80480ADF8063004F0BB
:1066F00079F82060002836D001A90C2204F0D6F8E1
:1067000070BB062204F12001304602F0E3FF38BBE3
:106710002146194800F0FCFAC4F8B80200B34FF45F
:106720007A63C4F8B462E3616B68C4F86032A86845
:10673000FEF72CFFD4F860222B7B002AC4F86402F9
:10674000204684F868320CBF01210821FFF7DEFDE6
:1067500084F8058000F01CFB204605B0BDE8F083FE
:10676000206803F097FD00F013FB002005B0BDE8A2
:10677000F08300BF5CAA0020996C000010B143793F
:10678000012B00D07047FFF77DBE00BF00B14079FC
:10679000704700BF38B590B1054600F0F3FA094BD9
:1067A0005A79012A04D0002400F0F2FA204638BDBC
:1067B000D3F8B40285420CBF1C460024F4E704461B
:1067C000F4E700BF5CAA002089B180B138B5054666
:1067D0000C4600F0D7FA05F51B750FCD0FC495E8F0
:1067E0000F0084E80F00BDE8384000F0D1BA7047D0
:1067F00018B119B94FF47A63C3617047C16170472A
:106800002DE9F843804608460D4604F039FB06465C
:10681000404604F035FB2EB1731C984205D0002091
:10682000BDE8F8830120BDE8F883013D002715F895
:10683000013F7C1C2E2B20460AD018F8040004F0DF
:106840004DFB8146287804F049FB8145204608D15C
:10685000A6422746EBD8301AB0FA80F04009BDE8CE
:10686000F8833846F7E700BF2DE9F04F4FF4007387
:1068700089B00446039300F085FACCB16369BBB1DB
:106880004FF48071E06804F007FB0138FE280FD850
:106890000C22214605A804F047FA05A804F058F98F
:1068A000012800F09F80DFF8A89199F808302BB1FB
:1068B00000F06EFA002009B0BDE8F08F4FF41C71B3
:1068C000484604F0BBFA6269A369C9F80C20C9F80C
:1068D0001030228AE368A9F82C20C9F8183004F097
:1068E00031FBA9F82800238A012B76D0022BDFD1B7
:1068F0004FF4E053A9F82A3000220221BDF8140019
:1069000003F070FF524EC9F800000028D0D00425D3
:106910000622504903AB009503F0D2FD306803AB6B
:10692000009505224B4903F0CBFDBDF816301BB98D
:106930004FF45453ADF8163005A90C22D9F80000D5
:1069400003F0E8FB0130424E72D0358D01224FF446
:106950008073E1680DF12008002406F13B003286C7
:10696000F58506F13A0B738648F8104DB6F82AA063
:1069700004F0A6FA4246384906F13B0004F0B6FAA4
:1069800006E000208CF83A300EF1010404F0AEFA73
:10699000601C2F4D584405F13A0704F071FA06EBDC
:1069A000040C0346424604EB000E2B490028E8D1B4
:1069B0002744012611342946A7F801A0FB703E7137
:1069C00026486C6200F0A4F9686088B32E7200F06B
:1069D000DFF9284609B0BDE8F08F4FF48073A9F8BD
:1069E0002A3089E7069802F095FF054628B300266D
:1069F00003E002F011FD054620B3BDF8143028462F
:106A0000771C0BB1DB0703D502F028FE0790D8B93D
:106A1000069B30463E46002BEBD005A804F098F8C4
:106A200000287FF445AF284602F06AFF06903AE757
:106A3000D9F8000003F02EFC3AE702F0E9FD054624
:106A40000028D4D10025E8E70123ADF81430E4E7AD
:106A5000BCA7002017E5030010520020F5720000CB
:106A60002DE9F04F4FF0000A83B017468146884663
:106A70001646554601933C7804F0C000C0281ED04D
:106A8000A8BBB9F1000F30D0B8F1000F2DD0A04550
:106A90002ED9621CC4EB080848463946934608F1D3
:106AA000FF3804F041F9D9445A461744BE4238BF72
:106AB0003E46002CDFD1304603B0BDE8F08F05B96B
:106AC000023624027D780C9B04F47C5425449D42BC
:106AD0000DD20AF1010A019BBAF1040F03EB05077D
:106AE000C9D95C5D04F0C000CAE7621CDDE7002084
:106AF00003B0BDE8F08F00BF037A022B2DE9F0430D
:106B00000446ADF5037D30D0032B16D0012B03D006
:106B10000DF5037DBDE8F0830023426A00F12E01EC
:106B2000006803F04DFC636A984200F0A4800323E0
:106B300023720DF5037DBDE8F08300F023F9206892
:106B400003F0A8FB606800F003F90023237200F053
:106B50001FF9216A00297AD10846E5682369A269EC
:106B6000A8470DF5037DBDE8F08300F12E06002354
:106B70004FF400720068314603F098FC0C2805467B
:106B800068D9E28D238D9A42C2D1B4F93030002BFE
:106B9000BEDA608EFEF7F6FC0128B9D100953346C7
:106BA00004F13A0202A8FF21FFF75AFF0746002826
:106BB000AED0A16902A8FFF723FE0128A8D10437AF
:106BC0004FF0000806EB050909E0B3F5A06F58D0B7
:106BD000388908F10108FEF7D5FC0A300744A08E79
:106BE000FEF7D0FC80455CD24F455AD23A4600951C
:106BF0003346FF2102A8FFF733FF0746002850D095
:106C0000A16902A8FFF7FCFD0128E1D13B88628D54
:106C10009A42DAD17B88B3F5807FD9D1B2F5807FF3
:106C2000236A43D103F12302D7F80A101201A052BC
:106C30002244916004EB031201337968032BC2F8FC
:106C40003C122362C4D9002B7FF471AF60E704F5D6
:106C50000C7082E706F07CFA6369C01AB0F57A7F9F
:106C60007FF656AFE3690133052BE3613FF65FAF73
:106C7000012323724CE706F06BFA02236061237252
:106C800046E77B88B3F5807FA2D13346009507F1B4
:106C90000A02FF2142A8FFF7E3FE0DF20913A361E8
:106CA00096E7236A002B7FF442AF31E723330220BB
:106CB000102207F10A011B01E052E018083004F02D
:106CC00033F8236AB6E700BFF8B50F4C01270F4829
:106CD00004F1900603F0F4FF02E00C34B4420ED04D
:106CE0002368002BF9D02579002DF6D127710C34BB
:106CF00054F8040C984704F8085CB442F0D10348F7
:106D0000BDE8F84003F0E8BF54AD0020E8AD002036
:106D1000F8B5C8B106460F4603F0EAFF00220B4D56
:106D20001346AC580C3209493CB101330C2BF8D155
:106D3000002403F0EBFF2046F8BD03EB43039B0068
:106D4000CC18CE50A760F4E70446F4E754AD002019
:106D500048B110B5044603F0CBFF00232360BDE823
:106D6000104003F0D3BF704708B50448902104F0E9
:106D700065F80348BDE8084003F094BF54AD002017
:106D8000E8AD0020014803F09BBF00BFE8AD002044
:106D9000014803F0A1BF00BFE8AD002010B50446D4
:106DA000006802F073FD237B834207D02073014605
:106DB000236962692068BDE81040184710BD00BF14
:106DC000F8B50546FFF7DEFF35B12B6823B16B68D8
:106DD00013B10E4C26790EB10020F8BD18212046C3
:106DE00004F02CF82F686A682146AB6808482760D1
:106DF00022616361FFF78CFFA0600028ECD00123C3
:106E000026732371FFF7C4FF2046F8BD30AD002084
:106E10009975000068B110B50446FFF7B3FF20462E
:106E200012F0E8FE204612F0F1FEBDE81040FFF738
:106E3000AFBF704702F05CBD70B50F4E00F1F005BA
:106E4000044602E01834AC4214D0A368002BF9D0F9
:106E500006F07EF9E368C01AB042F3D923691846F8
:106E60000BB102F0FDF820461834182103F0E6FFBC
:106E7000AC42EAD170BD00BF804F12002DE9F0474F
:106E80000023164604460F46804602469168183293
:106E9000B9424AD001330A2BF8D1234600259A681B
:106EA000183312B301350A2DF9D10025A946AA4697
:106EB00006E00AF1010A08F11808BAF10A0F14D025
:106EC00006F046F9D8F80C30C01A4845F1D95546B5
:106ED0000AF1010A06F03CF9D8F80C30BAF10A0FB1
:106EE00008F11808C3EB0009EAD14FEA450909EB9C
:106EF000050804EBC808D8F8100030B102F0B0F86B
:106F00000023C8F81030C8F814304D44314606222A
:106F100004EBC5052846AF6003F006FF06F018F93C
:106F20002B46E8601846BDE8F08703EB4303314683
:106F3000062204EBC304204603F0F6FE06F008F92F
:106F40002346E0601846BDE8F08700BF08B301B3F0
:106F5000F8B507460E4601F1F0050C46B965204626
:106F60001834182103F06AFFAC42F8D132460C49BC
:106F70000C4806F025F9C6F8F00068B139460A4811
:106F800001F040FDB0FA80F3C6F8F4005B09584206
:106F9000F8BD4FF0FF3070474FF0FF30F8BD00BF35
:106FA00035760000E09304003176000010B5846D62
:106FB00034B1D4F8F00006F023F90023C4F8F0301F
:106FC00010BD00BF806D0023024610B594681832D2
:106FD0008C4205D001330A2BF8D10024204610BD85
:106FE00003EB43030622054900EBC304204603F0EC
:106FF0002DFF0028F1D0204610BD00BF6C0D0020F1
:1070000070B5D0B1846D94B104460E46154601F0BA
:1070100045FD31462046FFF7D5FF60B14DB1014631
:1070200006222846012403F07FFE01F03FFD2046A2
:1070300070BD0124F9E70446F7E70446204670BD19
:107040002DE9F04385B00B46019149691B2904D90C
:10705000DC682288B2F5807F05D0184602F000F87F
:1070600005B0BDE8F0832279062AF6D16288082AA5
:10707000F3D16279042AF0D11C290546D0F8589042
:1070800008D10622284602A902F00CFB064638B1B8
:10709000019BE2E7C1F11C0101A802F075F8F0E7DD
:1070A00004F10807062202A9384603F0CFFE0028A3
:1070B000EED006223449384603F0C8FE0028E7D057
:1070C000D4F80E10EB6AD4F8188099424DD0984548
:1070D00015D03346AA6D4FF0180E01E00A2BD7D019
:1070E0000EFB03260133B0688142F7D106223946F0
:1070F000304603F019FE06F02BF8F06005E03A4642
:10710000A86DFFF7BBFE064650B1336943B1324666
:107110004FF40061284600F033FA002333617361B5
:10712000E388B3F5807FB3D1EB6A9845B0D10223F1
:1071300004F1120600210622E3713046A17139469E
:1071400003F0F2FD02A93846062203F0EDFDD4F863
:107150000E10EB6A3246A1612846C4F80E3040F6A4
:107160000601019B00F00CFA7AE721B9AB6DD3F868
:10717000F8309845D4D10123D9F8F40085F854307B
:1071800001F0BEFCCCE700BF640D0020002849D010
:107190002DE9F043D0F8588083B0B8F1000F22D029
:1071A0000546894601F07AFC01211C2001F0A8FD6A
:1071B0000646B0B1C4680023082104224FF0010E36
:1071C0000627A1702846627169463A462370E3702B
:1071D000A37184F801E084F807E0277102F062FAF5
:1071E00020B101F063FC03B0BDE8F0833A460E49DC
:1071F00004F1120003F098FD3A46694604F10800D4
:1072000003F092FDEB6AC4F81890C4F80E300BB985
:10721000C8F8F89033462846044A40F6060100F0C4
:10722000AFF9DEE7704700BF6C0D0020640D002051
:107230002DE9F047D0F8588007460D4691460024C6
:1072400001F02CFC43469A681833AA4219D0013445
:107250000A2CF8D11C4A2946B86DFFF70FFE0646E6
:10726000006908B101F0FCFEC6F8109005F070FF4F
:10727000294670613846FFF789FFBDE8F04701F005
:1072800015BC04EB440608EBC606336906F1100A88
:107290009BB105F05DFF7369C01AB0F57A7FDAF82B
:1072A000000008D848B101F0DBFEC6F81090BDE838
:1072B000F04701F0FBBB0028D4D1182303FB048462
:1072C000C4F81090D2E700BF6C0D002038B504461A
:1072D0000D4603F00DFD29462046FFF757FFBDE898
:1072E000384003F013BD00BF70B5846D002501F078
:1072F000D5FB04F1F006236918461BB101F0B0FE7E
:10730000256165611834B442F5D1BDE8704001F0E3
:10731000CDBB00BFB1F1200C2DE9F04F3ED402F1FE
:107320002003E64633F8204CBEF1200E33F81E1C35
:1073300003F1200333F83C5C214433F83A4C33F832
:10734000387C294433F8366C33F8345C214433F804
:10735000324C33F830BC394433F82EAC33F82C9C23
:10736000314433F82A8C33F8287C294433F8266CCE
:1073700033F8245C214433F8224C594451444944A5
:10738000414439443144294421440844CAD54FEA90
:107390005C114B1CACEB411102EB4312B1F108073D
:1073A00018D402F108033E4633F8084C083E33F87F
:1073B000061C03F1080333F80C5C214433F80A4C33
:1073C000294421440844EFD5F9084B1CA7EBC1011F
:1073D00002EBC3028D1E0CD42B46114631F8024B32
:1073E000023B2044FAD569084B1CA5EB410102EB96
:1073F000430209B113781844BDE8F08FF0B5056970
:1074000083B007460C468D424FF00006C26828BF85
:107410000D462946304624B1641BFFF77BFF064624
:1074200014B9304603B0F0BD3F6815F00105FA68A5
:107430002B4605D139692546A14298BFCD18E8E70A
:1074400012F8010B013C00920192FEF79BF84FF0FD
:10745000FF330644009AEDE708B5FFF7CFFF4FF67C
:10746000FF7303441A0C03D012FA83F31A0CFBD1F6
:10747000D84380B208BD00BF70B515460E46114610
:10748000FFF7BCFF04462846FEF77CF84FF6FF7373
:1074900033441C442044030C03D013FA80F0030C43
:1074A000FBD180B270BD00BF38B51C4615460A46F8
:1074B0001946FFF72FFF2A462146FFF72BFF4FF60D
:1074C000FF7303441A0C03D012FA83F31A0CFBD196
:1074D000D84380B238BD00BF014B93F9000070471C
:1074E00089B40020014B1870704700BF89B4002098
:1074F000002818BF0E2A0CD959B170B582B00D46BC
:10750000144606226946064602F0CCF810B102B0D5
:1075100070BD704706226946A81803F097FC002842
:10752000F5D0A4F10E01012205F10E0001F034FCAA
:107530000028ECD02B78FF2B0ED0012B03D18369D0
:1075400043F004038361AB89B3F5C16F0DD0082B01
:1075500010D001F085FDDAE76B78FF2BF3D183695A
:1075600043F0020383612B78E7E7034B0146304683
:107570009847CCE7014BF9E73D78000049870000C8
:107580002DE9F04705460F4690461C4643B15A691F
:1075900083689A4204D92046BDE8F04701F060BDF7
:1075A00001210E20D5F80CA001F0AAFB0646002808
:1075B000F1D0D0F80C900622284609EB020102F027
:1075C00071F80028E7D141460622484603F0ACFB9B
:1075D0003846FDF7D7FFA9F80C0024B13046214604
:1075E00001F086FE0646DAF80C3031462846BDE842
:1075F000F0471847C16851B1203108B5FFF7A6FC24
:1076000020B9044A13680133136008BD08BD4FF068
:10761000FF30704728AD002008B5FFF7C7FC024ACD
:107620001368013B136008BD28AD0020FFF75CBE66
:10763000C16A10B582B039B906226946044602F023
:1076400031F828B102B010BDFFF7A0FD02B010BDA7
:1076500003466A4620464FF6FF71FFF791FF02B0DE
:1076600010BD00BFF0B50C4683B00546014620466C
:10767000174600F0EBFC98B904F0F002E02A1DD0A8
:10768000214628466A466E46FFF7BAFC78B13B466B
:10769000324628464FF40061FFF772FF03B0F0BD99
:1076A0000622154968466E4603F03EFBEFE73A4670
:1076B00021462846FFF7BCFD03B0F0BD034601217B
:1076C0005E2220468DF800106E468DF802208DF85F
:1076D0000130FDF75BFFC0F3064320468DF8033011
:1076E000FDF754FF030A20468DF80430FDF74EFFE6
:1076F0008DF80500CBE700BF640D0020C368F0B52E
:107700005A6985B00191CAB19DF805304FF0010E5C
:1077100000275E2603F07F039DF806509DF8074082
:1077200002A98DF80B308DF808E08DF809708DF8FE
:107730000A608DF80C508DF80D40904705B0F0BDF3
:10774000C368F0B51A6985B00191CAB19DF80530DA
:107750004FF0010E00275E2603F07F039DF80650D0
:107760009DF8074002A98DF80B308DF808E08DF8E0
:1077700009708DF80A608DF80C508DF80D40904717
:1077800005B0F0BD80B1036910B41C78012C06D19E
:107790005B6B23B11B6813B15DF8044B18474FF0C6
:1077A000FF305DF8044B70474FF0FF30704700BF6B
:1077B00080B1036910B41C78012C06D15B6B23B136
:1077C0005B6813B15DF8044B18474FF0FF305DF86C
:1077D000044B70474FF0FF30704700BF10B50446B0
:1077E00082B018B103691978012903D094F82400F4
:1077F00002B010BD5B6B002BF8D01B68002BF5D0DE
:107800000DF1060298470028F0D1BDF80600C0F33C
:10781000800002B010BD00BFF0B583B000234FF46C
:107820000042054602AE194642F21074C76826F8B7
:10783000023DFFF7BDFF01E0013C40D03246002190
:107840002846FFF79FFFBDF90630002BF4DBFB69EC
:1078500023B12846984708B103B0F0BD3246002155
:107860002846FFF78FFFBDF806200021284622F4A6
:10787000B0521204120C42F49052FFF799FF05F037
:1078800067FC04462B691978012902D0002003B057
:10789000F0BD5B6B32462846002BF7D01B68002BEF
:1078A000F4D098470130F1D0BDF806309B06EDD4F6
:1078B00005F04EFC001BB0F5FA6FE3D3E6E7FB6979
:1078C000ABB1284698470028C6D132462146284603
:1078D000FFF758FFBDF806202146284622F4B05293
:1078E0001204120C42F49052FFF762FFCEE73246C8
:1078F00021462846FFF746FFBDF8062028462146C8
:1079000022F4B0521204120C42F49052FFF750FFCE
:107910002046A1E72DE9F0431C46002387B08846A6
:10792000E56891460646AB70EB7010B1036A9B07A1
:1079300015D461692046FFF78FFD68800025402738
:107940004A46414601230294304605950495039525
:107950008DE8A00000F02AFE07B0BDE8F083616961
:1079600000F0CEFA0028E4D1A36943F02003A3611C
:10797000E4E700BF2DE9F0410E46516988B0134697
:107980002329019227D92429074601AC29D1204671
:1079900001F088FB0130019B1DD0D3F80C80002141
:1079A000012098F8112002F02DF8054690B1836966
:1079B00083B105AB02AA08F10801384600F0A8FA25
:1079C00020461C2101F0E0FB05AA02A9AC69304663
:1079D000019BA047019B184601F042FB08B0BDE89F
:1079E000F081C1F12401204601F0CEFB019B20462D
:1079F000596901F057FB0130019BCED1EBE700BF85
:107A0000F0B583B004460E4615460898019301F080
:107A100027FB01989CB190B104210DEB010001F00E
:107A200041FB013001980AD08369AF689B06B668B4
:107A3000C56808D44169FFF70FFD20B1019801F036
:107A40000FFB03B0F0BD2146304600F0FFFA0028DE
:107A5000F4D106F0F003E02BF0D02B78033B092B98
:107A6000ECD801A252F823F0E9820000E182000084
:107A7000398200003982000039820000B58200009E
:107A800039820000398200009F8200008D82000050
:107A90006B78012BD2D82046019A0921FFF76AFFA3
:107AA000CFE76B78002B39D0012BC7D108212046B6
:107AB000019AFFF75FFFC4E701984369072BBED91E
:107AC0002146384600F0C2FA0028B7D107F0F0038B
:107AD000E02BB3D02870324639462046019BFFF791
:107AE00019FFAEE769780029A8D1E0E76B780C2B85
:107AF000A4D8DFE803F00907110F0D0B09070709E8
:107B0000070907000221D2E70621D0E70521CEE7C9
:107B10000121CCE70421CAE70321C8E70721C6E712
:107B20002DE9F04F83B00193BBB1DC681746E288C2
:107B300022F0E00272B9627A05460E46012A63D04D
:107B4000D4F80C802946D4F81090404600F07EFA14
:107B500030B1019B184601F083FA03B0BDE8F08F05
:107B600008F0E003E02BF4D02946484600F06EFA16
:107B70000028EED109F0F003E02BEAD0019B9A69CE
:107B800012F0060AE6D15146082001F0B9F8024683
:107B90000028DED0D0F80CB00C2E8BF804A08BF8A7
:107BA00005A08BF806A08BF807A039D1042F37D198
:107BB000002D37D000902889FDF7E4FCABF80400D5
:107BC000009A8BF800608BF80170237801999B0074
:107BD000486903F03C0303F10804844208D2C0F171
:107BE000080101A80092194401F0CEFA0199009A07
:107BF000104601F07DFB04460346424649462846AE
:107C00000194FFF787FEA8E72278920002F03C0279
:107C1000A15C12299ED8084ACA40D2079AD58FE79C
:107C20000C2ECED138460092FDF7ACFCABF8040028
:107C30000027009AC5E700BF01E707002DE9F041E2
:107C400082B000238C460A270DF1080E1E461A4604
:107C500098460EF8043D714610F8014BACB1A4F102
:107C60003003DDB2092D1BD80C7817FB043304B99F
:107C70003ABBFF2B25D80B7012B90136042E20D841
:107C800010F8014B0122002CE9D1032E19D96046CE
:107C90007146042203F048F8204602B0BDE8F081A6
:107CA000A6F104032E2C14BF002402F00104B3FA41
:107CB00083F35B09A34204D281F8018000220131E1
:107CC000CAE74FF0FF3002B0BDE8F081FFF7B6BF62
:107CD000F8B5044615460E4600F0E0FE6A69636892
:107CE0001344B3F5804F14D80021042001F008F8A4
:107CF00078B1676829466B69C6603B44636001F0F0
:107D0000F7FA0146204601F00FFB00F0CFFE0020FD
:107D1000F8BD00F0CBFE4FF0FF30F8BD70B5056840
:107D2000A5B1EB6804462E680B6000F0B7FE1EB1EB
:107D3000636872699B1A63600023204629462B60A2
:107D400001F0FEFA00F0B2FE304670BD2E46FBE7B1
:107D500070B5049C16461A460546231C18BF01231D
:107D6000002918BF002353B14AB143699B88DB0740
:107D700005D52346314600F091FD10B970BD6FF076
:107D8000050085F88400FFF7ADFB4FF0FF3070BDB4
:107D900070B5049C05467BB174B116461A4623683B
:107DA00053B149B943699B88DB0705D52346314662
:107DB00000F040FD10B970BD6FF0050085F884003B
:107DC000FFF790FB4FF0FF3070BD00BF38B543693F
:107DD0000446BBB100250BE0D968D160D9680A61BF
:107DE00062699A4208BF616101F03AF963694BB177
:107DF0001A6998689A42EFD1656101F031F96369B7
:107E0000002BF5D163685BB122681A60226802B169
:107E10005360204601F0BEFABDE8384000F046BE8F
:107E2000226801490A60F2E764AE002038B500F02C
:107E300035FE0B4B1C686CB1237A013BDBB223721D
:107E400063B9256800F02AFE20462C46FFF7BEFFE6
:107E5000002CF1D1BDE8384000F028BE2468EAE7E4
:107E600064AE002010B500240E4B0F494FF4FA7099
:107E700022461C6005F0A4F90C4B186070B1782103
:107E80000B4802F0DBFF21460A4800F0BBFDB0FAC8
:107E900080F3094A5B091060584210BD4FF0FF3073
:107EA00010BD00BF64AE00202986000070AE002027
:107EB00020B50020B188000060AE002038B504462F
:107EC00001F0B2FB0D4B1D6865B12B46DA6B1AB1A0
:107ED000D96A6140114206D05B69002BF6D138B1F6
:107EE000836C2BB10346184638BD6D69002DF9D05F
:107EF000AB6C002BF9D02B46F5E700BF98B50020FE
:107F000080681431814294BF00200120704700BF77
:107F10002DE9F04180460E4610460C211C461546C0
:107F2000012702F08BFFD8F81C3020462F800C214F
:107F30006B60F368AB6002F081FFD8F81C302780DB
:107F400063603369A360BDE8F08100BF70B169B1BF
:107F500010B50C46014608482246FFF7B9FE30B975
:107F6000064BBDE81040186800F0CABD70472046B7
:107F7000BDE8104001F074B868AE002060AE00208B
:107F800038B50E4D00F08AFD2C683CB100F086FD3E
:107F90002046FFF71BFF2C68002CF7D1084C216806
:107FA00029B1074801F0CCF921680029F9D1002353
:107FB0006360BDE8384000F079BD00BF64AE0020CA
:107FC00068AE002010B5044CFFF7DAFF206805F01A
:107FD00017F90023236010BD70AE002070B5154E58
:107FE000002533462A4606E01C68844213D001323D
:107FF0000C330A2A07D09C68002CF5D101321D46AB
:108000000C330A2AF7D125B1AB680133012BAB60E1
:1080100009D0284670BD5C688C42E8D102EB420270
:1080200006EB8205F0E785E8030001F0F9FB28463E
:1080300070BD00BF20B5002018B18368013B83608C
:1080400003B1704703C801F0F1BB00BF431E033307
:1080500010D86FF4AB7398420CD069B10B6C984296
:1080600008D04B6C984205D08B6B181AB0FA80F090
:10807000400970470120704710B582B0044602F0F5
:1080800037FE0B4B186840B90BE0436C9C4207D09D
:10809000836B9C4204D0406918B1036C9C42F4D1BC
:1080A0000120019002F032FE019802B010BD00BF25
:1080B00098B500202DE9F0470026AE4F8CB000F0B7
:1080C000EDFC03A9AC48FFF729FE049008B3466015
:1080D000142104A800F0E6FF013016D0049BDC68F0
:1080E0006088D4F81090FDF74DFA0546049843696E
:1080F000132B07D99D4205D894F800804FEA181237
:10810000042A0BD000F0ACFFDBE7049800F0A8FFD6
:10811000D7E700F0CBFC0CB0BDE8F0874FEA880849
:1081200008F03C08B8F1130FECD94545EAD30399A0
:10813000CA6A914507D04846FFF788FF002800F03B
:10814000BB80049843699D42C0F0AF80E28822F072
:108150004002002A3BD1039A126A110706D5627ABF
:1081600002F0EF0101292DD0062A2BD0B3F5004FE4
:10817000C8D8002308F10802194600F0C7FE41469E
:10818000054604A801F000F809AB06AA21460398A9
:10819000FFF7BEFE039809AA06A9049B009501F00B
:1081A00077FD627A0021012001F02CFC002800F00C
:1081B0009881039C09AA009506A945692046049B5D
:1081C000A8477EE7826942F020028261CEE70DF186
:1081D0003009194649F81C0D484600F063FF01308C
:1081E00000F07C81059B3C68D3F80C80002C75D096
:1081F000B8F8042002E02468002C6FD06389934211
:10820000F9D1617A98F809309942F4D1E168D8F847
:108210000C309942EFD12169D8F810309942EAD157
:1082200098F800504846AD0005F03C05294600F09E
:10823000ABFFB8F80200FDF7A5F9B8F80630401B0F
:108240009A06A8F8020005D598F8012042F001022C
:1082500088F801201846FDF795F9DDF814E0C00014
:10826000C8F808E082B2A8F8062063691D4603E05A
:10827000ED68AB4200F01A81E9889142F8D9AB422F
:1082800000F014812869B0F806C041886144B1EB60
:10829000020A00F0E280B8F802309A45C0F034815A
:1082A000704600F0DDFE04960BE7E91A04A800F022
:1082B0006BFF0498436949E7039B0498DA6A002A34
:1082C00000F0BD8009F0F009B9F1E00F04D01B699E
:1082D0001B78032B7FF416AF436934E798F800400E
:1082E0004846A40004F03C04214600F04DFFB8F8D5
:1082F0000200FDF747F9041B1820A8F8024001F01E
:1083000059F80446002800F0E9803B68236003B177
:108310005C60142326716671A671E67123723C605D
:10832000B8F80430638198F809306372D8F80C30DB
:10833000E360D8F810302361B8F80600850605D54B
:1083400098F8013043F0010388F80130FDF71AF97D
:10835000059BC1004046C8F80C8089B2C8F810805F
:10836000C8F80830A8F80610C4F8148003460022A4
:1083700005E000BF64AE002068AE0020D9888A42C4
:1083800091D15988DB680A44834292B2F6D11A69C6
:108390005278D00787D49A680592D3F80C80984514
:1083A00000F0C7801046D8F8081000F0A1FF059033
:1083B000D8F80C8002466569A845F3D195F800E02D
:1083C00050694FEA8E0E1369D1680EF03C0E70446E
:1083D000506180B295F800E04FEA8E0E0EF03C0E30
:1083E000734413612B789B0003F03C03CB1AD360DA
:1083F000FDF7C8F86880E2686B78EA60226923F0CC
:1084000001032A61627A6B706A7262682368002ACB
:1084100000F08D801360236803B15A60204600F09D
:10842000B9FF0598049000283FF44BAEC468436937
:1084300094F800804FEA880808F03C0896E68269C4
:1084400092073FF549AF3DE7D168D960D1680B612C
:1084500063699A421BD0B8F806209D4226D0B8F82E
:108460000230B5F806E013447345CEEB03011DDD81
:108470006B8899420ED3ED682B69986800F0F0FD87
:108480002A6913699A42DFD166610023E3E70B464C
:108490006161E0E78AB205F108009B1A96446B809F
:1084A000A5F806E000F070FEB8F806202B6913B3BB
:1084B000616901B3D968C8F81030C8F80C10D968E0
:1084C000C1F81080C3F80C806069C18891427FF6C2
:1084D0004DAFC4F814801146404647E7DDF814E07C
:1084E000DEE6049800F0BCFD2B460222032103982F
:1084F000FFF716FBE5E5C8F80C801146C8F81080B8
:108500004046C4F8148031E75146484600F03CFE2E
:10851000B8F806201FFA8AF1B8F802300A44591A4E
:1085200092B2A8F80210A8F80620636995E73B60AC
:1085300072E71D4642E700BF2DE9F0411546984617
:10854000036A0022EF680446DB070E46BA72FA722D
:1085500023D5AB6943F01003AB6121463046FFF7EA
:1085600075FD90B906F0F003E02B0ED0B8F1000FC6
:108570000BD1E36AE26B7340134206D04FF6A96356
:108580001A463340934200D0A66C23692A463146EE
:1085900020461B69BDE8F041184739782846890014
:1085A00001F03C01FEF758FF7881D6E72DE9F04F46
:1085B00087B01F46059104929DF840509DF8448075
:1085C0009DF84C609DF85090002800F0DE80044635
:1085D000059B73B1129A53691433B3F5004F0BD94D
:1085E0006FF00704104600F03BFD204607B0BDE8E1
:1085F000F08FE36A0593EDE70121142000F080FB82
:108600008246002800F0BD80159B43B115980423D5
:1086100004AA05A90088FEF747FF159B1880DAF821
:108620000CB0814A9BF80030108803F00F03411C06
:1086300043F0400311808BF80030FCF7A3FF8BF868
:1086400001509BF80030129A23F00F03ABF804009E
:10865000556943F0050314358BF80030ADB2002E98
:1086600040F088808BF806608BF80760059A2846F2
:10867000049BCBF80C20CBF810308BF808808BF8DB
:108680000970FCF77FFF1299ABF80200504600F02A
:108690002FFEA66802461290B54240F281809BF8F8
:1086A0000070BBF80630BF005B0607F03C07A6EB86
:1086B000070626F0070693D4072E91D90090394675
:1086C00012A800F0EFFC0130009A5AD0BB19DDF877
:1086D00048A09D42DAF80C10019300916AD9131D4D
:1086E000CDF80C90DDF80480DDF800B099460294D6
:1086F0001EE0C8EB0506E0804146002332465046A6
:10870000B04400F003FC002800F086800146129877
:1087100000F0EEFD0346808A1293FCF733FF129BB4
:1087200045456080C9F80030129B03F104093ED929
:108730000021384600F0E4FA3A46594612900028E3
:1087400065D0C06802F0F0FA129BC7EB0800DC6845
:10875000C0F3CF00237823F00F0343F00503237009
:10876000FCF710FF08EB060340F020029D42C0D941
:10877000E280C1E7002240238BF807208BF8063007
:1087800074E7129A6FF002042CE71046FFF796FB8D
:10879000044600287FF41CAF129A6FF00F0421E703
:1087A0004B4620460499FFF7C7FE00201EE7029CB7
:1087B000DDF80C90009D0027CDF848A06888FCF7F4
:1087C000E1FE019B191A12A800F0DEFC129B988AA8
:1087D000FCF7D8FEEB88688043F02003EB8000268E
:1087E000CDF848A006E00499FFF7A6FE1295AA4628
:1087F000002DDAD0DAF804504B4652462046CAF82B
:108800000460002FEFD0504600F02AFCEEE7029CF7
:108810000127DDF80C90E2E712980127029CDDF8B1
:108820000C9000F01DFCDAE778B4002047F6C47025
:10883000704700BF172910B420D0182912D016296C
:1088400004D06FF008005DF8044B704719680329E5
:1088500020D990F86D4004210020146019605DF863
:10886000044B70471968032914D990F86E4004210D
:108870000020146019605DF8044B704719680329E3
:1088800008D990F86C4004210020146019605DF84C
:10889000044B70476FF00500D5E700BFF8B5A1F1B4
:1088A0001604042C62D8DFE804F03A3225030300F2
:1088B000054650681F4614460E4600283AD001F07F
:1088C00043F8082F32D188B3216801F0F003E02B80
:1088D0002CD16B6953B39B79022B27D1D5F89040EB
:1088E0005CB32368984231D0192E1FD16FF00D046C
:1088F0002046F8BD032B19D94369BBB19B79022BE4
:1089000014D11368002480F86E302046F8BD032B84
:108910000CD91368002480F86C302046F8BD032B76
:1089200004D91368002480F86D3001E06FF005046D
:108930002046F8BD00F078FEC3E7192EF6D1FFF708
:108940004DFBC5F890000028F2D1CFE7636899424B
:10895000CAD1192ECAD0A368013BA3601BB1002461
:10896000C5F89040E4E700F061FFF8E76FF0080415
:10897000DEE700BF104B10B51C684CB1636898422D
:1089800003D106E06368834203D02468002CF9D148
:1089900010BDA3680BB160699847084B1B683BB9D1
:1089A000E2682374002AF3D06069BDE810401047E4
:1089B0000123237410BD00BF2CAD002048AD002062
:1089C0002DE9F04705461820894690469A46089FAB
:1089D00000F0F0FC80B10A4E044645605146336811
:1089E0002846C4F80890C4F80C806761236034609E
:1089F000BDE8F047FCF794BE4FF0FF30BDE8F087CC
:108A00002CAD00200C4B70B51C68064618200D4696
:108A1000621C1A6000F0CEFC50B1084B002244608A
:108A20001968C6604561016018608260204670BDAB
:108A30000446204670BD00BFFC6400202CAD002021
:108A400010B4154C216851B14B68984220D00B46A8
:108A500002E05A68824205D01B68002BF9D15DF80C
:108A6000044B7047994204D112E05468A04208D0E8
:108A700011460A68002AF8D118465DF8044B00F048
:108A800089BC126818465DF8044B0A6000F082BC8D
:108A90000A680B462260EFE72CAD0020024A1368FB
:108AA00001331360704700BF48AD00202DE9F0414D
:108AB000114E3368012B04D03368013B3360BDE8AD
:108AC000F081DFF838800027D8F80040002CF3D080
:108AD000002201E0246864B1257C012DFAD1E3680D
:108AE0002774002BF6D06069984724682A46002C2A
:108AF000F2D1002AE8D1DFE748AD00202CAD0020FC
:108B000038B5124D124A2B68146801332B6014B922
:108B10000DE024685CB163689842FAD1A3680BB198
:108B2000606998472B68012B05D001232374BDE8A9
:108B30003840FFF7BBBF0022E3682274002BF6D059
:108B400060699847BDE83840FFF7B0BF48AD0020E6
:108B50002CAD002000230249024A0B6013607047CD
:108B600048AD00202CAD0020072A98BF0822A8B1EC
:108B700002F10B038B4212D2014430B4C51C5442A3
:108B800025F00305EB1D6A60284613442340C91AEB
:108B90005B60B1FBF2F21A602B6030BC70470020C2
:108BA000704700BF00230360704700BF39B370B542
:108BB00005460C46FFF772FF68682B68211A5A6851
:108BC0008B4207D2914209D3934207D213468B427C
:108BD0005A68F7D39342F9D39142F7D20C6804FB59
:108BE0000016964216D04A601C6804FB0030814291
:108BF00006D059602B60BDE87040FFF757BF704743
:108C00000A6814441C604A685A602B60BDE87040D2
:108C1000FFF74CBF166834440C6052684A605A68CB
:108C20009342E1D10B46E0E72DE9F04180460D4645
:108C3000FFF734FF0024D8F80400D8F80060411E84
:108C40007368B64629443546B1FBF0F1013100E0C6
:108C50005B681A68914205D814B12768BA4201D2FC
:108C6000AE461C46B3421D46F2D17CB1DEF804305C
:108C700062689A42236811D099420CD05B1A236033
:108C800003FB004421600444C8F800E0FFF70EFF36
:108C90002046BDE8F081CEF80420F4E79942EDD1FA
:108CA0000024F3E738B50546FFF7F8FE2968F9B167
:108CB0000C680B46013C06E0994207D01A689442C2
:108CC00038BF02F1FF345B68002BF5D14B68994245
:108CD00005D0FFF7EBFE686800FB04F038BD002C00
:108CE000F7D0013CFFF7E2FE686800FB04F038BDF6
:108CF0000C46FFF7DBFE686800FB04F038BD00BFE0
:108D00002DE9F0470E46DFF88C8007461C2100361F
:108D1000D8F8000018BF0126FFF786FF044600B907
:108D2000DEB964B307F10409D8F80000DFF864A0E5
:108D30004946FFF779FF054600B9BEB915B30023D0
:108D400001212A1D2046236063602960A361A5607C
:108D5000E26027616761BDE8F08700F075FE1C21C5
:108D6000D8F80000FFF760FF0446DAE700F06CFE79
:108D70004946DAF80000FFF757FF0546DEE72046D0
:108D8000BDE8F087D8F800002146FFF70FFF28461E
:108D9000BDE8F0874CAD002070B50D460646114683
:108DA0002846FFF7ADFF044620B12A463146C06889
:108DB00001F0BAFF204670BD82B3F8B505461646ED
:108DC0001F4602460020136912681844002AFAD18F
:108DD000731C24D07318984217D3884215D32B697B
:108DE000994213D21C4601E000212C69641AEB68F9
:108DF0003846B442194428BF3446361B224601F097
:108E000093FF27442D68002EEED1F8BD2D682C6904
:108E100023449942FAD22144C91AE7E77047461A17
:108E2000DDE700BFA0B181680B68012B70B5044677
:108E300009D0013B074E0B60256821463068FFF7DB
:108E4000B5FE284670BD034E3068FFF7AFFEF3E76E
:108E5000704700BF4CAD00202DE9F04704687CB39B
:108E600081EAE17AD4F81490AAEBE17AD14527D3CC
:108E700000290E468046256924DDA769204674B185
:108E8000B5420CD82368C8F80030FFF7CBFF044682
:108E90000028F3D0036920461D44002CF0D1E4B132
:108EA0002369AA1BA7611E44E3682261751B1D4448
:108EB000E560CAEB09036361C8F80040BDE8F087CC
:108EC000BDE8F08709EB0102274601E03B691D443C
:108ED000954204DA3F68002FF8D10024ECE73B69A3
:108EE00038684B441E44751B3D6128B1FFF79AFF5B
:108EF00038600028FAD13D69002DDAD13846FFF7F5
:108F000091FF04460028D4D1E7E700BF2DE9F84FD0
:108F100004460D469146014600200A69096810443E
:108F20000029FAD1B9F1FF3F00F08D8009EB05026D
:108F300082427DD885427BD8484E13F100084FF01D
:108F40001C01306818BF4FF00108FFF76DFE07469F
:108F500010B9B8F1000F6ED1002F69D0226900213D
:108F6000A3699542C7F814907960BB6138D2A368B1
:108F7000E1681A682944BB600132F9601A6023690C
:108F8000C3EB090BAB44BBF1000F5FDD5B1BDFF8EC
:108F9000CCA03D464FF000093B611C213068FFF733
:108FA00043FE0246286010B9B8F1000F26D1002A0E
:108FB0002FD024681546C2F80490A368A1691868E8
:108FC000936001309161E16818602369D160C3EB5F
:108FD0000B0100290BDB8B461361DED109E01A4639
:108FE0002468236913449D42F9D2AD1ABFE7C2F841
:108FF00010B0002338461360BDE8F88F00F024FD60
:109000001C21DAF80000FFF70FFE02462860002A54
:10901000CFD13846FFF706FF2B680146984207D0AC
:1090200030680C68FFF7C2FD2B682146A342F7D1D8
:109030000020BDE8F88F00F007FD1C213068FFF725
:10904000F3FD074688E7C5EB000975E73A460023BC
:10905000C7F8109038461360BDE8F88F4CAD00207B
:10906000E0B170B504460E4E06E00B602146306854
:109070002C46FFF79BFD85B1A16825680B68012B85
:1090800003F1FF33F1D13068FFF790FD21463068DE
:109090002C46FFF78BFD002DEED170BD704700BF51
:1090A0004CAD00202DE9F047076882B0002F58D062
:1090B000B1FA81F35B09002B53D13A69914250D93F
:1090C0007C69A1424DD83E4601E026B13269134485
:1090D00036689942F9D82B4C88468146043120687D
:1090E000FFF7A2FD8246002849D003460122F96815
:1090F00043F8042B18463A69019301F015FEB9684C
:109100003D690A68019B012A34D0013A0A603C6833
:10911000C7F808A0FB600AE02269E16801F004FEDC
:10912000236920461D44FFF77DFEFB680446A642E6
:1091300003EB0500F0D1C5EB0806E168324601F00B
:10914000F3FD23699B1B23617BB1E3681E44E6604A
:1091500000203C60C7F81080C9F8007002B0BDE87C
:10916000F087002002B0BDE8F0872046FFF75AFEE6
:109170000446EDE72068FFF719FD019BC7E74FF0B4
:10918000FF30EFE74CAD002009B1FFF765BE704737
:10919000002A00F086802DE9F043D0F8009083B0DB
:1091A000CDF80490B9F1000F1AD0D9F814E0531893
:1091B0009E4515D317460D468046A9B1D9F81040F3
:1091C0004E464846002204E019690C44A54228BFD7
:1091D0001846A54212D3336801221E46002BF3D154
:1091E000002003B0BDE8F08301A81146FFF734FE6C
:1091F0000198C8F8000003B0BDE8F083002A74D1DC
:109200003369E21A95423DD0621B974228D2B16879
:10921000C7EB0E00C9F814000968012943D0C7EB59
:10922000020900214846FFF76BFD0646002856D08C
:1092300001994A46C0680B69C9682B441F443F1B0B
:10924000394401F071FD019A136911681D443160C0
:109250002C1B16601461D8F8000003B0BDE8F08341
:1092600035D02C1B3268234439193361C2F814E01D
:1092700027D14846D9F81430DF1BC9F8147003B061
:10928000BDE8F0833946C6F814E0FFF7E5FDD9F8EC
:109290001430D8F80000DF1BC9F8147003B0BDE823
:1092A000F083002070472B44F168D21B181B3B1839
:1092B0000844194401F038FD019A1369DB1B13615E
:1092C000C9E73046FFF7C8FDD8F80000D2E7DB1B3E
:1092D000C7EB0E0748463361C9F8147081E7D8F828
:1092E000002053693B4453617BE7019688E700BF48
:1092F000F0B498B1B1B1024600E01A461368002BF1
:10930000FBD18C6905464B69876946693C4311600E
:109310003344846143612846F0BC70470D462846BB
:10932000F0BC70470546F6E702680AB905E01A4640
:109330005368002BFBD1516070470160704700BF3C
:1093400090B170B504684CB18C42054608460CD00B
:109350006368984203D01C46002BF9D170BD456864
:10936000FFF77EFE656070BD704766682046FFF7B8
:1093700077FE2E6070BD00BF08B50822FFF7F4FB32
:10938000B0FA80F3024A5B091060584208BD00BF82
:109390004CAD0020024B01461868FFF707BC00BF28
:1093A0004CAD0020024B01461868FFF73DBC00BFE2
:1093B0004CAD002038B5064B014604461868FFF74F
:1093C00033FC054610B1214601F038FD284638BD72
:1093D0004CAD0020014B1868FFF764BC4CAD002079
:1093E000FFF7F8BF014B1868FFF7DCBB4CAD00205E
:1093F00010B5FFF753FB074B1C683CB123692046AF
:109400009B6903B198476469002CF7D1BDE810400F
:10941000FFF74CBB98B5002038B5054601F068FC55
:10942000054B1C6824B11DB16469013D002CFAD1C3
:1094300001F06CFC204638BD98B5002090B103883F
:10944000012B0ED1084B8268186858B1C36A9A4242
:1094500003D108E0C36A9A4204D040690028F9D1D8
:10946000704700207047704798B50020F0B138B5BC
:10947000104D2B6813B914E05B699BB19842FBD186
:1094800003690446DB680BB120469847A36962690B
:109490006BB15A61626902B19361074B1A689442D9
:1094A00001D038BD38BD2A681A6038BD70472A60BF
:1094B000F1E700BF98B500209CB5002010B5044628
:1094C00001F016FC084B1B6813B908E05B6933B167
:1094D0009C42FBD1012401F019FC204610BD1C4622
:1094E00001F014FC204610BD98B50020002837D0AC
:1094F00070B504460D461646FFF7D0FA0023E56224
:1095000084F8503084F85430BDB1B6B92B0628D554
:1095100005F0C003802B32D005F0E003C02B3CD017
:10952000636BE26BD943D0432B402A402943284345
:109530002363A2632164606406E005EA060265EA2B
:109540000603E663A2636364284601F00DFD236908
:109550005B690BB120469847BDE87040FFF7A6BA9B
:109560007047E26B2AB1D043FF236FF0FF016363C2
:10957000DAE7FF236FF0FF001A46E363F4E7E26BDC
:109580002AB1D0434FF6FF730C496363CCE74FF623
:10959000FF730A481A46E363F4E7E26B3AB1D0433B
:1095A0006FF07F464FF07F4133466663BCE76FF054
:1095B0007F434FF07F401A46E363F1E70000FFFF6F
:1095C00070B504460D46164601F092FB294620462A
:1095D0003246FFF78BFFBDE8704001F097BB00BF3C
:1095E00048B138B504460D4601F082FBA564BDE8DC
:1095F000384001F08BBB704748B138B504460D4682
:1096000001F076FBE564BDE8384001F07FBB7047B0
:1096100010B501F06DFB034B1C6801F077FB204691
:1096200010BD00BF9CB50020014B1868704700BFFB
:109630009CB5002010B5044620B101F059FBE46A46
:1096400001F064FB204610BD10B5044620B101F0C6
:109650004FFBE46B01F05AFB204610BD10B50446E9
:1096600020B101F045FBE46C01F050FB204610BD39
:1096700010B5044628B101F03BFB94F8504001F0CE
:1096800045FB204610BD00BF50B138B504460D461D
:1096900001F02EFB84F85050BDE8384001F036BB95
:1096A000704700BF002918BF002A10D078B10369A5
:1096B0006BB110B45C68A24204D3DB6913B15DF8EE
:1096C000044B18474FF0FF305DF8044B70474FF0E4
:1096D000FF30704770B504460D46164601F008FB92
:1096E000294620463246FFF7DDFF044601F00EFB17
:1096F000204670BD032A70B5154682B004460DD8C9
:10970000DCB1D1B12369C3B15A68954215D11B6A46
:109710009BB1204602B0BDE8704018474A780B78EC
:109720001204CE78887842EA03630191334343EA16
:10973000002001F019FC0199E2E74FF0FF3002B080
:1097400070BD00BF2DE9F04158B103694BB1DFF89E
:10975000AC80D8F8003013B908E05B6933B19842A7
:10976000FBD14FF0FF342046BDE8F0810546174697
:109770000E46FFF793F9D8F800306B6103B19D6195
:1097800000230124C8F80050AB612B46D869A042E1
:1097900017D05B69002BF9D12869EC6184682B62D2
:1097A0008CB12846A047044678B906B1AFB92B69F9
:1097B0001B78013B012B19D90F4B1A6842B91D6068
:1097C00006E00134E1E74FF0FF342846FFF74EFE94
:1097D000FFF76CF92046BDE8F0813A46314628464D
:1097E000FFF788FF0028E2D00446EEE72846FDF7A1
:1097F00001FF0028E0D0F7E79CB5002098B50020D5
:1098000070B504460D46164601F072FA2946204608
:109810003246FFF797FF044601F078FA204670BD04
:1098200018B10369DB6A03B11847704718B10369BF
:109830001B6B03B118477047F8B518B303695B6A2F
:1098400003B3044603F084FC0646A36AC31AC82B7C
:1098500003D894F824502846F8BD2369204694F88C
:1098600024705B6A984787420546A66284F8240004
:10987000F1D0002FEFD123695B69002BEBD020469C
:109880009847E8E701252846F8BD00BF10B5044613
:1098900001F02EFA2046FFF7CFFF044601F036FA1A
:1098A000204610BD10B5044601F022FAFFF7F6F885
:1098B000034B1C60FFF7FAF8BDE8104001F026BA30
:1098C00050AD002038B5084D0020FFF7EBFF2C68A5
:1098D0002CB12046FFF7CAFD6469002CF9D10023A2
:1098E000024A2B60136038BD98B500209CB500205B
:1098F000024B1B6803B11847704700BF50AD0020F2
:1099000010B5044620B101F0F3F9E46901F0FEF965
:10991000204610BD38B5054601F0EAF965B1094B9E
:109920001C6814B904E0646914B1E3699D42FAD17A
:1099300001F0ECF9204638BD2C4601F0E7F920464D
:1099400038BD00BF98B5002050B1074B1B6813B954
:1099500004E05B6913B1DA699042FAD118467047A6
:1099600003461846704700BF98B5002070B5FFF752
:1099700095F8134B134C0025DA6804F10C061D60B2
:1099800012B19047431C0AD0B4420DD054F8043FA2
:10999000DA681D60002AF7D09047431CF4D10446D2
:1099A000FFF784F8204670BDFEF75CFA01304FF0F7
:1099B000FF3418BF0024FFF779F8204670BD00BFC0
:1099C00034650020B40D002038B5FFF767F80B4B65
:1099D0000B4C1B6904F10C0503B19847AC4206D04F
:1099E00054F8043F1B69002BF7D1AC42F8D1FEF7C5
:1099F000E9FABDE83840FFF759B800BF34650020E8
:109A0000B40D002070B40E4C0E4B04F10C069D8872
:109A1000284206D09D798D4208D011B99D689542A3
:109A200009D0B44209D054F8043FF0E71AB19D6858
:109A30000DB1AA42F1D1184600E0002070BC704779
:109A4000B40D00203465002038B50B4B0B4CDB699E
:109A500004F10C0503B19847AC4206D054F8043F1A
:109A6000DB69002BF7D1AC42F8D1FEF789FABDE8EB
:109A70003840FFF7BDBC00BF34650020B40D0020A6
:109A800003464FF40062402100209A6483F86C1072
:109A900083F86D009A63704738B50C460546FEF7AB
:109AA000FDFFE20708D4A30702D5012385F8503053
:109AB000FEF7FCFF002038BD012305F1340085F8D6
:109AC000403000F063FEEEE72DE9F047044686B033
:109AD00015461E4688460E9FFEF7E0FFA36CAB427C
:109AE00067D3002F60D0404600222946FFF754F983
:109AF0008046002860D016F0040611D17868D4F8AA
:109B00001090FFF721FF3B88012B49D094F9853055
:109B1000002B4CD1FEF7CAFF284606B0BDE8F087FF
:109B2000012394F88C90786884F88C30D4F810A0D5
:109B3000FFF70AFF3B88012B0FD0002084F88C90A0
:109B40000028E3D00146204600F0AAF9FEF7AEFF58
:109B50004FF0FF3006B0BDE8F0875FFA8AF3BA68CD
:109B6000A16E02F0F00794F86DC0E02F4FF00007EF
:109B70000CBF94F86EA094F86CA0CDF8088094F80F
:109B80008CE0CDF804A0CDF800C005970397CDF880
:109B900010E0FEF70BFD002ED0D10028B6D0D1E7A3
:109BA0005FFA89F3B146DAE704F154079BE7002036
:109BB000C8E76FF00700C5E76FF00200C2E700BF1B
:109BC0002DE9F0411C4686B005460F4684F002049C
:109BD000904603A80C21C4F340040C9E01F02EF91A
:109BE00003AB4246394605F13400009400F05AFFB9
:109BF000431C13D095F985304BB9044626B103A810
:109C0000314600F0B7FF204606B0BDE8F0810021E4
:109C1000284600F045F94FF0FF30F5E76FF00701F7
:109C2000F6E700BF38B504460D46FEF737FF0C22B5
:109C3000294604F1540001F077F80025032304F1CC
:109C40003400A4F862502373A4F8565000F09EFD2F
:109C5000FEF72CFF284638BD10B50446FEF71EFF60
:109C60000348214600F0A6FDFEF720FF002010BDAE
:109C70007466002010B5054C216829B1034800F036
:109C800099FD21680029F9D110BD00BF746600203C
:109C90002DE9F84F0A9C002B18BF002C43D0002858
:109CA00041D05D69002D3ED00D88012D00F0AD80C2
:109CB00000278A468146014610469846164600F01F
:109CC0003DFF002878D0534B1C68002C00F0A0808A
:109CD0004FF0000B01E02468FCB12569BD42FAD1C8
:109CE000304600F01BFF00284CD03388012BF2D106
:109CF000D4F890100029EED04A68B3689A42EAD1AD
:109D00000B689945E7D1BBF1000F02D09BF84030BA
:109D100013B3A3462468002CDFD1BBF1000F02D09F
:109D20009BF840300BB1BDE8F88F234621464046F2
:109D30004FF0FF32FFF7EAF804460028F3D052460E
:109D40000BF13400214600F059FE0130EBD12046E2
:109D5000BDE8F84FFFF784B919464FF0FF3240468F
:109D6000FFF7D4F805460028D3D00BF13400524653
:109D7000294600F043FE0130CBD12846A346FFF729
:109D80006FF9A8E704F16005284600F0E1FE28B964
:109D90002846314600F0E8FE00289CD004F1540526
:109DA000284600F0D5FE0028ADD12846514600F0E7
:109DB000DBFE00288FD0A6E7304600F0AFFE00287B
:109DC00081D114483B4631465246006800F0DAF82B
:109DD00004460028A7D090F84030002BA3D140467D
:109DE00019464FF0FF32FFF791F8054600289AD048
:109DF000524604F13400294600F000FE013092D1B1
:109E00002846BDE8F84FFFF72BB9E468677A50E7BA
:109E1000BDE8F88F7466002038B50D4CFEF73EFEA5
:109E20000023224652F8041B39B101330C2BF9D11F
:109E30000025FEF73BFE284638BD4FF0FF3204EB0D
:109E4000830544F82320FEF731FE284638BD00BFC5
:109E5000ECAD002002880B88934201D000207047AF
:109E600013F0010306D083688868181AB0FA80F0EE
:109E7000400970471846704703880A46DB0700D43C
:109E80007047014610460C2200F04EBF08B5302145
:109E9000024800F0D3FF002008BD00BFECAD002059
:109EA00090F985301BB11946002380F8853080F881
:109EB00084100846FDF716BB38B505460C46FEF77C
:109EC000EDFD2B68236003B15C60002363602C60B0
:109ED000BDE83840FEF7EABD38B50C460546FEF74A
:109EE000DDFD63684BB122681A6023680BB16268BC
:109EF0005A60BDE83840FEF7D9BD23682B60F4E70F
:109F00002DE9F0410446002839D00E461746984600
:109F10004D8802E02468002C31D0B4F86230AB42A6
:109F2000F8D13388DB070FD5B3686BB1314604F144
:109F30006000FFF78FFF0028ECD07FB9B8F1000F69
:109F40000CD00120BDE8F081B8F1000FF5D1314609
:109F500004F16000FFF77EFF0028DBD004F154001D
:109F6000002FD7D03946FFF775FF0028D2D0B4F8BC
:109F700056207B889A42E4D02468002CCDD120461C
:109F8000BDE8F0812DE9F0470446002874D00E4664
:109F900090461D464FF0030A4FF0000902E0246886
:109FA000002C47D02169A942F9D1B4F86210738816
:109FB0009942F4D1636E13B172689342EFD1B4F851
:109FC0006030DF074AD5A36E002B47D03388D8070F
:109FD0004ED5B368002B47D0314604F16000FFF73F
:109FE00039FF0028DBD004F154000027B4F85430C6
:109FF000D90722D5E36D03B3B8F1000F28D0B8F824
:10A000000030DA0724D5D8F808300BB34146FFF703
:10A0100021FF0028C3D0B4F85620B8F802309A4285
:10A02000BDD1BA4501D9A14627B124684FF0010A34
:10A03000002CB7D14846BDE8F087B8F1000FF0D04A
:10A04000B8F80030DB07ECD5D8F80830002BE8D0A2
:10A050000137BA45A3D9BA46A146A0E7378817F019
:10A06000010706D0B76827B104F154000127BDE706
:10A07000012704F15400B9E78146DBE7F0B585B06C
:10A08000144F05460C2201A843F6FE763C8800F0EA
:10A090004BFEFEF703FD44F20103621C234494B21D
:10A0A0009BB2B34288BF4FF440442046FBF76AFAA4
:10A0B0000123ADF80600002201A92846FFF720FF82
:10A0C0000028E8D13C80FEF7F1FCBDF8060005B0A1
:10A0D000F0BD00BFA667002038B505469420FFF705
:10A0E00061F90446A0B12946942200F01DFE002328
:10A0F00023606360A3602373A3612363E3616362EE
:10A100006363E3636364E36484F8843084F88530D4
:10A11000204638BDF0B587B004460E46154600F01F
:10A12000E7FD5B4B1B78002B00F09880002C00F0C3
:10A1300095802468002C00F09180237B042B00F094
:10A14000998067693A6A12782AB1032B00F09D80E2
:10A15000022B00F08C802DB126B13388D90778D539
:10A160000B2D14D86FF0050594F98500F0B100238C
:10A1700084F8853084F88400FDF7B4F92846FDF7AB
:10A18000B1F900F0C3FD4FF0FF3007B0F0BD96E825
:10A1900007008DE80700BDF800306D46DB0707D4E7
:10A1A00094F985006FF006050028E0D12846E1E724
:10A1B000029B002BF4D0BDF8023013B9BB79032BFE
:10A1C00052D10C2204F160060DEB0200314600F082
:10A1D000ABFDBDF80C20BDF800301340DA07ADF838
:10A1E0000C3027D40198FFF7AFFBBDF80C30012BE2
:10A1F0002FD1002841D0C36A0593BDF80E3003B3B8
:10A20000606901232A4603A90068FFF779FE40BB75
:10A2100003A930460C2200F087FD63691B6ADB68E6
:10A22000D3B1204629469847044600F06FFD2046EA
:10A2300007B0F0BD059B002BD4D0BDF80E30002B2D
:10A24000DED1636903A91868FFF718FFADF80E00A7
:10A25000D6E76FF00B0587E71C46E6E76FF01B05B6
:10A260008CE76FF00D057FE76FF00E057CE76FF070
:10A27000150579E76FF00A0576E70298FDF71EFEEF
:10A280000028B8D16FF00F056EE76FF012056BE78D
:10A2900091B4002038B5054600F02AFD134B1B7819
:10A2A000D3B1CDB12C68BCB1D4F8900008B1FDF7A2
:10A2B000C3FE63691B6A9B683BB12046984704460E
:10A2C00018B100F023FD204638BD00200446286068
:10A2D00000F01CFD204638BD6FF01B00FDF702F9B1
:10A2E00000F014FD4FF0FF3038BD00BF91B40020E6
:10A2F0002DE9F04182B00D46064617469846089C67
:10A3000000F0F6FC2D490978002951D0002E4FD0DD
:10A31000306800284CD054B1099B43B12388DB0737
:10A3200027D5099B0B2B1ED86FF0050323E0B0F84F
:10A330005430DA072ED5C36D63B30024002DF3D05B
:10A3400090F8503073BB43691B6A9E696EB30094EA
:10A3500043463A462946B047044600F0D7FC20461B
:10A3600002B0BDE8F081A368002BE7D16FF00603CF
:10A3700001E06FF00B0390F9852072B980F884300A
:10A380001846FDF7AFF800F0C1FC4FF0FF3002B007
:10A39000BDE8F0816FF01303EDE71346002280F86B
:10A3A0008520EBE76FF01403E5E76FF00A03E2E7BF
:10A3B0006FF01B00FDF796F8E5E700BF91B40020B1
:10A3C00010B5002482B001940094FFF791FF02B011
:10A3D00010BD00BF2DE9F04383B00E4699460746F5
:10A3E00090460A9C0B9D00F083FC2F4B19780029A6
:10A3F00054D0002F52D0386800284FD066B3B0F840
:10A4000062301BB943699B79032B3ED1002C18BFE6
:10A41000002D14BF0122002216D190F84030002BED
:10A4200036D143691B6A5D69ADB3002A4B4642468B
:10A43000314608BF00240094A847044600F066FC9B
:10A44000204603B0BDE8F0832B682BB1B0F8601054
:10A45000C90712D50B2BE0D86FF0050390F98520C2
:10A4600072B980F884301846FDF73CF800F04EFCD5
:10A470004FF0FF3003B0BDE8F0836FF00B03EDE762
:10A480001346002280F88520EBE76FF00403E5E730
:10A490006FF01403E2E76FF00A03DFE76FF01B00D1
:10A4A000FDF720F8E2E700BF91B4002010B50024CA
:10A4B00082B001940094FFF78DFF02B010BD00BF81
:10A4C0002DE9F04182B01C4607460E469046089D95
:10A4D00000F00EFC3C4B1B78002B6FD0002F6DD092
:10A4E000386800286AD0002C50D0002D4ED0374B51
:10A4F0009E4212D04369002B48D01B6A1F6A002F6E
:10A5000044D02346009542463146B847044600F001
:10A51000FDFB204602B0BDE8F08108F1FF33052BBA
:10A5200049D8DFE803F0291F0E480303032D2DD976
:10A530002368B8F1050F4FF000040CBF83648363F8
:10A54000E5E7032D22D961884FF47A72237800243D
:10A5500002FB01F21B1BC0F8882018BF012380F802
:10A560008E30D4E7032D11D9236800241B1B18BF9C
:10A57000012380F88C30CAE7032D07D92368002413
:10A580001B1B18BF012380F88D30C0E76FF0050357
:10A5900090F985201AB11346002280F8852080F8B2
:10A5A00084301846FCF79EFF00F0B0FB4FF0FF3000
:10A5B00002B0BDE8F0816FF00803E9E76FF01B001F
:10A5C000FCF790FFF0E700BF91B4002017E503000F
:10A5D0002DE9F04182B01E4607460C469046089D84
:10A5E00000F086FB664B1B78002B00F0C480002F28
:10A5F00000F0C1803868002800F0BD800EB305B3BC
:10A60000604B9C4210D04369DBB11B6A5F6AC7B1E3
:10A610002146009533464246B847044600F076FB93
:10A62000204602B0BDE8F081B8F10D0F00F2A08025
:10A63000DFE808F01B28323C9E4D4D5B64717C7C4A
:10A640008A946FF0050390F985204AB980F8843028
:10A650001846FCF747FF00F059FB4FF0FF30E0E7EA
:10A660001346002280F88520F0E72B68032BE8D9F9
:10A67000037B042200249B1A2A60B3FA83F35B094C
:10A680003360CBE72B68032BDBD990F88D300422A5
:10A6900000242A603360C1E72B68032BD1D990F8DE
:10A6A0008C30042200242A603360B7E72B68032B28
:10A6B000C7D9042390F88E10334A00242B60D0F8B9
:10A6C00088303170A2FB03239B097380A6E72B68B7
:10A6D000032BB6D90423B8F1050F4FF000042B600B
:10A6E0000CBF836C836B336098E72B68002BA8D07A
:10A6F000037B012200242A6033708FE72B68002B34
:10A700009FD090F98420002301211C4629603270DB
:10A7100080F8843082E72B68002B92D043690122B5
:10A720002A6003B19B793370002477E72B68032BF1
:10A7300087D90423B8F10A0F4FF000042B600CBF37
:10A74000436B436C336069E72B68032B7FF679AF6B
:10A75000042300242B60C36A33605FE72B68032B5C
:10A760007FF66FAF042300242B60836A336055E7C4
:10A770006FF0080367E76FF01B00FCF7B3FE6AE7B2
:10A7800091B4002017E50300D34D621038B505469B
:10A79000FEF784F94DB1A86838B14468FEF760FC53
:10A7A0002046002CF9D1AC602C60BDE83840FEF7A3
:10A7B0007DB900BF38B50C460546FEF76FF9214656
:10A7C0002846FFF789FB04F13400FFF7DFFF04F1AF
:10A7D0004400FFF7DBFF2046FEF7DCFDBDE8384014
:10A7E000FEF764B92DE9F04107460C46904600F0AB
:10A7F0007FFA2D4B1B78002B3AD0FFF70DFB054657
:10A8000000283ED0214642463846FFF7FBF8064670
:10A81000002839D09420FEF7CDFD0446002838D01A
:10A820000023286085604661A0F86070C0F8108041
:10A830000373B8F1000F18D0A4F85470FEF72EF986
:10A840003368236003B15C60002363603460FEF70B
:10A850002DF9336A5B681BB12046984701301BD045
:10A8600000F054FA2846BDE8F081B3680361E3E7DD
:10A870006FF01800FCF736FE00F048FA0020BDE843
:10A88000F0816FF00100F5E76FF0090000232B6005
:10A89000F0E76FF00200F9E721466069FFF78AFFF1
:10A8A000FCF71AFEF2E700BF91B4002070B5044631
:10A8B0000D46164600F01CFA404B1B78002B77D053
:10A8C000002C75D02468002C72D046B33DB32A8882
:10A8D000D1074AD50B2E22D9B4F86230FBB9B4F8AF
:10A8E000603013F0010001D0A16EC1B9A96801F078
:10A8F000F006E02E2DD16E88934239D06B686366E6
:10A90000DEB1A4F8626004F13400FFF73FFF04F108
:10A910004400FFF73BFF00F0F9F9002070BD6FF035
:10A92000050094F9853043BB84F88400FCF7DAFD18
:10A9300000F0ECF94FF0FF3070BD63699A79032A9B
:10A94000DFD0186804F16001FFF798FBA4F86200FB
:10A95000D9E721B1B0B92846FEF770FD28B36E885B
:10A96000BEB9B4F860302A88C6E76FF00B00D8E7AC
:10A97000DB07C3D5AB68A366C0E71846002384F89D
:10A980008530D1E70021A06EFDF760FB0028E6D1FD
:10A99000E1E762690023294610681A46FFF7B0FA1A
:10A9A0000028DED06FF00D00BBE76FF00E00B8E7B7
:10A9B0006FF01B00FCF796FDBAE700BF91B40020D2
:10A9C00038B504460D46FEF769F869692368626880
:10A9D0000B4493420CD82946A068FEF789FC6B69AA
:10A9E0002268A06013442360FEF760F8002038BDA1
:10A9F000FEF75CF84FF0FF3038BD00BFF8B50446F5
:10AA00000D461746FEF74AF86969236862680B44E9
:10AA100093421CD800210C20FEF772F90646B0B113
:10AA200039460C22C068274600F07EF922686B691F
:10AA300029463046134447F8083BFEF759FC0146C7
:10AA40003846FEF771FCFEF731F80020F8BDFEF73E
:10AA50002DF84FF0FF30F8BDF8B58568F5B16C6999
:10AA60001E4607460B46944228464FF0000128BF79
:10AA700014462246FEF7A0F9012E01D02046F8BD6B
:10AA8000FEF70CF807F108002146FEF77DFB3B6856
:10AA90001B1B3B60FEF70AF82046F8BD2C462046FB
:10AAA000F8BD00BF2DE9F84385689DF820908DB36F
:10AAB0002F68984606460B4657B37C6900213846F6
:10AAC000944228BF14462246FEF776F940460C22EF
:10AAD000E96800F029F96B690C3B9C4238BF4FF0E4
:10AAE000FF34B9F1000F02D12046BDE8F883FDF72D
:10AAF000D5FF1FB17A6933689B1A336006F10800ED
:10AB00002946FEF71DFCFDF7D1FF2046BDE8F8837E
:10AB10003C46DBE72C462046BDE8F88368B1038855
:10AB200013F0010308D0806800F0F000A0F1E0000D
:10AB3000B0FA80F0400970471846704710B103889A
:10AB4000DB0701D4002070478068FDF77FBA00BFA3
:10AB500038B10388DB0704D58068B0FA80F040097B
:10AB600070470120704700BF10B109B1FFF772B9FB
:10AB70000020704710B109B1FFF77EB9704700BFE0
:10AB800048B10388012B07D110B504464068FEF791
:10AB9000DBFE18B110BD704700207047A068BDE80B
:10ABA0001040FDF78BB900BFF8B5002830D04168E0
:10ABB00000292DD083680446304D314AC0682B608F
:10ABC0001060002B4AD01B6813B32E4E30469847B6
:10ABD000F0B92B68CBB19A682B4F8AB1316879B143
:10ABE000304690473B78BBB14FF0FF342B682BB118
:10ABF000DB681BB12348026802B198472046F8BDC4
:10AC00003A784AB14FF0FF34F2E71F4F3B781BB15F
:10AC10004FF0FF342046F8BD61682068FEF7ACFBBA
:10AC200004460028E2D1FCF79FF804460028DDD155
:10AC3000FDF790FF154A164B0A2014601C6002F0C5
:10AC40006BFA01300FD0FEF791FE01300BD0FFF709
:10AC50001DF9013007D001233B70C7E70A4F3B784D
:10AC6000002BD5D1D9E7FEF72DFE4FF0FF34FEF7CC
:10AC7000ABFE02F05FFAFEF7B5FBB7E728A60020AF
:10AC800030A600201CAE002091B4002098B5002012
:10AC90009CB5002008B502F089FABDE80840FCF731
:10ACA00013B800BF054B1B681BB11B681BB110B16B
:10ACB0001847184670474FF0FF30704728A600200D
:10ACC000044B1B682BB19B681BB110B1026802B129
:10ACD0001847704728A60020044B1B682BB1DB687F
:10ACE0001BB110B1026802B11847704728A60020B6
:10ACF000044B1B682BB19B681BB10348026802B16F
:10AD00001847704728A600201CAE0020044B1B6883
:10AD10002BB1DB681BB10348026802B118477047CA
:10AD200028A600201CAE0020032AF0B470D9CE075C
:10AD30000B4606D50B780131013A013000F8013C91
:10AD40000B469D0705D50B88023A0231023020F8E8
:10AD5000023C97094DD000F1400401F140033D460B
:10AD600053F8406C013D03F1400304F1400444F802
:10AD7000806C53F87C6C44F87C6C53F8786C44F825
:10AD8000786C53F8746C44F8746C53F8706C44F835
:10AD9000706C53F86C6C44F86C6C53F8686C44F845
:10ADA000686C53F8646C44F8646C53F8606C44F855
:10ADB000606C53F85C6C44F85C6C53F8586C44F865
:10ADC000586C53F8546C44F8546C53F8506C44F875
:10ADD000506C53F84C6C44F84C6C53F8486C44F885
:10ADE000486C53F8446C44F8446CB9D1BF01384402
:10ADF0003944C2F383075FB1051F3B460C4654F844
:10AE0000046B013B45F8046FF9D1BF003844394465
:10AE1000940704D50B880230023120F8023CD30796
:10AE200001D50B780370F0BC704700BF22B102441B
:10AE300000F8011B8242FBD1704700BF29B10144D9
:10AE4000002300F8013B8142FBD17047AAB130B426
:10AE5000044603780878181A0AD12244013405E020
:10AE600014F8013B11F8015F5B1B03D19442F7D149
:10AE700030BC7047184630BC70471046704700BF62
:10AE8000014640B100784B1C28B1581A13F8012B29
:10AE9000002AFAD17047704770B10278431C6AB13A
:10AEA000B1FA81F0400910B108E0814205D013F8F1
:10AEB000012B0130002AF8D1704770470020FBE7D2
:10AEC00050B149B10B782BB100F8013B11F8013FAB
:10AED000002BF9D100230370704700BFA0F141039C
:10AEE000192B01D82030C0B2704700BFF0B408B3AE
:10AEF00007460C4617F8015B01E09D4214D014F898
:10AF0000013B002BF9D1CDB13D460C4615F8016B44
:10AF100000E05BB114F8013B9E42FAD146B1002338
:10AF20003B701560F0BC70473846E1E72F46EBE711
:10AF30003546F6E710680028DAD1F3E728461560B1
:10AF4000F0BC704710B5074C44F2A7116FF00042F7
:10AF500000232068A0FB010107F00EFE22601046CE
:10AF600010BD00BFE4AD0020024A13681844106011
:10AF7000704700BFE4AD0020F8B515468769002290
:10AF80000E462A70BB8BA3B1144643F00170FAF74A
:10AF9000FDFA30512C780D480434E4B22C70BB7F9C
:10AFA0001B021843FAF7F2FA30512B7803332B7057
:10AFB000F8BDC06DFCF782FF28B18368283B9BB2C7
:10AFC000BB832C78E1E72C78BB8BDEE70000030322
:10AFD00038B58469054688212046FFF72FFFA96B05
:10AFE0001A4A4FF406702B6F9142A087A38323D88F
:10AFF0009BB2A160994200D2A183A37F4FF440503D
:10B0000000FA03F28A4206D20133DBB200FA03F2FD
:10B010008A42F9D3A377696B4FF0FF330C220B48B8
:10B020002367E3666366E3676367A366A367A26457
:10B03000E264A06319B938BDA2601146DDE705F1ED
:10B040003400BDE83840FFF7A1BB00BF0000FF0F90
:10B0500088B138B50546006828B14468FEF700F8A5
:10B060002046002CF9D1002328466B602B60BDE8F8
:10B070003840FEF78FB9704706292DE9F041069D4B
:10B0800004D00695BDE8F041FCF782BEA2F10E04A3
:10B090001F46072C28D8DFE804F020271C13270FB1
:10B0A0000B04C36F3B60042300202B60BDE8F081DC
:10B0B000836F5B083B60F6E7436F5B083B60F2E73A
:10B0C0008369D3F8843013F0080307D001233B6071
:10B0D000E9E790F880303B60E5E7036F3B600423CD
:10B0E00000202B60BDE8F0816FF00801FEF7D8FE6C
:10B0F0004FF0FF30BDE8F08138B5456AA5B1044690
:10B10000FDF7CCFC656A00E025462C68002CFBD1DD
:10B110002B6B29469A6A03F12400013A9A62FEF7E2
:10B12000DBFE2C63FDF7C2FC284638BDF8B50446AB
:10B130008820FEF73FF9F8B10246002301214FF4C1
:10B14000615E96270826A26140254FF4004218460A
:10B15000236784F88C3084F88E3084F86D3084F85E
:10B16000801084F88D10C4F874E0A767E66784F84F
:10B170006C50A264A263F8BD20466FF00201FEF796
:10B180008FFE4FF0FF30F8BDF8B506460D46FDF7CF
:10B1900085FC344B1C68002C56D0002701E0246845
:10B1A000A4B1B4F862206B889A42F8D1237B042BB7
:10B1B00033D1002FF3D104F160073846FFF7C8FC04
:10B1C000002846D027462468002CEAD1002F3BD027
:10B1D000FC696CB1314604F15400FFF7C5FC20B1A5
:10B1E000B4F8562073889A4213D02468002CF1D109
:10B1F0007C6A6CB1314604F15400FFF7B5FC20B114
:10B20000B4F8562073889A4203D02468002CF1D1F8
:10B210003C46FDF74BFC2046F8BD294604F1600092
:10B22000FFF7A2FC0028BAD0237B002BB7D0314611
:10B2300004F15400FFF798FC0028B0D0B4F8562071
:10B2400073889A42ABD1E4E70024FDF72FFC204637
:10B25000F8BD38462946FFF787FC00280CBF0027B9
:10B2600027469CE79866002091F88030042B17D081
:10B2700015D3062B1AD8052B1CD0CB6E0A22013B06
:10B2800081F88020033312D84FF0FF3201238A6601
:10B290000370D1F8843043F00803C1F8843070475C
:10B2A0000722012381F880200370F2E770473023E2
:10B2B000CB66E9E70B6A9342DFD0082381F8803040
:10B2C000E7E700BF002944D0CA682DE9F84F177B93
:10B2D0008B46824614244FF00C083F09BD00AC4257
:10B2E00029D2A35CA11833B3012B26D004F10109A4
:10B2F000A94520D24878661E0644B5421BD9022BC8
:10B300001DD0032B11D18B780C2B98BF8AF83E30BF
:10B31000DAF8843088BF8AF83E8043F02003DBF8F7
:10B320000C20CAF88430177B3F0912F80930BD00A1
:10B330001C44AC42D5D3BDE8F88F0134CEE7488831
:10B34000FAF720F9DBF80C20AAF83C00177B3F093C
:10B35000EBE7704770B5056B0446E5B1037B022B44
:10B360000CD0AB6A8069013BAB62FFF771FE2146EE
:10B3700005F12400BDE87040FFF71CBA2B6A806914
:10B38000013B2B62FFF764FE214605F11C00BDE87E
:10B390007040FFF70FBA8669D6F88430DB0716D401
:10B3A000306828B14568FDF75BFE2846002DF9D1CD
:10B3B000002504F1440075603560FFF7E7F9257357
:10B3C00004F154000C21BDE87040FFF737BD304652
:10B3D000FFF73EFE21460248BDE87040FFF7EAB99C
:10B3E0009866002006292DE9F041069E14D1152A01
:10B3F000054614461F4606D80123934013F4651FE3
:10B4000001D0042E3CD10E3C072C2CD8DFE804F0F0
:10B41000092B0F2B2B171E250696BDE8F041FCF7D4
:10B4200097BC3B6863B32B670020BDE8F0813868A8
:10B4300010B30123002085F88030BDE8F0813B681F
:10B44000F3B15B0000206B67BDE8F0813B68BBB1E6
:10B450005B000020AB67BDE8F0813B6883B1EB6720
:10B460000020BDE8F0816FF008012846FEF718FDC6
:10B470004FF0FF30BDE8F08185F88000BDE8F08135
:10B480006FF00501F1E700BF002A18BF002B2FD095
:10B49000F8B5E1B1DB68054610469F7893F803E004
:10B4A0001E785B7847EA0E2746EA032357804B80D5
:10B4B000FFF76AFE58B1092D09D8DFE805F015112C
:10B4C0000D05050D0D080809027B042A11D1F8BDF0
:10B4D000F72280F88520F8BDE82280F88520F8BDA5
:10B4E000F82280F88520F8BD83699A8F1A63F8BD29
:10B4F0007047EE22BDE8F84080F88520FFF72ABFAC
:10B5000038B5144D00221449C82001F059FE2860B6
:10B51000A8B1002211494FF4FA7001F051FE104B0E
:10B520000446186070B1FFF70DFD0E4A0021136844
:10B5300003F57A4353FA80F01060084638BD4FF0A7
:10B54000FF31FAE7286801F05BFE2C604FF0FF3115
:10B55000F3E700BF20AE0020B1C2000069D80000B0
:10B5600024AE00202CA600202DE9F047044688B028
:10B570004069FEF7E9F9002107461420FDF7C0FBFA
:10B5800000286ED005461421C068FFF757FCE66A14
:10B5900026B194F83080B8F1000F6BD1EB685022DF
:10B5A0001A73EE68E388E0693380638A7380F9F781
:10B5B000EDFFD5F80C807060206AF9F7E7FFEB68C3
:10B5C000C8F8080094F824205A73EE68E08CF9F764
:10B5D000D9FF616BF0812846FDF78AFE0546208D74
:10B5E000EE68F9F7CFFFEB68002270821A8203F150
:10B5F0001006238A012B0FD0AA8A4FF4C061284677
:10B60000FBF73AFFEB6830801033228A012A0CD016
:10B61000002008B0BDE8F087002F6CD03B6A9B0784
:10B6200059D4EB6803F11006E6E72068E168A269E7
:10B6300000285CD0447890F800E090F820000026C4
:10B6400005930623049002953846CDF804E0009453
:10B650000396FCF7ABFF08B0BDE8F0872846FDF77E
:10B66000FFFC606B08B1FDF7FBFC6FF0020008B057
:10B67000BDE8F087002128200795C146FDF740FB73
:10B6800082460028EAD02821C068FFF7D7FB514640
:10B690000798FDF72DFE0023721E0668079012F82A
:10B6A000010FF168C85401339845F8D118F0030F21
:10B6B00005D028F0030808F104085FFA88F9A9F119
:10B6C000280107A8FDF760FD3369079A1433D26893
:10B6D0009B00137365E769693846FCF711FC002885
:10B6E0009FD1AA69034642F02002AA618DE7044671
:10B6F0004FF0400EA3E7A069FCF7E0FB07460028E7
:10B700008CD18EE72DE9F04784698EB0426C0546F6
:10B71000266AE368C06DF31AC3EB02088845474602
:10B7200028BF0F46FDF782F807F11403984238BF8F
:10B73000A0F11407C7EB0803B3FA83F35B09002FEA
:10B7400061D0002B5FD04FF0180995F850200AB156
:10B75000002B69D1A9696B6B8A68D31A62D4886996
:10B76000984204D2B1F81CE0191A714553D3A36171
:10B77000002F46D0696C00233A46E86CC8EB010103
:10B78000FDF7C4FB804600285ED005F16C030DF187
:10B79000380A05F160010C2201A84AF8383DFFF78C
:10B7A000C3FA05F154010C2204A8FFF7BDFA226A7E
:10B7B000636A4FF0FF318DF82490002508935046BE
:10B7C000A3690792A27FA167D340CDF83480ADF87A
:10B7D0002850ADF826300B958DF83050FFF7C4FE99
:10B7E0002369B91925645A1C03F1005321629A4256
:10B7F0000CD9914201D2994200D821610EB0BDE826
:10B80000F087B846C1E74FF010099EE79142F2D2A7
:10B810000EB0BDE8F087B1EB520FA8D2002818BFD8
:10B820000346A4E70023A2E794F8803049F0010919
:10B830000136042B0DD0072B0FD0D4F8843043F001
:10B840000403C4F8843085E7B9196FF0020021625F
:10B85000D4E7052384F88030EFE7092384F88030AB
:10B86000EBE700BF2DE9F0410C6805468EB01E469F
:10B87000607B00F01000002837D100F0FF030F4676
:10B88000904607936068F9F781FE3B68D8F800108E
:10B890004FF0140E5A7B1B7B02F00107C2F34004E9
:10B8A0001B098DF824E07A182244A2EB830210448D
:10B8B00008900EAC314601A80C2244F8385DFFF721
:10B8C00033FA0C22149904A8FFF72EFA002320461D
:10B8D000ADF82630ADF828300B938DF830300D934D
:10B8E000FFF742FE0EB0BDE8F081A068F9F74EFE0A
:10B8F00000220423079008928DF82430D9E700BF76
:10B900002DE9F04F846991B09946064601920F46A1
:10B91000426BA368256A9A1A74D4A169914204D231
:10B92000501AB4F81CE0704562D3B907A26157D42D
:10B93000A37FDA401FFA82F8FB070CD594F8802029
:10B940000135042A69D0072A6BD0D4F8842042F04C
:10B950000402C4F8842007F0100202F0FF0B0AB1C1
:10B96000D4F824B00C2206F16C030DF1400A06F164
:10B9700060010DEB02004AF8383DFFF7D5F906F1FA
:10B9800054010C2206A80026FFF7CEF94FF0FF3134
:10B99000226A5046019BA16709920D93CDF828B009
:10B9A0008DF82C70ADF82E808DF83890ADF83060A1
:10B9B0000F96FFF7D9FD236926645A1C03F1005343
:10B9C00025629A4206D8954201D39D4204D911B00E
:10B9D000BDE8F08F9542F8D3256111B0BDE8F08F36
:10B9E000B2F5405F05F10105A4D94FF44058A3E733
:10B9F000B0EB530F99D2002918BF0A46B907A261CC
:10BA000096D5EDE7002301F00201A36101F0FF02EA
:10BA100000298DD0013598468EE7052284F88020D4
:10BA200093E7092284F880208FE700BF30B584694E
:10BA300085B0054694F88030052B21D0092B1FD006
:10BA4000022B09D0002310211A46FFF759FF4FF0AF
:10BA5000FF33A36705B030BD236A0DF1070202A9C9
:10BA6000013B2362FFF788FA9DF8073002AA2846B7
:10BA70001221FFF745FF4FF0FF33A36705B030BD3C
:10BA8000226A002328461121551E1A462562FFF717
:10BA900037FF4FF0FF33A36705B030BD027B32B1F3
:10BAA0008269936F591C02D0013B936703B17047C1
:10BAB000FFF7BCBF38B5FCF7F1FF0A4B1D686DB14D
:10BAC0002846FFF7EBFF6C6A2CB12046FFF7E6FF34
:10BAD0002468002CF9D12D68002DF1D1BDE8384043
:10BAE000FCF7E4BF986600202DE9F84305461446AC
:10BAF000894603F002078669DDF82080FCF7CEFF57
:10BB00002846B7FA87F3494650F8342F5B09A2421A
:10BB100028BF2246FEF7A0FF044607BB336CB28B5A
:10BB20000344B3EB420F336422D32B7B032B13D09C
:10BB300054B3B8F1000F0AD040460C2205F154016D
:10BB4000FFF7F2F81CB9D6F884301B0728D4FCF7AD
:10BB5000ADFF2046BDE8F8832846FFF767FF002CBD
:10BB6000E7D12B7B032B0FD1B8F1000FEBD0E3E72C
:10BB7000B268B3EB520FD8D2B269002AEFD1002BD2
:10BB8000D3D1002CEDD0D4E76FF01304FCF78EFF77
:10BB900028462146FEF784F94FF0FF30BDE8F883D0
:10BBA0006FF01904F2E700BF2DE9F84385690746F5
:10BBB0008946EC682A6AD5F88400AB6AC4EB0208AF
:10BBC00020F04001B3EB0804C5F8841068D42B6B57
:10BBD000A98FC8EB03037A6CB3FBF1F3C8EB02083F
:10BBE00003FB01F34445A8BF44469C42A8BF1C4642
:10BBF000002C49DD0026A1423ADDEB6AB4EB530F7D
:10BC00002EDCD5F88430DA062AD4E9682A6A914213
:10BC100002D097F8802072B1A219904563D0696F65
:10BC2000AA6C481C01D0914201D92A656A6743F089
:10BC30004003C5F8843086B395F86030002B37D1C7
:10BC40002B6A002101226B61E96785F860204FF0C3
:10BC5000FF322B6F93426A6740D00120BDE8F88322
:10BC6000264438462146FFF74DFD002EE4D114E06E
:10BC70003846FFF747FDA98F641A0E44002CDADD21
:10BC8000B9F1000FB7D0D6E797F850302BB1B8F123
:10BC9000000F02D110F0040318D00020BDE8F88393
:10BCA00022449846022300242A6285F860308EE7F9
:10BCB000022BCCD16A692B6A511C02F100529142CD
:10BCC00017D99942BDD99A42C1D3BAE71A46384624
:10BCD0001121FFF715FE2B6F0133BED1AB6C012094
:10BCE0002B67BDE8F88321463846FFF70BFD464633
:10BCF000A1E79942E7D9AAE738B5037B032B25D101
:10BD00000D460446FCF7CAFEAA0702D594F8503047
:10BD100043B1EB0702D594F8403063B1FCF7C6FE9F
:10BD2000002038BD0121204684F85010FFF73CFF69
:10BD3000EB07F3D5EFE704F13400FEF727FD01230D
:10BD400084F84030FCF7B2FE002038BD6FF01301DC
:10BD5000FEF7A6F84FF0FF3038BD00BFCB682DE9E5
:10BD6000F04F0546846985B0986817468846F9F70C
:10BD70000DFC95F88D20D8F80C308146012A93F8F7
:10BD80000DA00CBF6A6F4FF0FF32A2663A685007F1
:10BD900001D50122A267E1684FF0FF328945626652
:10BDA00000F0DE800023C1EB09016E6C63648E42FB
:10BDB000236BA84A28BF0E46934215D8A26B934224
:10BDC00000F2EB8099198A4280F0E181616B226375
:10BDD000194413468A1A324462639A4204D3A18FEB
:10BDE000D21A0B4462632363314605F14C00FDF720
:10BDF000CBF9236A696C5A1C03F10053891B9A42E0
:10BE00006964C4F80C9045D9914501D2994501D88F
:10BE1000C4F82090636913F1005259D2994506D3B2
:10BE2000914504D894F86030012B00F09981D8F83E
:10BE30000C30D8F8142003F10C00D4F88410090752
:10BE400049D503784FF001091B09B2EB830F3B681A
:10BE500002D943F002033B601B0702D41AF0080F1B
:10BE600002D02846FFF7E2FDD4F884102846C1F33B
:10BE7000C011FFF799FE3B6810B143F001033B602E
:10BE8000A26A52B96A6C42B1626F013200F09580C9
:10BE9000226D08E09145B9D2BCE7D4F8842056065B
:10BEA00002D44FF0FF326267226AE16891420CBF10
:10BEB0004FF0FF32A26C13F0090F226704D19807EC
:10BEC00002D52846FFF7B2FD484605B0BDE8F08F21
:10BED0009945A5D3A6E7CDF80880017893F80D80A1
:10BEE00009094FEA810991455BD0AE695868F9F7B5
:10BEF0004DFB736A9842706862D0029BB1685A69C0
:10BF000002448A427FD83A68316842F002023A60BD
:10BF1000002900F06A814FF000090391DB6858683E
:10BF2000F9F734FB029B00F10108DB685868F9F768
:10BF30002DFB039B00F1005BDB685868F9F726FBDB
:10BF4000D8456CD8804501D883456AD2DDF80C907D
:10BF5000D9F80430002B00F0FF800393029BDDE74B
:10BF6000266AB14524D06A6C12B3197B03F10C0028
:10BF7000D8F814200909B2EB810F7FF45EAF1AF0F4
:10BF8000030F7FF45AAF616C01F1010EBEF1030F94
:10BF900000F04381C4F844E04FE7626B32446263CF
:10BFA0001BE718F0210FA0D13B684FF0010953E7C0
:10BFB00003F10C00D8F814203FE7A26C226572E769
:10BFC00000289AD118F0010F40F01481494602A8C8
:10BFD000FDF7DAF8029B002B00F00981726A19461E
:10BFE0005B694FF00009E86B13447362FDF780F959
:10BFF000029B6A6B59693B680A44E86343F0040397
:10C000006A633B6028E7DB685868F9F7BFFA736A30
:10C010009842029B3FF477AF4FF0010910E0804552
:10C0200092D8B9F1000F00F09480029BC9F8043057
:10C03000039A5A6071684FF000095A690A447260A5
:10C04000DB685868F9F7A2FAD6F824B058453ED014
:10C050003B6801E7FFFFFE0F834565D84868F9F7A5
:10C0600095FA32680190D2685068F9F78FFA326811
:10C070007168D2F814E0D368CEEB010C516893F8E4
:10C080000C8003924FEA181886E802100021AEEBEC
:10C09000880851608044597BC9077CD4D268042346
:10C0A00003A8117B090913FB01B1019BC91AFDF714
:10C0B0006BF8039A42B16B6B11465269E86B1344FB
:10C0C0006B63FDF715F9E863C346C6F82480326850
:10C0D000002ABDD0D2685068F9F758FA3268804615
:10C0E000D2685068F9F752FA00F1005080452DD817
:10C0F000D845ADD85845ABD332680BF10058D2685B
:10C100005068F9F743FAD6F800E0C345DEF80C10A2
:10C11000DEF8142091F80CC04FEA1C1CA2EB8C0234
:10C12000104499D8834501D8804597D2DEF8043071
:10C13000704672685969CDF80CE0521A336072602B
:10C14000FCF78EFF3268002AC4D181E7D845D1D8E8
:10C15000D2E7029B33606BE7029BC9F8043069E7C2
:10C16000A26D4AB3E06FA0EBD2000244002A39DD91
:10C17000D108A26580EAE072E36DA2EBE072A2EB67
:10C1800093021A44002A1DDC0122E2651BE00B46E3
:10C19000626B216321E6986808F10108F9F7F6F966
:10C1A000A969024605F10C00FFF75EF83968039AA9
:10C1B00041F00801396071E7E26F0132D3005200AB
:10C1C000D908A365E265D8F80C300A4400264FF080
:10C1D000FF31A26403F10C00D8F8142084F86060E9
:10C1E000E1672AE60021A365C4E7336022E79946A8
:10C1F0003B6831E6029BDB689868F9F7C7F9A969E3
:10C20000024605F10C00FFF72FF8726A3B68013215
:10C2100043F0080372623B60D8E6236B0231A26AE6
:10C2200061649342A18F8CBF53085B084A00A363EB
:10C230009A4201D91346A26323632846C4F820908A
:10C24000FFF760FA3B684FF0FF3E022143F0010226
:10C25000D8F80C30266203F10C003A60C4F87CE098
:10C2600084F86010D8F81420E7E500BF2DE9F04706
:10C270001446564A0646944200F29980027B032AED
:10C2800062D114B92046BDE8F0879946884687698F
:10C29000FCF704FCB56CD6F844A0FDF7A1F840F615
:10C2A000C90398425FD9CAEB0502824256D894422C
:10C2B00033D819F0040F35D096F88C3093BB012396
:10C2C00086F88C30D7F884309442404628BF144614
:10C2D00043F0800301222146C7F88430FCF75CFD5F
:10C2E0000546002866D04FF0010806F144092946AA
:10C2F0004846FEF765FB002852D1BB6AE3BB7B6F63
:10C30000013349D0B8F1000F02D0002386F88C30F9
:10C31000FCF7CCFB2046BDE8F08722B319F0040FF0
:10C320004AD11446D7F884309442404628BF144678
:10C3300043F0800301222146C7F88430FCF72CFD2E
:10C34000054630BB0446E3E76FF013014FF0FF34BE
:10C350003046FDF7A5FD2046BDE8F0878442024641
:10C3600028BF0446A5E7FCF7A1FB00248AE70121CA
:10C370003046FFF719FC28B1337B032BF7D0484632
:10C38000FEF704FAD7F8843023F08003C7F884302E
:10C39000B8E74FF00008A8E7BB6C3B657B67B1E7E7
:10C3A00028460024FCF73EFDFCF780FB6AE76FF0AF
:10C3B0000501CBE70446A8E796F88C30002BB0D1F6
:10C3C0000123144686F88C307CE700BF0000FF0F85
:10C3D000F0B5054685B008460C46FEF7D1FB0028AF
:10C3E0004DD001462046FEF7A9FB00283AD1204651
:10C3F000FEF794FB002835D12846224FAE69FEF7A0
:10C40000E7FD02A90DF107022846FEF7B5FD3A68DF
:10C4100005F15403511C3262316194E8070083E84E
:10C420000700FCF73BFB02AA9DF8073002212846D3
:10C43000FFF766FA0446F8B90122022386F8802045
:10C440002B73FEF77FFD3B68B16C1E2203F57A4328
:10C45000316753FA80F0F2663860FCF727FB20461C
:10C4600005B0F0BD6FF00E0428462146FDF718FD1B
:10C470004FF0FF3005B0F0BDFCF718FBF4E76FF0AC
:10C480000F04F1E72CA600202DE9F04F8BB0DC68FB
:10C4900007460E460AAD1498904645F81C3D247B8D
:10C4A000FCF7DEFD28462409A4002146FCF7FAFD2E
:10C4B000013008D0039883699B060BD53946304676
:10C4C000FEF73CFBD0B103990846FCF7C9FD0BB061
:10C4D000BDE8F08F828A4FF4C061FAF7CDFFB8F85B
:10C4E000003008F1080206F10801012B14BF1023E7
:10C4F0000423FAF7D9FF0028E5D1DFE73046FEF73D
:10C500000DFB03990028DFD14B699C42DCD8CB6836
:10C51000404639461A8872805B88A8F80230FEF7D8
:10C520000DFB18B94046FEF7F9FA50B1039943469E
:10C530000096002001F114020C31FFF793F90399E2
:10C54000C2E741463046FEF71FFE0546002800F0D0
:10C550000181037B042B00F0F380039B0022AC6974
:10C56000D9685A60486807920693F9F70FF8069B56
:10C570000746DB68986893F80CB0F9F707F881462E
:10C58000069894F88020C368012A5B7B03F03F0A79
:10C5900062D0032A60D0022A72D0616A07F1010ECC
:10C5A00007F100524FEA1B1B96454FEA8B0B00F236
:10C5B000B9808E4528D88A4226D3426901F1005EAF
:10C5C000481CCBEB020270453A4400F2BF80904217
:10C5D00027D8964525D3CF1B06A8594602933A463D
:10C5E000FCF7D6FD029B9A0600F1C280069B676AA3
:10C5F000DA6838460292F8F7C9FF079B029A43F0BF
:10C6000002035060616A0793A3691944481C01F151
:10C610000052904209D8B84200F28880BA42C0F075
:10C6200085802846FFF702FA4DE7B842F9D9BA42A9
:10C63000F7D2069B5B69CBEB03033B44984201D9DD
:10C640009A427AD3C91A06A8FCF79EFD079B94F874
:10C65000802043F0020307930AF01403142B36D012
:10C660001AF0040F1AD0012A3FF42DAF032A3FF429
:10C670002AAFEE23284685F88530FEF76BFE22E7C9
:10C6800094F88110012988D113F0020F616A85D0D6
:10C6900001F1FF3E774581D15B07EAD40AF002033E
:10C6A00003F0FF0BABB3022A72D0032A16D0012A83
:10C6B00014D0069905F16C004346009601F114026E
:10C6C0000C31FFF7CFF82846FEF744FEFBE6012ABF
:10C6D000C6D1236A99457FF4F6AECAE70AF0100383
:10C6E00003F0FF0A002B00F08280002A00F0A580F2
:10C6F000022A40F29180032A40F09F800699434627
:10C70000009605F16C0001F114020C31FFF7AAF854
:10C71000D9E6012A01D0032AE0D11AF0100F3FF424
:10C72000D2AEEBE78E453FF646AF46E7069B5B6928
:10C73000CBEB03033B44984282D994F880208BE7EB
:10C740000C2231465430FEF7EFFA06E790423FF6EE
:10C7500040AF40E70399CB685B7B5C073FF5B4AE25
:10C7600001F11402009643460C31FFF77BF8AAE66C
:10C77000069A0293D268508AF8F704FF8742029B18
:10C780004ED9069A03F01F0AD36883F80DA02DE74F
:10C7900094F88130012B8CD1636A013B9F4288D190
:10C7A0000AF0100303F0FF0A002B3FF43AAF236AAC
:10C7B0009945A3D1069BDB68D889F8F7E3FEA06210
:10C7C000A36AE26A9A4238BFE36294F88030013B80
:10C7D000092B00F2C181DFE813F06A01BC00AD0053
:10C7E0009E007B009E009E006E0066004700022AAD
:10C7F0003FF417AF032A02D0012A7FF464AEBBF1E5
:10C80000000FD7D1069BDB68D889F8F7BBFE94F8F8
:10C810003E309840A062D3E7236A9945EFD06DE798
:10C82000069BDB68588A0293F8F7ACFEC01B80B207
:10C83000F8F7A8FE029B5882D8E6E26823699A427C
:10C840000FD8914501D39945D9D95A1C03F100530A
:10C850009A4225D89145FFF436AE99453FF633AE5E
:10C86000DFE69145EFD3CAE706994346009605F106
:10C870006C0001F114020C31FEF7F4FF95F8403022
:10C88000002B3FF420AE6B6B002B3FF41CAE012657
:10C8900005F13400FDF77AFF012E7FF418AE12E6A1
:10C8A0009145DAD3BDE6236A99457FF40CAE28465C
:10C8B000FEF750FD07E6236A9945DFD14FF0FF33BD
:10C8C0000A21302284F88010E2662367A366D5E748
:10C8D00007AA06992846FFF741FA226AE368064646
:10C8E0009A421FD095F84030002BD5D06B6B002BAF
:10C8F000D2D0CDE72C6B2946226A04F11C00A36A32
:10C90000013A01332262A362FDF7E6FA294604F1F7
:10C910002400FDF7D1FA07AA06992846FFF71EFA68
:10C920000646DFE794F88030052BDBD1062384F838
:10C930008030D7E7296AAB6AEA6A0B44934222D374
:10C940000C2105F15400FEF779FA0023A362E3629B
:10C9500094E7032194F881204FF0FF3304208A42AA
:10C9600084F880002973C4F80C90E3662367C1D073
:10C97000BBF1000FCFD095F88D30012B7FF47EAF47
:10C980006B6FA3667AE72846FDF7A6FB82460C216B
:10C9900005F15400FEF752FABAF1000F00F0828060
:10C9A0000C2241460AF16000FEF7BEF98820FCF730
:10C9B00001FD8146002850D0CAF818005046FEF705
:10C9C00007FB2B6AA26A0020E16A0133C9F828201C
:10C9D0000137C9F82C105146A062E06205F11C0035
:10C9E000614C2B62CAF83050FDF766FA22680223C8
:10C9F000C9F82470511CC9F820200322DAF8180065
:10CA0000C9F810108AF80C30069989F8803089F836
:10CA10008120FEF757FCDAF81830D3F8842012F0A2
:10CA2000200207D199689A77B1F5405F02D94FF497
:10CA300040529A60998FB9F83C201963AAB90699B7
:10CA400005F16C004346009601F114020C31FEF72B
:10CA500009FF5046FEF77EFC10E75046FCF79AFCB3
:10CA6000C4F82890C4F82C9008E70DF1170250463E
:10CA700008A9FEF781FA08AA9DF81730122150463E
:10CA8000FEF73EFFFEF75EFA23681E21D9F8482024
:10CA900003F57A43C9F86C1053FA80F0C9F8702096
:10CAA0002060EBE6C4F828A0C4F82CA0E6E6013725
:10CAB0006762BAF1000F2BD0C4F80C900699A869F0
:10CAC000FEF700FCAB69D3F8842012F0200207D1F6
:10CAD00099689A77B1F5405F02D94FF440529A6055
:10CAE000998FA28F1963002A3FF4E3AD4FF0FF3313
:10CAF00028462367E366FEF799FF95F88D300421F9
:10CB00000322012B84F880102A737FF4B7AE37E735
:10CB1000A36C06992367A869FEF7D4FBAB69D3F829
:10CB20008420970608D49A6883F81EA0B2F5405F67
:10CB300002D94FF440529A60998FA28F1963002A4C
:10CB40003FF4B7AD02220123284684F8802084F800
:10CB50008130FEF76BFF91E695F840300126002BFF
:10CB60007FF4C4AEAFE400BF2CA60020037B8BB3E0
:10CB7000826992F880300A2B2CD0012B2AD0022B0C
:10CB800030B58FB027D0D1680423002207910892D6
:10CB90008DF8243000F16C0304460EAD00F1600105
:10CBA0000C2201A845F8383DFEF7BEF804F1540107
:10CBB0000C2204A8FEF7B8F800232846ADF826306A
:10CBC000ADF828300B938DF830300D93FEF7CCFC88
:10CBD0000FB030BD7047516A1423002208910792AC
:10CBE0008DF82430D6E700BF037B042B10B5044634
:10CBF0000BD0FFF7BBFF2046BDE81040FEF7AABBF5
:10CC0000FFF7B4FFE069FEF7A5FBE0690028F7D164
:10CC1000606A0028EFD0FFF7A9FF606AFEF79AFB71
:10CC2000606A0028F7D12046BDE81040FEF792BBAD
:10CC3000037B042B70B504460D460ED08669FEF7C3
:10CC4000C7F9002303210422E562E3650020A4F86C
:10CC5000563086F88010227370BDFBF71FFF03E08B
:10CC60003BB1E069FFF7C0FF236AA26A99188D42C1
:10CC7000F6D3954205D2606AFFF7B6FFA36A9D42DC
:10CC8000F9D3E562FBF712FF002070BDF8B5FBF7A2
:10CC900005FF154B1C68B4B10027A5692668D5F8B7
:10CCA0008430DB0713D4237B042B14D0286828B1ED
:10CCB0004468FCF7D5F92046002CF9D16F602F604D
:10CCC0003446002EE9D1BDE8F840FBF7EFBE204620
:10CCD000FEF740FBF4E7E0690028F1D0FFF784FF9E
:10CCE000E0690028FAD1EBE79866002038B5037BAD
:10CCF0008569002B40D090F88E300446012B28D057
:10CD0000FBF7CCFE237B032B29D194F85030002B6A
:10CD10004AD0FBF7CBFEFBF7C1FED5F88430227B6F
:10CD200043F00103C5F88430002A39D095F88030EB
:10CD30000A2B08D094F88E30012B27D03023EB66D5
:10CD4000012384F84030636BABBBFBF7AFFE0020E0
:10CD500038BDD0F88830002BD2D1FBF79FFED5F834
:10CD60008430204643F00103C5F88430FFF73CFFD0
:10CD7000FBF79CFE002038BDD5F8843043F001035A
:10CD8000C5F88430FEF7E6FA002038BDD4F88830C4
:10CD9000002BD3D00A4AA2FB03235B09EB66CFE743
:10CDA0002046FEF7D7FAD0E70121204684F850103C
:10CDB000FEF7FAFEADE704F13400FDF7E7FCC4E747
:10CDC000D34D6210037BF3B12DE9F043856991B037
:10CDD00004466B6E5E1C02D0013B30D06B66EB6E7E
:10CDE000581C12D0013B0FD1D5F884304FF0FF32E0
:10CDF000D907EA6633D595F880300A2B29D020462A
:10CE0000FFF7F2FE18E07047EB662B6F5A1C02D05A
:10CE1000013B2FD02B67A96E4F1C02D04E1E72D043
:10CE2000AE66696F481C02D001394FD06967EB6F5D
:10CE30005A1C01D00133EB6711B0BDE8F08390F9C3
:10CE400085304FF0FF3218336A6602D0EF2380F846
:10CE500085302046FEF77EFA11B0BDE8F08394F9E4
:10CE6000853013F1180FF4D00933F2D0E92384F898
:10CE70008530EEE795F880304FF0FF32012B2A67BE
:10CE800000F0A880022B40F0B6802B6A0DF107025B
:10CE9000204602A9013B2B62FEF76EF802AA9DF81C
:10CEA000073012212046FEF72BFDEA68696DAB6C56
:10CEB0009142E86C00F0CE80EB646A65782BA9D0D3
:10CEC0005B00782B88BF7823EB64A3E7A6694FF05B
:10CED000FF32B36A6A67002B6CD120460121FEF74E
:10CEE00011FC326A336D013A782B326204D05B0058
:10CEF000782B88BF78233365726E7367013296D1C1
:10CF00003023736693E74FF0FF33A7693146012062
:10CF1000AB66FBF7F5FE8046002882D0A169636B03
:10CF20008A68D31A00F19C808869984209D28E8B56
:10CF3000191AB14205D2B1EB520F02D2002818BF24
:10CF40000346B97F0C2204F16C060DF14009CB4079
:10CF50000DEB020004F1600149F8386D9EB2FDF757
:10CF6000E3FE0C2204F1540106A8FDF7DDFEFB6888
:10CF70007A6A4FF0100E591E00234846ADF82E6015
:10CF80000A92ADF830300D938DF838300991CDF814
:10CF90003C808DF82CE0FEF7E7FA7A6EA36F561C02
:10CFA000BB6659D0E16F01FB03F39A427FF639AFBC
:10CFB0007B6636E7D6F88430204643F01003C6F887
:10CFC0008430FEF7F1FDD6F8843023F01003C6F864
:10CFD00084302CE72B6A0DF10702204602A9013BA1
:10CFE0002B62FDF7C9FF02AA9DF8073002212046F7
:10CFF000FEF786FC59E7D5F884306A6E23F0040307
:10D000000132C5F884302DD02A6B43F01003A96A91
:10D01000E8688A42C5F88430286288BF4A08A98F28
:10D0200098BF520848002963AA63002190424FF03C
:10D03000020288BFA8634FF0FF3085F86020E867E0
:10D040002046FEF7B1FDD5F8843023F01003C5F873
:10D0500084302AE7034631E7E26F02FB03F3A7E7D8
:10D0600033466EE730226A66CEE700BF38B5FBF77D
:10D0700015FD134B1D68B5B1E86928B10468FFF7C9
:10D08000A1FE2046002CF9D1686A28B10468FFF798
:10D0900099FE2046002CF9D12C682846FFF792FE15
:10D0A0000CB12546E8E7FDF74DFF064A136803F586
:10D0B0007A4353FA80F0BDE838401060FBF7F6BCC5
:10D0C000986600202CA6002038B5104CFBF7E6FC33
:10D0D000206858B18269D2F8843043F00103C2F865
:10D0E0008430FFF781FD20680028F3D1084D094CFA
:10D0F000286800F085F8206800F082F800232B6093
:10D100002360BDE83840FBF7D1BC00BF9866002023
:10D1100020AE002024AE0020054B1B682BB1186800
:10D12000B0FA80F04009404270474FF0FF3070473E
:10D1300030A6002038B5054D286830B10468FCF7EA
:10D1400029F92C602046002CF8D138BD34A60020E7
:10D15000014B1B681B68184730A6002070B5FBF711
:10D160009DFC104B1C68C4B10F4D2E4601E0246895
:10D170009CB12B681B6898476368A268C01A9042EC
:10D18000F5D333681B689847E3686060002BEED0E6
:10D19000206998472468002CEBD1BDE87040FBF76C
:10D1A00085BC00BF34A6002030A6002008B5FDF7DE
:10D1B0009FFDFFF7D3FFBDE80840FDF7A7BD00BF07
:10D1C000F8B5B0B1A9B10546142017460E46FCF7D4
:10D1D000F1F8044658B1084B084A19681268016012
:10D1E000126818609047A5606060E660276120467D
:10D1F000F8BD00242046F8BD34A6002030A600204B
:10D2000080B1094B1A68904201D107E01A461368B1
:10D210009842FBD103681360FCF7BCB802681A603F
:10D22000FCF7B8B8704700BF34A6002010B403461E
:10D230004024012000214FF4006283F86C4083F801
:10D240006E00084683F86D109A649A635DF8044B8B
:10D25000704700BF38B50C460546FBF71FFCE207D8
:10D2600008D4A30702D5012385F85030FBF71EFC34
:10D27000002038BD012305F1340085F84030FDF76A
:10D2800085FAEEE72DE9F04F044687B01746984639
:10D290000D46109EFBF702FCA36CBB42C0F0AE80B3
:10D2A000002E00F08E80284600223946FBF774FDE0
:10D2B0008146002800F0A580B4F86230002B77D0BA
:10D2C00018F0040841D1C346706800B9606EFCF7DD
:10D2D0003BFB012182460820FBF712FD002800F0ED
:10D2E0009380C5684946B4F8622073882A806B80B1
:10D2F000FBF7FEFF8146808AF8F744F93288002365
:10D30000A880012AAB71EB7106D1BAF1000F6ED083
:10D31000DAF820309B0757D4B9F814204FF488511D
:10D320004846FAF7A9F825F8060F3388012B12D0E2
:10D33000B8F1000F57D194F98530002B55D1FBF788
:10D34000B5FB384607B0BDE8F08F012394F88CB0E8
:10D3500084F88C30B8E7B268002694F86D3002F09B
:10D36000F00094F88CE0A16EE0280CBF94F86E00F9
:10D3700094F86C0000931123019050460595CDF868
:10D380000890CDF810E00396FBF710F9B8F1000F04
:10D3900001D084F88CB00028CDD001462046FCF79F
:10D3A0007FFDFBF783FB4FF0FF3007B0BDE8F08F48
:10D3B000636904F160011868FCF760FEA4F862007C
:10D3C0007EE704F154066EE7D9F814105046FAF7D8
:10D3D00097FD0028A0D1D9F81830054643F0200366
:10D3E000C9F81830A1E70020D3E70020D5E7B068DE
:10D3F000FAF764FD824600288AD18DE76FF00700B6
:10D40000CBE76FF00200C8E74846FBF729FEB8F10A
:10D41000000FF6D06FF00200BBE700BF2DE9F0412E
:10D420000F4686B00C21054690461C460DEB0100C8
:10D430000C9EFDF703FD95F98510C9B984F002042F
:10D440004246394603ABC4F3400405F1340000946E
:10D45000FDF728FB04461EB1314603A8FDF78AFB01
:10D46000631C03D0204606B0BDE8F0816FF00701D1
:10D470002846FCF715FD4FF0FF30F4E738B50446B9
:10D480000D46FBF70BFB0C22294604F15400FDF777
:10D490004BFC032304F134002373FDF777F9FBF70A
:10D4A00005FB002038BD00BF10B50446FBF7F6FAB7
:10D4B00003482146FDF77EF9FBF7F8FA002010BD7E
:10D4C000BC66002010B5054C216829B10348FDF762
:10D4D00071F921680029F9D110BD00BFBC66002098
:10D4E0002DE9F04383B00193002B60D0064600285D
:10D4F0005DD00F4601A808211546FBF7D3FD01308A
:10D5000055D0019BDC68A088F8F73CF8019B804669
:10D51000596988424BD8C0F09480E38823B10198C0
:10D5200083699B0640F1AC80A27801A894F803E0DF
:10D5300008212378647842EA0E2243EA04236A80B1
:10D540007B80FBF721FE31462846FDF7F7FA0028DD
:10D550007CD05B4B1C6854B34FF0000801E024689A
:10D56000FCB1B4F862206B889A42F8D12846FDF7E6
:10D57000D5FA002846D02B88012BF0D1D4F8901092
:10D580000029ECD04A68AB689A42E8D10B689E4209
:10D59000E5D1B8F1000F02D098F84030E3B1A046D1
:10D5A000DDE7B8F1000F02D098F8403043B10A9897
:10D5B000FBF756FD0198FBF753FD03B0BDE8F08380
:10D5C0003A4608F134000199FDF718FA0130EED01F
:10D5D0000A98FBF745FDF0E719464FF0FF32019836
:10D5E000FBF794FC81460028D9D008F134003A4674
:10D5F0004946FDF703FA0130D1D14846A046FBF772
:10D600002FFDACE704F160094846FDF7A1FA28B9FF
:10D6100048462946FDF7A8FA0028A0D004F154098D
:10D620004846FDF795FA0028B3D148463946FDF73C
:10D630009BFA002893D0B4F856207B889A428ED16A
:10D64000A7E7411A01A8FBF79FFD66E72846FDF70B
:10D6500065FA00287FF47DAF194811233A46294620
:10D660000068FCF78FFCF0B190F84030002B9ED1A1
:10D670003A4634300199FDF7C1F9013097D0A7E758
:10D6800042464FF48851F9F7F7FE2B8805F108025E
:10D6900007F10801012B0CBF04231023F9F704FF45
:10D6A000002884D140E70198FBF7DAFC2B88012B96
:10D6B00083D1032230460A9B1146FAF731FA7CE700
:10D6C000BC660020002A18BF002B41D000293FD0A3
:10D6D00001382DE9F041082806D8DFE800F00730CE
:10D6E0003333303005053600BDE8F0816FF00707B1
:10D6F00018480468002CF7D015468846DE6802E01A
:10D700002468002CF0D0294604F15400FDF72CFACF
:10D710000028F5D0B4F8562073889A42F0D1B4F8B6
:10D72000622033889A42EBD1414604F16000FDF754
:10D730001BFA0028E4D084F88570BDE8F0816FF012
:10D740001707D5E76FF01107D2E76FF00807CFE7AB
:10D75000704700BFBC66002090F8A23090F8A3206C
:10D760009A4202D90344987E70474FF0FF307047C9
:10D77000704700BFB0F8303193B190F82F31882B4B
:10D780000BD8C21810B45C1C012380F82F41184636
:10D7900082F8A5105DF8044B704701220023027146
:10D7A0001846704738B50546B0F8300190B195F885
:10D7B0002F311446C3F1890294420CD805F1A5001B
:10D7C0002246184401F0D8FE95F82F3120461C441B
:10D7D00085F82F4138BD144601222A71EEE700BFBB
:10D7E000704700BF2DE9F04F8346404883B01525B0
:10D7F000DBF814A09BF818609BF819300AEB0616AA
:10D800003B490AEB0313DFF8ECE0367A0C4693F859
:10D8100028303601DFF8E0901B01871950F80680A8
:10D8200000EB030CC658F8687B68DCF80C700093BA
:10D830001D60C8F88400D8F80430DCF804200343E5
:10D840000192C8F804301560C6F8847073683B43D1
:10D8500073600968DEF80030A9FB0332920C02EB1A
:10D860008202520023685B1A9A42FBD8204A09259B
:10D87000DFF884C09146D8F80830184202D0B36867
:10D880001F4231D1C6F888701468DEF80010ACFB76
:10D890000131890C01EB810113681B1B9942FBD8F4
:10D8A000C6F88470D9F80040DEF80010ACFB0131F6
:10D8B000890C01EB810113681B1B9942FBD8013DC8
:10D8C000D9D128469BF81830009A0AEB0313DB687D
:10D8D00013609BF81930019A0AEB031ADAF82C301E
:10D8E000136003B0BDE8F08F0120EBE7F0090020E2
:10D8F000041000E06057002083DE1B430D490269DD
:10D9000010B50C6805E0DB0107D40B681B1B102B5E
:10D9100008D8536913F0007FF5D14FF4FE4301207E
:10D92000536110BD0446FFF75DFF0028F9D022695E
:10D93000F3E700BF54B400202DE9F04790F82FA181
:10D94000BAF1000F02D10420BDE8F08705460E466B
:10D95000FFF7D4FF0028F6D02E4F00244FF40079B3
:10D96000D7F80080544529691AD8CB6D03F0070316
:10D97000032B09D914E095F8A5200133012442F4C2
:10D980008062042B0A660BD02A19002CF3D0A24522
:10D9900027D9013392F8A5200134042B0A66F3D16C
:10D9A0004B69180522D45A0527D4980404D43A6840
:10D9B000C8EB0202322A09D90B694FF40072042025
:10D9C00043F440730B610A66BDE8F087544505D9FE
:10D9D000CA6D520702D19B0519D4C6B103F0E8FC09
:10D9E000C0E70EB1C1F860900134D9E70B6904209B
:10D9F00043F440730B61BDE8F0870B694FF400728C
:10DA0000022043F440730B610A66BDE8F0870020F2
:10DA1000BDE8F08754B400202DE9F84F0C461546B8
:10DA200098468146FFF76AFF10B90420BDE8F88FD9
:10DA300000226300002D40F2014A1446DBB23D4E45
:10DA400008BF0125022C43EA0A0AD6F800B089F87B
:10DA5000A22089F8A32048D9D9F8103099F8A3203A
:10DA6000872A12D8D96DC1F3024111B90DE0882A75
:10DA70000BD002F1010E09EB020001395FFA8EF2C0
:10DA800089F8A3201F6F8776F1D15A6910054CD40D
:10DA900012F4105F04D13168CBEB0101322912D9A5
:10DAA0001A694FF4007142F440721A611966DA6D16
:10DAB00012F4E02F03D01A6942F400721A6199F847
:10DAC000A300BDE8F88F99F8A310A94209D3022C4E
:10DAD00007D9D96D490704D19205E8D4B8F1000FF0
:10DAE000E5D003F065FC022CB6D8D9F81020D36D30
:10DAF00003F00703032B0DD8691E4FF4007041F4A7
:10DB000080714CB9C2F860A0013B0134032B01D8ED
:10DB1000022CF6D91346A1E7012C04D0B8F1000F6E
:10DB2000F2D01066F0E71166EEE71A6942F440722F
:10DB30001A61BCE754B40020036970B5D3F81451DE
:10DB4000044615F4706201D0C3F81421AE070BD55A
:10DB5000D3F87011080442D50022012084F8A220D5
:10DB6000224484F8A3009176EA0710D594F8306136
:10DB700016B394F82E6194F82F21B2422BD9721C5F
:10DB8000264484F82E2196F8A520C3F86021AB0521
:10DB900011D594F8A30018B1D4F83C3103B19847DB
:10DBA000002384F8A23084F8A33084F82E3184F85E
:10DBB0002F3184F8303170BDD4F838210AB1904744
:10DBC00023690122002184F8302194F82F2184F860
:10DBD0002E11B242D3D80022C3F86021D7E794F8BF
:10DBE000A320872AC0D8501CC0B2B9E70148FFF76C
:10DBF000A3BF00BF205900200148FFF79DBF00BF11
:10DC0000605A00200148FFF797BF00BFA05B0020CB
:10DC1000036900221348814210B41A6118D91248CE
:10DC2000814212D9114C124812499C645A6298627E
:10DC3000D9629C6C00204FF0011101221C65186212
:10DC40005DF8044B99651A6170470B4C0B48EBE784
:10DC50000B4C01200B494FF430329C64586299629E
:10DC6000DA62E6E77F1A06003F420F000A0907045E
:10DC700060090101007F05001C1A120C100E02023F
:10DC80003B372819B80B050570B5EFF3108172B654
:10DC90000C4C23688BB10C4E00255A6922607AB176
:10DCA000956101B962B65D7718469B689847EFF3B6
:10DCB000108172B62368002BEFD101B962B670BD36
:10DCC0003260EEE7B8A50020B4A50020FFF7DCBF66
:10DCD000044A054B1168054A196013680133136043
:10DCE000704700BF041000E050B4002054B400207E
:10DCF000B0F84630B0F848209BB292B2934202D2BC
:10DD0000501EC01A7047406B01381044C01A70474B
:10DD100072B6B0F84A30B0F84C2099B293B299423A
:10DD200001D2826B11440269CB1AD06AC0F302603F
:10DD3000184462B6704700BFB0F84A20B0F84C30C3
:10DD400092B29BB29A4270B428D00133846BA34242
:10DD500017D2016B9EB28B4218D2016AC95CC9B25C
:10DD6000856DA0F84C60B5B19A4238BF1219D31A2C
:10DD7000C26B93420FD8C36D0846C5F8883070BC9B
:10DD800070470026016B33468B42E6D3591A456A29
:10DD9000695CC9B2E4E7084670BC704772B6B0F877
:10DDA0004A1089B28A4202D062B60A46CDE70369B8
:10DDB000DA6A12F0E06F04D0D869C0F3090062B6E5
:10DDC000DDE74FF0FF30FAE790F8443043B110B58B
:10DDD000044603F0EDFA94F84430002BF9D110BD5D
:10DDE000704700BFB0F84A20B0F84C3092B29BB2F6
:10DDF0009A4210D00133816B026B8B4228BF002303
:10DE0000934204D39B1A426AD05CC0B27047026A44
:10DE1000D05CC0B2704772B6B0F84A1089B28A427C
:10DE200001D062B6E6E70369DA6A12F0E06F11D05A
:10DE3000DB690021026AC3F3090310B40124A0F8CE
:10DE40004A40A0F84C10D9B2517062B618465DF83D
:10DE5000044B70474FF0FF3362B61846704700BF5F
:10DE6000EFF31380B8B9EFF310834BB9EFF30582EA
:10DE70003AB94FF48073EFF3118050B1984208D251
:10DE800070470F2AF7D9054BD35CEFF311800028B8
:10DE9000F4D1184670474FF0FF30F1E7F0E300E0AF
:10DEA00007EE901A9FEDA47A0421B6EE005AF8EE20
:10DEB000677A9FEDA26A2DE9F043C7EE275A0E4616
:10DEC000012541F6FF741DE0A342A8BF234607EEDB
:10DED000903AF8EEE76A76EEC76AC6EE877AF5EE14
:10DEE000C07AF1EE10FA48BFF1EE677AF4EEC67A26
:10DEF000F1EE10FA03D8B0EE676A0E461D46013106
:10DF0000212911D007EE901AF8EEE77A85EEA77A6C
:10DF100077EE057AFDEEE77A17EE903A002BD3DC28
:10DF2000F7EE006A0123D6E70021436902F400748A
:10DF3000D0F83890B3F85C70B3F85E808C42A0F8EB
:10DF40004A10C7EB0907A0F84C1008BF8C46A0F890
:10DF5000461018BF4FF0010CA0F8481080F844108C
:10DF6000D3F810E05969DEF80040C76344EA0104C1
:10DF7000C8EB09010164CEF8004080F81AC040F0F7
:10DF8000CE80047E6E4903EB04146E4F247E01EBB9
:10DF90000414A4682760047E03EB0414277ED4F8DD
:10DFA0001CE001EB07146468C4F800E0047E03EB96
:10DFB0000414276A0FB1646A3C60447ED92703EBDE
:10DFC000041494F8384001EB0414A4682760447EDC
:10DFD00003EB041494F83870E46B01EB0711496803
:10DFE0000C60417E03EB01110C6C0CB1496C21609B
:10DFF000711E5C785F68082E4FEA01614FF00006E1
:10E00000D8BF4FF4003E04F1100401F0F853C8BF2C
:10E01000B64601691D434C4B4EEA05050D61CE60C5
:10E0200043F824704369012448495D7893F85A30D5
:10E03000474E6B54456901696B7803F01F075B110C
:10E04000BC4046F823408B6A9B0803F01C030F2B4F
:10E0500060D85B1003F00303DCB28B6A9B0003F013
:10E060001C030F2B53D8DB0303F44033234302F08C
:10E070000304CB628B6A43F088038B6253074BD453
:10E0800044F4701302F00F04042C847E08BF43F0A4
:10E090008043970648BF43F080530CB143F0A00380
:10E0A00016078B6103D50B6943F000530B614B6975
:10E0B000D40623F0805348BF43F080534B61D3050F
:10E0C00003D50B6943F400530B61EB681B78E3B98C
:10E0D000204E357865B3204C2368834226D0691ED4
:10E0E0002346C9B204EB810103E053F8042F9042A8
:10E0F0001AD08B42F9D16B1CDBB2184A33701378FB
:10E1000044F8250043F002031370BDE8F0834FF498
:10E110004033ABE70324A0E7114B2343B2E7447E2F
:10E120004FF2D90706494AE7BDE8F083BDE8F0831E
:10E130000123094CE1E700BF001BB74BEC78AD6051
:10E14000F009002038F001000068002000E400E041
:10E1500000E100E08FB40020C0A50020B4670020DB
:10E1600010003C00436919695A69096811422BD0B3
:10E1700070B590F84420044632B103F019F994F8D0
:10E180004430002BF9D16369206900210F4A05252D
:10E190008161207EA66D03EB0010007E02EB001073
:10E1A00040680560607E03EB001393F8383002EBA3
:10E1B000031253681D60A4F84A10A4F84C1016B15D
:10E1C000E36DC6F8843070BD704700BFF0090020D1
:10E1D00010B4416299B1036B1A448263446900210F
:10E1E000B4F85C30B4F85E40D31AA0F84A10121BA1
:10E1F000A0F84C10C36302645DF8044B7047026BD7
:10E200008263EBE78162C36A39B11A440023426337
:10E21000A0F84630A0F84830704743630023A0F8C8
:10E220004630A0F848307047F8B5036D04460E46F6
:10E2300013B1426DC3F88420A37E33B172B6226954
:10E24000936943F00053936162B6B4F84650636B30
:10E25000ADB201359D4249D2AFB2B4F848309BB25D
:10E26000AB4220D1FFF7FCFD6369B3F85A30984206
:10E270002DDC21694B691B02EFD5B4F84830626B85
:10E280009BB20133934227D2E26A98B2934228D2DA
:10E29000E269D35CDBB2CB61A4F84800B4F8483043
:10E2A0009BB2AB42DED0E36A9D4222D3ED1AF6B2B6
:10E2B000A36A5E5572B60120226984F84400A4F86E
:10E2C0004670936943F40003936162B6F8BDFF287A
:10E2D000C3DD03F06DF8C0E70020E26A0346934215
:10E2E000D6D39B1AA26AD35CDBB2D4E700273D46A3
:10E2F000B3E7F6B2E3695E55DCE700BFFFF794BF12
:10E300000269536913F4401FF0B542D0D36AC3F3D6
:10E310000265002D3AD0B0F84A70B0F84CE0BFB2B8
:10E320001FFA8EFE06E0026AD65402696B1E13F0D5
:10E33000FF051AD0D1697B1C866BB0F84C40C1F345
:10E340000901B34228BF0023A4B2A342EED0026B5E
:10E35000CEB21F469342A3EB0204E4D3436A1E5598
:10E360006B1E026913F0FF05E4D1BBB2816DA0F80A
:10E370004A3059B1774573D2836BCEEB03031F4408
:10E38000036C9F4202D3C36DC1F884305369DC0231
:10E3900055D4D2F818E01EF4000F02D053691902C8
:10E3A0001CD41EF4800F48D053695B0246D500216F
:10E3B000036D80F8441013B1416DC3F88810837E5B
:10E3C0003BB172B60269936923F00053936162B660
:10E3D0000269936923F480039361F0BDB0F846505D
:10E3E000B0F84830ADB29BB29D422DD0466BC46AA6
:10E3F0000AE0C169C95CC9B2D161D16AC1F3022125
:10E40000032912D8AB421FD001339E4298BF00238C
:10E41000A342A3EB0401ECD3876A795CC9B2D16152
:10E42000D16AC1F302210329ECD999B2AB42A0F819
:10E4300048100CD01EF4800FB6D1F0BDF0BD53696A
:10E4400043F480135361A4E7ADB2A0F84850936938
:10E4500023F400039361936943F480039361A0E77D
:10E46000CEEB07078CE700BF0148FFF749BF00BFAD
:10E47000945700200148FFF743BF00BFF457002026
:10E480000148FFF73DBF00BF545800200148FFF787
:10E4900037BF00BFB458002070B504460D46C61DF6
:10E4A000002308460A2214F8041F00F037F92B68ED
:10E4B0002E2128461B68984714F8011F00230A22C2
:10E4C000284600F02BF9B442F1D1042070BD00BF02
:10E4D00010B5144C236813B1134AD168E9B96368C5
:10E4E00013B1124AD168A1B9A36813B1104AD16817
:10E4F00059B9E3683BB10F4AD16829B10121BDE8A0
:10E500001040D160184710BD10BD0121D16098475F
:10E51000EFE70121D1609847E6E70121D1609847F4
:10E52000DDE700BFE09000200041084010410840B6
:10E5300020410840304108400368F0B55BB3002536
:10E5400001249D60DC60214D03241A601D449C6001
:10E550001F4C03792D111F4F635523786078FF2BD3
:10E56000A278E47828BFFF231B4E47F8251083428A
:10E5700028BF034619489342C0F8286228BF1346B3
:10E58000A34228BF2346164C4FF08061154A012054
:10E5900023701160F0BD144F4FF0010C134EFC6E50
:10E5A000DFF850E0334644F44054114DFC66CEF899
:10E5B00000C006609C68002CC5D01033AB420360DD
:10E5C000F8D1002303601846F0BD00BF00BFF7BFBD
:10E5D000805E0020E0900020CDEC0000006800206C
:10E5E0007AE400E00CE100E000C00F400041084088
:10E5F000404108400040084002680AB3114B1249EC
:10E600001344F0B51B11FF250024DFF844E0CD547E
:10E610000E784D78FF2E94604EF8234028BFFF26D9
:10E620008A78C978AE423346084F28BF2B469342BA
:10E6300028BF13468B4228BF0B463B700460F0BDD9
:10E64000704700BF00BFF7BF805E00207AE400E0A3
:10E65000E0900020F8B50E4671B17AB10746144635
:10E6600000253B68384616F8011B1B689847013C9B
:10E670000544F6D12846F8BD0846F8BD1046F8BD59
:10E680002DE9F0438C688BB0ECB100250646894635
:10E690002F462B46212201A9484600F095FA202C4E
:10E6A0002346306828BF202301A9D0F804803046D3
:10E6B000E41A1A461D44C0470744002CE9D13846E5
:10E6C0000BB0BDE8F0832746F9E700BF10B5064C54
:10E6D00082B003680222248801A95B68ADF8044077
:10E6E000984702B010BD00BF54050020036810B564
:10E6F00014465B689847204610BD00BF0EB400B5B5
:10E7000082B003AB53F8041B1A46019307F0EAFBEF
:10E7100002B05DF804EB03B0704700BFF0B50646E9
:10E720008BB0002A33D0012A08BF0A2251B3212519
:10E7300000E0FDB26F1EB1FBF2F402FB1411C8B28F
:10E74000092900F1370100F1300088BFC8B2214625
:10E750000AAC98BFC0B22C4404F8240C0029E8D1BC
:10E7600033B1013D0AAB2D22EDB22B4403F8242C2A
:10E77000336801A9C5F12202304629445B689847F5
:10E780000BB0F0BD302221258DF82520E8E7036885
:10E79000C9B21B6898470BB0F0BD00BF002903DB6E
:10E7A00000230A22FFF7BABF49422D230A22FFF7AE
:10E7B000B5BF00BF38B5224C224A23685BB122495D
:10E7C000013B12680968C2F88C105A1D08BF6FF02F
:10E7D0000203236038BD1C4B1C4D196812682B685E
:10E7E000C2F8881093B11A4AD2ED007AF5EEC07AD9
:10E7F000F1EE10FA06D99FED177AF4EEC77AF1EE32
:10E8000010FA0ADD002223602A6038BD1248FFF7A3
:10E81000F3FE124BFF221A7038BDF3EE086ABEEE0B
:10E82000007AA7EEA67AFCEEC77A17EE902A102A95
:10E83000E8D90B490848FFF77FFE2B68E2E700BFE5
:10E840007CA5002080A5002084A5002078A50020BC
:10E8500088A50020ABAA2A4DE05C0020AB67002011
:10E86000B1EF0000362853D8F8B5002A49D002FB92
:10E8700001F23D4BA3FB02239B095B0001330029FE
:10E8800043D007EE901ADFED396AF8EE677A86EE2C
:10E89000A77A374902018C18676872B6DFF8F0E092
:10E8A0009EF80050854234D0362DDFF8E8C0314D57
:10E8B00004D82E68DCF80040C6F888408E18B5EE03
:10E8C000C07A8A5805248EF80000F068F1EE10FA3C
:10E8D000294EC2F888005168CCF8000041EA0001D6
:10E8E00026482A60516033603C6080ED007A06D98A
:10E8F000DFED237AB4EEE77AF1EE10FA19DD62B6B5
:10E90000F8BD6FF002030029BBD19FED187AC0E774
:10E9100070471A4AD2ED007AF4EE477AF1EE10FA17
:10E9200018D115490A6802F00102013A13440B603C
:10E93000E5E7F3EE086AFEEE007AE7EE267AFCEEF3
:10E94000E77A17EE902A102AD9D90E490E48FFF718
:10E95000F3FDD4E708480D4C016882ED007A01F020
:10E96000010123600160CAE7D34D62100024F4481E
:10E97000F009002080A500207CA5002088A50020AB
:10E98000ABAA2A4DB1EF0000E05C002078A5002082
:10E99000AB67002084A50020362807D810B572B6D2
:10E9A000094C2378834202D062B610BD70470748F5
:10E9B000FFF722FE064B074AFF211B6812682170F1
:10E9C000C3F88820F0E700BFAB670020E05C0020C0
:10E9D00080A5002084A50020024A0349034804F0D2
:10E9E000C5B800BF50570020F5510000E05C002082
:10E9F00010B50446006804F029FB204610BD00BF96
:10EA000038B543688B4201D3012038BD0D4604461A
:10EA10000131006804F052FF0028F6D0A36884E8B2
:10EA20002100002BF0D10370EEE700BFF8B50446DB
:10EA3000154632B9036803B11A700023A36020465B
:10EA4000F8BD0E461146FFF7DBFF074648B92068C0
:10EA500010B104F0FBFA2760002320466360A36036
:10EA6000F8BDA5603146206805F0AAFBE7E700BFC6
:10EA700038B500230446036043608360037341B1EB
:10EA80000D46084605F0FEFB024629462046FFF7E4
:10EA9000CDFF204638BD00BF0023884210B5044694
:10EAA000036043608360037303D08A680968FFF7DB
:10EAB000BDFF204610BD00BF38B50C4605460846D0
:10EAC00005F0E0FB214602462846BDE83840FFF746
:10EAD000ADBF00BF10B50023044682B00A222360F8
:10EAE0000846636001A9A360237307F0D3F901A965
:10EAF0002046FFF7E1FF204602B010BD10B500230D
:10EB000004468AB0881C23606A466360A36023734E
:10EB100000F0F6FD30B101462046FFF7CDFF20465C
:10EB20000AB010BDA06020460AB010BD2DE9F84320
:10EB30000F46036804461546BB4281680AD85A1836
:10EB4000974207D2C3EB07094FF0010835B92046B9
:10EB5000BDE8F8834FF00008002DF8D04E1920468C
:10EB60003146FFF74DFF0028F1D0B8F1000F0ED06D
:10EB700023682A46A06803EB0901184400F0FCFC56
:10EB8000236800229A55A6602046BDE8F8832068D5
:10EB90003946A368184405F013FBF4E710B50446A2
:10EBA0008A680968FFF7C2FF204610BD38B50546E0
:10EBB00041B10C46084605F065FB02462146284651
:10EBC000FFF7B4FF284638BDBAB170B5B1FA81F489
:10EBD00064097CB986689E420DD9F61A013A0D4641
:10EBE000016896422846194428BF1646324605F069
:10EBF000B7FBAC5570BD0C7070BD70472A2817D894
:10EC0000F8B51D4F05463B78A3B91C4B5B5DFF2B48
:10EC100021D01C0621D41A4C2360236AD80704D4BF
:10EC200002F0C6FB236AD907FAD5154B586AF8BD1E
:10EC300000207047124C134E01E002F0B9FBA36CA8
:10EC40001B06FAD4B36C13F08003F6D13B700B4B68
:10EC50005B5DFF2BDDD10020F8BD03F07F03094C85
:10EC60002360236ADA0704D402F0A2FB236ADB07DD
:10EC7000FAD5044B586AF8BD96B400205C0E00200B
:10EC800000400C4000800C40964A974B90422DE982
:10EC9000F043964CD3F814E09969E6681CD9944B7C
:10ECA000984240F21581934B40F22765924F0344FE
:10ECB000924C1A0AA7FB0232D30903EB830303EB3E
:10ECC000830202F2E243AB4228BF2B46A3F548730E
:10ECD000A4FB0335ED0804E0894DA84294BF062546
:10ECE0000E25814A06F01F07D2F88030AF4243F06C
:10ECF000C003C2F880300AD27C4B26F01F061A46A9
:10ED00002E43DE601368002BFCDA06F01F071EF0AE
:10ED1000007331D17B4C7C4AD4F810C014460CEA05
:10ED20000202A2420ABF4FF0C0534FF480520022A9
:10ED30008EEA030414F0605F08D02EF0605E03F0EA
:10ED40006053694C43EA0E0EC4F814E081EA0203F2
:10ED500013F4405F08D0644B21F4405111431A462C
:10ED60009961936C1C07FCD44EF0007E5E4AC2F899
:10ED700014E0936C9906FCD40121644C0A4601FB13
:10ED800002F300FB03F3A34209D8072A00F295809F
:10ED9000013201FB02F300FB03F3A342F5D95C4807
:10EDA0005C4C1844A4FB00031B0D6C2B00F28B8001
:10EDB000352B00F28F80DFF8888136235648DFF844
:10EDC00044C1564CDCF80090B0FBF2F009EA0404B0
:10EDD0004445B0FBF1F00BD043F400534FF480589E
:10EDE0006446CCF80080CCF800302368002BFCDAB5
:10EDF000DFF8F4C0013ADCF8103003F00703934267
:10EE000007D002F007026446CCF81020A36CDB03A5
:10EE1000FCD4013989028EEA010313F4E05F0CD0BF
:10EE2000314B2EF4E05E01F4E0511A4641EA0E0E39
:10EE3000C3F814E0936C9907FCD4394B3949034467
:10EE4000DB09A1FB0331090B042928BF04214B1E58
:10EE50001B028EEA030212F4407F07D02EF4407E9C
:10EE600003F44073204A43EA0E0353611E4B5C696E
:10EE70001A4624F000745C61936C9B06FCD42A4B08
:10EE80004FF0FF32294CBD42A3FB00E320604FEA64
:10EE90009343274CB2FBF3F3B0FBF1F1254A216019
:10EEA000136008D2114B26F01F061A462E43DE606F
:10EEB0001368002BFCDABDE8F08304293FF66FAF3E
:10EEC000013101225BE7DFF87C806C231A4876E78A
:10EED000122506E71948DFF8708000FB03F043EACB
:10EEE00008086CE700A4781F00C00F40000008402D
:10EEF0000046C32300BA3CDC23B24C001F85EB5113
:10EF000000366E0100800D4040300080FFB19F262A
:10EF1000808D5B00819F5E1600B29F267F3001804E
:10EF20007FD1F0089F10E50083DE1B43605700206F
:10EF30005C57002090B1002000643F4D001BB700DB
:10EF4000362000806C20008000200080002857D0F0
:10EF500001222DE9F04F85B083462A4C2A4D2B4ED5
:10EF6000DDE9028954E8003F2868336844E800215D
:10EF70000029F7D1264FCDE902893A68D31A254AEC
:10EF80004FF47A7E019712680127A3FB02234FF406
:10EF90007A72984600238B4208BF42452CBFC24676
:10EFA000F2460EFB00AA54E8003F2A68316844E8A4
:10EFB0000073002BF7D101980068411A15484FF4EF
:10EFC0007A7E00680EFB02F2A1FB00014FF47A701A
:10EFD000CAEB020288460021994208BF40452CBF77
:10EFE000434673461A44724507D3BBF1010B0AF539
:10EFF0007A7AD8D105B0BDE8F08F02F0D9F9D2E71E
:10F00000704700BF4CB6002054B4002050B400201C
:10F01000041000E090B100202DE9F003124A01260F
:10F02000124D134C52E8003F2968206842E8006303
:10F03000002BF7D10F4A16680F4F321A4FF0000914
:10F040004FF47A783E684FF47A709945A2FB0667D0
:10F0500008BFB8453C462CBF3C46044600FB014077
:10F06000BDE8F003704700BF4CB6002054B4002048
:10F0700050B40020041000E090B1002000010F4BBC
:10F080001A181B5810B4D0685C68044205D059B1F6
:10F09000C3F884005DF8044B7047936849B9084A87
:10F0A0005DF8044B1A607047C3F888005DF8044BA4
:10F0B0007047044A5DF8044B1A607047F00900205D
:10F0C0003830010038F001000001054B1A581918BA
:10F0D0009268CB681A4214BF01200020704700BF1D
:10F0E000F0090020362801D8FFF7C8BF704700BFDD
:10F0F000362801D8FFF7E8BF0020704736281CD813
:10F1000000011A4A012902EB0003105810B415D06F
:10F11000042913D0DC68426822EA040242609A683B
:10F12000E9B102291ED003295B685DF8044B0CBFCE
:10F130000F491049116015221A607047DA680129D9
:10F14000446842EA040242609A6808D040F63801F6
:10F1500011605B6815225DF8044B1A607047382116
:10F160001160F6E704491160F3E700BFF0090020E1
:10F17000383001003800010038F00100F0B4144BC1
:10F180000021144C01201A460F46C3F8F0421D46D8
:10F19000114E124CC3F8F412C2F8B800C2F8A070B5
:10F1A000C2F8A460C2F8B00053690949DB07FBD577
:10F1B00068612378DB07EFD40B680A4643F001034C
:10F1C0000B601368DB07FCD462B6F0BC704700BF6D
:10F1D00000802A400504012401000F0000812A401C
:10F1E00070B40E4E4FF6FF750D4CA4F580530022FF
:10F1F00002E09C4282B204D933F8021B501CA9429F
:10F20000F7D104F5805426F8022FB4F1C14FECD1A8
:10F21000044B01221A7070BC704700BF92B10020ED
:10F2200000107C60A0B40020F8B541F2BB03984206
:10F2300001D9FF20F8BD184B05461B7843B3AC0835
:10F240001649174B05F00300A4FB0167154EA1FBFF
:10F250000421E21B651A07EB520201EB5505520926
:10F260006D09C2EB821240EA8505A21A134436F8F2
:10F2700012401B0303EB4404A342DAD2FF2033F80D
:10F28000022BD1B28D4208BF100A9C42F7D8F8BDBC
:10F29000FFF7A6FFD3E700BFA0B40020054110048C
:10F2A000C007060094B10020F8B50E46154672B6A8
:10F2B000314A0024314F022340F206414FF4702EB0
:10F2C00097610127D36120F01F03C2F8A040C2F864
:10F2D000F0124119C2F8F442C2F8F842C2F8FC42F6
:10F2E000C2F8A4E0C2F8B070BFF34F8F244A136095
:10F2F00020339942FBD8BFF34F8FBFF36F8F1E4966
:10F300004B691D4ADC07FBD5ABB201211D4C20F037
:10F310007F4043F4702342F201275161C2F8F0426A
:10F320001446C2F8F472C2F8BC10C2F8A000C2F8C9
:10F33000A430C2F8B01001E05B060AD463690E4A3B
:10F3400013F00101F8D041235361BDE8F840FFF705
:10F3500015BF082D4FF0080206D9083D31460A486E
:10F36000164400F009F900E015B940236361E5E7B0
:10F370002A460D46F2E700BF00802A40F05AF05AB4
:10F380005CEF00E03204180880812A40F0B472B6C5
:10F39000224A0024224D0221224B40F20647956169
:10F3A0004FF4702603400125D161C2F8F07203F5D5
:10F3B0008051C2F8F442C2F8F842C2F8FC42C2F8E6
:10F3C000A040C2F8A460C2F8B050BFF34F8F164AF5
:10F3D000136020339942FBD8BFF34F8FBFF36F8F79
:10F3E0000E494B690D4ADC07FBD5104B0124104E2A
:10F3F0004FF47025034011465461C2F8F062C2F820
:10F40000A030C2F8A450C2F8B0404B69034ADB07F1
:10F41000FBD50123F0BC5361FFF7B0BE00802A404A
:10F42000F05AF05A00F0FFFF5CEF00E000F0FF0040
:10F430002004180841F2BB03984268D83E4B2DE9DE
:10F44000F04F1B78C3B08A468146002B6ED04FEA3E
:10F4500099023A4B09F00300394DA3FB0213DFF880
:10F46000E480D71A03EB57077F09C7EB8713B94628
:10F47000D71A40EA89093D4438F817402D0305EBB7
:10F480004400854255D22B46FF2633F8022BD1B2D9
:10F49000894508BF160A9842F7D8B24534D0B4F56A
:10F4A000006F35D302AE4FF48072FF21304604F076
:10F4B00039F905F580502A4632F8023BD9B290421C
:10F4C0004FEA13237354F7D80024284606F809A0FE
:10F4D0000DF1070B2646FFF759FF1BF8013F05EB1F
:10F4E000460002220DF10601FF2B44EA032304F13A
:10F4F000010404D00136ADF80630FFF7D5FEB4F5AF
:10F50000807FEAD128F8176043B0BDE8F08F7047DC
:10F5100049EA0A29022202A90134ADF80890FFF74E
:10F52000C3FE28F8174043B0BDE8F08FFFF758FE40
:10F530008DE7FF26B1E700BFA0B40020054110040D
:10F54000C007060094B1002062B170B505461446AC
:10F55000084615F8011B461CFFF76CFF013C3046BE
:10F56000F7D170BD704700BF08B5F2F779F8F3F72F
:10F57000C3FB01F01DFFFAE7844641EA000313F0E4
:10F5800003036DD1403A41D351F8043B40F8043BAA
:10F5900051F8043B40F8043B51F8043B40F8043B6D
:10F5A00051F8043B40F8043B51F8043B40F8043B5D
:10F5B00051F8043B40F8043B51F8043B40F8043B4D
:10F5C00051F8043B40F8043B51F8043B40F8043B3D
:10F5D00051F8043B40F8043B51F8043B40F8043B2D
:10F5E00051F8043B40F8043B51F8043B40F8043B1D
:10F5F00051F8043B40F8043B51F8043B40F8043B0D
:10F6000051F8043B40F8043B403ABDD2303211D3AC
:10F6100051F8043B40F8043B51F8043B40F8043BEC
:10F6200051F8043B40F8043B51F8043B40F8043BDC
:10F63000103AEDD20C3205D351F8043B40F8043BAC
:10F64000043AF9D2043208D0D2071CBF11F8013BAA
:10F6500000F8013B01D30B8803806046704700BF70
:10F66000082A13D38B078DD010F003038AD0C3F17F
:10F670000403D21ADB071CBF11F8013B00F8013B61
:10F6800080D331F8023B20F8023B7BE7043AD9D320
:10F69000013A11F8013B00F8013BF9D20B780370F5
:10F6A0004B7843708B7883706046704703F0C6BC1C
:10F6B000F0B44E1E0025374600E00135B0FBF2F3F2
:10F6C00002FB130000F13704092800F13000E4B216
:10F6D00098BFC4B2184607F8014F002BEDD14A1964
:10F6E00053704DB1013316F8014F1778E81A37708F
:10F6F000834202F80149F5DB0846F0BC704700BFC1
:10F70000B4EE400A80EAE0732DE9F047F1EE10FA1A
:10F7100005461446A3EBE0732DED028BB0EE408A54
:10F7200084B080F12381F0EEC07A9FEDC67AF4EECA
:10F73000477AF1EE10FA42DDB5EEC00AF1EE10FAAA
:10F740004CBF042203229A4221DB0028C0F27081C0
:10F750000022B5EEC08AF1EE10FA00F14A81492587
:10F760004E204621E31C25706070A170002A00F035
:10F7700067811A44202103F8011B9A42FBD1002320
:10F780001046137004B0BDEC028BBDE8F087002872
:10F79000A3EB0202DDDA002A00F04A81A31820223E
:10F7A00004F8012B9C42FBD1B5EEC08AF1EE10FAB1
:10F7B00040F1178100222D215C1C1970CFE70F4604
:10F7C00002AA01A93846BA4603F0A0FBDDF804906E
:10F7D0008046002F00F08780C9F10003BB4200F390
:10F7E000BC80404604F04EFD0646B145B8BF013628
:10F7F000B9F1000F00F0AF80B9F1000F22DA0FB3BA
:10F8000009EB0703BE1C83421CD2002F06DDF2EE7B
:10F81000047ABAF1010A28EE278AFAD102AA5046E0
:10F82000B0EE480A03A903F071FBDDF80490039AD7
:10F830007B1C8046C9EB02029A4203D109F10109FF
:10F84000CDF80490DDF808E0BEF1000F5ED001367F
:10F85000A81BA11900285EDC22462D20531C107025
:10F86000B9F1000F6DD087B1B9F1000F0DDA1A466A
:10F8700030202E2702F8020B5F70C9EB020302F85A
:10F88000010B9A42FBD1002201928B4220D25F1CD5
:10F8900098F8002008F101088F421A7019D0019AD7
:10F8A0004FF02E0E0BE083F801E002338B4203F1A0
:10F8B00001070DD218F8010B8F42187009D0013AD8
:10F8C0000192002AEFD03B468B4203F10107F1D3AE
:10F8D0001946002D71DB002320460B7004B0BDECEF
:10F8E000028BBDE8F087B9F1000F7FF475AF0123FB
:10F8F00090F800805449554A994601934FF0FF33E0
:10F90000B8F1340F8CBF8846904667E7A81BA11951
:10F91000002840F393800144224601384FF0200C28
:10F9200002F801CBC2F1010303442344002BF7DCAE
:10F9300020EAE07301332344BEF1000F90D01A4651
:10F940008BE7002FA1D01A4630272E2002F8027B29
:10F950005870134699E7013674E70126C7F100098C
:10F96000DFF8E8803046CDF804903EE7B5EEC00AF7
:10F97000F1EE10FA4CBF042203229A423BDA00282F
:10F98000A3EB020340DB18EE102A002A37DB4E21DE
:10F990004120E21C2170A1706070002B4CD01344F8
:10F9A000202102F8011B9A42FBD1002218461A704E
:10F9B00004B0BDEC028BBDE8F087A8194342C043F8
:10F9C000002B88DD0A46202502F8015BC2F1010305
:10F9D00003440B44002BF7DC20EAE07301331944A5
:10F9E00079E749244E204621DA1C1C705870997022
:10F9F000C5E62346DFE6002818DB0023C3E72246DE
:10FA00002D21541C1170C2E783B1E218202304F8A1
:10FA1000013B9442FBD118EE103A002B0ADB4E2139
:10FA20004120D31C117091705070BEE72246F2E75E
:10FA30002346B9E60023E3E71346B6E723460FE77C
:10FA40001A469CE6FFFF7F7FD0260020BC170020CF
:10FA5000F0B501EB4106294C012500EB461694F860
:10FA600000C005FA01F1F4891FFA81FEB0F888514F
:10FA7000A4B24FEA0E1704FB0333ADB207F0F00750
:10FA800023FA0CF33D43A342A0F8885128BF234634
:10FA9000012A22D015D3022A08D001F00F01B0F8B4
:10FAA00088319BB21943A0F88811F0BD9BB201F0D8
:10FAB0000F01F383B0F880319BB21F43A0F880712F
:10FAC000EDE7E31A01F00F019BB27381B0F88031CA
:10FAD0009BB20B43A0F88031E1E79BB201F00F012C
:10FAE0004FEA0E2EF382B0F880310EF4706E9BB2A6
:10FAF0004EEA030EA0F880E1D1E700BFAE67002018
:10FB00002DE9F0414FEA410E384AB6EE007A4FF047
:10FB1000010C0EEB01030CFA01F700EB4313BEB22C
:10FB2000DB89D2ED007A9DB2F8EE677A87EE800A23
:10FB300030EE070AFCEEC07A17EE903AB3F5803F3C
:10FB40004ED300224FF6FF7401E0062A03D85B086B
:10FB50000132A342F9D8B3F5803F4FEA021237D2FF
:10FB600042F4806292B203F1FF3C1FFA8CFCB0F8C1
:10FB70008881360107F00F047144F6B21FFA88F746
:10FB800000EB41113E43A0F88861CA80A1F80EC085
:10FB90004A8992B203FB02F2B2FBF5F292B24A81B9
:10FBA000CA8A92B203FB02F2B2FBF5F292B2CA82A7
:10FBB000CA8B92B203FB02F3B3FBF5F39BB2CB8388
:10FBC000B0F888319BB21C43A0F88841BDE8F081B1
:10FBD00042F480624FF6FE7C4FF6FF7392B2C6E7A6
:10FBE000012B4FF48062BED80223C0E75C5700208F
:10FBF000224BB6EE007AD3ED007AF8EE677A30B495
:10FC000087EE800A4FF6FE7430EE070AFCEEC07AEB
:10FC100017EE903AA3422AD9002201E0062A03D81F
:10FC20005B080132A342F9D808324FF6FE7542F262
:10FC300026045202AB4202F4F05288BF2B46144312
:10FC400000EB41110D8ACA88ADB292B205FB03F0F8
:10FC5000C2F101122A44B0FBF2F29B1A92B2C3F134
:10FC600001039BB2CB800A828C8130BC7047012B90
:10FC700043F2260498BF0223E2E700BF5C5700204E
:10FC800036280CD8294AF8B5044600B212F820608C
:10FC900002EB8005012E03D0022E16D0F8BD70476E
:10FCA0006A78C2F30113032B3AD0214850F823009D
:10FCB0008BB202F00301AA78FFF7CAFE1D48EA786A
:10FCC00000EB041043681A60F8BD6E78C6F30113A8
:10FCD000032B27D0184A52F823E006F00306174BEF
:10FCE00089B20EEB461793F800C07601FA880EEB46
:10FCF0000603764492B2188AC2F1011212FA80F217
:10FD0000501E00FB01F323FA0CF3984298BF931E98
:10FD1000D21A9BB2C2F1010292B2FA803382CDE7CD
:10FD20000748C5E7DFF81CE0D7E700BF880E0020D2
:10FD300058050020F009002064050020AE6700206F
:10FD400000803E4000801E40362809D800B2134B88
:10FD500013F8202003EB8003012A02D0022A0DD0E1
:10FD600070475978C1F30112032A13D00C4850F898
:10FD700022009A7801F00301FFF7C2BE5978C1F35F
:10FD80000113032B08D0074A52F8230001F00301A6
:10FD9000FFF72EBF0448ECE70448F7E7880E002081
:10FDA000580500206405002000803E4000801E4071
:10FDB000A4484FF00F0CA44B826F42F47F02F0B5C1
:10FDC00082670025D0F880204FF470469F4C4FF496
:10FDD000604E29464FF4806714432A46C0F880409D
:10FDE000A3F88C6148F2B826A3F88EC1A3F890510D
:10FDF000B3F8880180B240F0F000A3F8880101EB6D
:10FE00004100914B0131002540011C460429034467
:10FE1000A3F804E0DF805A841A865A805A81DE8172
:10FE20005A82DA825A83DA83E9D1B4F888014FF032
:10FE30000F0C874B4FF4704680B229464FF4604751
:10FE40002A4640EA0C004FF4806EA4F88801B4F80A
:10FE5000880180B240F47060A4F88801A3F88C6136
:10FE600048F2B826A3F88EC1A3F89051B3F88801E0
:10FE700080B240F0F000A3F8880101EB4100744B20
:10FE80000131002540011C46042903449F80A3F84A
:10FE900006E05A841A865A805A81DE815A82DA82B2
:10FEA0005A83DA83E9D1B4F888014FF00F0C694B1B
:10FEB0004FF4704680B229464FF460472A4640EA24
:10FEC0000C004FF4806EA4F88801B4F8880180B269
:10FED00040F47060A4F88801A3F88C6148F2B82659
:10FEE000A3F88EC1A3F89051B3F8880180B240F016
:10FEF000F000A3F8880101EB4100564B01310025C9
:10FF000040011C46042903449F80A3F806E05A845C
:10FF10001A865A805A81DE815A82DA825A83DA83BB
:10FF2000E9D1B4F888014FF00F0C4B4B4FF47047F8
:10FF300080B229464FF460462A4640EA0C004FF44E
:10FF4000806EA4F88801B4F8880180B240F4706033
:10FF5000A4F88801A3F88C7148F2B827A3F88EC1E1
:10FF6000A3F89051B3F8880180B240F0F000A3F8F4
:10FF7000880101EB4100384B013140011C46042946
:10FF800003449E80A3F806E05A841A865A805A8158
:10FF9000DF815A82DA825A83DA83EAD1B4F888316F
:10FFA0000F27002241F201069BB245F6C05E1146C2
:10FFB00043F226053B43A4F88831B4F888319BB25C
:10FFC00043F47063A4F888315001244B0132034498
:10FFD000042A99815981DF819E82A3F806E0198065
:10FFE00019829D81F0D100220F2741F2010645F6CA
:10FFF000C055114643F226045001194B0132034407
:02000004600496
:10000000042A99815981DF819E82DD8019801982BD
:100010009C81F1D100220F2741F2010645F6C0551F
:10002000114643F2260450010E4B01320344042AC8
:1000300099815981DF819E82DD80198019829C819E
:10004000F1D1F0BD00C00F4000C03D40000003FCF6
:1000500000003E4000403E4000803E4000C01D4049
:1000600000001E4000401E40704700BF704700BFA8
:10007000704700BF704700BF72B6EFF30583494D6C
:100080006B60EFF30883484C2E4648484849494A7C
:1000900024680068096812682961AC60E8606A61D8
:1000A0009A69454CAA61DB69444FEB6100F0D8F8CE
:1000B00085ED080A01F0F4F90B234FF0FF32686276
:1000C00019462B604A40202102F00103013904FB4C
:1000D00003F383EA5202F7D1BE4202D056F8041F5E
:1000E000F0E730498A62BFF34F8F354B354A1960CC
:1000F0001A60BFF34F8FBFF36F8F334A0225334C23
:10010000D36E334943F440533248D3662560D369F4
:1001100023F07F0343F04003D3610B6883423ED852
:100120002A4A002101202C4E11604FF0FF33C2F803
:1001300008110C46C2F800611546C2F808010746CE
:10014000DFF8C0E0254E26482649274ACEF8003081
:10015000336003600B60136001E000F065F9D5F8CF
:100160000C211A4B002AF8D00134C5F80C714F2C21
:10017000F3D91E4A02241E484FF00041C0F8404106
:100180005163D3F80C2132B91A491B4A0A63D3F8D8
:100190000C010028FAD0194B194A1A60FEE7FEF745
:1001A00073FDBDE780FF272028ED00E02CED00E087
:1001B00034ED00E038ED00E02083B8EDA4FF272007
:1001C00070EF00E0A0FF272000C00F400040084073
:1001D00060570020803DCD0B009F240084E100E0AB
:1001E00088E100E08CE100E090E100E000900D404B
:1001F00000002E4000800F40F100AD0B0CED00E040
:100200000400FA0580E100E0094A08B5136820B14E
:1002100018440849884202D81060184608BD02F008
:100220007BFE0C224FF0FF330260184608BD00BF72
:10023000845E002000002820002070474FF0FF302F
:10024000704700BF4FF4005300204B60704700BF61
:10025000012070474FF0FF30704700BFFFF70CBF21
:1002600012490B68114A5B07FBD513681049C3F3A9
:100270000B23104A07EE903A0B6892ED006AB8EE35
:10028000E77A07EE903A0C4AF8EE677A0B4BD2ED1C
:10029000006A77EE677A93ED007AB8EE477A67EEF8
:1002A000867A87EEA60A37EE400A704780810D40B5
:1002B00080B1002088B100208CB1002084B10020E2
:1002C000836BF0B41BB1536843F40043536072B6C0
:1002D000446B5CB31C4B2260D3F8B0410C4215D187
:1002E0001A4E376804E03468E41BB4F5166F0BD27D
:1002F000D3F8404144F48044C3F84041D3F8B851A6
:10030000D3F840416404EED50D4003D0426362B699
:10031000F0BC70470C4C8260C560D4F8B031194312
:10032000C4F8B011426362B6F0BC7047064D8260FB
:10033000C460D5F8B0311943C5F8B0110263426307
:1003400062B6F0BC704700BF00002E40041000E011
:1003500070B50646006B90B10246002403E01268B7
:100360000134012A0CD0536813F08003F7D03263B4
:100370002CB1B36B05689847013C2846F9D170BD94
:1003800033637363F4E700BFF0B5E1B9214C224950
:100390000020224B01224FF0011580260A601A46E8
:1003A000A1604E60E060C3F8BC51D3F8B0411C4D71
:1003B00044F001048860C3F8B0412860D2F8B0313D
:1003C000002BFBD1F0BD0904164B144D0126114C36
:1003D00041F0800100221E60596000F5805CE264FB
:1003E00000F5005EA36400F54057D5F8B01100F5A4
:1003F00080462A46986041F48031C3F80CC0C3F8A7
:1004000010E05F619E61C5F8B011D2F8B031002BE9
:10041000FBD1BCE70000002000B5002000002E400A
:1004200040AA0020E0B400202DE9F04FB94C83B081
:10043000D4F8448118F0010FC4F844815ED0D4F898
:10044000AC31002B55D04FF0011BDFF8EC92B24ECF
:100450002546DA46C4F8AC31B06AF26AD4F84031C5
:1004600043F40053C4F84031D4F840319F04F5D52B
:10047000D5F8403123F40053C5F84031C5F8B4A194
:10048000D4F8B43113F00113FAD181B240F281678C
:10049000C9F80030B94200F2AD80B1F5D06F80F0FC
:1004A000DE81B1F5817F00F0608100F2E880802973
:1004B00000F04E81822940F0DA8092B202F07F0192
:1004C000072900F2D48089009448954F08440168B8
:1004D00010063B707B7040F10182CA0301D50123F5
:1004E0003B7002218E48FFF74FFFD4F8AC31002B50
:1004F000B0D1884AD2F8BC31002B49D118F0400F56
:1005000018D0844BD3F8AC111A46C3F8AC11D3F809
:10051000BC11C3F8BC11D2F8B0417E4B002CFAD10B
:100520004FF0FF32C3F8B421D3F8843100F032FD2C
:100530007C4B1C6018F0807F03D07B4B1B6803B1A1
:10054000984718F0007F03D0784B1B6803B1984799
:1005500018F0040F08D06F4BD3F8843113F40073F4
:1005600045D0734B01221A706A4BD3F8482112060A
:100570000BD518F0800F08D06E490A782AB1013ADD
:10058000D2B20A70002A00F0428203B0BDE8F08FB8
:100590006949C2F8BC310868034240F0E281614A0F
:1005A00015681D40AAD02F0C0FD05B4E4FF00109EB
:1005B00097FAA7F4B4FA84F406EBC41009FA04F429
:1005C0004030FFF7C5FEA743F2D1ADB2002D95D064
:1005D000514E012795FAA5F4B4FA84F406EBC41041
:1005E00007FA04F4FFF7B4FEA543F3D186E7504AB7
:1005F0001370B9E742F22107B94234D067D8B1F598
:10060000086F00F01E81B1F5106F30D1C0F30740C4
:100610004A4A4B4910704B4F4B4A0193C5F8C87179
:10062000C5F8CC11C5F8D02100F0B6FC474A019BB3
:1006300080210120B26451601060F364C5F8BCB140
:10064000D5F8B011936041F48032C5F8B0213A4A30
:100650001360D4F8B031002BFBD1D4F8AC31002BAF
:100660007FF4F8AE45E7110C072900F03B81C4F890
:10067000C0B1D4F8AC31002B7FF4ECAE39E740F2D6
:100680000237B94200F0AD80B1F5A06FEFD12F4A2B
:1006900080210127F364B26417605160C5F8BCB1D2
:1006A000D5F8B011936041F48033C5F8B031D4F877
:1006B000B031002BFBD1030C5B0643F08073C5F80F
:1006C0005431D4F8AC31002B7FF4C4AE11E742F2C0
:1006D0002123994279D042F221339942C7D11B4B51
:1006E000802200210120B36418605A60F164C4F8CC
:1006F000BCB1D4F8B021996042F48033C4F8B03171
:10070000D4F8B031002BFBD1D4F8AC31002B7FF4FE
:10071000A1AEEEE600002E4000000020C0012E40F9
:1007200044B1002044AA00205CB4002060B4002042
:10073000BCB40020BDB4002040AA0020BBB40020FF
:10074000C80002000200CC000200C80000B5002072
:10075000B64A0221104613705370FFF715FED4F805
:10076000AC31002B7FF476AEC3E692B202F07F0389
:10077000072B3FF67CAF12F0800F4FEA8303AC4AA1
:100780004FF000014FF001001A44136814BF23F426
:10079000803323F0010313608022A64BF164B3641D
:1007A00018605A60C4F8BCB1D4F8B021996042F422
:1007B0008033C4F8B031D4F8B031002BFBD1D4F879
:1007C000AC31002B7FF446AE93E692B2002A86D17C
:1007D000994BC0F30740994A1968994B11601870FA
:1007E0007DE792B202F07F03072B3FF640AF12F095
:1007F000800F4FEA83038E4A4FF000014FF0010053
:100800001A44136814BF43F4803343F001031360A8
:100810008022884BF164B36418605A60C4F8BCB19C
:10082000D4F8B021996042F48033C4F8B031D4F8E0
:10083000B031002BFBD1D4F8AC31002B7FF40AAEE1
:1008400057E6804A0121794B127818461A70FFF753
:100850009BFDD4F8AC31002B7FF4FCAD49E67A4B1C
:10086000596800293FF403AF000C1FFA82FE04E030
:100870000C33596800293FF4FAAE1F888742F7D13C
:100880005F887745F4D1070A032F00F0BA801B89EF
:10089000120C934228BF1346B0F5007F00F0A280EF
:1008A000B0F5E06F00F08B80684F1A460193384630
:1008B000FEF762FE019B27F01F021F44BFF34F8F1C
:1008C00063490A6020329742FAD8BFF34F8FBFF3D3
:1008D0006F8F5E481946FFF757FD06E6CB077FF599
:1008E00000AEFCE55B4F4FF0010EF3605A495B4BE5
:1008F0003860C3F800E05960B3605949D5F8B001D9
:100900007A6001F5805740EA0E02996001F5005EB9
:1009100001F5405001F58041C5F8B021DF60C3F812
:1009200010E058619961D4F8B031002BFBD1414AF5
:10093000012048F28001F36410604FF48030B2640B
:100940005160C5F8BCB1D5F8B011936041EA00031D
:10095000C5F8B031C9F80000D4F8B031002BFBD194
:10096000C3E53C4842F22104002605880E60A542FA
:1009700040687FF414AE81B200297FF410AE38498C
:10098000384C03C90D0C86282060A180A5717FF426
:1009900006AE72B63448017841F004010170D2F815
:1009A0004811080606D441F080018020C2F84401B5
:1009B000C2F8481162B62D4A50211170EFE52C485B
:1009C0001A46224F90F800E02A492B480193BEF1C5
:1009D000000F08BF01463846FEF7CEFD0722019BF7
:1009E0007A7068E722481A4623490778214801931C
:1009F000002F08BF01461548FEF7BEFD134F019BAF
:100A000059E7120C0B78934228BF134648E7164962
:100A10000A7802F0FB020A702AB9D3F8482122F0C2
:100A20008002C3F8482109F0EDF800BF44B100206E
:100A3000C0012E4000B5002054B4002068B600204C
:100A4000BAB40020BBB40020945200202000202023
:100A500070EF00E09092002080000700E0B40020DA
:100A600038AA002060B60020B2B40020BDB4002037
:100A7000BCB4002060F70260ACF70260002AA0F16D
:100A800002022DE9F04714BF00274FF00057022A59
:100A900001D9BDE8F0874FEAC019DFF840A00D4644
:100AA00004460AEB0906002140229846304602F02F
:100AB00039FE012047EA05414AF80910C6F8388096
:100AC000B060B8F1000FE4D0034BA0401C68204395
:100AD0001860BDE8F08700BF44AA00200000002095
:100AE000002AA0F102022DE9F04714BF00274FF0C1
:100AF0000057022A01D9BDE8F0874022C501DFF87E
:100B0000449088461544002104461E4609EB050A18
:100B1000504602F007FE012247EA084149F8051055
:100B2000CAF83860CAF80820002EE4D004F110009A
:100B3000034B8240186802431A60BDE8F08700BF8B
:100B400044AA00200000002012048160C36142F02A
:100B50008002F0B44260012701F5805601F500558E
:100B600001F5405401F580420760C66005614461AB
:100B70008261F0BC704700BF831E022B00D9704712
:100B8000064B0A4630B400F11004012503EBC010F7
:100B900005FA04F1403030BCFFF792BB00000020A2
:100BA000831E022B00D9704710B4054B01240A465E
:100BB00004FA00F103EBC0105DF8044BFFF780BBB3
:100BC0000000002040687047124A134BD2F8200200
:100BD00020F07F40984210B584B002D800EB80002E
:100BE00040000E4C01A90A22FEF762FD01A9002374
:100BF000204611F8012B01333AB10A2B20F8022FBD
:100C0000F7D11623237004B010BD5B00DBB2237054
:100C100004B010BD00441F407F96980090670020EC
:100C200000F0E0BA00F0B2BA00F016BB00F0D0BAA3
:100C300000F06CBB00F042BB0846114600F032BB2E
:100C4000084600F019BB00BFF8B514494FF400374F
:100C5000134D034601EB4024124E134A05EB401599
:100C60002146176028463288FFF76EFF318824F04E
:100C70001F032144BFF34F8F0C4A13602033994266
:100C8000FBD8BFF34F8FBFF36F8F03202946FFF7C9
:100C900087FF074B4FF400321A60F8BD8000202018
:100CA000009100207EB400208CE100E05CEF00E0C9
:100CB0000CE100E0244A43682DE9F041C3F30E4300
:100CC0001488C569E41A002C38DD2049204A0B78C5
:100CD0001278DBB21F48204E934207D010F80380F1
:100CE00036F81870C7F50072944212D90133002209
:100CF0001A4F082B26F8154027F81520184E94BFD8
:100D0000DAB213460A703268C55414443460BDE840
:100D1000F081144B07EB48202246274403EB452182
:100D20001844FEF729FC0E4A284626F81870136866
:100D30001C441460BDE8F041FFF786BF2846BDE8BB
:100D4000F041FFF781BF00BF7EB40020B0B40020A7
:100D5000B1B4002074B1002054B1002064B100206F
:100D600050B10020800020201E4B1A785AB902F0A2
:100D7000FF031D4A127832B12DE9F0411B4D2A883C
:100D800012B9BDE8F0817047194EC2F50068194FDD
:100D900031784246184C07EB411704EBC124384622
:100DA0002146FFF7D1FE08EB040224F01F01BFF338
:100DB0004F8F124B196020318A42FBD8BFF34F8FFF
:100DC000BFF36F8F04203946FFF7D6FE3378084A09
:100DD0000133DBB2032B88BF0023137000232B8069
:100DE000BDE8F081B9B40020BBB4002082B400207B
:100DF000B8B40020009200208010202070EF00E0A6
:100E00002DE9F04F85B002900091002900F0AB80F1
:100E10000023564DDFF87481DFF860A1544FDFF8EE
:100E200070B101930122534B2A701C78524AB8F8D2
:100E3000003002EB441923BB1E461C464846FFF710
:100E4000C1FE10F080007ED0BFF34F8F00229AF8D1
:100E500000304A492A7004B93E68002B5AD13B68D9
:100E60009B1B782B79D89BF80030002B52D000F0D8
:100E70009FFA0124B8F800302C70002BDED03D4AD8
:100E800014781A46C3F50060E402009E3C492044F1
:100E90009642084442D30C440299FEF76DFB0023AE
:100EA00021464FF400624846FFF74EFE24F01F0330
:100EB00004F50064BFF34F8F324A136020339C4225
:100EC000FAD8BFF34F8FBFF36F8F04204946FFF767
:100ED00053FE284B274A1B78009801332A49DBB27E
:100EE000032B88BF002313700022B8F80030A8F845
:100EF0000020C01A009001981844019002981844EC
:100F00000290C1F88420BFF34F8F00232B70009B09
:100F1000002B87D1019805B0BDE8F08F009C0393AA
:100F2000019B2246029923440193FEF725FB039B74
:100F30004FF04041144A00201B1B0090A8F80030DD
:100F4000C2F88410DFE74FF400630A4A8AF8000011
:100F500014781A46A8F8003096E7012301980B7020
:100F600005B0BDE8F08F0098D5E700BFB9B4002008
:100F700054B40020B8B4002000920020B7B4002080
:100F80008010202070EF00E000002E4082B400208E
:100F9000BBB40020704700BF314B2DE9F0411B78F6
:100FA000304F002B54D04FF40073DFF8EC803B80BF
:100FB000A8F80030002180222B480D462B4E02F06D
:100FC000B1FB2B4C2B4B29464FF480722A482570DD
:100FD0002C461D8002F0A6FB35602B4675602A4624
:100FE000B560F5602549264E2648DFF8B0E00D7063
:100FF00010210570022035607560B560F560CEF88F
:101000000050FFF76DFDB8F800102A461E4B032074
:10101000FFF734FD2B46398801220420FFF760FDDD
:1010200020460134FFF710FE082CF9D1174B4A2255
:1010300017480021174C0460C3F88410C3F88020BF
:10104000D3F8482142F08072C3F84821BDE8F0810E
:101050004023DFF844803B80A8F80030AAE700BFB7
:10106000BCB4002084B400200092002054B10020C1
:10107000B8B4002082B4002000910020B0B4002059
:1010800064B10020B1B40020B114010000002E4072
:101090005CB40020651501007EB4002050B1002032
:1010A000314B4FF400322DE9F04F1A6083B02F4BD3
:1010B00089461C78002953D02D4BE4B21B789C4202
:1010C00050D082460027DFF8C0B00134294BC7EB6F
:1010D00009085046092C0193274B28BF00241D5DA9
:1010E000244B33F815E0254B0EEB452133F8156002
:1010F000234BCEEB06061944B0453246374419D28D
:101100000EEB452142461944FEF736FA019BDBF807
:101110000010484633F81520C8EB01019044CBF885
:10112000001023F81580174B4FF400321A6003B0FB
:10113000BDE8F08FFEF720FADBF80020E3B2284686
:10114000921BB244CBF80020084A1370FFF77CFDD5
:10115000B94503D9064B1B789C42B6D13846E2E725
:101160000846E0E70020DEE78CE100E0B1B40020B3
:10117000B0B4002064B1002074B1002054B100204C
:10118000800020200CE100E050B100200B4B0C4A05
:101190001B781278DBB293420DD0013309480A4A1A
:1011A000092B0A4928BF0023C35C31F8131002EB56
:1011B0004323585C70474FF0FF307047B1B40020B4
:1011C000B0B4002074B100208000202064B1002061
:1011D000034B10B51C680CB900F0EAF8204610BDAE
:1011E00050B100202DE9F84F154E164D34782B786C
:1011F000E4B29C4221D0DFF85490DFF854B0DFF81D
:101200005480114F0134082C5FFA84FA01D900246C
:10121000A24619F80410DBF8002038F8113008460F
:1012200037F811105B1AD31ACBF80030FFF70CFD1A
:1012300086F800A02B789C42E4D1BDE8F88F00BF6F
:10124000B1B40020B0B4002064B1002074B100201B
:1012500050B1002054B1002000B583B001210DF140
:101260000700FFF71DFF20B19DF8070003B05DF8F0
:1012700004FB4FF0FF30F9E7094B00B583B01B7852
:101280008DF8070023B903F0FF0003B05DF804FBFD
:1012900001210DF10700FFF7B3FD03B05DF804FB7A
:1012A000BBB40020044B1B7803F0FF020BB1FFF727
:1012B000A7BD1046704700BFBBB400202DE9F04128
:1012C0000024DFF8448001230D4D27460D4E88F899
:1012D0000030337828462035A34204F1010405D0BC
:1012E000FFF770FC030658BF07F50067042CF0D128
:1012F000BFF34F8F0023384688F80030BDE8F081F7
:1013000000920020B8B40020B9B400202DE9F843C1
:10131000204B1B7813B1204D2A880AB9BDE8F88309
:10132000DFF88880C2F500691C4E4FF0010E98F876
:1013300000104A461A4C002306EB4116194F04EBE5
:10134000C124304687F800E02146FFF7FDFB09EB9A
:10135000040224F01F01BFF34F8F134B196020319B
:101360008A42FBD8BFF34F8FBFF36F8F0420314603
:10137000FFF702FC98F800300C4A0133DBB2032B74
:1013800088BF0023137000232B80BFF34F8F3B7067
:10139000BDE8F883BBB4002082B400200092002096
:1013A00080102020B9B4002070EF00E0B8B4002015
:1013B0002DE9F843324E337893B1324F3A787AB907
:1013C0000122D9073A7037D49A0719D400225B0753
:1013D0003A7005D52C4B1A6812B1EFF305820AB1A9
:1013E000BDE8F883EFF3108072B61A681AB1274C83
:1013F000217800292FD00028F2D162B6BDE8F88309
:10140000DFF8948098F80020002ADFD00024DFF86D
:101410008C9005E0013498F80030E4B2A34213D96F
:1014200059F824502B6828461B6998470028F1D0AA
:101430006B699B689847EDE7FFF7CAFED0B9144B7C
:101440001B781BB93378BFE73378BFE7337803F0F5
:10145000FE033370B8E70126556926701D6065B13B
:10146000A96100B962B60025936810465577984780
:101470002570B5E700F02CF8E1E7064B1D60F0E7BA
:10148000B467002090B40020B0A500208EB40020E6
:1014900002F80260BCA500208FB40020C0A5002087
:1014A0000A4B30B4586A1C46996A626AA36A994228
:1014B00008BF9042104619460CBF01250025002D9B
:1014C000F3D0D90B30BC41EA4240704700400D4098
:1014D000704700BF08B503684268BBB17AB1104BD2
:1014E000A3FB0213DB0803EB4303B2EB830303D03C
:1014F000D21A4260F02A02D90123184608BD01F031
:101500000BFD1C2200230260184608BD044BA3FB00
:101510000213DB0803EB4303B2EB8303E8D1E9E7F3
:10152000ABAAAAAA70B5044600283AD019B1B2FAFB
:1015300082F56D09FDB1206808B1626832B901F029
:10154000EBFC162300220360104670BD1849A1FB76
:101550000231C90801EB4101B2EB8101EFD1A3686F
:101560000BB102F0DFF80023012223601046636014
:10157000A360E36070BD1E46049B80E80600C36064
:10158000FFF7A8FF02460028DED016B90122104658
:1015900070BD94E80500A660294602F0C3F8012258
:1015A000D2E701F0B9FC162322460360CCE700BF66
:1015B000ABAAAAAA10B52DED048BB0EE408B254C3A
:1015C0008AB000F0E3F994F90030B0EE409B0133AB
:1015D0002ED0B4EE488BF1EE10FA29D6B0EE480BBF
:1015E00001F07EF9B7EE007BB4EEC70BF1EE10FA16
:1015F0001EDD0123184A0093184801920023089326
:101600008DED048B8DED028B01F07CF994F90030A7
:10161000022B8DED060B11D0684601F071F968B10F
:10162000089B93B99DED060B0AB0BDEC048B10BD71
:10163000B0EE490B0AB0BDEC048B10BD01F06CFCA0
:1016400021230360089B002BECD001F065FC089B74
:101650000360E7E7AD670020145200203425002026
:1016600000F0C8BAF0B52DED088BB0EE40ABB0EE8F
:10167000419B964C8BB000F0ADFB94F90030B0EE7E
:10168000408B5A1C34D0B4EE499BF1EE10FA2FD6A1
:10169000B4EE4AABF1EE10FA76D69FED8ABBB4EE0B
:1016A0004BABF1EE10FA29D1B4EE4B9BF1EE10FAF0
:1016B00013D101228649009200228DED02AB8DEDFF
:1016C000049B8DED06BB01910892002B4BD0B7EE29
:1016D000000B0BB0BDEC088BF0BDB0EE490B01F078
:1016E00007F928B1B5EEC09BF1EE10FA00F1A08029
:1016F000B0EE480B0BB0BDEC088BF0BD01F0F8F874
:101700000546002857D0B5EE408BF1EE10FA4FF0A9
:1017100000064FF00007EBD1B0EE4A0B01F0E8F8FD
:101720000028E5D0B0EE490B01F0E2F80028DFD048
:10173000674A01928DED02AB8DED049BCDE9066702
:101740000421002294F9003000910892022B03D06A
:10175000684601F0D5F858B901F0DEFB222303609A
:1017600006E08DED06BB684601F0CAF8002873D08C
:10177000089B1BB101F0D0FB089B03609DED060B9D
:101780000BB0BDEC088BF0BDB5EE409BF1EE10FA4E
:10179000AED1B7EE000B01224D490092022B4FF063
:1017A00000028DED02AB8DED049B019108928DED51
:1017B000060BD8D19EE7B0EE4A0B01F099F800284D
:1017C000A1D0B0EE490B01F093F800289BD0B4EE05
:1017D000488BF1EE10FA94F900303D4A08955ED638
:1017E00003218DED02AB8DED049B8DE80600002BEF
:1017F00037D1B5EEC0AB374B4FF06042F1EE10FA87
:10180000CDE90623A4D5B6EE007B29EE079BB0EE0A
:10181000490B01F07FF8B4EE409BF1EE10FA3BD09B
:101820002D4994F900304FF06040CDE906018DE775
:10183000274A94F900300192012100228DED02AB7C
:101840008DED049B00910892002B8AD02349002043
:10185000022BCDE9060186D101F05EFB2123036056
:1018600086E71F49B5EEC0AB0020F1EE10FACDE9D6
:1018700006017FF56BAFB6EE007B29EE079BB0EE5D
:10188000490B01F047F8B4EE409BF1EE10FA03D09B
:10189000124B0022CDE9062394F9003056E70121CE
:1018A0008DED02AB8DED049B8DE80600002B3FF41F
:1018B00058AF8BEE0B7B022B8DED067BCCD052E725
:1018C000AFF300800000000000000000AD670020C2
:1018D0001C520020FFFFEF47FFFFEFC70000F0FFA3
:1018E0000000F07F00B52DED028BB0EE408B8BB089
:1018F00000F032FE234B93F900305A1C0BD0B4EEAB
:10190000488BF1EE10FA06D69FED1C7BB4EEC78B28
:10191000F1EE10FA04D40BB0BDEC028B5DF804FBC1
:1019200001221949009200228DED048B8DED028B6E
:101930000191089293B187EE076B022B8DED066B38
:101940000ED101F0E9FA21230360089B73B99DEDE4
:10195000060B0BB0BDEC028B5DF804FB8DED067B36
:10196000684600F0CDFF0028EFD1EAE701F0D4FA95
:10197000089B0360EBE700BFAFF3008000000000AE
:1019800000000000AD6700202052002030B510EEAE
:10199000905A2DED068B934B25F000449C4283B06A
:1019A00010DD04F1404410EE103A04F58014234396
:1019B00000F0888030EE407B87EE070B03B0BDEC73
:1019C000068B30BD884B9C420EDCB4F1795F80F20F
:1019D0009880B7EE006B9FED657B30EE077BB4EE31
:1019E000C67BF1EE10FAE9DC00F07AFFB7EE007B7F
:1019F000B6EE006B37EE400B9FED5E5B20EE068B84
:101A0000B0EE480B9FED5D6B9FED5E4BA8EE056B56
:101A10009FED5E9BA8EE064B9FED5E5B9FED5F6BBF
:101A2000A8EE045B9FED5F3BA8EE056BA8EE069B5E
:101A30009FED5E4B29EE089B9FED5E5BA8EE034B8E
:101A40009FED5E6BA8EE045BA8EE056BA8EE067B2F
:101A5000B0EE47AB00F080FD644B9C428DED000B77
:101A60003EDCB0EE005B89EE0A4BDDE900239DED24
:101A7000006B9FED547B36EE062B9DED001B002284
:101A80009FED520B43EC162BB1EE463BA3EE068BBB
:101A900031EE066BB0EE471BA3EE051BB0EE413BEB
:101AA00088EE061BA1EE450B94EE020B30EE430BC5
:101AB00037EE400B002DD8BFB1EE400B03B0BDECAC
:101AC000068B30BD9FED436B9FED407B20EE077B87
:101AD000A0EE067BB0EE470B03B0BDEC068B30BD2D
:101AE0009DED005B89EE0A7BB0EE006BA5EE075B17
:101AF0009FED3A0B9FED377BA5EE060B37EE400BC3
:101B0000D8E79FED1C4B20EE007BB7EE002B9FED3E
:101B10001B5B9FED1C6BA7EE045B9FED1E4BA7EEBE
:101B2000056B9FED1E5BA7EE064B9FED186BA7EEB6
:101B3000045B9FED1C1BA7EE056B26EE076B9FED6C
:101B40001B3B9FED1C4BA7EE013B9FED1C5BA7EEE3
:101B5000034BA7EE045BA7EE052B86EE025BA0EE1F
:101B6000050B03B0BDEC068B30BD00BF9C75008833
:101B70003CE4377E09F7FD0DE13D023F88B2017577
:101B8000E0EF493F3B8F68B52882A4BF55555555B6
:101B90005555C53F5544880E55C1C93F7D6FEB0370
:101BA00012D6D4BF82922EB1C5B8B33F59018D1B56
:101BB0006C06E6BFC88A599CE52A00404B2D8A1C5A
:101BC000273A03C0182D4454FB21E93F075C143326
:101BD00026A6913C182D4454FB21F93F075C143391
:101BE00026A691BCFFFFEF3FFFFFDF3F3233EF3F01
:101BF00000000000F0B585B08DED021B029A03983D
:101C0000724953428DED000B134320F0004545EA25
:101C1000D3738B429DE8900042D86342234327F060
:101C2000004E4EEAD3738B423AD800F1404303F59D
:101C30008013134353D0861706F0020654EA0E03AE
:101C400046EAD77634D052EA05033ED08D4252D0D0
:101C50008E453AD0C5EB0E052D153C2D44DC0028F1
:101C60006BDBDDE900239DED020B43EC172B87EEC8
:101C7000000B00F035FE00F031FD53EC102B012E6F
:101C800056D0022E49D0002E44D09FED3A7B9FEDD6
:101C90003B6B43EC152B35EE477B37EE460B05E0EF
:101CA0009DED027B9DED006B37EE060B05B0F0BDA0
:101CB000022E1DD09FED330B9DED007B032E08BF40
:101CC000B0EE407BB0EE470BF0E79FED307B9FED31
:101CD000310B002FA8BFB0EE470B05B0F0BD05B02B
:101CE000BDE8F04000F0FABC28A3D3E90023C6E722
:101CF0009FED220BDAE7AE4524D0022EF8D0032E5A
:101D00002DD09FED267B9FED270B012E08BFB0EE57
:101D1000470BCBE743EC102BC8E79FED167B9FEDFD
:101D2000176B43EC152B35EE477B36EE470BBDE7C3
:101D300003F1004343EC102BB8E73C3591DA002265
:101D400000239CE7022E10D0032E0BD09FED177BB3
:101D50009FED180B012E08BFB0EE470BA6E79FEDD5
:101D6000090BA3E79FED150BA0E79FED160B9DE771
:101D7000AFF30080075C143326A6A13C182D445411
:101D8000FB210940182D4454FB2109C0182D44544F
:101D9000FB21F93F182D4454FB21F9BF000000003E
:101DA000000000800000000000000000182D4454D6
:101DB000FB21E9BF182D4454FB21E93FD221337F99
:101DC0007CD902C0D221337F7CD902400000F07F51
:101DD000000000002DE9F04F51EC110B2DED088BA8
:101DE00021F0004555EA000487B03AD053EC102B9F
:101DF0006A4F23F00044BC4210EE10AA994629DC39
:101E0000884611EE106A24D0BD4223DC634FBD42E8
:101E10007AD0B9F1000F7ADB4FF0000BA6BB5F4E12
:101E2000B54200F090805E4EB54266D0B8F1804F6A
:101E300000F057825B4EB04526D1B9F1000F23DB8D
:101E400043EC102B07B0BDEC088BBDE8F04F00F061
:101E500083BB6AB104F1404404F5801454EA0A03D8
:101E600008D1B7EE000B07B0BDEC088BBDE8F08FD2
:101E7000A542CBDD4C4807B0BDEC088BBDE8F04F68
:101E800000F040BD4FF0000B16461F4647EC106BAC
:101E9000CDE9020100F024FD8DED000BBAF1000F39
:101EA0001AD04FEAD97909F1FF395BEA09035ED00C
:101EB0003E4B9D4240F3808003F104739D4240F30A
:101EC0009A823B4B9C4259DDB8F1000F59DD9FEDE2
:101ED0002F0B20EE000BC6E724B1314B29F0404216
:101EE0009A42DED1B8F1000FC0F27C82B9F1000F46
:101EF000C0F2E6819DED000BB5E7B8F1000FC0F22E
:101F0000BC8243EC102BAEE7002E82D0A2E7294F13
:101F1000BD4229DCA7F15477BD427FF77DAF2F1575
:101F2000A7F2FF37142F40F3B682C7F1340726FA21
:101F300007FE0EFA07F7BE427FF46EAF0EF0010EF9
:101F4000CEF1020B6AE704F1404303F5801353EA34
:101F50000A0386D0164B9C4240F33B82B8F1000F37
:101F60000FDB41EC100B7EE74FF0020B56E747EC1E
:101F7000176B37EE477B87EE070B74E7B8F1000F5E
:101F8000A5DB9FED040B6EE7AFF300809C75008826
:101F90003CE4377E00000000000000000000F07FFD
:101FA0000000F03F0000E03F342500200000E04149
:101FB000FFFFEF3FFFFF3F43B4F5801F80F25B82DE
:101FC0009DED006B9FEDC97B26EE077B8DED007BC1
:101FD000019C6FF03406ED4A2315C4F31304A3F2F9
:101FE000FF3344F07F5194421E4441F4401140F3CA
:101FF0003A82E74B9C4240F36C82B7EE007B9FED48
:10200000BD3B0136A1F580110025B0EE430BDDE9A3
:102010000023B7EE004B0B4643EC112B4C1031EE76
:10202000076B31EE472B84EE065B22EE056B8DEDE0
:10203000006BDDE9002344F0005404F50024002285
:102040000020611943EC142B41EC160BB1EE44ABAC
:1020500036EE477BAAEE062B31EE477BB0EE426BA5
:10206000AAEE076B9DED007B26EE052B9DED006B28
:1020700037EE047B26EE06BB9FEDA09B27EE026B9E
:102080009FEDA08B9FEDA11BABEE098B9FEDA17B7C
:10209000ABEE081B2BEE0B8B9FEDA05BABEE017B39
:1020A000ABEE075B9FED9F7BABEE057BB0EE085B75
:1020B000A8EE076BB0EE457BA4EE047B37EE067B03
:1020C0008DED047B04929DED049B39EE455BAAEEF9
:1020D000045B36EE455B9DED006B25EE066BA2EED4
:1020E000096BB0EE465BA4EE095B8DED005B0092E0
:1020F0009DED004B9FED8D2BB0EE445BAAEE095B8E
:102100009FED8C7B36EE456B9FED8C8B26EE077B2F
:1021100001EE906AA4EE087BB8EEE11B37EE007B7F
:10212000B0EE476BA4EE026B36EE036B36EE016B3E
:102130008DED006B00929DED005B35EE416B36EE50
:10214000436BA4EE426B37EE466BDDE90234BFEE23
:10215000000B2146002044EC173B41EC140B26EE0B
:10216000076B37EE447BA5EE076B25EE045B36EE7E
:10217000057B8DED007BB7EE007B864B019A0BF162
:10218000FF3B5BEA090414BFB0EE478BB0EE408B17
:102190009A42009C40F3028102F13F4303F5E003C1
:1021A000234340F0718136EE054B34EE454B9FEDF5
:1021B000657B36EE077BB4EEC47BF1EE10FA00F3DC
:1021C000638113461B154FF48011A3F2FE3341FACD
:1021D00003F39918C1F30A506F4EA0F2FF30064185
:1021E00021EA06050024C1F3130345EC174BC0F1A7
:1021F000140043F4801343FA00F0002A35EE475BE5
:1022000036EE057B8DED007BB8BF40420105DDE970
:102210000023B0EE002BB7EE007B9FED4C1B9FED33
:102220004D0B00229FED4D4B43EC132B9FED4D9B2F
:1022300023EE044B33EE455B36EE455BB0EE446B6C
:10224000A5EE006B9FED495BB0EE464BA3EE014B54
:10225000B0EE440BA3EE410B36EE406B9FED450B09
:1022600024EE043BA3EE095B9FED441BA3EE050B9C
:10227000A4EE066B9FED435BA3EE001BA3EE015B98
:10228000B0EE441BA3EE451B24EE013B31EE422B86
:1022900083EE025B35EE466B36EE446B37EE467BE3
:1022A0008DED007B019B1944B1F5801FC0F21A81AE
:1022B000DDE900230B4643EC102B20EE080BD2E5A2
:1022C00004F1404404F5801454EA0B0300F0FA8052
:1022D000BBF1010F7FF40EAE9DED007BB1EE470B1D
:1022E000C1E543EC172B27EE070BBCE5000000000F
:1022F000000040430000000000000000EF4E454A8F
:10230000287ECA3F65DBC9934A86CD3F01411DA99E
:102310006074D13F4D268F515555D53FFFAB6FDBD4
:10232000B66DDB3F033333333333E33F000000E06C
:1023300009C7EE3FFD033ADC09C7EE3FF5015B1428
:10234000E02F3EBEFE822B654715973C0000000043
:10235000432EE63FEF39FAFE422EE63F396CA80CD9
:10236000615C20BED0A4BE726937663EF16BD2C5F7
:1023700041BDBBBE2CDE25AF6A56113F93BDBE16D4
:102380006CC166BF3E5555555555C53F8E980300E7
:1023900079B60B00FFFF8F40FFFF0F00694D22F061
:1023A0000043AB4240F3848067491144214309D183
:1023B00036EE057B37EE457BB4EEC76BF1EE10FAD7
:1023C0003FF600AF9FED4D0B28EE007B27EE000B94
:1023D00049E5B8F1000FBFF6D4AD41EC170BB1EEF3
:1023E000470B40E59DED005BB7EE007B87EE056B8C
:1023F0008DED006B7AE5554B9C427FF7BFAD544B9A
:102400009C423FF761ADB7EE007BB5EE008B9DEDD2
:10241000005B9FED3C2B35EE477BB6EE005B9FEDFE
:102420003B3BB1EE474B27EE070B9FED3A6BA4EE1B
:10243000083BA4EE035B9FED391B25EE005B26EE07
:10244000456BA7EE016BB0EE465BA7EE025B53EC6B
:10245000152B002243EC152BB0EE457BA4EE027B3E
:1024600036EE476B71E69FED2F3BB7EE007BB0EE8B
:10247000430B0025CBE50026ADE543EC162BB7EE6C
:10248000007B87EE060BEEE49FED280B28EE007B29
:1024900027EE000BE7E4002E7FF4F4ACC7F114073D
:1024A00045FA07FE0EFA07F7BD4220D0B346BAE45C
:1024B000284CA3423FF786AE36EE057B01468DEDF4
:1024C000007BA4E69DED007B37EE477B87EE070B94
:1024D000C9E49FED183BB7EE087B9FED180B4FF456
:1024E000802594E5B0EE470B00F0A4FAE5E60EF087
:1024F000010ECEF1020B96E4AFF3008059F3F8C25F
:102500001F6EA501000000604715F73F5555555552
:102510005555D53FFE822B654715F73F44DF5DF8E3
:102520000BAE543E00000000000000009C750088C7
:102530003CE4377E0000004003B8E23F06D0CF43C2
:10254000EBFD4C3EFFCB904000346F3FFEFFEF3F72
:102550000000F03F0000E03F2DE9F04182B08DED3A
:10256000000B5D49019B00980C461940A14200F008
:102570009880002B024677DD1F1500F08280A7F2BD
:10258000FF37C3F31303F90743F4801367D403EB56
:10259000D27100260B447F105200B64616204FF42D
:1025A00000110EEB01049C424FEAD2754FEA420241
:1025B00003DC1B1B04EB010E0E44013805EB430347
:1025C0004FEA5101EDD1844620244FF0004109E04B
:1025D00020D003EBD275013C4FEA51012B444FEA66
:1025E000420220D09E4501EB0C05F1DA002D05EBEF
:1025F000010C09DBF0469542CEEB030300D9013B09
:10260000521B0844C646E4E7BCF1000FF2DB0EF1B2
:102610000108F0E795421AD8002D05EB010C48DBC4
:1026200098460023ECE7134313D140087110F307D9
:1026300001F17F5101F5001148BF40F0004001EB6E
:102640000753024643EC102B02B0BDE8F0817346FD
:10265000BFE7421C31D000F001031844E5E75B00FE
:1026600003EBD273520092E723F0004101431DD0E7
:102670005BBB1F46D30A153F5205002BFAD0DD0283
:102680001ED4002100E001465B00DC0201F10100E4
:10269000F9D5C0F1200422FA04F423437F1A8240C2
:1026A0006DE7A0EE000B02B0BDE8F0819DED000BE0
:1026B000CAE7BCF1000FAADAB2E701362046B5E757
:1026C00020244FF0FF310020E5E79DED007B37EE41
:1026D000477B87EE070BB7E70000F07F38B5B0EE19
:1026E000407B17EE905A774B25F000449C420EDD5C
:1026F000754B9C4210EE102A5CDC59D09FED557B47
:102700009FED560B002DC8BFB0EE470B38BD6F4B89
:102710009C4260DCA3F1DE739C424EDD4FF0FF3340
:102720009FED502B27EE074B24EE046B9FED4F3BA4
:102730009FED505BA6EE023B9FED502BA6EE035B98
:102740009FED503BA6EE052B9FED505BA6EE023BA6
:102750009FED501BA6EE035B25EE045B9FED4F2B18
:102760009FED504B9FED513BA6EE014BA6EE042B87
:102770009FED504BA6EE023B5A1CA6EE034B24EEF7
:10278000066B40D035EE065B514A5249DB001A44D5
:102790000B4492ED006B93ED000B97EE056B36EE5C
:1027A000477B002D30EE477B2ADBB0EE470B38BD70
:1027B000002AA3D037EE070B38BD9FED406BB7EE74
:1027C000005B30EE066BB4EEC56BF1EE10FAA5DDE2
:1027D000B0EE470B38BD00F083F83F4B9C4219DC4C
:1027E000A3F550239C422ADCB0EE007BBFEE006BC9
:1027F00030EE075BA0EE076B002386EE057B8FE7CC
:10280000B1EE470B38BD35EE066BA7EE467BB0EE5A
:10281000470B38BD314B9C420BDCB7EE087BB7EE63
:10282000006B30EE475BA0EE076B022385EE067B64
:1028300076E7BFEE006B032386EE007B70E7B7EE12
:10284000007B012330EE476B30EE070B86EE007BFA
:1028500066E700BF182D4454FB21F93F182D44545E
:10286000FB21F9BF11DA22E33AAD903FEB0D76245C
:102870004B7BA93F513DD0A0660DB13F6E204CC5AA
:10288000CD45B73FFF8300922449C23F0D555555B2
:102890005555D53F2F6C6A2C44B4A2BF6D9A74AFC6
:1028A000F2B0B3BF9AFDDE522DDEADBF711623FE2E
:1028B000C671BCBFC4EB98999999C9BF9C75008833
:1028C0003CE4377EFFFF0F440000F07FFFFFDB3F5B
:1028D000A003002080030020FFFFF23FFF7F0340A2
:1028E00053EC102B23F0004343EC102B704700BF38
:1028F00010EE903A43F0004000F58010C00F704792
:10290000002070479FED010B704700BF00000000E2
:102910000000F87FF0B453EC102BC3F30A55A5F276
:10292000FF30132884B019464FEAD37710EE104ACF
:102930002CDC002847DB3C4D054103EA0506164325
:1029400029D06D082B401C430CD04FF48023132852
:1029500021EA050543FA00F141EA05010CBF4FF0F9
:1029600000440024314800EBC70797ED000B0B46ED
:10297000224643EC172B37EE007B8DED027B9DED5D
:10298000027B37EE400B04B0F0BC7047332807DD04
:10299000B0F5806F44D043EC102B04B0F0BC70470E
:1029A000A5F213454FF0FF30E8400242F3D0400853
:1029B0000242D7D04FF0804324EA000043FA05F5E5
:1029C00045EA0004CEE723F00040104310EE106A01
:1029D000E1D0C3F313000643704206431348590C79
:1029E000360B490406F4002600EBC70046EA010353
:1029F00090ED006B43EC172B37EE067B8DED027BE1
:102A00009DED027B37EE467B8DED007B0199DDE984
:102A1000002321F0004141EAC77343EC102BBCE7CF
:102A200030EE000BB9E700BFFFFF0F00800200206F
:102A30000000000010B52DED028B82B08DED000B73
:102A4000019B0099C3F30A522ABB23F000430B43B6
:102A50002DD09FED367B3D4A20EE077B90428DEDD9
:102A6000007B019B29DBC3F30A52363A841840F2FB
:102A7000FE72944230DC002C27DD23F0FF41DDE9BB
:102A8000002321F4E00141EA045343EC102B02B08F
:102A9000BDEC028B10BD40F2FF718A42E6D19DED84
:102AA000007B37EE070B02B0BDEC028B10BD9DED35
:102AB000000B02B0BDEC028B10BD9FED1E0B27EE8C
:102AC000000B02B0BDEC028B10BD14F1350F11DA12
:102AD0004CF2503398421DDD9FED188B9DED001B8D
:102AE000B0EE480B00F034F820EE080B02B0BDEC5D
:102AF000028B10BD23F0FF41DDE9002321F4E0014A
:102B0000363441EA04539FED0F0B43EC172B27EEAD
:102B1000000BBCE79FED078B9DED001BB0EE480B53
:102B200000F016F820EE080BB1E700BF000000002F
:102B30000000504359F3F8C21F6EA5019C75008830
:102B40003CE4377E000000000000903CB03CFFFFFA
:102B500053EC102B11EE900A23F0004100F00040DE
:102B600041EA000343EC102B704700BF0B460146BF
:102B7000184600F0C5B900BF53B94AB9002908BFCB
:102B800000281CBF4FF0FF314FF0FF3000F07EB93E
:102B9000ADF1080C6DE904CE00F006F8DDF804E0B4
:102BA000DDE9022304B070472DE9F0478C460E465C
:102BB0000446089D002B50D18A4217466CD9B2FAC0
:102BC00082FEBEF1000F0BD0CEF1200420FA04F4F7
:102BD00001FA0EF644EA060C02FA0EF700FA0EF4B9
:102BE0004FEA1749220CBCFBF9F01FFA87F809FBE2
:102BF00010C642EA064600FB08F3B34209D9F619AB
:102C000000F1FF3280F02281B34240F21F8102388E
:102C10003E44F61AA2B2B6FBF9F309FB136642EA88
:102C2000064403FB08F8A04509D9E41903F1FF3273
:102C300080F00A81A04540F20781023B3C44C8EB8A
:102C4000040443EA00400021002D62D024FA0EF46F
:102C500000232C606B60BDE8F0878B4207D9002D04
:102C600055D0002185E841000846BDE8F087B3FA59
:102C700083F1002940F09080B34202D3824200F2F7
:102C8000F880841A66EB03060120B446002D40D07C
:102C900085E81010BDE8F08712B90127B7FBF2F7FD
:102CA000B7FA87FEBEF1000F35D1F31B4FEA174884
:102CB0001FFA87FC0121B3FBF8F0220C08FB103649
:102CC00042EA06460CFB00F3B34207D9F61900F1BD
:102CD000FF3202D2B34200F2CE801046F61AA2B200
:102CE000B6FBF8F308FB136642EA06440CFB03FC50
:102CF000A44507D9E41903F1FF3202D2A44500F23A
:102D0000B5801346CCEB040443EA00409CE7294617
:102D10002846BDE8F087CEF1200106FA0EF307FA47
:102D20000EF720FA01F94FEA1748CE4049EA0309A5
:102D3000B6FBF8FA4FEA194408FB1A661FFA87FC3B
:102D400044EA06430AFB0CF29A4200FA0EF40AD94E
:102D5000DB190AF1FF3180F087809A4240F28480CB
:102D6000AAF1020A3B449B1A1FFA89F9B3FBF8F156
:102D700008FB113349EA034301FB0CF69E4207D9D5
:102D8000DB1901F1FF326BD29E4269D902393B4413
:102D90009B1B41EA0A418EE7C1F1200E22FA0EF494
:102DA0008B40234320FA0EF706FA01F44FEA134C46
:102DB00026FA0EF63C43B6FBFCF9270C0CFB196611
:102DC0001FFA83F847EA064609FB08F7B74202FAFA
:102DD00001F200FA01FA08D9F61809F1FF3041D2E0
:102DE000B7423FD9A9F102091E44F61BA0B2B6FBB7
:102DF000FCF40CFB146640EA064704FB08F8B845EF
:102E000007D9FF1804F1FF3028D2B84526D9023C73
:102E10001F4444EA0940C8EB0707A0FB02894F455D
:102E200044464E4614D329D065B3BAEB040367EB8E
:102E3000060707FA0EFECB40CF404EEA030385E8B3
:102E400088000021BDE8F0871346F8E61046E0E66A
:102E5000B8EB020469EB03060138E5E70446D8E75E
:102E6000114695E78146C0E78A467CE7023B3C4431
:102E700048E708460AE702383E442FE7C245E7D351
:102E80003E46D1E72946BDE8F08700BF704700BF46
:102E9000024B0A460146186800F002B8046400209C
:102EA00010B502FB01F100F0D9F80446D8B150F892
:102EB000042C22F00302043A242A18D8132A14D925
:102EC00000231B2A0360436016D9242A8360C36051
:102ED00011BF00F110020361436100F118020023E9
:102EE000136053609360204610BD0246F7E700214F
:102EF00000F018FC204610BD00F10802EFE700BF0B
:102F000013460A460146022004F0F2BB0023B7EE46
:102F1000C00A05F015BB00BF014B1868704700BF21
:102F20000464002070B50F4E0F4D761BB61018BF0D
:102F3000002405D0013455F8043B9847A642F9D146
:102F40000A4E0B4D761B06F059FEB61018BF002432
:102F500006D0013455F8043B9847A642F9D170BD1C
:102F600070BD00BFD82C0260D82C0260E82C026033
:102F7000D82C026010B5044600F056F82044407882
:102F800000F0070010BD00BF10B5044600F04CF87B
:102F90002044407800F00300A0F10200B0FA80F075
:102FA000400910BD10B5044600F03EF820444078BA
:102FB00000F00300A0F10100B0FA80F0400910BD5C
:102FC000931E222B10D80A2A10B506D000230C46D7
:102FD000194402F01FFF204610BD0028F6DA2D2309
:102FE0000B7040420123F2E700200870704700BFD9
:102FF000FFF7E6BF034A044B1268506B002808BF76
:103000001846704704640020885E0020044B054A7F
:103010001B685B6B002B08BF134693F828017047B1
:1030200004640020885E002008B5034B1868FFF791
:10303000E1FFD0F8EC0008BD04640020024B01461B
:10304000186800F00BB800BF04640020024B014672
:10305000186805F06DBC00BF046400202DE9F04F36
:1030600001F10B05162D83B0064640F29F8035F026
:10307000070500F1BF80A94200F2BC8000F0A0FB70
:10308000B5F5FC7FC0F09C826B0A00F0BA80042B7F
:1030900000F28381A80900F1390E4FEA4E0338305F
:1030A000C44F07EB8303A3F108015C68A14207D179
:1030B000ACE0002A80F2AC80E468A14200F0A68077
:1030C000636823F003035A1B0F2AF2DDB9493C69F8
:1030D00001F1080E744500F0B381636823F0030327
:1030E0005A1B0F2A00F39981002AC1F814E0C1F895
:1030F00010E080F29E80B3F5007F80F06781DB08EE
:1031000003F1010C01229B1002FA03F34A6851F803
:103110003C80C4F8088001EBCC091A43A9F10803EC
:10312000E3604A6041F83C40C8F80C408310012439
:103130009C40944200F28A80144206D120F00300A1
:103140006400144200F10400FAD007EBC009CC4639
:103150008046DCF80C108C4507D173E1002A80F220
:103160008181C9688C4500F06D814B6823F00303B1
:103170005A1B0F2AF2DD0C46D1F80CC054F8088F08
:103180004B1945F001054D6042F00101C8F80CC033
:103190003046CCF808807B613B61C3F80CE0C3F893
:1031A00008E059609A5000F00DFB1FE0102921D86B
:1031B00000F006FB1025062302207E4F07EB830359
:1031C000A3F108025C68944200F045816368E168FD
:1031D000A56823F00303234430465A68E96042F0AF
:1031E00001028D605A6000F0EDFA0834204603B009
:1031F000BDE8F08F00240C232046336003B0BDE807
:10320000F08F80234FF0400E3F2049E770465DE786
:103210002344E1685A68A56842F00102E96030463B
:103220008D605A6000F0CEFA0834204603B0BDE845
:10323000F08F234430465A6842F001025A6000F091
:10324000C1FA0834204603B0BDE8F08FBC6863685B
:1032500023F00308A84504D3C5EB08030F2B00F3A4
:103260008C80554BDFF860911A68D9F80030013333
:103270002A4404EB080A00F0608102F580520F3204
:1032800022F47F6222F00F0211463046019200F0D4
:103290000DFDB0F1FF3F8346019A00F05881824551
:1032A00000F2FC80454B1968DA451144196000F0C2
:1032B0005381D9F80000DFF810E101301BBFCAEBE1
:1032C0000B0A5144CEF800B019601BF0070100F062
:1032D0001781C1F10800C1F58051834408315A4477
:1032E000C2F30B02C2EB010949463046019300F0DC
:1032F000DDFC431C019B00F03F81CBEB00024A4404
:1033000042F001021968C7F808B04944BC42CBF842
:1033100004201960DFF8A49016D0B8F10F0F40F226
:10332000FD806268A8F10C0323F00703E01802F0A7
:1033300001024FF0050E1A430F2B6260C0F804E043
:10334000C0F808E000F21C811D4BBC681A6891426D
:1033500088BF19601B4B1A689142626888BF196068
:1033600022F003029542A2EB050301D80F2B04DCE7
:10337000304600F027FA002438E7621943F00103D1
:1033800045F0010565603046BA60536000F01AFAF6
:103390000834204603B0BDE8F08F142B71D9542BAC
:1033A00000F2A480280B00F16F0E4FEA4E036E303E
:1033B00076E600BFF45F002024A60020F4A50020DC
:1033C0001CA6002020A60020FC6300205A0A042A24
:1033D0005ED9142A00F2B38002F15C0149005B322D
:1033E00007EB810C57F82110DFF8DC81ACF1080CF9
:1033F0008C4500F088804A6822F00302934202D292
:1034000089688C45F7D1D1F80CC07A68C4F80CC033
:10341000A160CCF80840CC6088E6631942F001074F
:1034200045F00105656030464B610B61C3F80CE067
:10343000C3F808E05F609A50083400F0C3F9D5E69D
:103440004A6873E608F1010818F0030F0CF1080C44
:103450007FF47FAE30E0DC68A34208BF02303FF467
:1034600035AEB3E60B440C465A68C96854F8085F99
:1034700042F001025A603046E9608D6000F0A2F926
:10348000B4E603F15C0E03F15B004FEA4E0307E67E
:103490009A0902F1390149003832A1E7BC424A4B8E
:1034A0003FF400AF9C68626822F003025AE759F8C3
:1034B0000839994540F0828010F0030F00F1FF3089
:1034C000F5D17B6823EA04037B6064009C423FF6ED
:1034D000BDAE002C3FF4BAAE1C4240467FF435AE80
:1034E00064001C4200F10400FAD02EE6B3F5AA7F76
:1034F00018D8E80B00F1780E4FEA4E037730CFE58D
:103500004FF48051EBE60121D8F80430921001FA13
:1035100002F21A43C8F80420614677E70123CBF88A
:10352000043025E740F25452934220D8A80C00F111
:103530007D0E4FEA4E037C30B2E51032A4E6542AE9
:1035400026D81A0B02F16F0149006E3248E7BC68B9
:10355000626822F0030205E7CAF30B0000287FF43B
:10356000A8AE4244BB6842F001025A60ECE6FE237A
:103570004FF07F0E7E2093E501224FF00009C1E657
:1035800004F10801304605F0D3F9D9F80010DBE664
:10359000B2F5AA7F05D8DA0B02F17801490077323B
:1035A0001EE740F254518A4205D89A0C02F17D017F
:1035B00049007C3214E7FE217E2211E77B6884E714
:1035C000E808431C5B00F8E5F45F002082B049B1D5
:1035D0005AB16BB113780B601278101C18BF012020
:1035E00002B0704701A9002AF3D1104602B070471B
:1035F0006FF00100F4E700BF032A70B426D940EA57
:1036000001039B0711D004780D78AC4222D102440B
:10361000431C05E013F8014B11F8015FAC4219D1CE
:103620009342F7D1002070BC70470C4603461E68D9
:103630002568AE421846214603F1040304F1040450
:10364000E1D1043A032A18462146F0D8002ADAD1FB
:103650001046E8E7601B70BC704700BF8842F0B5B9
:103660000DD98B1898420AD28118002A51D09A1A83
:1036700013F8014D01F8014D9342F9D1F0BD0F2A25
:1036800048D941EA00039B0746D100F1100401F13B
:103690001003154653F8106C44F8106C53F80C6C7A
:1036A00044F80C6C53F8086C44F8086C103D53F85F
:1036B000046C44F8046C0F2D03F1100304F11004A2
:1036C000E8D8A2F1100323F00F0302F00F0E10331D
:1036D000BEF1030F1944034421D91E1F0D46744641
:1036E000043C55F8047B46F8047F032CF8D8AEF16F
:1036F000040424F0030404342344214402F00302AC
:1037000062B1013B0A4411F8014B03F8014F8A42B0
:10371000F9D1F0BD0346F3E70346F2E7F0BD724688
:10372000EEE700BF70B4840746D0541E002A41D093
:10373000CDB2034602E0621EE4B3144603F8015B17
:103740009A07F8D1032C2ED9CDB245EA05250F2CC6
:1037500045EA054519D903F110022646103E0F2E01
:1037600042F8105C42F80C5C42F8085C42F8045CD9
:1037700002F11002F2D8A4F1100222F00F0204F0BC
:103780000F041032032C13440DD91E462246043A6E
:10379000032A46F8045BFAD8221F22F003020432FF
:1037A000134404F003042CB1C9B21C4403F8011BF8
:1037B000A342FBD170BC704714460346C2E700BF6A
:1037C000704700BF704700BF0FB400B5074983B012
:1037D00004AB086853F8042B8168019302F08EFB58
:1037E00003B05DF804EB04B0704700BF0464002030
:1037F000034B1B6801469A68184605F015BF00BFC9
:1038000004640020F0B5054689B008460C4600F077
:1038100039FDAB6B144F04940126441C04A9022209
:1038200003940590AC680697079601910292B3B194
:10383000B4F90C309A0406D4626E43F4005322F4B7
:103840000052A38162662146284601AA05F058F974
:10385000002814BF4FF0FF300A2009B0F0BD284601
:1038600005F00EF8E4E700BF1C2A0020024B0146D9
:103870001868FFF7C7BF00BF0464002010B40C4BEA
:103880000C4C19680C4AD1F8A830D1F8AC0004FBF4
:1038900003F402FB0040A3FB02230344013243F183
:1038A0000003C1E92A2323F000405DF8044B704770
:1038B000046400202DF451582D7F954C024B0A468C
:1038C0000146186800F002B8046400202DE9F04FAA
:1038D000174683B0002900F0C1800E46814607F1EB
:1038E0000B05FFF76DFF56F804EC162D2EF00304C0
:1038F000A6F1080840D810221546AF4241D894429C
:1039000075DAC94B996808EB04008842416800F0F9
:10391000D98021F0010303445B68DB077DD51EF0ED
:10392000010F35D039464846FFF798FB0746E0B10E
:1039300056F8043C23F001034344A0F108029A42E4
:1039400000F04481221F242A00F23181132A00F260
:1039500004810346324611681960516859609268C3
:103960009A603146484604F0E3FF4846FFF72AFFD5
:10397000384603B0BDE8F08F25F00705002D2A4634
:10398000BBDA0C230020C9F8003003B0BDE8F08F8B
:1039900056F8083CC3EB080ADAF8043023F0030CAD
:1039A00004EB0C039342BDDB5746DAF80C1057F8D2
:1039B000080F221F242AC160886000F21781132A91
:1039C00040F212813168CAF808107168CAF80C1008
:1039D0001B2A00F22B8108360AF1100231681160AF
:1039E00071685160B16891603E461C46D046631BC9
:1039F0000F2B1DD8D8F8043003F0010323434444AF
:103A0000C8F80430636843F0010363604846FFF779
:103A1000D9FE304603B0BDE8F08F21F00301214408
:103A2000914221DBC36882680C46D3609A60DEE76E
:103A3000D8F8042008EB050102F00102154343F019
:103A400001020B44C8F804504A605A6842F001026F
:103A500008315A60484604F06BFFD7E7114603B0BF
:103A6000BDE8F04FFFF7FABA1EF0010F7FF45AAF2E
:103A700056F8083CC3EB080ADAF8043023F0030CCC
:103A800001EB0C0E96458BDBC36882685746D3600A
:103A90009A6057F8081FDAF80C30CB60221F242AEE
:103AA000996000F29980132A62D93368CAF8083005
:103AB0007368CAF80C301B2A00F2A08008360AF19D
:103AC000100356E021F0030BA34405F110008345D9
:103AD00059DA1EF0010F7FF425AF56F8081CC1EB30
:103AE000080ADAF8041021F0030CE34458453FF7C4
:103AF00057AF5746DAF80C1057F8080F221F242A40
:103B0000C160886000F2B480132A40F2A580316859
:103B1000CAF808107168CAF80C101B2A00F2AF80AE
:103B200008360AF110023168116071685160B1689D
:103B300091600AEB0501C5EB0B0242F001029960AE
:103B40004A60DAF8043003F001031D434846CAF81E
:103B50000450FFF737FE38465CE73368036073684C
:103B600043601B2A27D800F1080306F10802F2E699
:103B70003B4632681A6072685A60B2689A603E4684
:103B80007446D04633E708EB0501C5EB0B0B4BF051
:103B9000010299604A6056F8043C03F001031D439A
:103BA000484646F8045CFFF70DFE304632E73146E2
:103BB000FFF754FDD5E6B3688360F368C360242A39
:103BC00028D000F1100306F11002C4E650F8043CBE
:103BD00023F003031C440AE7314638467446D046B6
:103BE000FFF73CFD3E4602E73A46F7E631463846E7
:103BF0001C46D046FFF732FD3E46F8E6B368CAF8E9
:103C00001030F368CAF81430242A1BD010360AF199
:103C10001803AEE7336903617369436106F1180263
:103C200000F1180397E600BFF45F0020B168CAF8FE
:103C30001010F168CAF81410242A0FD010360AF1B7
:103C40001802CBE63369CAF818307369CAF81C3019
:103C500018360AF120038CE73A4664E73269CAF85D
:103C600018207269CAF81C2018360AF12002B5E63D
:103C7000314638460193FFF7F1FC019B59E7B168E3
:103C8000CAF81010F168CAF81410242A03D01036AC
:103C90000AF1180247E73269CAF818207269CAF8AF
:103CA0001C2018360AF120023DE700BF38B5074C4A
:103CB0000023054608462360FCF7A6FA431C00D003
:103CC00038BD2368002BFBD02B6038BD6CB60020BC
:103CD0000CB4F0B5244B00299DB01D683EDB4FF4B9
:103CE00002730C4602900690ADF8143023AE17D044
:103CF0004C1E229A049433464FF6FF7702A92846B9
:103D000007940196ADF8167000F0CCFD421C1BDB49
:103D1000029B00221A701DB0BDE8F04002B070474F
:103D200033464FF6FF77229A049402A92846079457
:103D30000196ADF8167000F0B5FD431C07DB1DB011
:103D4000BDE8F04002B070478B232B60E0E78B2387
:103D50002B601DB0BDE8F04002B070478B232B6094
:103D60004FF0FF30EBE700BF046400200EB4F0B565
:103D70009CB021AB0F4953F8042B019305466FF01B
:103D80000044086802954FF402774FF6FF7602A9C7
:103D90000695ADF8147004940794ADF8166000F021
:103DA00081FD029B00221A701CB0BDE8F04003B0F8
:103DB000704700BF0464002041EA00039B0710B471
:103DC00014D10B68A3F1013222EA030212F0803F02
:103DD0000CD10C1D40F8043B214654F8043BA3F1E0
:103DE000013222EA030212F0803FF3D0034611F8B9
:103DF000012B184603F8012B002AF8D15DF8044B7B
:103E0000704700BF70B411F0FF0434D085070FD0A5
:103E10000378002B5AD09C422BD0431C05E013F8AA
:103E2000012B002A4FD0944223D09A071846F6D18E
:103E30000E0206F47F462643036846EA064601E082
:103E400050F8043F86EA0305A5F10132A3F10131E0
:103E500022EA050221EA0303134313F0803FEFD067
:103E6000037823B932E010F8013F002B2ED09C429A
:103E7000F9D170BC704784070BD00378002BF8D0C1
:103E8000431C03E002780133002AF2D09907184658
:103E9000F8D10268A2F1013323EA020313F0803F54
:103EA00008D150F8042FA2F1013323EA020313F0E2
:103EB000803FF6D00378002BDBD010F8013F002BB9
:103EC000FBD170BC7047104670BC7047184670BC80
:103ED000704700BF0000000000000000000000006C
:103EE00000000000A2EB0300704700BF02780B78CF
:103EF000012A28BF9A42F5D16DE9044540EA010440
:103F0000CDE902676FF0000C4FEA447212B380EA09
:103F1000010414F0070F6AD100F0070420F0070035
:103F200004F0030521F007014FEAC505F0E804237A
:103F300014F0040FF1E804670CFA05F462EA0402D5
:103F400066EA04060AD063EA0403624667EA0407E5
:103F5000664603E0F0E80423F1E8046782FA4CF5D2
:103F600082EA0604A4FA8CF46CBB83FA4CF583EA6B
:103F70000705A5FA8CF595B950E9022351E90267C6
:103F800082FA4CF582EA0604A4FA8CF483FA4CF522
:103F900083EA0705A5FA8CF52543DBD09CB92DBA39
:103FA000B5FA85F424F0070427FA04F1DDE9026785
:103FB00023FA04F303F0FF0001F0FF01FDE80445DC
:103FC000A0EB0100704724BAB4FA84F424F007048B
:103FD00026FA04F1DDE9026722FA04F202F0FF009A
:103FE00001F0FF01FDE80445A0EB0100704714F06B
:103FF000030F3CD110F0030428D150F8082B51F8DE
:10400000083B82FA4CF582EA0305A5FA8CF55DB906
:1040100050F8042C51F8043C82FA4CF582EA03056E
:10402000A5FA8CF5002DE8D02DBAB5FA85F424F068
:10403000070423FA04F122FA04F202F0FF0001F06F
:10404000FF01FDE80445A0EB010070474FEAC404FE
:1040500020F0030050F8082B21F0030151F8083B31
:104060000CFA04F462EA040263EA0403C9E710F0FC
:1040700003041AD0A1EB040120F00300E40750F878
:10408000042B06D00FD28B785FFAA2F4E41A06D183
:104090002BB1CB785FFAB2F4E41A00D11BB92046F9
:1040A0005DF8104B704701F1040150F8042BCC0768
:1040B00021F0030151F8043B48D824D222F07F4478
:1040C00082FA4CF594EA1325A5FA8CF50AD165B964
:1040D00051F8043B84EA0204B4EB036F0ED150F8AC
:1040E000042BEBE74FEA132355E035F07F454DD124
:1040F0000878FDE80445C0F1000070474FEA1262FD
:1041000003F0FF0347E002EA1C4482FA4CF594EA0C
:104110001345A5FA8CF50AD165B951F8043B84EA38
:104120000204B4EB034F0CD150F8042BEBE74FEA39
:10413000134330E015EA1C4528D10B884FEA1242A0
:1041400029E04FEA124203EA1C4324E002F0FF0494
:1041500082FA4CF594EA1365A5FA8CF50AD165B993
:1041600051F8043B84EA0204B4EB032F09D150F860
:10417000042BEBE74FEA13630DE015F0FF0F05D1B9
:104180000B684FEA122223F07F4304E04FF0000057
:10419000FDE80445704712BA1BBA82FA4CF482EA71
:1041A0000304A4FA8CF5B5FA85F402FA04F203FAD2
:1041B00004F34FEA1260FDE80445A0EB136070477A
:1041C00080EA0102844612F0030F4FD111F0030F71
:1041D00032D14DF8044D11F0040F51F8043B0BD0CF
:1041E000A3F101329A4312F0803F04BF4CF8043B24
:1041F00051F8043B16D100BF51F8044BA3F1013232
:104200009A4312F0803FA4F101320BD14CF8043BE9
:10421000A24312F0803F04BF51F8043B4CF8044B1A
:10422000EAD023460CF8013B13F0FF0F4FEA33238B
:10423000F8D15DF8044B704711F0010F06D011F86A
:10424000012B0CF8012B002A08BF704711F0020F58
:10425000BFD031F8022B12F0FF0F16BF2CF8022B43
:104260008CF8002012F47F4FB3D1704711F8012B66
:104270000CF8012B002AF9D1704700BF00000000A4
:104280000000000090F800F06DE9024520F0070101
:104290006FF0000C10F0070491F820F040F0498016
:1042A0004FF000046FF00700D1E9002391F840F0CF
:1042B00000F1080082FA4CF2A4FA8CF283FA4CF373
:1042C000A2FA8CF34BBBD1E9022382FA4CF200F143
:1042D0000800A4FA8CF283FA4CF3A2FA8CF3E3B947
:1042E000D1E9042382FA4CF200F10800A4FA8CF21E
:1042F00083FA4CF3A2FA8CF37BB9D1E9062301F1DE
:10430000200182FA4CF200F10800A4FA8CF283FA40
:104310004CF3A2FA8CF3002BC6D0002A04BF043061
:104320001A4612BAB2FA82F2FDE8024500EBD20058
:104330007047D1E9002304F00305C4F100004FEAFF
:10434000C50514F0040F91F840F00CFA05F562EA87
:1043500005021CBF63EA050362464FF00004A9E7AB
:1043600040EA01039B0770B42BD1032A29D90C46DC
:104370000346214654F8046BA6F1013525EA0605EB
:1043800015F0803F06D1043A032A43F8046B214616
:10439000EFD8A2B10C781C70013A013301313CB165
:1043A0006AB111F8014B03F8014B013A002CF7D127
:1043B0002AB11A44002103F8011B9A42FBD170BCB8
:1043C00070470346E5E700BF2DE9F0414FF0010ECD
:1043D000744600254FF0FF362B198B4200EB060781
:1043E0000DD23F5D10F803C0BC452DD21D460124FF
:1043F000C6EB030E2B198B4200EB0607F1D34FF0EF
:104400000108C2F800E0444600254FF0FF372B19A1
:10441000994200EB070E0ED91EF804E010F803C015
:10442000F44518D91D460124C7EB03082B199942FE
:1044300000EB070EF0D80137701C874224BFC2F88A
:1044400000803846BDE8F0810CD04FF0010E2E46BA
:1044500074467544C0E70CD04FF001082F4644461F
:104460004544D4E7744509BFA64601341D460124DE
:10447000B2E7444509BFA04601341D460124C6E702
:104480002DE9F04FADF2144D164605468B46104609
:10449000194603AA1C46FFF797FF03AB81460DF2AE
:1044A0000C4243F8044F9342FBD14CB1631E324699
:1044B00004A812F8011B40F8213013F1FF33F8D2A1
:1044C00003994A4631443046FFF796F8002871D1E7
:1044D00009F1FF330093F318824601932346804687
:1044E000544658469A4608EB0A073A1A00212844CF
:1044F00004F038FD002858D1002F56D0EB1904AA3B
:1045000013F8013C52F823304BB124B1039A934283
:1045100001D2C2EB0A03984400243846E3E74C4535
:1045200023460AF1FF3E38BF4B46734513D208EBD2
:10453000030216F803C0A85C84452A4406EB030175
:1045400006D02EE011F801CF12F8010F844528D1D2
:1045500001337345F6D34C45009980F08B80009B66
:10456000019808EB03020378A85C83422A4440F0D8
:104570008180019B06EB040B06E013F801ED12F8B5
:10458000010D864504D161469B4501F1FF3CF4D104
:1045900001348C4270D8039C3846A044C4EB0A0412
:1045A000A1E7C9F101029044B5E700200DF2144DD6
:1045B000BDE8F08FC9EB04034B4538BF4B460133D0
:1045C00009F1FF38039306EB080358464FF0000A41
:1045D000CB4699460AEB04073A1A0021284404F016
:1045E000C1FC0028E1D1002FDFD0EB1904AA13F899
:1045F000013C52F82330A3BB611E8B4515D20AEB58
:104600000B0216F80B3015F802E09E452A4406EB23
:104610000B005B4606D027E010F801CF12F801EF3F
:10462000F44521D101338B42F6D3B8F1FF3F11D0CD
:104630000AEB080299F80010AB5C99422A440FD1AA
:104640004B4605E013F8010D12F8011D884207D111
:10465000B342F7D105EB0A000DF2144DBDE8F08F1F
:10466000039B9A443846B5E7CBF1010292449A4441
:104670003846AFE749468BE705EB080096E700BFF1
:104680000378002B00F004812DE9F04F91F80080B1
:1046900085B04446B8F1000F16D0864601F1010CF2
:1046A000012703E012F8014B6CB194469C4214BF01
:1046B000002707F001071EF8013F6246002BF1D1E9
:1046C0009CF800300BBB17B105B0BDE8F08F0E466B
:1046D000054641460130C6EB0C04FFF793FB074645
:1046E00098B1012CF0D02819874294BFC7EB000B7A
:1046F0004FF0010B1F2C0CD9234632465946384641
:10470000FFF7BEFE05B0BDE8F08F002005B0BDE8A4
:10471000F08F03AA21463046FFF756FE03998046E4
:10472000024631443046FEF767FF002858D108F1B1
:10473000FF330193F3188146054600935846B2466D
:104740006619321A0021384404F00CFC0028DCD130
:10475000002EDAD0C845434638BF4B469C4212D99A
:104760005A191AF80310B85C88423A440AEB030E4F
:1047700006D02DE01EF8010F12F8011F884227D144
:1047800001339C42F6D8019BC845194640F283800C
:10479000EA1800980378B85C83423A447BD1009BC6
:1047A0000AEB090B06E013F801CD12F801EDF44510
:1047B00004D101465B4501F1FF30F4D109F1010953
:1047C000894557D8039B30461D44C3EB0409B7E71E
:1047D000C8F1010215441D444FF000093046AFE70F
:1047E000C8EB0403434538BF4346013308F1FF39A2
:1047F000039306EB090358460025BB469A46671902
:104800003A1A0021584404F0ADFB00287FF47DAF34
:10481000002F3FF47AAF444515D908EB050216F88E
:1048200008301BF8020098425A4406EB0801434640
:1048300006D023E011F801EF12F8010F86451DD1D3
:1048400001339C42F6D8B9F1FF3F12D005EB0902C3
:104850009AF800101BF8023099425A4414D153467A
:1048600005E013F8010D12F8011D88420CD1B34286
:10487000F7D15F46781905B0BDE8F08FC8F10102A5
:1048800015441D443846BAE7039B38461D44B6E735
:104890000B7813B97047414690E70020704700BF7E
:1048A000000000002DE9F04F2DED068BB9B00C464D
:1048B000039192460993059004F0CEFA0368109391
:1048C0001846FFF7DFFCA3890F90190603D523696B
:1048D000002B01F07D8000239FEDA48B9FEDA59B15
:1048E0000D931D931C931193069328AB1B9399462C
:1048F0009AF800305446EBB1252B02D11AE0252B53
:1049000003D014F8013F002BF9D1CAEB04058DB197
:104910001C9B1D9AC9F800A001332A44072BC9F833
:1049200004501D921C9300F3A38009F10809069B13
:104930002B4406932378002B00F0A38000231A4613
:104940008DF84F30194607939B464FF0FF38637838
:1049500004F1010A45460AF1010AA3F12000582892
:1049600000F2F883DFE810F06303F603F6036B034D
:10497000F603F603F603F603F603F60370037E036D
:10498000F6035D00DF00F603FB000C010C010C01D7
:104990000C010C010C010C010C010C01F603F603D7
:1049A000F603F603F603F603F603F603F603F6033F
:1049B0001C015E01F6035E01F603F603F603F6033F
:1049C000A102F603F603A602F603F603F603F603C6
:1049D000F603D802F603F6030503F603F603F6031F
:1049E000F603F603F603F603F603F603F6034303B2
:1049F00056035E015E015E015E035603F603F60395
:104A0000A403F603B103A2006200C303F603C803C4
:104A1000F6038303F603F6038B03079809934042DA
:104A200007904BF0040B9AF8003094E7A8460998D9
:104A300000213023782288458DF8503004688DF8A5
:104A4000512000F104074FF000058DF84F104BF096
:104A50000203C0F29C832BF0800343F0020B54EA64
:104A60000503099700F069830F460C924348AEE2B4
:104A70001BAA0399059804F03DFE48B90DF1A00961
:104A800055E71D9B23B1059803991BAA04F032FE3C
:104A9000039B9B8913F0400F069B18BF4FF0FF3319
:104AA000184639B0BDEC068BBDE8F08F0C93A846D4
:104AB000002A41F09A811BF0200300F00682099F32
:104AC000073727F00703002703F10802B8450992CA
:104AD000D3E900458DF84F70C0F25E8654EA0503B5
:104AE0002BF0800B00F04B8328AEE20842EA4572BF
:104AF000E90804F007030D461446303354EA050272
:104B000006F8013DF1D11BF0010F00F02782302B98
:104B100000F024823022731E06F8012C28AAD21A33
:104B200008921E461DE29AF800302A2B0AF1010471
:104B300001F02F81A3F13000092898BF002501F270
:104B4000D58014F8013B05EB850500EB4505A3F185
:104B500030000928F5D945EAE575A246FDE64BF097
:104B6000800B9AF80030F6E6AFF3008000000000FA
:104B700000000000FFFFFFFFFFFFEF7F405200201B
:104B8000A3F1300000231C461AF8013B04EB840417
:104B900000EB4404A3F130000928F5D90794DCE6C2
:104BA0000C93A846002A41F02C814BF0100B1BF00F
:104BB000200F00F00385099F073727F00707D7E983
:104BC000002307F10801099114461D46002A73F1DC
:104BD0000003C0F23785B8F1000F9DF84F70C0F2A6
:104BE000B58154EA05032BF0800B00F0F683002D0D
:104BF00008BF0A2CC0F0AE8128AE204629460A2202
:104C00000023FDF7B9FF303206F8012D2046294672
:104C100000230A22FDF7B0FF04460D4654EA0503BF
:104C2000EBD19BE10C93A846002A41F0E680099F56
:104C30001BF0080F07F1070700F0408627F0070375
:104C400093ED008B03F108020992B0EEC87BB4EE3D
:104C5000497BF1EE10FA40F3BC85B5EEC08BF1EE66
:104C600010FA00F1CA879DF84F70A74EA74B0C9918
:104C700003224FF0000804922BF0800B4729D8BF85
:104C80001E460892CDF8388017B1049B0133049377
:104C90001BF002030A9302D0049B023304931BF01F
:104CA00084030B9340F08082079B049A9C1A002C8B
:104CB00040F37A82102C1D991C9A954F23DD4846AB
:104CC0001025C146B046059E04E0103C102C00F1B2
:104CD000080015DD01321031072A1D911C92076072
:104CE0004560F2DD1BAA0399304604F003FD00285D
:104CF0007FF4CEAE103C102C1D991C9A28A8E9DC3C
:104D00004646C846814601326318072A1D931C9205
:104D1000C9F80070C9F8044000F3E2839DF84F70B1
:104D200009F1080977B11C9A013201330DF14F00E6
:104D30000121072A1D931C9289E8030000F35F8379
:104D400009F108090A9A6AB11C9A0132023314A8BF
:104D50000221072A1D931C9289E8030000F35B835C
:104D600009F108090B9A802A00F07E82089AC2EBAA
:104D70000804002C34DD102C1C9A664F23DD4946B4
:104D80004FF01008B146059D039E04E0103C102C26
:104D900001F1080115DD01321033072A1D931C9221
:104DA00081E88001F2DD1BAA3146284604F0A2FC0E
:104DB00000287FF46DAE103C102C1D9B1C9A28A976
:104DC000E9DC4E46894601322344072A1D931C9292
:104DD000C9F80070C9F8044000F3058309F1080917
:104DE0001BF4807F40F0E2811C9A0898C9F80060AB
:104DF00001320344072A1D93C9F804001C9200F3F2
:104E0000C28209F108091BF0040F3ED0079A0499E9
:104E1000541A002C39DD102C1C9A3D4F22DD102530
:104E2000059EDDF80C8004E0103C102C09F1080907
:104E300018DD01321033072A1D931C92C9F8007047
:104E4000C9F80450F0DD1BAA4146304604F052FC7C
:104E500000287FF41DAE103C102C1D9B1C9A0DF1F8
:104E6000A009E6DC01322344072A1D931C92C9F8ED
:104E70000070C9F8044008DD1BAA0399059804F0E6
:104E800039FC00287FF404AE1D9B069A079904980C
:104E90008142ACBF521812180692002B40F07F825C
:104EA00000231C930DF1A00922E54BF0080B9AF8A2
:104EB000003050E50C93A846002A40F09A874BF04A
:104EC000100B1BF020037FF4FAAD1BF0100240F032
:104ED00091831BF0400300F08D8309998DF84F20DA
:104EE0000B46B8F1000F03F104030C884FF00005E6
:104EF000C0F2AB8554EA05012BF0800B099300F05A
:104F00003E811746F0E500BF3452002030520020A9
:104F1000D0090020005300200C93A846002A40F03E
:104F200059874BF0100B1BF0200300F0E782099F1C
:104F3000073727F00703002703F10802B845099255
:104F4000D3E900458DF84F70BFF64BAE54EA050328
:104F50007FF44DAE38AE303406F8414D28AB9B1B84
:104F60000893089B4345B8BF4346049300230E9320
:104F70008AE60C93A846002A40F028871BF0200FF1
:104F8000C24800F08680099F073727F00703D3E95E
:104F9000004503F1080209921BF0010700F0478267
:104FA00054EA050300F0A384002730239DF8302045
:104FB0008DF85030B8458DF851208DF84F704BF07A
:104FC0000203C0F217862BF0800343F0020B28AED9
:104FD000230904F00F0143EA05732A091C4615460C
:104FE000435C06F8013D54EA0503F1D1B6E709999F
:104FF0000C930A688DF8782000230A461F468DF826
:105000004F30043201230493B8460E970992089357
:105010001EAE3DE60C93A846002A3FF4C8AD8DF8BD
:105020004F10C4E54BF0400B9AF8003093E49AF827
:10503000003000297FF48FAC012220218BE44BF05B
:10504000010B9AF8003086E4099C23680793184600
:105050000028234603F10403FFF6DFAC09939AF816
:10506000003078E49AF8003001222B2173E40C938D
:10507000A846002A3FF457AF8DF84F1053E70C9322
:10508000A846002A40F0AA861BF0200F80487FF433
:105090007AAF099A1BF0100F134640F0C1821BF043
:1050A000400F00F0BD82043314880993002573E794
:1050B0009AF800306C2B03BF9AF801304BF0200BAC
:1050C0000AF1010A4BF0100B45E4002A40F06F860C
:1050D0001BF0200F00F06683099A06991368CD171C
:1050E0000846043229460992C3E9000100E44BF066
:1050F000200B9AF800302EE4099A0C9316680024CD
:105100008DF84F40171D002E00F06585002DC0F270
:10511000A2842A462146304603F024FF002800F0EE
:10512000CC85831B0893A04623EAE3730997049375
:10513000CDF838809DF84F70A6E555480C92B8F12F
:10514000000F40F0848147464FF00008CDF82080E2
:1051500028AE06E70C93002A40F02D860C9A002A10
:105160003FF48FAC002301211F4604918DF8782075
:105170008DF84F3098460E9308911EAE88E5B8F131
:10518000000F00F08B85002700240025ACE4404888
:105190000C929B4654EA050309974FF000077FF4F1
:1051A00016AF0024002512E71D9BBBE50C9A652A6B
:1051B00040F3A180B5EE408BF1EE10FA40F049814A
:1051C0001C9A3449C9F80010013201330121072A21
:1051D0001D931C92C9F8041000F3928309F1080989
:1051E000159A0D998A4203DB1BF0010F3FF40BAEB9
:1051F0001C9A0F981099C9F8001001320344072A2D
:105200001D93C9F804001C9200F3D68309F1080924
:105210000D9A541E002C7FF7F6AD102C1C9A1E4FD1
:1052200040F3DC811025059EDDF80C8005E009F1D6
:105230000809103C102C40F3D18101321033072AA9
:105240001D931C92C9F80070C9F80450EFDD1BAA29
:105250004146304604F04EFA00287FF419AC1D9BFD
:105260001C9A0DF1A009E4E7079A0499541A002C3E
:105270007FF77CAD102C1C9A074F2EDD4946102578
:10528000C1461846B046059E0DE000BFA01700209D
:1052900040520020BC17002000530020103C102C6E
:1052A00001F1080115DD01321030072A1D901C9212
:1052B0000F604D60F2DD1BAA0399304604F01AFA24
:1052C00000287FF4E5AB103C102C1D981C9A28A9EF
:1052D000E9DC46460346C846894601322344072A8C
:1052E0001D931C92C9F80070C9F8044000F346826F
:1052F00009F108093AE50D9AC9F80060012A1C9ADB
:1053000003F1010302F101024FF001011D931C9210
:10531000C9F8041040F31082072A00F3158209F13E
:1053200008090F981099C9F8001001320344072AA0
:105330001D931C92C9F8040000F3138209F10809B7
:10534000B5EE408BF1EE10FA0D9900F0F5800139C1
:10535000013201360B44072AC9F800601C921D93E4
:10536000C9F8041000F31D8109F108091198C9F862
:1053700004000132034417A9072A1D931C92C9F89F
:1053800000107FF73EAD1BAA0399059804F0B2F90F
:1053900000287FF47DAB1D9B0DF1A00933E51BAA0E
:1053A0000399059804F0A6F900283FF479ADFFF7BA
:1053B0006FBB0999B8F1000F0C688DF84F3001F1FF
:1053C00004074FF00005C0F2718354EA0502099703
:1053D0002BF0800B1F467FF40AACB8F1000F3FF4AE
:1053E000B3AE0024B6E51BAA0399059804F082F930
:1053F00000287FF44DAB1D9B0DF1A009F0E41BAA22
:105400000399059804F076F900287FF441AB1D9BC1
:105410000DF1A00996E41BAA0399059804F06AF916
:1054200000287FF435AB1D9B0DF1A0099AE4B8F17B
:10543000000F8DF84F70C0F26F8254EA05032BF015
:10544000800B7FF4C4ADB8F1000F3FF47CAE0027B1
:10545000A7E6159C002C40F361820E9A0D998A42B2
:10546000A8BF0A46002A14460DDD1C9AC9F8006040
:1054700001322344072A1D93C9F804401C9200F30B
:10548000728309F108090E9A002CA8BF121B002A8A
:10549000144640F3F180102C1C9AC14F40F319823E
:1054A00049461025B146DDF81480039E04E008311A
:1054B000103C102C40F30B8201321033072A1D934D
:1054C0001C920F604D60F2DD1BAA3146404604F08D
:1054D00011F900287FF4DCAA1D9B1C9A28A9E7E794
:1054E0001BAA0399059804F005F900287FF4D0AAB7
:1054F0009DF84F701D9B0DF1A00913E41BF01002E5
:105500007FF457AF1BF040033FF453AF09998DF878
:105510004F200B46B8F1000F03F104030C884FF045
:105520000005C0F2948254EA05012BF0800B099328
:1055300017467FF45CAB50E74C1E002C7FF716AF8C
:10554000102C974F22DD1025059EDDF80C8004E01D
:10555000103C102C09F1080918DD01321033072A1C
:105560001D931C92C9F80070C9F80450F0DD1BAA05
:105570004146304604F0BEF800287FF489AA103C6A
:10558000102C1D9B1C9A0DF1A009E6DC013223446E
:10559000072A1D931C92C9F80070C9F804407FF7D0
:1055A000E3AE1BAA0399059804F0A4F800287FF441
:1055B0006FAA1D9B1C9A0DF1A009D7E61BF0100FD6
:1055C00033D11BF0400F30D00999B1F900400431BC
:1055D000E51722462B460991FFF7F8BA013223441A
:1055E000072A1D931C92C9F80070C9F804407FF780
:1055F00008ACC8E60999B8F1000F0C688DF84F3077
:1056000001F104074FF00005C0F2C58054EA05021D
:105610002BF0800B09973FF4B2AD1F46FFF764BA39
:105620001C68043309930025B6E4099A14681346EC
:105630000433E51722460993002A2B4673F1000331
:10564000BFF6C9AA64424FF02D0765EB4505B8F1D6
:10565000000F8DF84F70FFF6CAAA2BF0800BFFF7F2
:10566000C6BA1BAA0399059804F044F800287FF4F1
:105670000FAA1D9B0DF1A0090E99159A31440D46F4
:105680000D998A4247DB1BF0010F44D10D98064467
:10569000741B821A9442A8BF1446002C26460DDDC6
:1056A0001C99C9F800500131234407291D93C9F8FA
:1056B00004401C9100F3808209F10809002EACBF60
:1056C000941B1446002C7FF79EAB102C1C9A344F71
:1056D00084DD1025059EDDF80C8005E009F1080940
:1056E000103C102C7FF77AAF01321033072A1D933C
:1056F0001C92C9F80070C9F80450EFDD1BAA41469E
:10570000304603F0F7FF00287FF4C2A91D9B1C9AC6
:105710000DF1A009E4E71C990F9C1098C9F800004E
:105720000131234407291D93C9F804401C9100F35B
:10573000268209F10809A9E71BF0010F7FF4ECADFF
:10574000072A7FF711AE2CE71BAA0399059803F0EF
:10575000D1FF00287FF49CA91D9B1C9A0DF1A00984
:10576000DFE51BAA0399059803F0C4FF00287FF426
:105770008FA91D9B1C9A0DF1A009E1E51BAA0399B5
:10578000059803F0B7FF00287FF482A91D9B0DF157
:10579000A009FFF7EBBA09970027FFF7A5B900BFEB
:1057A000005300201BF0100F0BD11BF0400F08D04E
:1057B000099A136804320992BDF818201A80FFF77D
:1057C00097B8099A136804320992069A1A60FFF78B
:1057D0008FB8B4EE488BF1EE10FA80F19E820C9BEC
:1057E000B8F1FF3F23F0200500F02582472D00F09F
:1057F00026814BF480730A9318EE903A002BC0F286
:105800001D82B0EE48AB00270C9B662B00F0028295
:10581000462B00F0EC80B0EE4A0B452D0CBF08F192
:105820000104444619AA16AB01920093224615AB17
:105830000221059802F042F80C9B672B064640F0C7
:105840000E821BF0010F00F066823119B5EE40ABFD
:10585000F1EE10FA00F08581199B994206D93020AB
:105860005A1C19921870199B9942F9D89B1B472D05
:105870000D9300F01F810C9B652B40F3FF810C9B67
:10588000662B159B00F0FC810E930E9A0D998A42AF
:10589000C0F2D8811BF0010F40F0348222EAE2739B
:1058A000089267220C92002F40F0F680B8460493CD
:1058B000DDF828B09DF84F70FFF7E6B927F007072D
:1058C00007F1080397ED008B0993FFF7BEB94E4629
:1058D000894601322344072A1D931C92C9F800709F
:1058E000C9F804403FF7BDAE09F10809C4E6002736
:1058F000B8458DF84F70FFF654AC2BF0800B1EE4CA
:105900001BAA0399059803F0F5FE00287FF4C0A8B0
:105910001D9B0DF1A00963E4099F3BE41C9AB94962
:10592000C9F80010013201330121072A1D931C928E
:10593000C9F8041076DC09F108092CB90D9A1AB9D6
:105940001BF0010F3FF45FAA1C9A0F981099C9F839
:10595000001001320344072A1D93C9F804001C9269
:1059600000F3B68109F108096442002C40F38780F6
:10597000102CA54F40F3128149461025B146DDF8A1
:105980001480039E04E00831103C102C40F3048185
:1059900001321033072A1D931C920F604D60F2DD17
:1059A0001BAA3146404603F0A5FE00287FF470A8EC
:1059B0001D9B1C9A28A9E7E71BAA0399059803F0E9
:1059C00099FE00287FF464A81D9B0DF1A0091FE437
:1059D00040210598FDF742FB039A106010610028F2
:1059E00000F0ED81039A40235361FEF774BF19AABA
:1059F00016AB01920093424615AB0321B0EE4A0B61
:105A0000059801F05BFF444606460C9B462B06EBCF
:105A100004017FF41BAF3378302B00F08D81159C8F
:105A2000214413E71BAA0399059803F063FE00289D
:105A30007FF42EA8159C1D9B0DF1A0097DE7B8F100
:105A4000000F08BF4FF00108D3E60993A4E60993BD
:105A50001746FFF77BBA3046FEF714FCA046034614
:105A60000890FFF761BB1BAA0399059803F042FE5B
:105A700000287FF40DA81D9B1C9A0DF1A0090D981C
:105A8000C9F8006001320344072A1D931C92C9F82B
:105A900004007FF7B6A976E42D270493DDF828B03B
:105AA0008DF84F704FF00008FFF7EFB809971F46C9
:105AB000FFF74CBA159BDA1C02DB9845BFF6E4AE43
:105AC0000C9A023A0C92013B002B9DF83020159362
:105AD000B8BF5B428DF85C20B4BF2D222B22092B6E
:105AE0008DF85D2040F306810DF16B000446474AB6
:105AF00082FB0321DA17C2EBA10202EB8201A3EBC6
:105B0000410303F13001092A134604F8011DEEDCBC
:105B100021463033DAB201F8012D884240F2628129
:105B20000DF15E01234601E013F8012B01F8012B72
:105B30009842F9D1431C1B1B0DF15E02134417AAB6
:105B40009B1A0D9A1193012A1344089340F3FF8086
:105B5000089B0F9A1344002208930E9223EAE373E2
:105B6000A1E60B4682E61BAA0399059803F0C2FD45
:105B700000287EF48DAF1D9B0DF1A00983E41BAAC4
:105B80000399059803F0B6FD00287EF481AF159ABD
:105B90001D9B0DF1A00979E54E468946013223444B
:105BA000072A1D931C92C9F80070C9F804403FF7FA
:105BB0005AAF09F1080962E71BAA0399059803F097
:105BC00099FD00287EF464AF159A0D991D9B8A1AE1
:105BD0000DF1A00972E5062D2B4628BF0623089378
:105BE00023EAE373B04609970E9637460493084EAE
:105BF000FFF74AB89B46FFF7EAB92D278DF84F709B
:105C0000FFF733B8BC1700200053002067666666B4
:105C10005452002019AA16AB01920093032115AB30
:105C20004246B0EE4A0B059801F048FE444606464F
:105C300000EB0801EFE64FF00608DAE5B1EE48ABFD
:105C40002D27E1E50F9A0D9B13440E9A0893002A25
:105C500040F38680672223EAE3730C9223E60C9BD1
:105C6000472B7FF4F2AD1BF0010F7FF4CEAE199BF2
:105C7000472DA3EB06030D933FF41CAF159B22E7C2
:105C8000002B1A460E9373DDB8F1000F4BD11BF0B9
:105C9000010F48D123EAE373089204E61BF0010FD9
:105CA000474605D038AE302306F8413DFFF756B9D8
:105CB000CDF8208028AEFFF754B925EAE57309979F
:105CC0000493089580460E909DF84F70FEF7DCBF58
:105CD0001BAA0399059803F00DFD00287EF4D8AEA9
:105CE000159C1D9B1C9A0DF1A0093DE6A2460025BE
:105CF000FEF733BE303330228DF85F308DF85E20F2
:105D000018AB1CE70F9A0E9B1344672208930C9262
:105D100023EAE373C7E5199BA8E53C4E3C4B9DF88D
:105D20004F70FEF7A4BF0E9B0F9A9D1805EB08035A
:105D3000089323EAE373B6E5B5EE40ABF1EE10FA53
:105D40003FF46DAEC4F10104159421447EE51BF0CF
:105D500001037FF4FDAE0E93089B23EAE373A2E5F3
:105D60000E9B089AC3F101031A441346089271E787
:105D7000B8F1000F02D11BF0010F07D00F9B5D1C83
:105D800005EB0803089323EAE3738CE501230893EA
:105D900089E509989AF8013005680430002D0990CA
:105DA000A246BEF6D8AD4FF0FF35FEF7D4BD8DF854
:105DB0004F10FFF78DB98DF84F10FFF7CFB9059A47
:105DC0000C2313604FF0FF30FEF76BBE8DF84F10C1
:105DD000FFF7D4B88DF84F10FFF7A3B88DF84F1028
:105DE000FFF752B90DF15E03A9E68DF84F10FEF7EB
:105DF00062BE8DF84F10FFF762B88DF84F10FEF7B6
:105E000016BF8DF84F10FEF7D0BE00BF3C520020E9
:105E100038520020F0B5DFF878E0164604460F4609
:105E2000BEE80F008BB06D460FC5BEE80F000FC572
:105E30009EE80300B31E45F8040B222B297022D8DC
:105E40007D1E2846002200E01A46B4FBF6F10AAB9C
:105E500006FB114423440C4613F8283C00F8013F8C
:105E6000531C0029F0D1F954BB184AB1197815F820
:105E7000010F29700134111B8C4203F80109F5DB75
:105E800038460BB0F0BD002038700BB0F0BD00BF3D
:105E90005C520020FFF7BEBFF0B5ADF5057D04AD47
:105EA00000930F4613464FF4007403AA2946039447
:105EB000064603F09FFC88B1044602463946039B20
:105EC000304601F09BFBAC42039004D030462146A3
:105ED00002F02EFD03980DF5057DF0BD4FF0FF306B
:105EE000F9E700BF10B4044C13460A460146206887
:105EF0005DF8044BFFF7D0BF046400202DE9F04F9C
:105F00002DED068BB9B01C468A461646054605900F
:105F100002F0A2FF036810931846FEF7B3F9099444
:105F20000F901DB1AB6B002B00F02781BAF90C204C
:105F300093B29F040AD4DAF8641042F4005321F4B7
:105F40000051AAF80C30CAF864109BB21D0740F14A
:105F5000DB80DAF81020002A00F0D68003F01A0364
:105F60000A2B00F0DF8000239FEDA68B9FEDA79BFF
:105F70000D931D931C931193069328AB1B93994685
:105F8000B3469BF800305C46EBB1252B02D11AE0FA
:105F9000252B03D014F8013F002BF9D1CBEB0405DE
:105FA0008DB11C9B1D9AC9F800B001332A44072B00
:105FB000C9F804501D921C9300F3C48009F108092C
:105FC000069B2B4406932378002B00F0C48000230B
:105FD0001A468DF84F301946079303934FF0FF3858
:105FE000637804F1010B45460BF1010BA3F120008E
:105FF000582800F23A84DFE810F0F003380438043F
:10600000F9033804380438043804380438045C03CD
:106010002A0438045D000F0138042B016A036A0367
:106020006A036A036A036A036A036A036A03380439
:106030003804380438043804380438043804380480
:1060400038047A0397033804970338043804380473
:106050003804CC03380438043201380438043804D6
:10606000380438045B0138043804AE0238043804BC
:106070003804380438043804380438043804380440
:10608000EF020203970397039703390302033804CF
:106090003804400338044A03C4006400010438048F
:1060A00009043804D30338043804DB030798099340
:1060B00040420790039B43F0040303939BF8003096
:1060C00092E70998A846002104688DF84F10071D33
:1060D00003983023782288458DF850304FF0000522
:1060E0008DF8512040F00203C0F2DC8320F08003E1
:1060F00043F00203039354EA0503099700F0AD83CC
:106100000F460C92434857E25146059801F08CFA2D
:10611000002840F0EB87BAF80C3003F01A030A2B82
:106120007FF421AFBAF90E30002BFFF61CAF2346E7
:1061300032465146059801F01DFA39B0BDEC068B88
:10614000BDE8F08F1BAA5146059803F0BFFB48B984
:106150000DF1A00934E71D9B23B105981BAA5146F8
:1061600003F0B4FBBAF80C30590600F1BF8706986B
:1061700039B0BDEC068BBDE8F08F059802F080FBCE
:10618000D4E60C93A846002A41F0CC81039A12F081
:10619000200371D0099F073727F00703002703F179
:1061A0000801B8450991D3E900458DF84F70C0F258
:1061B000168722F08003039354EA050300F06A83F4
:1061C00028AEE20842EA4572E90804F007030D46EA
:1061D0001446303354EA050206F8013DF1D1039A22
:1061E000D40740F1A380302B00F0A0803022731E32
:1061F00006F8012C28AAD21A08921E4699E000BF80
:10620000AFF300800000000000000000FFFFFFFF70
:10621000FFFFEF7F405200209BF800302A2B0BF14C
:10622000010401F05881A3F13000092898BF00252E
:1062300001F2FB8014F8013B05EB850500EB4505F9
:10624000A3F130000928F5D945EAE575A346CDE666
:10625000039B43F0800303939BF80030C4E60C9348
:10626000A846002A41F07581039B43F01003039375
:10627000039A12F020038DD1039911F0100200F05F
:10628000838609988DF84F30B8F1000F046800F14B
:1062900004074FF00005C0F2A1860A4622F08002F2
:1062A000039254EA0502099700F0F4821F4687E73B
:1062B0000C93A846002A41F04481039B43F010034D
:1062C0000393039A12F0200300F0B584099F073767
:1062D00027F00703002703F10801B8450991D3E926
:1062E00000458DF84F70C0F2DF8422F080030393E5
:1062F00054EA050300F0A981002D08BF0A2CC0F064
:10630000D78428AE204629460A220023FCF734FC15
:10631000303206F8012D2046294600230A22FCF7D8
:106320002BFC04460D4654EA0503EBD128AB9B1B1E
:106330000893089B4345B8BF4346049300230E933C
:1063400017B1049B01330493039B13F002030A93D8
:1063500002D0049B02330493039B13F084030B933A
:1063600040F0AD82079B049A9C1A002C40F3A78250
:10637000102C1D991C9ABA4F21DD4B461025B146B1
:10638000059E04E0103C102C03F1080315DD0132DA
:106390001031072A1D911C921F605D60F2DD1BAA5F
:1063A0005146304603F092FA00287FF4DBAE103CF1
:1063B000102C1D991C9A28ABE9DC4E4699460132F7
:1063C0006318072A1D931C92C9F80070C9F804408D
:1063D00000F3F2839DF84F7009F1080977B11C9A18
:1063E000013201330DF14F000121072A1D931C9248
:1063F00089E8030000F36D8309F108090A9A6AB17C
:106400001C9A0132023314A80221072A1D931C9200
:1064100089E8030000F3698309F108090B9A802ACF
:1064200000F0AB82089AC2EB0804002C30DD102C7F
:106430001C9A8C4F1FDD4FF01008059D04E0103CA6
:10644000102C09F1080916DD01321033072A1D93BB
:106450001C9289E88001F2DD1BAA5146284603F010
:1064600035FA00287FF47EAE103C102C1D9B1C9A40
:106470000DF1A009E8DC01322344072A1D931C9288
:10648000C9F80070C9F8044000F3178309F108093E
:10649000039AD00500F115821C9A0898C9F800608B
:1064A00001320344072A1D93C9F804001C9200F32B
:1064B000EE8209F10809039A50073CD5079A04991E
:1064C000541A002C37DD102C1C9A654F20DD102546
:1064D000059E04E0103C102C09F1080918DD01327A
:1064E0001033072A1D931C92C9F80070C9F8045094
:1064F000F0DD1BAA5146304603F0E8F900287FF48E
:1065000031AE103C102C1D9B1C9A0DF1A009E6DC4D
:1065100001322344072A1D931C92C9F80070C9F860
:10652000044008DD1BAA5146059803F0CFF9002866
:106530007FF418AE1D9B069A079904988142ACBF60
:10654000521812180692002B40F0AD8200231C93C3
:106550000DF1A00915E50C93A846002A40F0ED873F
:10656000039B41489E0640F12D81099F073727F084
:106570000703D3E9004503F108020992039A12F0D8
:10658000010700F0BE8254EA050300F046859DF83D
:1065900030208DF851200027039A8DF84F7030235A
:1065A000B8458DF8503042F00203C0F2EC8622F07C
:1065B000800343F00203039328AE230904F00F0184
:1065C00043EA05732A091C461546435C06F8013D5B
:1065D00054EA0503F1D1A9E609990C930A688DF8EC
:1065E000782000230A461F468DF84F3004320123DD
:1065F0000493B8460E97099208931EAEA4E60C9336
:10660000A846002A40F0A187039B9C067BD5099FE2
:10661000073727F00707D7E9002307F10801099199
:1066200014461D46002A73F10003C0F20284B8F13B
:10663000000F9DF84F70C0F23783039B23F0800357
:10664000039354EA05037FF457AEB8F1000F40F00E
:10665000D5834FF00008CDF8208028AE69E600BF52
:10666000E009002010530020A0170020039B43F0F6
:10667000400303939BF80030B6E49BF800306C2B8A
:1066800000F08485039840F010000390ACE4002AE9
:1066900040F04087039B9A0640F15D84099A069971
:1066A0001368CD170846043229460992C3E9000150
:1066B00067E4099C2368079318460028234603F1E2
:1066C0000403FFF6F3AC09939BF800308CE4A3F1CC
:1066D000300000231C461BF8013B04EB840400EB54
:1066E0004404A3F130000928F5D907947EE40C9303
:1066F000A846002A40F01D87039B43F01003039334
:10670000039B9C0683D4039BD80600F16382039B02
:10671000590640F15F820999B1F900400431E5174B
:1067200022462B4609917DE70C93A846002A40F0AB
:106730001887039B099F1A0707F1070740F1028496
:1067400027F0070393ED008B03F108020992B0EEE6
:10675000C87BB4EE497BF1EE10FA40F37D83B5EED1
:10676000C08BF1EE10FA00F111869DF84F70A04E2B
:10677000A04B039921F0800103910C9903224FF063
:10678000000804924729D8BF1E460892CDF83880E9
:10679000D6E5039B43F0080303939BF8003023E402
:1067A0000C93A846002A3FF48CAD8DF84F1088E575
:1067B0000C93A846002A40F0D086039B8E489E0684
:1067C0003FF5D3AE039BDD0640F10C84099A1346D6
:1067D0000433146809930025D0E69BF800300029A3
:1067E0007FF402AC01222021FFF7FEBB039B43F0A4
:1067F000010303939BF80030FFF7F6BB039B43F0C4
:10680000200303939BF80030FFF7EEBB099A0C932B
:10681000166800248DF84F40171D002E00F0788573
:10682000002DC0F2CA842A462146304602F09AFB67
:10683000002800F0CF85831B0893A04623EAE3736A
:1068400009970493CDF838809DF84F7078E59BF850
:10685000003001222B21FFF7C7BB67480C92B8F12B
:10686000000F40F05F814746F3E60C93002A40F0AA
:1068700055860C9A002A3FF46EAC002301211F4676
:1068800004918DF878208DF84F3098460E9308913A
:106890001EAE59E5B8F1000F00F0A78500270024CF
:1068A00000258DE4544803930C9254EA050309979C
:1068B0004FF000077FF480AE002400257CE61D9B8E
:1068C0008CE50C9A652A40F39D80B5EE408BF1EE85
:1068D00010FA40F029811C9A4849C9F80010013289
:1068E00001330121072A1D931C92C9F8041000F3FB
:1068F0009F8309F10809159A0D998A4203DB039ACF
:10690000D1077FF5D8AD1C9A0F981099C9F80010DF
:1069100001320344072A1D93C9F804001C9200F3B6
:106920003F8409F108090D9A541E002C7FF7C3AD6E
:10693000102C1C9A324F40F398811025059E05E0DB
:1069400009F10809103C102C40F38F8101321033FB
:10695000072A1D931C92C9F80070C9F80450EFDD96
:106960001BAA5146304602F0B1FF00287FF4FAAB73
:106970001D9B1C9A0DF1A009E4E7079A0499541A8B
:10698000002C7FF74FAD102C1C9A1D4F21DD49467E
:106990001025B146059E04E0103C102C01F10801C1
:1069A00015DD01321033072A1D931C920F604D60D4
:1069B000F2DD1BAA5146304602F088FF00287FF422
:1069C000D1AB103C102C1D9B1C9A28A9E9DC4E462B
:1069D000894601322344072A1D931C92C9F800708E
:1069E000C9F8044000F3188209F108091AE500BF4C
:1069F000345200203052002040520020BC170020AA
:106A0000105300200D9A012A40F3C0811C9AC9F846
:106A10000060013201330121072A1D931C92C9F83D
:106A2000041000F3D18109F108090F981099C9F8F1
:106A3000001001320344072A1D931C92C9F8040078
:106A400000F3CF8109F10809B5EE408BF1EE10FAA1
:106A50000D9900F0C8800139013201360B44072A34
:106A60001C921D93C9F80060C9F8041000F39F81BF
:106A700009F108091198C9F804000132034417A963
:106A8000072A1D931C92C9F800107FF712AD1BAAAC
:106A90005146059802F01AFF00287FF463AB1D9B56
:106AA0000DF1A00907E51BAA5146059802F00EFF5B
:106AB00000283FF44BADFFF755BB1BAA5146059884
:106AC00002F004FF00287FF44DAB1D9B0DF1A009DF
:106AD000DEE41BAA5146059802F0F8FE00287FF478
:106AE00041AB1D9B0DF1A00988E41BAA51460598F6
:106AF00002F0ECFE00287FF435AB1D9B0DF1A009E0
:106B00008CE4B8F1000F8DF84F70C0F2EC8222F0E7
:106B10008003039354EA05037FF44EADB8F1000FF0
:106B20003FF4A1AE0027C7E6159C002C40F38C82F1
:106B30000E9A0D998A42A8BF0A46002A14460DDD16
:106B40001C9AC9F8006001322344072A1D93C9F832
:106B500004401C9200F3658309F108090E9A002C89
:106B6000A8BF121B002A144640F3B380102C1C9AB5
:106B7000B84F40F344821025DDF8148005E009F198
:106B80000809103C102C40F33A8201321033072AD6
:106B90001D931C92C9F80070C9F80450EFDD1BAAC0
:106BA0005146404602F092FE00287FF4DBAA1D9B6E
:106BB0001C9A0DF1A009E4E71BAA5146059802F0C2
:106BC00085FE00287FF4CEAA9DF84F701D9B0DF125
:106BD000A00903E4099A146813460433E5170993DE
:106BE00022462B461EE54C1E002C7FF743AF102C8F
:106BF000984F40F305811025059E05E009F108092D
:106C0000103C102C40F3FC8001321033072A1D93F6
:106C10001C92C9F80070C9F80450EFDD1BAA514658
:106C2000304602F053FE00287FF49CAA1D9B1C9A5C
:106C30000DF1A009E4E7039911F0100221D00998A1
:106C40008DF84F30B8F1000F046800F104074FF0E1
:106C5000000527DB0A4622F08002039254EA05026F
:106C600009971F467FF448ABEFE401322344072A1B
:106C70001D931C92C9F80070C9F804407FF719AC45
:106C800005E7039911F0400340F03A8209998DF825
:106C90004F30B8F1000F0C6801F104074FF0000508
:106CA00080F2708109971F4654EA05037FF424ABF4
:106CB00038AE303406F8414DFFF738BB1BAA5146B9
:106CC000059802F003FE00287FF44CAA1D9B0DF1ED
:106CD000A0090E99159A31440D460D998A4244DB5C
:106CE0000399CF0741D40D980644741B821A94422D
:106CF000A8BF1446002C26460DDD1C99C9F800508B
:106D00000131234407291D93C9F804401C9100F365
:106D1000178309F10809002EACBF941B1446002C00
:106D20007FF7C9AB102C1C9A4A4F9EDD1025059E9B
:106D300004E009F10809103C102C96DD01321033F3
:106D4000072A1D931C92C9F80070C9F80450F0DDA1
:106D50001BAA5146304602F0B9FD00287FF402AA72
:106D60001D9B1C9A0DF1A009E5E71C990F9C10983A
:106D7000C9F800000131234407291D93C9F80440D4
:106D80001C9100F3678209F10809ACE7039AD40764
:106D90003FF53CAE1C9AC9F8006001320133012175
:106DA000072A1D931C92C9F804107FF761AE1BAA35
:106DB0005146059802F08AFD00287FF4D3A91D9B57
:106DC0001C9A0DF1A00955E61BAA5146059802F040
:106DD0007DFD00287FF4C6A91D9B1C9A0DF1A0091A
:106DE00023E61BAA5146059802F070FD00287FF4A7
:106DF000B9A91D9B1C9A0DF1A00925E6002457E7AF
:106E000001322344072A1D931C92C9F80070C9F867
:106E100004407FF72DAECAE71BAA5146059802F041
:106E200055FD00287FF49EA91D9B0DF1A009FFF7D9
:106E3000F9BA64424FF02D0765EB4505B8F1000F34
:106E40008DF84F70FFF658AA039B23F0800303933D
:106E5000FFF752BA10530020B4EE488BF1EE10FA4F
:106E600080F116830C9BB8F1FF3F23F0200500F062
:106E70008782472D00F08481039B43F480730A933B
:106E800018EE903A002BC0F28682B0EE48AB002795
:106E90000C9B662B00F06382462B00F05681B0EE0F
:106EA0004A0B452D0CBF08F10104444619AA16AB44
:106EB00001920093224615AB0221059800F0FEFCDA
:106EC0000C9B672B064640F09F82039BDA0740F13C
:106ED000D4823119B5EE40ABF1EE10FA00F09F818B
:106EE000199B994206D930205A1C19921870199B87
:106EF0009942F9D89B1B472D0D9300F089810C9B7B
:106F0000652B40F390820C9B662B159B0E9300F033
:106F100053820E9A0D998A42C0F24182039BD9078F
:106F200000F1978222EAE273089267220C92002F06
:106F300040F0648104930A9B0393B8469DF84F7018
:106F4000FFF7FEB927F0070707F1080397ED008B5D
:106F50000993FFF7FCBB039BDB060BD4039B5F0687
:106F600008D5099A136804320992BDF818201A80CE
:106F7000FFF707B8099A136804320992069A1A6053
:106F8000FEF7FFBF039A66E6039911F0400317D09E
:106F900009988DF84F200346B8F1000F03F1040360
:106FA00004884FF00005C0F2528221F08001039165
:106FB00054EA050109933FF46DAC1746FFF700B999
:106FC00009998DF84F30B8F1000F0C6801F10407F2
:106FD0004FF0000502DB039AFFF760B9099700271D
:106FE000FFF7EEB8039B099A13F0400F134600F029
:106FF00081800433148809930025FFF7BFBA01325A
:107000002344072A1D931C92C9F80070C9F8044054
:107010003FF754AE09F108095BE60027B8458DF843
:107020004F70FFF649AC039B23F08003039316E4F3
:107030001BAA5146059802F049FC00287FF492A84B
:107040001D9B0DF1A00956E41C9AB949C9F800101E
:10705000013201330121072A1D931C92C9F8041043
:1070600066DC09F108092CB90D9A1AB9039AD207FE
:107070007FF521AA1C9A0F981099C9F800100132C7
:107080000344072A1D93C9F804001C9200F3D18120
:1070900009F108096442002C40F3A380102CA54F8D
:1070A00040F3CB801025DDF8148005E009F10809D4
:1070B000103C102C40F3C18001321033072A1D937D
:1070C0001C92C9F80070C9F80450EFDD1BAA5146A4
:1070D000404602F0FBFB00287FF444A81D9B1C9A4D
:1070E0000DF1A009E4E7099FFFF7DFBB4FF0FF3088
:1070F000FFF73EB80433146809930025FFF73EBA42
:1071000009988DF84F200346B8F1000F03F10403EE
:1071100004884FF00005C0F2A58121F080010391A1
:1071200054EA0501099317467FF4E6A8FFF78DBAE4
:107130001BAA5146059802F0C9FB00287FF412A84B
:10714000159C1D9B0DF1A0098DE719AA16AB0192A4
:107150000093424615AB0321B0EE4A0B059800F0B0
:10716000ADFB444606460C9B462B06EB04017FF420
:10717000B1AE3378302B00F09181159C2144A9E603
:10718000B8F1000F08BF4FF0010875E6039B43F00C
:10719000200303930BF1010B9BF80030FEF724BF93
:1071A0001BAA5146059802F091FB00287EF4DAAF45
:1071B0001D9B0DF1A009FFF7B6BB3046FDF762F845
:1071C000A04603460890FFF739BB1BAA5146059815
:1071D00002F07CFB00287EF4C5AF1D9B1C9A0DF1CC
:1071E000A0090D98C9F8006001320344072A1D93D5
:1071F0001C92C9F804007FF75CA948E42D2704938A
:107200000A9B03938DF84F704FF00008FFF799B871
:10721000159BDD1C2BDB984529DB0E9379E60B468D
:1072200068E61BAA5146059802F050FB00287EF440
:1072300099AF1D9B0DF1A00990E401322344072A68
:107240001D931C92C9F80070C9F80440BDDC09F117
:107250000809C6E71BAA5146059802F037FB00282B
:107260007EF480AF159A1D9B0DF1A0093BE50C9AA9
:10727000023A0C92013B002B9DF830201593B8BFC9
:107280005B428DF85C20B4BF2D222B22092B8DF898
:107290005D2040F3EA800DF16B000446264A82FB34
:1072A0000321DA17C2EBA10202EB8201A3EB410337
:1072B00003F13001092A134604F8011DEEDC2146D2
:1072C0003033DAB201F8012D884240F22F810DF1FE
:1072D0005E01234601E013F8012B01F8012B9842CF
:1072E000F9D1431C1B1B0DF15E02134417AA9B1A14
:1072F0000D9A1193012A1344089340F3DA80089BF6
:107300000F9A1344002208930E9223EAE3730EE6C9
:10731000062D2B4628BF0623089323EAE373B046C5
:1073200009970E9637460493044EFFF709B800BF3D
:10733000BC17002010530020676666665452002078
:107340001BAA5146059802F0C1FA00287EF40AAF44
:10735000159A0D991D9B8A1A0DF1A009DBE419AA53
:1073600016AB01920093032115AB4246B0EE4A0BD7
:10737000059800F0A3FA4446064600EB0801F8E63B
:107380004FF0060878E50393FFF716B92D278DF81F
:107390004F70FFF7ECB9B1EE48AB2D2778E50F9AA7
:1073A0000D9B13440E9A0893002A40F38C806722A9
:1073B00023EAE3730C92BAE5002B40F39A80B8F10C
:1073C000000F5CD1039AD40759D41A46089223EAD5
:1073D000E373ACE525EAE5730997049308958046C5
:1073E0000E909DF84F70FEF7ABBF039BDB0747463F
:1073F00005D538AE302306F8413DFEF797BFCDF8EE
:10740000208028AEFEF795BF0C9B472B7FF461AD23
:10741000039BDB073FF5A7AE199B472DA3EB0603A4
:107420000D933FF4F5AE159B24E7A3460025FEF728
:10743000DDBD1BAA5146059802F048FA00287EF4EB
:1074400091AE159C1D9B1C9A0DF1A00922E6099393
:10745000C5E50F9A0E9B1344672208930C9223EA0A
:10746000E37364E5099317461EE4303330228DF848
:107470005F308DF85E2018AB38E7199B3AE50E9B1C
:107480000F9A9D1805EB0803089323EAE3734EE572
:10749000364E374B9DF84F70FFF76BB9B5EE40ABEA
:1074A000F1EE10FA3FF469AEC4F1010415942144E1
:1074B00010E5039B13F001037FF421AF0E93089BAB
:1074C00023EAE37333E50E9B089AC3F101031A44E0
:1074D000134608926BE709989BF801300568043061
:1074E000002D0990A346BEF67FAD4FF0FF35FEF7A5
:1074F0007BBDB8F1000F02D1039BD80707D50F9BC6
:107500005D1C05EB0803089323EAE3730FE50123F1
:1075100008930CE58DF84F10FFF7BCB88DF84F10AD
:10752000FFF7A7B98DF84F10FEF730BE0DF15E03DF
:10753000DCE68DF84F10FFF7DFB88DF84F10FFF73E
:107540000FB88DF84F10FEF7B8BE8DF84F10FFF74B
:107550005BB88DF84F10FEF787BE8DF84F10FFF720
:107560002CB98DF84F10FFF7E4B800BF3C52002053
:1075700038520020F0B50C46ADF26C4D8989666E2C
:10758000E589199621F00201666AADF80E500025D2
:10759000E769ADF80C10099606951AAE4FF48065B0
:1075A0006946009604960295059507970646FEF7EC
:1075B000A5FC051E07DB3046694601F0CDF8002822
:1075C00018BF4FF0FF35BDF80C305B0603D5A3891B
:1075D00043F04003A38128460DF26C4DF0BD00BF7F
:1075E00021B1FF2A04D80A7001207047084670476D
:1075F0008A2303604FF0FF30704700BF70B50D461F
:10760000084C114606461A46284600232360F7F721
:107610006DF8431C00D070BD2368002BFBD0336095
:1076200070BD00BF6CB6002038B5304B1B680546F6
:107630000C4613B19A6B002A38D0B4F90C2093B2DF
:1076400018070CD52069A8B113F001021ED0636998
:1076500000225B42A361A260F0B1002038BDD906D0
:107660003CD5580726D4206942F00803A3819BB279
:107670000028E9D103F42072B2F5007FE4D0284657
:10768000214601F027FCA3892069DDE7990758BF4F
:107690006269A2600028E0D1B4F90C301A06DDD589
:1076A00043F04003A3814FF0FF3038BD184601F08E
:1076B000E7F8C2E7216B51B104F14003994204D0CD
:1076C000284601F035F9B4F90C2000232363002388
:1076D0002069636022F024022060C5E742F0400286
:1076E00009232B604FF0FF30A28138BD04640020D5
:1076F0002DE9F047254C2568D5F8484106468846CF
:1077000092469946C4B360681F2817DC431C76B1C3
:1077100004EB80050122C5F888A0D4F888118240C6
:107720001143022EC4F88811C5F808911ED002300A
:10773000636044F820800020BDE8F087144B03B359
:107740004FF4C870FBF77AFC0446D0B1D5F8483145
:10775000002780E88800C5F8484138460123C4F86E
:107760008871C4F88C71002EE1D0D1E7D4F88C1167
:107770000A43C4F88C21DAE705F5A674C5F8484138
:10778000C1E74FF0FF30BDE8F08700BFCC09002013
:107790003938010002690B69934200F38D802DE9AD
:1077A000F04F03F1FF3801F1140700F1140B57F803
:1077B00028205BF828304FEA880483B00132B3FBFD
:1077C000F2F90BEB0403009407EB040A0193B9F1FF
:1077D000000F39D00025BC46DE462B465CF8046B12
:1077E000DEF80020B4B209FB0455360C2C0C09FB62
:1077F0000644ADB25B1BA6B213FA82F3C6EB124687
:1078000006EB23469BB243EA0643E2454EF8043BAF
:107810004FEA14454FEA2643E0D2009B5BF8033061
:1078200093B9019C231F9B450CD254F8043C4BB9DF
:10783000A4F1080302E01A68043B1AB99B4508F159
:10784000FF38F8D3C0F81080044601F0E3FD0028AB
:107850002EDB09F101095D46002357F8041B286857
:107860008AB29A1A090C12FA80F2C1EB104303EBA8
:10787000224391B241EA0341BA4545F8041B4FEA5D
:107880002343EAD25BF828200BEB880382B91A1F46
:1078900093450BD253F8042C42B9083B02E01A6816
:1078A000043B1AB99B4508F1FF38F8D3C4F810809F
:1078B000484603B0BDE8F08F002070472DE9F04F37
:1078C00057EC106B93B0056C0191044690460493FD
:1078D00010EE10AABB464DB1426C6A600123934082
:1078E000AB60294601F0B4FB00232364BBF1000F19
:1078F0005E4634DB1C9A00231360C44B1A463340A7
:10790000934215D04BEC17ABB5EE407BF1EE10FA7D
:10791000CDE902AB2AD1049A012313601D9B002BF1
:1079200000F0B780BA481860013813B0BDE8F08F96
:10793000049A42F20F731360BAF1000F00F09280C4
:10794000B4481D9B002BF0D0C378002B00F0A3801F
:1079500000F108031D9A136013B0BDE8F08F1C9A64
:1079600001232BF000461360B346C6E711A910AA05
:107970009DED020B204601F0F9FD310D07907AD103
:1079800010981199014401F23243202B40F34182B7
:10799000C3F1400301F212429E402AFA02F333433C
:1079A00007EE903AB8EE677B012553EC172B0139AF
:1079B000A3F1F8730A9543EC172BB7EE086B9FED14
:1079C0008D4B37EE466B9FED8D7B9FED8E5BA6EE6C
:1079D000047B06EE901AB8EEE66BA6EE057BFDEE94
:1079E000C76BB5EEC07BF1EE10FACDED026A00F187
:1079F0001C81029D162D00F21581874B03EBC503F8
:107A000093ED007B4BEC16ABB4EEC67BF1EE10FAB7
:107A100040F306826B1E029300230C93411AB1F1CE
:107A2000010900F1178100230693029B002BC0F28D
:107A3000088199440B9300230593019B092B2CD8B3
:107A4000052B40F35F85043B019300230E93019BBC
:107A5000023B032B00F25F85DFE813F0A902E5018A
:107A6000B502C8036B4B6D4AC6F31300002814BF60
:107A70001846104665E7DDE90223C3F3130040F022
:107A80007F530025A1F2FF3143F4401310980A956B
:107A900091E7634849E7C31C5CE700216164204625
:107AA0008846019101F0AEFA4FF0FF3701230890AC
:107AB00020640D970993119B002B7ADB029A0E2A02
:107AC00077DC554BB8F1000F03EBC20393ED004B8D
:107AD000C0F28482B1EE442B4BEC17AB87EE046B03
:107AE000BDEEC66B089A16EE103A012F03F1300373
:107AF000B8EEC65B02F1010B1370A2EE057B22D03B
:107B0000B2EE043B27EE037BB5EE407BF1EE10FABC
:107B10003AD0089A06E027EE037BB5EE407BF1EE03
:107B200010FA31D087EE046BBDEEC66B16EE103A3C
:107B300030330BF8013BC2EB0B03BB42B8EEC65B24
:107B4000A2EE057BE7D137EE077BB4EEC74BF1EE33
:107B500010FA08D4B4EE474BF1EE10FA14D116EE39
:107B6000103ADB0710D51BF8010C089A0BF1FF3314
:107B700004E09A4200F0E58313F8010D392803F17F
:107B8000010BF6D0013018700799204601F060FA19
:107B90000022029B8BF80020049A013313601D9B86
:107BA000002B00F066830898C3F800B013B0BDE85E
:107BB000F08F099A002A53D0019A012A40F32E82AD
:107BC00005997A1E9142C0F257838B1A0E93002FAB
:107BD000069BC0F224840A933B46069A01211A446C
:107BE00020460692994401F0CBFA06463DE000BFDC
:107BF000AFF3008061436F63A787D23FB3C8608B48
:107C0000288AC63FFB799F501344D33F0000F07F82
:107C1000BD17002090520020B8020020845200209E
:107C2000BC17002001230C93F8E6B8EEE66BB4EE27
:107C3000467BF1EE10FA3FF4DCAE029B013B02936F
:107C4000D7E6069A029BD21A5B420593002306925E
:107C50000B93F2E6C9F1000306934FF00009E4E646
:107C6000059B0E93099E069B0A930A990B4661B1E8
:107C7000B9F1000F09DD4945069AA8BF4B46D21A53
:107C80000692CA1A0A92C3EB0909059B002B40F31E
:107C90008082099A002A00F09A810E9A002A00F048
:107CA00096813146204601F00DFB079A01460646B3
:107CB000204601F06FFA07990546204601F0C8F901
:107CC000059B0E9A9B1A059340F080810121204666
:107CD00001F056FA0B9B0590002B00F0AC81014699
:107CE0001A46204601F0EEFA019B0590012B40F365
:107CF000808200230793059A136902EB83031869B6
:107D000001F0F0F9C0F12000484410F01F0000F02D
:107D10009081C0F12003042B40F3F883C0F11C00D4
:107D2000069B034406930A9B03440A938144069BE3
:107D3000002B05DD29461A46204601F013FB0546B7
:107D4000B9F1000F05DD4A460599204601F00AFB0E
:107D500005900C9B002B40F00182002F40F3208205
:107D6000099B002B40F07B81DDF820B0DDF814A0EA
:107D7000D84602E001F076F9054651462846FFF75D
:107D800009FD00F1300908F8019BCBEB0803BB4269
:107D90004FF00A024FF0000329462046EADB089B19
:107DA000012FACBFDB1901339B464FF0000A294677
:107DB0000122204601F0D6FA0599079001F02AFB2E
:107DC000002840F38C821BF8012C08990BF1FF333B
:107DD00004E08B4200F0038213F8012D392A03F1ED
:107DE000010BF6D001321A700599204601F030F9E6
:107DF000002E3FF4C9AEBAF1000F05D0B24503D052
:107E00005146204601F024F93146204601F020F980
:107E1000BAE6C3F120030AFA03F307EE903AC1E58C
:107E200000230C93FAE500230993029B43445F1C53
:107E3000002F0D9340F32D823E463D460021172E24
:107E400061640AD9012204235B0003F11400B042EB
:107E5000114602F10102F7D96164204601F0D2F81F
:107E60000E2D089020643FF626AE0E9B002B3FF4AB
:107E700022AE02990029CDE90EAB40F34182C64BF8
:107E800001F00F0203EBC2020B11DE0692ED006B54
:107E900040F1FB81C14A92ED087B4BEC14AB03F03F
:107EA0000F03032184EE075B5BB1BC4ADD0704D5F9
:107EB00092ED007B013126EE076B5B1002F10802A8
:107EC000F4D185EE064B0C9B3BB1B7EE007BB4EED4
:107ED000C74BF1EE10FA00F1B78207EE901AB8EE38
:107EE000E76BB1EE0C7BA6EE047B53EC172BA3F1F2
:107EF0005073002F00F0A681029E39460998002891
:107F000000F04D82B6EE003BA348089D00EBC10097
:107F100010ED026BBDEEC47B83EE065B17EE100A1C
:107F200043EC162B3030C0B235EE465BB8EEC77B63
:107F300034EE477BB4EEC75BF1EE10FA287005F122
:107F4000010B32DCB7EE003B33EE476BB4EEC65BA1
:107F5000F1EE10FA00F3AE82012940F3CD81B2EECA
:107F6000044B089B19440AE033EE476BB4EEC56B33
:107F7000F1EE10FA00F19E828B4500F0BD8127EEF4
:107F8000047B25EE045BBDEEC76B16EE103A03F1E1
:107F90003000C0B2B8EEC66B37EE467BB4EEC57BA0
:107FA000F1EE10FA0BF8010BDED50296ECE500239A
:107FB0000993B8F1000F40F3708146464546CDF86D
:107FC000348047463AE701230993F2E70795059A7B
:107FD0000799204601F076F9054677E6002F3FF72E
:107FE00079AD40F04281B1EE047B24EE074B4BECBF
:107FF00017ABB4EEC74BF1EE10FA3E460597C0F250
:10800000E5806FEA0803DDF820B002930599204669
:1080100001F01EF8002E3FF4B7ADF5E60A9A002AEB
:1080200000F00282059A0E92069A0A9203F23343F6
:10803000D3E51C2074E6019B012B40F340820B9B8F
:108040000793012060E6314600230A22204601F012
:1080500009F80D9B002B064640F34D821F460A9BF4
:10806000002B05DD31461A46204601F07BF9064615
:10807000079B002B40F06E81B046089B013FDA1948
:1080800009920AF001020A921F46DDF814B0284650
:108090005946FFF77FFB31468246284601F0BAF980
:1080A000424659468146204601F0D6F9C3688346C8
:1080B0000AF13002002B49D101462846079201F00F
:1080C000A9F959460690204600F0C2FF069B079A80
:1080D0002BB9019919B90A99002900F0F581B9F174
:1080E000000FC0F2DF8005D1019919B90A99002962
:1080F00000F0D880002B00F34181099B3A7007F112
:1081000001099F42CB4600F04681294600230A22FE
:10811000204600F0A7FF4645054631464FF00003D4
:108120004FF00A0220460BD000F09CFF4146064665
:1081300000230A22204600F095FF4F468046A4E720
:1081400000F090FF4F46064680469EE701462046D7
:10815000069200F07DFF0123069AC0E705992846A4
:1081600001F058F90028BFF6F8AD2946029D00231A
:10817000013D0A222046029500F074FF099B054646
:10818000002B7FF460AF0D9B002B40F3AD811F46A9
:10819000EAE5079D9AE500BFB802002090020020A2
:1081A000019B022B7FF7DCAD002F40F069813B463D
:1081B00005990522204600F055FF01460590284606
:1081C00001F028F9002807957FF71BAF029A08995C
:1081D0003123013202920B7001F1010B16E7029A72
:1081E00001320292089A31231370FDE501230993AD
:1081F0001BE6BAF1000F7FF47CADCBF31303002B29
:1082000040F01B812BF000431B0D1B05002B00F0E1
:108210005481069B01330693012309F10109079359
:108220000B9B0120002B3FF46FAD64E507EE901A25
:10823000B8EEE76BB1EE0C7BA4EE067B53EC172B8C
:10824000A3F1507343EC162BB1EE047B34EE477B65
:10825000B4EEC67BF1EE10FA00F3DD80B1EE466BB2
:10826000B4EEC67BF1EE10FA46D5002305931E4608
:10827000C7E60898FFF759BB059B0B990592D31ADF
:10828000194400230B910E93A1E49DED0E5B022196
:108290000AE63D4600216164DFE501250D952F4684
:1082A000A846F7E7002B914611DD2946012220461A
:1082B00001F058F80599054601F0ACF8002840F3A4
:1082C0000C81B9F1390F00F0DD800AF13109B246B5
:1082D00087F8009007F1010B4646079584E504D125
:1082E00019F0010F01D06EE593461BF8013C302BCD
:1082F0000BF1FF32F8D077E5DDE90EABFFF7DBBB22
:10830000029B5B42002B00F09B808B4A03F00F0125
:1083100002EBC10292ED007B9DED0E6B1B1126EE70
:10832000074B00F0E680854A0221D80704D592ED7C
:10833000007B013124EE074B5B1002F10802F4D1FF
:10834000C1E5089930220A70029A1BF8010C01322B
:10835000029217E47168204600F054FE33699A1CBB
:108360008046920006F10C010C30F7F705F9414602
:108370000122204600F0F6FF80467EE6392A00F012
:10838000818002F10109B24687F8009007F1010BE4
:108390004646079528E5B2469146464607E56648B3
:1083A000BDEEC46B4D1E00EBC50043EC172B90EDEA
:1083B000003B16EE103A23EE073B089830330129B4
:1083C000B8EEC66B037000F1010B34EE467B14D09F
:1083D000B2EE045B089B19445B4627EE057BBDEEBD
:1083E000C76B16EE102A303203F8012B9942B8EE13
:1083F000C66B37EE467BF0D1AB44B6EE006B33EE86
:10840000065BB4EEC75BF1EE10FA43D502961BF89B
:10841000010CFFF7AABB002305931E46D6E6DB1B23
:108420000A930023FFF7D9BB059A109B0E92069A78
:108430000A92C3F13603FFF7D0BB00230793EFE6A0
:108440009DED0E4B02213EE5002F3FF4EFAE0D985F
:1084500000287FF751AFB2EE045BB1EE0C7B013127
:1084600006EE901A24EE054B029BB8EEE66B5E1EFC
:10847000A4EE067B53EC172B0146A3F150733DE5A8
:108480000795BEE53922B246079546463A7007F190
:10849000010B9AE436EE436BB4EEC76BF1EE10FAC3
:1084A00001DC29E793461BF8013C302B0BF1FF322E
:1084B000F8D07AE50296FFF758BB0793B0E6BAF119
:1084C000000F7FF4BCAD98E6392ACB469146D9D04F
:1084D000BBF1000F3FF7F9AEF9E67FF4F8AE19F003
:1084E000010F3FF4F4AEECE6019B022B08DC0D9F7C
:1084F0003AE40221E7E4019B022B01DC0D9FAEE58B
:108500000D9F51E601230E93FFF7A1BA3FF40FAC84
:10851000C0F13C0004E4002565642946204600F0D3
:1085200071FD4FF0FF3701230890A84620640D9796
:108530000993FFF7C0BA00BFB802002090020020E4
:108540002DE9F043314D87B02F6804460E46904622
:108550001D46002B3BD0B7EE007BB4EEC70B05AB3E
:10856000F1EE10FA0193CDF80080384633462246EA
:1085700022D40321FFF7A2F9059B31689842C1F18B
:1085800000012BD2491B2B4610F8012B03F8012BBD
:10859000059A824203EB0106F6D8B44221DDA21B04
:1085A0001A44302103F8011B9A42FBD100231370B7
:1085B000284607B0BDE8F083BFEE007BB4EEC70BE2
:1085C000F1EE10FAD5DD0221FFF778F9D4E73A6D24
:1085D00000F123039A4206DD7D6DBCE70E462B4673
:1085E000DBE71A46E2E700F124094A46796D38468E
:1085F0008DED020BFBF76AF905460028D8D0C7F8C5
:10860000509078659DED020BA5E700BF0464002043
:10861000B1F90C309AB22DE9F0410D4611078046B0
:108620003CD46A6843F40063002AAB8173DDAC6A12
:10863000002C4BD09BB203F48052002192B2D8F8A8
:108640000060C8F80010002A69D02A6D5F0705D5C0
:1086500069682B6B521A0BB1EB6BD21A0023E969D4
:108660004046A047441C3CD0B5F90C302A692A602A
:1086700023F400630022AB81DB046A6049D4296BD8
:10868000C8F8006011B305F14003994202D040469A
:1086900000F04EF900202863BDE8F0812E69AEB1EC
:1086A0002C682E6090070CBF6B690023A41BAB6085
:1086B0000AE0234632466F6AE9694046B847002817
:1086C000A4EB0004064404DD002CF2DC0020BDE82D
:1086D000F081AB8943F04003AB814FF0FF30BDE840
:1086E000F081D8F800201D2AF3D81A4BD34003F0AC
:1086F000010383F00104002BEBD0B5F90C3029699C
:10870000296023F40063D9046C60AB81B7D5002ADB
:10871000B5D12865B3E7EA6B002A88DCD6E70123E8
:10872000E9694046A047431C024602D0AB89AC6AC7
:108730008CE7D8F80030002BF8D01D2B01D0162B79
:1087400002D1C8F80060C1E7AB8943F04003AB81B8
:10875000BDE8F0810100402010B5044682B008B1A8
:10876000836B53B1B1F90C0008B902B010BD2046BB
:1087700002B0BDE81040FFF74BBF019100F080F858
:108780000199EFE7014900F03DBB00BFADA1010039
:108790002DE9F04F354B4568C3630024074600F5CB
:1087A0003B7204230321C0F8E412C0F8E822C0F8A9
:1087B000E04283B02C606C60AC606C66EC812C6134
:1087C0006C61AC61AB81214605F15C000822FAF7CF
:1087D000A9FFBE68DFF898B0DFF898A0DFF898909E
:1087E000DFF89880C5F820B001230922C5F824A03D
:1087F000C5F82890C5F82C80ED612146F381B2813F
:1088000006F15C0034607460B46074663461746155
:10881000B46108220193FAF785FFFD68F661122022
:108820000222C6F820B0C6F824A0C6F82890C6F8E0
:108830002C802146A881EA812C606C60AC606C665B
:108840002C616C61AC6105F15C000822FAF76AFFEB
:10885000019BED61C5F820B0C5F824A0C5F82890AB
:10886000C5F82C80BB6303B0BDE8F08F818F010099
:10887000699E01008D9E0100C99E0100E99E0100D4
:10888000836B03B17047FFF783BF00BF704700BF22
:10889000704700BFF8B5234F0C460646FAF790FF25
:1088A000BB685D6825F00305291B01F6EF7121F413
:1088B0007F6121F00F01A1F58054B4F5805F07DBE3
:1088C00000213046FBF7F2F9BB682B44984204D0F4
:1088D0003046FAF777FF0020F8BD61423046FBF7DB
:1088E000E5F901300DD0104BBA6819682D1B45F021
:1088F00001053046091B55601960FAF763FF012036
:10890000F8BD00213046FBF7D1F9BA68831A0F2B66
:10891000DEDD064C0449246843F00103001B53606C
:108920000860D5E7F45F0020F4A50020FC63002078
:10893000002945D02DE9F0410D468046FAF740FF69
:1089400055F8047C6A4927F00103A5F10804E218F0
:108950008E685068B24220F0030062D0FE0750607B
:108960000BD455F8087CE41B01F1080EA568754589
:108970003B446FD0E768EF60BD6015186D68ED0788
:1089800042D543F001026260E350B3F5007F18D294
:10899000DB085A1C4D6851F83270A76001209B100B
:1089A00000FA03F301EBC2001D430838E0604D609C
:1089B00041F83240FC604046BDE8F041FAF702BFA2
:1089C00070475A0A042A53D89A0902F139077F00DE
:1089D00002F1380501EB870051F827204449083897
:1089E00090424DD0516821F003018B4202D292682F
:1089F0009042F7D1D068E060A2608460D4604046C5
:108A0000BDE8F041FAF7DEBE95683A4FBD42034437
:108A10003FD0D068E86043F0010285606260E350B7
:108A2000B3E7FF07034407D455F8082CA41A1344EE
:108A3000A068E268C26090602F4A126843F00100AB
:108A4000934260608C60B6D32C4B40461968FFF7A8
:108A500021FFB0E711184968C90744D49168D2686A
:108A6000CA60034443F0010091606060E350A2E7F4
:108A7000142A17D802F15C077F0002F15B05A9E711
:108A8000AA104B68012505FA02F213434B60024617
:108A9000B1E743F001024C610C61E560A5606260E2
:108AA000E35088E7542A06D81A0B02F16F077F00BB
:108AB00002F16E058EE7B2F5AA7F06D8DA0B02F155
:108AC00078077F0002F1770584E740F25450824234
:108AD00006D89A0C02F17D077F0002F17C0579E748
:108AE000FE277E2576E743F001026260E35062E7ED
:108AF000F45F0020FC5F00200064002024A600201A
:108B00009368002B76D02DE9F04F8B8985B00C4609
:108B100019070190164629D522693AB303F00208D5
:108B20001FFA88F0356800282FD04FF00009B44FA5
:108B3000C846B246B84543464A4628BF3B46019818
:108B4000B8F1000F50D0E169666AB047002871DDC6
:108B5000DAF808301B1A8144C0EB0808CAF808305C
:108B6000002BE7D1002005B0BDE8F08F2146019829
:108B7000FEF75AFD002840F03A81A389356803F0DA
:108B800002081FFA88F00028CFD113F001095BD149
:108B90004F4602961FB39A05D4F808802CD5474556
:108BA000C246C0F0A48013F4906F40F0B1802068FA
:108BB00052464946FAF752FDA0682368C8EB000008
:108BC0005344A06023603846029A93681B1A81447C
:108BD0003F1A9360002BC5D0A389002FDBD1D5F8B5
:108BE00000906F680835D5E7D5F80090D5F8048077
:108BF00008359FE70020704720682369984203D812
:108C000061698F4280F0B780B84528BFB8464246B8
:108C10004946FAF723FDA3682268C8EB03034244E0
:108C2000A3602260002B49D121460198FFF794FDF3
:108C3000002843D0B4F90C3043F040034FF0FF302C
:108C4000A38105B0BDE8F08F804602908246814640
:108C5000B9F1000F2AD0029B002B4CD02068236969
:108C60006269C845C34628BFCB4698425F4604D9CF
:108C7000A36813449B4500F39080934520DB134683
:108C8000676AE16901985246B847071ED2DDB8EB22
:108C9000070823D0B368DB1BBA44C7EB0909B360EC
:108CA000002B3FF45FAFB9F1000FD4D10023D5F80A
:108CB00000A0D5F8049002930835C9E7404683E741
:108CC0005A465146FAF7CAFCA2682368CBEB020267
:108CD0005B44B8EB0708A2602360DBD12146019812
:108CE000FFF73AFD0028A5D1CDF80880D2E720682B
:108CF000B846BA465CE74A460A21504600F032F9C7
:108D000000286FD001300123CAEB00080293A5E7C9
:108D100062692068216902EB4208C1EB000A08EB96
:108D2000D8780AF101004FEA6808384440454246C5
:108D300084BF804642465B0542D511460198FAF74A
:108D40008DF98346002855D052462169F6F714FC68
:108D5000A38923F4906343F08003A381CAEB080343
:108D60000BEB0A00C4F81480C4F810B02060A360B4
:108D7000B846BA461CE76FF00043BB4228BF3B46EB
:108D80004A4693FBF1F30198666A01FB03F3E1693C
:108D9000B04700283FF718AF4CE71A4651460393F7
:108DA000FAF75CFC2268039B01981A442260214672
:108DB000FFF7D2FC039B00287FF43CAF1F4666E719
:108DC0000198FAF783FD83460028C7D1019D2169E8
:108DD0002846FFF7ADFDB4F90C300C2223F08003D8
:108DE0002A6029E7012309F10108029336E74FF0D1
:108DF000FF30B8E6019A0C231360B4F90C301BE77E
:108E000000FCFF7F2DE9F84310F538771FD0884626
:108E100006464FF000097D68BC68013D11D4A38966
:108E2000012B05F1FF3508D9B4F90E300133214685
:108E3000304602D0C04749EA00096B1C04F16804BF
:108E4000EDD13F68002FE6D14846BDE8F883B9462A
:108E50004846BDE8F88300BF044A054B1268506BD2
:108E6000002808BF1846F030704700BF0464002097
:108E7000885E002070B50D46B1F90E10002990B043
:108E800014461E4614DB01AA00F034FE00280FDB56
:108E9000029A02F47042A2F50052B2FA82F252092A
:108EA0004FF480634FF400603260236010B070BDF7
:108EB000A88900F0800082B2002030601AB14023FF
:108EC000236010B070BD4FF480631046236010B073
:108ED00070BD00BF8A8992070B4606D501F1430297
:108EE00001211A601A6159617047F0B583B001AB76
:108EF0006A460C460546FFF7BDFF00990646284620
:108F0000FAF7ACF8B4F90C30D0B1019A124F0099CD
:108F1000EF6343F08003A3812060206161611AB98F
:108F20003343A38103B0F0BD2846B4F90E1000F01E
:108F3000F5FDB4F90C300028F2D043F00103EFE75F
:108F40009A05EFD404F1430243F002030121A38107
:108F5000226022616161E5E7818F0100000000006D
:108F60000000000001F0FF01102A2BDB10F0070FBA
:108F700008D010F8013B013A8B422DD010F0070FBA
:108F800042B3F6D1F0B441EA012141EA014122F0B5
:108F900007047FF000070023F0E80256083C85EA4A
:108FA000010586EA010685FA47F5A3FA87F586FAF0
:108FB00047F6A5FA87F68EB9EED1F0BC01F0FF01B5
:108FC00002F0070232B110F8013B013A83EA0103D3
:108FD00013B1F8D10020704701387047002D06BF4B
:108FE00035460338073815F0010F07D1013015F465
:108FF000807F02BF013015F4C03F0130F0BC013862
:10900000704700BFC36C70B505460C464BB153F8B2
:10901000240080B1026843F8242000230361C36068
:1090200070BD21220421F9F73BFFE86403460028C4
:10903000EDD1002070BD012101FA04F6721D284611
:109040009200F9F72DFF0028F3D044608660E4E732
:1090500031B1C36C4A6853F82200086043F822100B
:10906000704700BFF0B50C6983B00D46064601F1AC
:10907000140E0027DEF8000081B202FB01310B0C58
:10908000000C02FB003389B2013701EB0341BC4203
:109090004EF8041B4FEA1343ECDC3BB1AA68944240
:1090A00007DA05EB8402013453612C61284603B0D2
:1090B000F0BD6968019301313046FFF7A3FF2A69CB
:1090C000023205F10C01074692000C30F6F754FA13
:1090D000F26C6968019B52F82100286042F8215027
:1090E0003D46DEE7030C1B04B3B90004102310F067
:1090F0007F4F04BF0002083310F0704F04BF00011F
:10910000043310F0404F04BF80000233002807DB17
:10911000420003D4202070470023E8E7581C704722
:1091200018467047036813F0070207D0D90720D408
:109130009A0720D49B0803600220704799B209B9AE
:109140001B0C102213F0FF0F04BF1B0A0832190773
:1091500004BF1B090432990704BF9B080232D907D8
:1091600004D45B0801D1202070470132036010460F
:109170007047002070475B0803600120704700BF04
:1091800010B50C460121FFF73DFF01224461026149
:1091900010BD00BF2DE9F04F0D691769BD4283B0C6
:1091A0000C46164604DA2A4634463D460E46174615
:1091B000A368616805EB07089845C8BF0131FFF750
:1091C00021FF00F1140C0CEB8809CC45009005D26E
:1091D0006346002143F8041B9945FBD806F11402AD
:1091E00002EB870A04F11403524503EB850E54D2B7
:1091F000CDF80490994652F8043B1FFA83FBBBF16B
:10920000000F20D000204F466646054600E01E466F
:1092100057F8044B3068A1B283B20BFB0131240C28
:10922000000C4B190BFB040000EB134099B23346C2
:1092300041EA0041BE454FEA104543F8041BE6D819
:10924000756052F8043C5FEA134B20D0DCF8003024
:10925000674618464D46002100E037462C88000C32
:109260000BFB040001449CB23E4644EA014346F82D
:10927000043B786855F8044B83B2240C0BFB043490
:1092800004EB1143AE454FEA1341E6D87B609245AB
:109290000CF1040CAFD8DDF80490B8F1000F0BDD31
:1092A00059F8043CA9F104091BB105E059F8043D43
:1092B00013B9B8F10108F9D10098C0F8108003B0D3
:1092C000BDE8F08F12F003032DE9F0411446074684
:1092D0002ED10E46A4101CD0BD6C95B3E3074FF001
:1092E000000806D4641014D02868A8B10546E30726
:1092F000F8D52A4631463846FFF74CFFB6B17268BA
:10930000FB6C641053F82210316043F8226006466B
:10931000EAD13046BDE8F0812A4629463846FFF7B3
:1093200039FF2860C0F800800546E0E70646D9E727
:109330005A1E0B4D002355F82220FFF793FE0646D8
:10934000C8E701213846FFF75DFE40F27121012296
:109350000023416102610546B8640360BEE700BFB7
:10936000500E00202DE9F04791460A698B684FEABC
:10937000691404EB020808F101059D420E4682467D
:10938000496804DD5B009D4201F10101FADC5046B1
:10939000FFF738FE002C00F1140238DD02EB8403E5
:1093A000002142F8041B9342FBD1346906F11401F9
:1093B00019F01F0901EB840E21D0C9F1200200240D
:1093C0000F6807FA09FC4CEA04049C4643F8044B76
:1093D00051F8044B8E4524FA02F4F1D8CCF804403D
:1093E0000CB108F10205DAF84C307268013D53F80F
:1093F00022100561316043F82260BDE8F087043B2C
:1094000051F8042B43F8042F8E45F9D8EBE71346A7
:10941000CBE700BF02690B69D21A13D19B0014304D
:109420001431194410B4034401E098420CD253F8AB
:10943000044D51F8042D9442F7D009D301205DF872
:10944000044B70471046704700205DF8044B70478E
:109450004FF0FF30F3E700BF2DE9F8430B690F46EB
:1094600011695B1A002B904617D1890007F114028D
:1094700008F114055318294401E09A425ED253F8CA
:10948000046D51F8044DA642F7D060D23B46144615
:1094900047464FF00109984606E05DDB07F11405E9
:1094A00002F114044FF000097968FFF7ABFDD8F81A
:1094B00010303E69C0F80C9004EB830CA64605EB17
:1094C000860700F1140400235EF8041B55F8048B92
:1094D0008AB213FA88F3090C9A1AC1EB184303EB0A
:1094E000224392B242EA0342F44544F8042B4FEA85
:1094F0002343E9D8AF4217D9A446294651F804EBD3
:1095000013FA8EF2131403EB1E4392B242EA0342A3
:109510008F424CF8042B4FEA2343EFD8ED433D44F0
:1095200025F0030504352C44043C22B954F8043DCD
:10953000013E002BFAD00661BDE8F8830021FFF759
:1095400061FD0122002302614361BDE8F8832C46DE
:109550004FF000091546A7E73B4607F1140408F150
:10956000140547464FF0010998469DE72DE9F04361
:1095700057EC106B83B0884601213C46C7F30A556F
:109580001746FFF73FFDC4F3130481460DB144F4C1
:10959000801401941EB302A840F8086DFFF7C2FDC5
:1095A000002834D19DE80C00C9F81420002B0CBF12
:1095B00001210221C9F81830C9F81010DDB909EBF2
:1095C0008103A0F23240C8F800001869FFF78AFD55
:1095D000C0EB41103860484603B0BDE8F08301A8F5
:1095E000FFF7A0FD019BC9F8143001212030C9F814
:1095F0001010002DE3D0A5F233450544C0F135002D
:10960000C8F800503860484603B0BDE8F0839DE8D4
:109610000C00C0F1200103FA01F10A43C340019399
:10962000C9F81420C2E700BF70B50D4614460646BF
:1096300018B1836B0BB9FFF723F9A368013B002B2B
:10964000A36005DBE8B223685A1C22601D7070BD60
:10965000A269934202DBE8B20A28F4D122462946E5
:109660003046BDE8704000F03BB900BF10B50C4675
:10967000B1F90E1000F07AFA002803DB236D0344E1
:10968000236510BDA38923F48053A38110BD00BFBF
:109690002DE9F0411646B1F90C201F46D3050C46C2
:1096A000054607D500220223B1F90E1000F048FA52
:1096B000B4F90C20B4F90E1022F48052A2813B467A
:1096C00032462846BDE8F041FDF798BF10B50C467C
:1096D000B1F90E1000F034FAA389421C0EBF23F436
:1096E000805343F480532065A38110BDB1F90E105F
:1096F00000F04CB92DE9F04F936883B09046002BF1
:1097000072D083464FF00009166808688B680D46D2
:109710004C46002C45D09C421F469A4646D3AB8906
:1097200013F4906F2DD06F69296907EB4707C1EBE0
:10973000000A07EBD777601C7F105044B8423A46C6
:1097400084BF07463A465B0533D511465846F9F7BC
:1097500085FC002837D0524629690190F5F70CFFA7
:10976000AA89019B22F4906242F08002AA81CAEB8E
:10977000070203EB0A006F612B612860AA6027468D
:10978000A24652464946F9F769FFD8F80820AB6867
:109790002868DB1B5044141BAB602860C8F80840E5
:1097A00014B3D6F8009074680836B2E72746A2468C
:1097B000E7E75846FAF78AF803460028D7D129691F
:1097C0005846FFF7B5F80C23CBF80030AB890022E0
:1097D00043F040034FF0FF30AB81C8F80820C8F8D1
:1097E000042003B0BDE8F08F0020C8F8040003B0E7
:1097F000BDE8F08F70B515469AB0146809B1002C19
:109800001AD100244FF42272ADF80C200094049475
:109810001A464FF6FF761E9B029469460594ADF8F2
:109820000E60FBF73FF8002811DB009B2860002248
:109830001A7004981AB070BD4FF4C162009104917F
:10984000ADF80C20E4DA8B2303600020F2E700205F
:10985000F0E700BF4B6E2DE9F0479C0492462CD5F3
:10986000936812683BB30F46804602F1080919E974
:109870006000B60817D0043D002401E0A64210D0D5
:109880003A4655F8041F404600F020F9431C04F105
:109890000104F3D10023CAF80830CAF80430BDE847
:1098A000F087DAF80830A3EB8603CAF8083009F12C
:1098B0000809002BDBD10020ECE7FFF721F900239A
:1098C000CAF80830CAF80430BDE8F08793680BB1D5
:1098D000FFF7C0BF10B4184653605DF8044B7047E3
:1098E000F8B50D461446064610B1836B002B4AD0DE
:1098F000B4F90C20A369A36091B2080738D5236995
:10990000002B35D08904EFB215D522686169D31ACE
:109910008B421CDA0133A168501C0139A160206020
:10992000157062699A421AD0A389DB0701D50A2F04
:1099300015D03846F8BD616E42F4005221F4005152
:10994000A281226861666169D31A8B42E2DB2146FB
:109950003046FEF701FF40B922680123DBE72146CC
:109960003046FEF7F9FE0028E3D04FF0FF37E0E77E
:1099700021463046FDF758FE0028F6D1B4F90C20F8
:10998000236991B2BEE7FEF77BFFB1E738B5074C1C
:109990000023054608462360F6F750FC431C00D020
:1099A00038BD2368002BFBD02B6038BD6CB600207F
:1099B00000293DD070B505460C4608B1836B7BB3DA
:1099C000B4F90C300BB9002070BD21462846FEF7D3
:1099D0001FFEE36A064633B1E1692846984700282E
:1099E000B8BF4FF0FF36A3891B061CD4216B41B1D1
:1099F00004F14003994202D02846FEF799FF002364
:109A00002363616C21B12846FEF792FF0023636453
:109A1000FEF73CFF0023A381FEF73AFF304670BDFE
:109A2000FEF72EFFCCE721692846FEF781FFDDE730
:109A3000002070472DE9F04782B0804689461446E1
:109A4000F9F7E4FA012833D004F15C034A4601A98E
:109A5000404600F0A1F8B0F1FF3F824621D088B324
:109A60009DF80460002508E023685A1C22601E70DF
:109A70000135554526D201AB5E5DA368013B002B45
:109A8000A360F1DAA769BB4231462246404601DBBA
:109A90000A2EE9D1FFF724FF431CE9D102B0BDE84B
:109AA000F087A38943F04003A38102B0BDE8F087AB
:109AB00009F1FF33FE2BC7D85FFA89F682468DF88D
:109AC0000460CFE7484602B0BDE8F087B2F90C3039
:109AD00013F4005F0BD110B4546E43F4005344F4FC
:109AE0000054546693815DF8044BFFF7A3BFFFF762
:109AF000A1BF00BF38B50B46074C054611461846B6
:109B000000232360F6F79EFB431C00D038BD23687A
:109B1000002BFBD02B6038BD6CB6002038B5074C4D
:109B20000023054608462360F6F792FB431C00D04D
:109B300038BD2368002BFBD02B6038BD6CB60020ED
:109B400070B50D46084C114606461A4628460023B5
:109B50002360F6F77FFB431C00D070BD2368002B09
:109B6000FBD0336070BD00BF6CB6002070B50D46F1
:109B7000084C114606461A46284600232360F6F78D
:109B80005BFB431C00D070BD2368002BFBD033600F
:109B900070BD00BF6CB60020F0B5064685B01F460C
:109BA00089B1104C104D2468646B002C08BF2C4602
:109BB000D4F8E040A047431C03D100228A233A6036
:109BC000336005B0F0BD0C460649074A0968496B89
:109BD000002908BF11462246D1F8E04001A9A0475C
:109BE000E9E700BF04640020885E00205FF800F011
:109BF000212202605FF800F075DD01605FF800F07F
:109C0000192C02605FF800F0C52B02605FF800F0CD
:049C1000A9CE016078
:049C1400F8B500BFE0
:089C1800548FFF7F01000000E2
:109C20000000000000000000000000000000000034
:109C30000000000000000000000000000000000024
:109C40000000000000000000000000000000000014
:109C50000000000000000000000000000000000004
:109C600000000000000000000000000000000000F4
:109C700000000000000000000000000000000000E4
:109C800000000000000000000000000000000000D4
:109C900000000000000000000000000000000000C4
:109CA00000000000000000000000000000000000B4
:109CB00000000000000000000000000000000000A4
:109CC0000000000000000000000000000000000094
:109CD0000000000000000000000000000000000084
:109CE0000000000000000000000000000000000074
:109CF0000000000000000000000000000000000064
:109D00000000000000000000000000000000000053
:109D10000000000000000000000000000000000043
:109D20000000000000000000000000000000000033
:109D30000000000000000000000000000000000023
:109D40000000000000000000000000000000000013
:109D50000000000000000000000000000000000003
:109D600000000000000000000000000000000000F3
:109D700000000000000000000000000000000000E3
:109D800000000000000000000000000000000000D3
:109D900000000000000000000000000000000000C3
:109DA00000000000000000000000000000000000B3
:109DB00000000000000000000000000000000000A3
:109DC0000000000000000000000000000000000093
:109DD0000000000000000000000000000000000083
:109DE0000000000000000000000000000000000073
:109DF0000000000000000000000000000000000063
:109E00000000000000000000000000000000000052
:109E10000000000000000000000000000000000042
:109E20000000000000000000000000000000000032
:109E30000000000000000000000000000000000022
:109E40000000000000000000000000000000000012
:109E50000000000000000000000000000000000002
:109E600000000000000000000000000000000000F2
:109E700000000000000000000000000000000000E2
:109E800000000000000000000000000000000000D2
:109E900000000000000000000000000000000000C2
:109EA000000000000000304300000000000030C34C
:109EB0000080E03779C34143176E05B5B5B89346C6
:109EC000F5F93FE9034F384D321D30F94877825A92
:109ED0003CBF737FDD4F1575000000000000F03FB0
:109EE0000000000000002440000000000000594075
:109EF0000000000000408F40000000000088C340C8
:109F000000000000006AF8400000000080842E413C
:109F100000000000D01263410000000084D7974188
:109F20000000000065CDCD41000000205FA002428E
:109F3000000000E876483742000000A2941A6D4203
:109F4000000040E59C30A2420000901EC4BCD642F6
:109F500000003426F56B0C430080E03779C34143A1
:109F600000A0D8855734764300C84E676DC1AB4317
:109F7000003D9160E458E143408CB5781DAF154435
:109F800050EFE2D6E41A4B4492D54D06CFF0804410
:109F9000F64AE1C7022DB544B49DD9794378EA4425
:109FA0004FBB610567ACDD3F182D4454FB21E93FF1
:109FB0009BF681D20B73EF3F182D4454FB21F93FE0
:109FC000E2652F227F2B7A3C075C143326A6813C66
:109FD000BDCBF07A8807703C075C143326A6913C11
:109FE000B56200000000000001000400CC22002047
:109FF0004423002078230020AC230020E02300200D
:10A00000142400202B810400210000002B81040077
:10A0100022000000AABBCC03020100FFFFFFFFFFEC
:10A020001122330A0B0CCCDDDDDDDDDD000000008C
:10A03000020305070B0D1113171D1F25292B2F35A3
:10A040003B3D4347494F53596165676B6D717F8352
:10A05000898B95979DA3A7ADB3B5BFC1C5C7D3DF06
:10A06000E3E5E9EFF1FB0000FFFFFFFFFFFFFFFF6C
:10A07000C90FDAA22168C234C4C6628B80DC1CD14D
:10A0800029024E088A67CC74020BBEA63B139B22A2
:10A09000514A08798E3404DDEF9519B3CD3A431B4C
:10A0A000302B0A6DF25F14374FE1356D6D51C245AB
:10A0B000E485B576625E7EC6F44C42E9A637ED6B68
:10A0C0000BFF5CB6F406B7EDEE386BFB5A899FA523
:10A0D000AE9F24117C4B1FE649286651ECE45B3DA2
:10A0E000C2007CB8A163BF0598DA48361C55D39AE4
:10A0F00069163FA8FD24CF5F83655D23DCA3AD9681
:10A100001C62F356208552BB9ED529077096966D2A
:10A11000670C354E4ABC9804F1746C08CA18217C4F
:10A1200032905E462E36CE3BE39E772C180E860389
:10A130009B2783A2EC07A28FB5C55DF06F4C52C977
:10A14000DE2BCBF6955817183995497CEA956AE5C8
:10A1500015D2261898FA051015728E5A8AACAA687C
:10A16000FFFFFFFFFFFFFFFF00000000551D250060
:10A17000000000000D0A000000C03D4000003E400D
:10A1800000403E4000C01D4000001E4000401E40F8
:10A19000104A0020184A0020204A0020284A0020A7
:10A1A00040CF026010CF0260E0CE0260B0CE02600D
:10A1B00080CE026050CE026003040506070800004E
:10A1C0000102030405060000F0D50260C0D502605C
:10A1D00090D5026060D5026000020000000400001B
:10A1E00000080000001000004A4B000000000000C2
:10A1F0000000000091550000A15600007D00000005
:10A20000A955000089550000B956000039570000D3
:10A21000CD5500005D570000AD5500007956000097
:10A220001956000089560000AD570000F156000095
:10A2300069550000715500008155000095560000D9
:10A24000855500000000000000000000F9EA000051
:10A2500051EE0000EDE40000C5E500000DE5000052
:10A2600035E50000E1E5000000000000000000000E
:10A270003D14010035140100311401002D140100BA
:10A280002914010025140100211401001D140100EE
:10A29000000000000000000071DF0000A1DF0000EE
:10A2A0007D0000006DDF0000DD3D0000E93D0000A5
:10A2B00055DF0000000000000000000095EC0000E9
:10A2C0000000C1C081C1400101C3C003800241C27E
:10A2D00001C6C006800741C70005C1C581C440044E
:10A2E00001CCC00C800D41CD000FC1CF81CE400EFE
:10A2F000000AC1CA81CB400B01C9C009800841C80E
:10A3000001D8C018801941D9001BC1DB81DA401A7D
:10A31000001EC1DE81DF401F01DDC01D801C41DC4D
:10A320000014C1D481D5401501D7C017801641D67D
:10A3300001D2C012801341D30011C1D181D040108D
:10A3400001F0C030803141F10033C1F381F240327D
:10A350000036C1F681F7403701F5C035803441F44D
:10A36000003CC1FC81FD403D01FFC03F803E41FEFD
:10A3700001FAC03A803B41FB0039C1F981F840380D
:10A380000028C1E881E9402901EBC02B802A41EA7D
:10A3900001EEC02E802F41EF002DC1ED81EC402C4D
:10A3A00001E4C024802541E50027C1E781E640267D
:10A3B0000022C1E281E3402301E1C021802041E08D
:10A3C00001A0C060806141A10063C1A381A240627D
:10A3D0000066C1A681A7406701A5C065806441A44D
:10A3E000006CC1AC81AD406D01AFC06F806E41AEFD
:10A3F00001AAC06A806B41AB0069C1A981A840680D
:10A400000078C1B881B9407901BBC07B807A41BA7C
:10A4100001BEC07E807F41BF007DC1BD81BC407C4C
:10A4200001B4C074807541B50077C1B781B640767C
:10A430000072C1B281B3407301B1C071807041B08C
:10A440000050C190819140510193C053805241927C
:10A450000196C056805741970055C195819440544C
:10A46000019CC05C805D419D005FC19F819E405EFC
:10A47000005AC19A819B405B0199C059805841980C
:10A480000188C04880494189004BC18B818A404A7C
:10A49000004EC18E818F404F018DC04D804C418C4C
:10A4A0000044C184818540450187C047804641867C
:10A4B0000182C042804341830041C181818040408C
:10A4C000E15100007552000071520000E55100009A
:10A4D000E951000000000000D8399D270054EA2A05
:10A4E00000A4781F007B9A17002020202020202025
:10A4F0002020282828282820202020202020202034
:10A500002020202020202020208810101010101043
:10A51000101010101010101010040404040404048F
:10A520000404041010101010101041414141414129
:10A53000010101010101010101010101010101010B
:10A54000010101011010101010104242424242421B
:10A5500002020202020202020202020202020202DB
:10A560000202020210101010200000000000000083
:10A5700000000000000000000000000000000000DB
:10A5800000000000000000000000000000000000CB
:10A5900000000000000000000000000000000000BB
:10A5A00000000000000000000000000000000000AB
:10A5B000000000000000000000000000000000009B
:10A5C000000000000000000000000000000000008B
:10A5D000000000000000000000000000000000007B
:10A5E00000000000000000000000000028530020D0
:10A5F000202020202020202020202020202020205B
:10A60000202020202020202020202020202020204A
:10A6100000000042C8801F40B8821F4008000000B0
:10A6200000000042C4801F40B4821F4004000000AC
:10A6300000C0004224801F4014821F401000000010
:10A6400000C0004228801F4018821F4020000000E8
:10A6500000C000422C801F401C821F4040000000B0
:10A6600000C0004234801F4024821F4000010000CF
:10A670000040004264811F4054831F4000040000DA
:10A680000040004280811F4070831F400000020094
:10A69000004000427C811F406C831F40000001008D
:10A6A0000040004268811F4058831F40000800009E
:10A6B000004000423C811F402C831F4001000000ED
:10A6C0000040004244811F4034831F4004000000CA
:10A6D0000040004240811F4030831F4002000000C4
:10A6E0000040004248811F4038831F40080000009E
:10A6F0000000004204811F40F4821F40000004005B
:10A700000000004208811F40F8821F40000008003E
:10A710000000004218811F4008831F400000800095
:10A720000000004214811F4004831F4000004000CD
:10A730000000004200811F40F0821F400000020024
:10A7400000000042FC801F40EC821F40000001001E
:10A750000000004224811F4014831F4000000004B9
:10A760000000004228811F4018831F40000000089D
:10A77000000000421C811F400C831F4000000001AC
:10A780000000004220811F4010831F400000000293
:10A7900000000042EC801F40DC821F4000100000DF
:10A7A00000000042F0801F40E0821F4000200000B7
:10A7B0000000004234811F4024831F4000000040FD
:10A7C0000000004238811F4028831F4000000080A5
:10A7D0000080004294801F4084821F4000000400DB
:10A7E00000C0004290801F4080821F400000008017
:10A7F00000800042A8801F4098821F400000800017
:10A8000000800042A4801F4094821F40000040004E
:10A81000004000426C811F405C831F40001000001C
:10A8200000C0004230801F4020821F408000000096
:10A8300000400042B0811F40A0831F400000002064
:10A8400000400042AC811F409C831F40000000106C
:10A850000040004284811F4074831F4000000400B8
:10A860000040004288811F4078831F40000008009C
:10A87000000000422C811F401C831F40000000107C
:10A880000000004230811F4020831F400000002054
:10A89000000000420C811F40FC821F40000010009D
:10A8A0000000004210811F4000831F400000200074
:10A8B00000800042C8811F40B8831F400080000014
:10A8C00000800042C4811F40B4831F40004000004C
:10A8D00000800042C0811F40B0831F400020000064
:10A8E00000800042BC811F40AC831F40001000006C
:10A8F00000800042D0811F40C0831F400000020042
:10A9000000800042CC811F40BC831F40000001003A
:10A9100000C0004274801F4064821F40000000019C
:10A9200000C0004280801F4070821F40000000086D
:10A9300000C0004284801F4074821F40000000104D
:10A9400000C000426C801F405C821F40000040003D
:10A9500000C000427C801F406C821F400000000449
:10A9600000C0004278801F4068821F400000000243
:10A9700000C0004288801F4078821F4000000020F5
:10A9800063825363FFFFFFFFFFFF00000000000032
:10A9900000000000010000000600000099610000B6
:10A9A00071610000617E00002D7E0000297E0000A4
:10A9B0009D5F0000F1600000D97F0000E15F0000B2
:10A9C0003D7F0000F97E0000AC0D002029600000F2
:10A9D0008D6000003465002098660020BC66002071
:10A9E00074660020000000007DA2000055A4000055
:10A9F00021A4000000000000BDA30000C5A20000CB
:10AA000095A200004D8500008D850000000000002B
:10AA10000100000029B90000E9D40000CDCB0000FE
:10AA2000F5B80000E5C2000069CA0000F5C40000E6
:10AA3000E1BB000075B800002DD40000000000004C
:10AA400029DA0000A5DC000079DC0000000000002D
:10AA500019DC000081DA000051DA00004D850000A9
:10AA60008D850000000000001B0500001705000098
:10AA700005000000190000007D00000007080C0B15
:10AA800006050F000D0E0102838407080C0B060556
:10AA90000F000D0E01028384FFFFFFFFFFFFFFFF8A
:10AAA000FFFF8182090A0000010100040100000487
:10AAB0000132010101320201011001010111010104
:10AAC0000112010201030206010301060112020242
:10AAD0000200000102020001020100010210000157
:10AAE000022200010223000100000000000000001B
:10AAF000022100010220000100000000000000000F
:10AB000001300101013101010102000401030004CF
:10AB100000000000000000000121020101210101EC
:10AB20000000000000000000000000000110020111
:10AB300000000000000000000113010601130206DE
:10AB40000000000000000000000000000000000005
:10AB500001010201010101010100020101000101E5
:10AB600001020201010201010000000000000000DA
:10AB700000000000012302010000000000000000AE
:10AB8000012001012C0000002A253032580D0A0056
:10AB900024474E47474100002447504747410000A3
:10ABA00041444320436F6E6E6563746F6E204F4B5C
:10ABB0000000000041444320436F6E6E6563746F74
:10ABC0006E204641494C4544210000004175746F98
:10ABD00073746565722072756E6E696E672C20776E
:10ABE000616974696E6720666F722041674F706596
:10ABF0006E475053000000004175746F73746565B3
:10AC0000722064697361626C65642C204750532024
:10AC10006F6E6C79206D6F6465000000536574740D
:10AC2000696E67207570204879647261756C69631C
:10AC3000732100004879647261756C6963732061E7
:10AC40007265207265616479210000004E4F5420C6
:10AC500041637469766520486967683A200000009E
:10AC6000547269676765722050696E3A200000006F
:10AC7000202D2073746174653A200000202D20740B
:10AC8000696D65723A2000000D0A48796472617539
:10AC90006C696373202D20323339202D204D616380
:10ACA00068696E6520696E666F3A0000207573658D
:10ACB00072342000206879644C69667420000000BA
:10ACC000206879644C6966745072657620000000D3
:10ACD000207472616D4C696E6520000020656E61A4
:10ACE000626C65546F6F6C4C6966742000000000E4
:10ACF0000D0A00000D0A204879647261756C696361
:10AD000073202D323338202D20436F6E6669673AE9
:10AD10002000000052616973652054696D653A2016
:10AD200000000000204C6F7765722074696D653AF1
:10AD30002000000020456E61626C6520746F6F6CAE
:10AD40006966743A2000000020697352656C61796D
:10AD500041637469766548696768200020557365AA
:10AD600072313A20000000002055736572323A209B
:10AD7000000000002055736572333A200000000087
:10AD80002055736572343A20000000000D0A2048F7
:10AD900079647261756C696373202D2032333620BB
:10ADA00000000000205472616D6C696E653A2000ED
:10ADB0002047656F2053746F703A200020487964F3
:10ADC0002075702F646F776E3A2000000D0A2053B3
:10ADD000656374696F6E733A20000000546F6F20D2
:10ADE00062696720646174612066726F6D20544DE2
:10ADF0003137312100000000435243207761732036
:10AE0000626164203A2800004C656E6774683A20DD
:10AE10000000000046756C6C206C656E3A200000E6
:10AE2000496E697469616C697A696E6720657468D6
:10AE300065726E65742077697468207374617469D3
:10AE400063204950206164647265737300000000E0
:10AE500045746865726E657420736869656C6420FA
:10AE6000776173206E6F7420666F756E642E204755
:10AE700050532076696120555342206F6E6C792EB5
:10AE80000000000045746865726E6574206361623D
:10AE90006C65206973206E6F7420636F6E6E6563DE
:10AEA000746564202D2057686F206361726573207C
:10AEB00077652077696C6C20737461727420657497
:10AEC0006865726E657420616E797761792E000015
:10AED0000D0A45746865726E6574207374617475CB
:10AEE00073204F4B00000000495020736574204DC3
:10AEF000616E75616C6C793A200000000D0A457432
:10AF00006865726E6574204950206F66206D6F64AD
:10AF1000756C653A2000000045746865726E657452
:10AF20002073656E64696E6720746F2049503A2003
:10AF300000000000416C6C20646174612073656ED8
:10AF400064696E6720746F20706F72743A2000001D
:10AF500045746865726E657420475053205544509F
:10AF60002073656E64696E672066726F6D20706F06
:10AF700072743A200000000045746865726E657452
:10AF8000204E5452495020554450206C69737465CA
:10AF90006E696E6720746F20706F72743A200000C3
:10AFA00045746865726E6574204175746F5374657D
:10AFB000657220554450206C697374656E696E67C4
:10AFC00020746F20262073656E642066726F6D207A
:10AFD000706F72743A2000004B5358542D000000DB
:10AFE000472D565447000000472D474741000000B9
:10AFF0005374617274207365747570004465746570
:10B000006374696E6720474E535320706F727420CB
:10B010002853657269616C32202F20536572696113
:10B020006C37292E2E2E0000474E53532064657432
:10B030006563746564206F6E2053657269616C3757
:10B040000000000053657269616C414F472C20532A
:10B05000657269616C52544B2C2053657269616C46
:10B0600047505320616E642053657269616C47508C
:10B07000533220696E697469616C697A6564000095
:10B080000D0A5374617274696E67204175746F5351
:10B09000746565722E2E2E000D0A537461727469E8
:10B0A0006E672045746865726E65742E2E2E0000E2
:10B0B0000D0A5374617274696E6720487964726115
:10B0C000756C6963732E2E2E000000000D0A5374F8
:10B0D000617274696E6720494D552E2E2E00000056
:10B0E000434D5053313420414444524553733A2028
:10B0F00030780000434D50533134204F6B2E000008
:10B10000434D5053206E6F7420436F6E6E656374B1
:10B110006564206F7220466F756E640020424E4F4A
:10B12000303858204F6B2E00424E4F303830206E52
:10B130006F7420646574656374656420617420674E
:10B140006976656E20493243206164647265737369
:10B150002E00000020424E4F303858206E6F742071
:10B16000436F6E6E6563746564206F7220466F7501
:10B170006E6400000D0A436865636B696E67206644
:10B180006F7220544D313731206F6E2053657269D4
:10B19000616C37202F2053657269616C35000000A7
:10B1A00052656365697665642064617461206672C6
:10B1B0006F6D20544D313731206F6E2053657269A9
:10B1C000616C3700526563656976656420646174FB
:10B1D000612066726F6D20544D313731206F6E20C3
:10B1E00053657269616C35000D0A757365434D5086
:10B1F00053203D2000000000757365424E4F3038EB
:10B2000078203D2000000000757365544D313731C2
:10B21000203D20000D0A456E642073657475702C06
:10B220002077616974696E6720666F72204750539A
:10B230002E2E2E0D0A000000544D313731206E6F36
:10B240007420436F6E6E6563746564206F72204670
:10B250006F756E6400000000474E535320646574A0
:10B260006563746564206F6E2053657269616C322A
:10B2700000000000474E5353206E6F7420646574C5
:10B280006563746564206F6E2053657269616C320A
:10B29000206F722053657269616C372C2075736959
:10B2A0006E672064656661756C7473002450414F4D
:10B2B00047492C002450414E44412C002A000000F4
:10B2C0004861726477617265204D6573736167656B
:10B2D0002044756D703A000025303258200000007F
:10B2E000494D552028544D31373129206E6F742037
:10B2F0007265616479212054656D703A2000000008
:10B30000432020516F533A200000000053656E64C3
:10B31000696E67204861726477617265206D65733C
:10B3200073616765212120202020202020202020FB
:10B330002020202020202020000000005377617072
:10B3400070696E672047505320706F7274732E2E91
:10B350002E0D0A00436865636B696E672062617534
:10B3600064726174653A2000752D626C6F782047B5
:10B370004E5353206E6F7420646574656374656406
:10B380002E20506C6561736520636865636B207760
:10B390006972696E672E0000466F756E6420726573
:10B3A000636965766572206174206261756472619B
:10B3B00074653A200000000021414F474F4B0000C8
:10B3C00030313233343536373839414243444546DB
:10B3D000000000004865616465723A0030000000BA
:10B3E00020426F64793A0000205B436F6E74696E8F
:10B3F000756564207061636B65745D2000000000FA
:10B40000204C656E6774683A000000002043686154
:10B410006E6E656C3A000000436F6D6D616E640086
:10B4200045786563757461626C650000436F6E7486
:10B43000726F6C0053656E736F722D7265706F72F0
:10B440007400000057616B652D7265706F72740037
:10B450004779726F2D766563746F72004D45204396
:10B46000616C207265706F727420666F756E6421F6
:10B470000000000067657451756174493A20717568
:10B4800061743A2000000000207261775175617488
:10B49000493A200020726F746174696F6E5665635B
:10B4A000746F725F51313A2000000000676574517B
:10B4B0007561744A3A20717561743A200000000089
:10B4C00020726177517561744A3A20006765745142
:10B4D0007561744B3A20717561743A200000000068
:10B4E00020726177517561744B3A200049324320D4
:10B4F00074696D656F7574005350492057616974A4
:10B500000000000053504920494E542074696D6575
:10B510006F75740073656E645061636B6574284960
:10B520003243293A20656E645472616E736D69739B
:10B5300073696F6E2072657475726E65643A20006F
:10B5400053572056657273696F6E204D616A6F7232
:10B550003A2030780000000020535720566572735F
:10B56000696F6E204D696E6F723A2030780000006E
:10B570002053572050617274204E756D6265723A87
:10B5800020307800205357204275696C64204E7536
:10B590006D6265723A203078000000002053572019
:10B5A00056657273696F6E2050617463683A20301B
:10B5B000780000006D65746144617461206172728D
:10B5C0006179206F7665722072756E2E20526574D7
:10B5D00075726E696E672E00537461746545727280
:10B5E0003A200000436F6E6E656374204572723AB4
:10B5F0002000000053656E644572723A200000001E
:10B600002563000064656300656E6300202041458A
:10B61000532D4543422D25336420282573293A2094
:10B6200000000000736B6970706564007061737373
:10B630006564000020204145532D4342432D2533AE
:10B640006420282573293A2000000000202041456D
:10B65000532D4346423132382D253364202825733B
:10B66000293A200020204145532D4354522D313298
:10B670003820282573293A20000000006661696C93
:10B6800065640000202042617365363420656E6376
:10B690006F64696E6720746573743A20000000005F
:10B6A0007061737365640A202042617365363420CB
:10B6B0006465636F64696E6720746573743A200013
:10B6C0007061737365640A00454645303231433218
:10B6D00036343546443144433538364536393138C9
:10B6E00034414634413331454435463533453933A9
:10B6F00042354631323346413431363830383637C8
:10B7000042413131303133313934344645373935BE
:10B7100032453235313733333737383043423044AE
:10B720004238304536314141453743384444433649
:10B730004335433641414445423334454233384131
:10B740003246343044354536000000004232453739
:10B75000454644333730373542394630334646392B
:10B76000383943374335303531433230333444325E
:10B770004133323338313032353131323745374267
:10B780004638363235413446343941354633453210
:10B7900037463444413842443539433437443644DB
:10B7A00041414241344338313237424435423543D6
:10B7B00032353736333232324645464343464333D9
:10B7C00038423833323336364332394500000000D0
:10B7D00030303636413139383138364331384331FB
:10B7E00030423246354544394235323237353241BE
:10B7F00039383330423639393136453533354338C7
:10B8000046303437353138413838394134334135B1
:10B810003934423642454432374131363844333187
:10B82000443441353246383839323541413846356D
:10B830000000000036303241423745434135393748
:10B84000413344364235364646393832394135453A
:10B850003842383539453835374541393541303347
:10B860003531324532424145373339313638384443
:10B870003236344141353636334230333431444246
:10B8800039434346443243344335463432314645E6
:10B89000433831343830303142373245383438412A
:10B8A00033384341453143363546373845353641DF
:10B8B00042444546453132443343303339423841BE
:10B8C00030324436424535393346304242424441B3
:10B8D00035364631454346363737313532454638B9
:10B8E00030343337304331413330354341463342CE
:10B8F00035424631333038373942353643363144B4
:10B9000045353834413046353341323434374135AA
:10B910003145000020204D50492074657374202368
:10B920003120286D756C5F6D7069293A2000000028
:10B93000323536353637333336303539453532439F
:10B940004145323239323534373437303546333980
:10B9500041393400363631334632363136323232BE
:10B96000334446343838453943443438434331331B
:10B97000324337413041433933433730314230303D
:10B980003142303932453445354239463733424306
:10B990004432374239454535304430363537433700
:10B9A00037463337344539303343444641344336E0
:10B9B0003432000020204D504920746573742023D8
:10B9C0003220286469765F6D7069293A2000000092
:10B9D00020204D504920746573742023332028653E
:10B9E00078705F6D6F64293A2000000020204D5070
:10B9F0004920746573742023342028696E765F6D46
:10BA00006F64293A200000006661696C65642061FA
:10BA1000742025640A000000556E657870656374B3
:10BA20006564206572726F722C2072657475726E17
:10BA300020636F6465203D20253038580A000000DF
:10BA4000333645313339414541353532313536307C
:10BA5000394432383136393938454430323042424F
:10BA60004244393643333738393046363531373149
:10BA700044393438453942433743424141344439EB
:10BA80003332354432344436413343313237313046
:10BA90004631304130394641303841423837000074
:10BAA00030303341304141454444374537383446DE
:10BAB00043303744384639454336453342464435AA
:10BAC00043334442413736343536333633413130EF
:10BAD00038363936323245414332444438344543AE
:10BAE000433542384137344441433444303945309A
:10BAF0003342354530424537373946324446363190
:10BB00000000000020204D504920746573742023EC
:10BB100035202873696D706C6520676364293A204D
:10BB200000000000202043414D454C4C49412D452B
:10BB300043422D25336420282573293A2000000034
:10BB4000202043414D454C4C49412D4342432D2536
:10BB5000336420282573293A200000002020434127
:10BB60004D454C4C49412D4354522D3132382028FB
:10BB70002573293A20000000202043434D3A2073CA
:10BB800065747570206661696C65640020204343AC
:10BB90004D2D414553202325753A20004445532D12
:10BBA000454445332D434243000000004445532D96
:10BBB000454445332D454342000000004445532D84
:10BBC0004544452D434243004445532D4544452DAE
:10BBD000454342004445532D4543420043414D45B2
:10BBE0004C4C49412D3235362D43434D0000000069
:10BBF00043414D454C4C49412D3139322D43434D44
:10BC00000000000043414D454C4C49412D31323834
:10BC10002D43434D0000000043414D454C4C4941EC
:10BC20002D3235362D47434D0000000043414D4530
:10BC30004C4C49412D3139322D47434D0000000015
:10BC400043414D454C4C49412D3132382D47434DF0
:10BC50000000000043414D454C4C49412D323536E2
:10BC60002D4354520000000043414D454C4C494186
:10BC70002D3139322D4354520000000043414D45CF
:10BC80004C4C49412D3132382D43545200000000B4
:10BC900043414D454C4C49412D3235362D434642AA
:10BCA0003132380043414D454C4C49412D313932F8
:10BCB0002D4346423132380043414D454C4C4941B9
:10BCC0002D3132382D4346423132380043414D4503
:10BCD0004C4C49412D3235362D4342430000000083
:10BCE00043414D454C4C49412D3139322D4342435E
:10BCF0000000000043414D454C4C49412D31323844
:10BD00002D4342430000000043414D454C4C494106
:10BD10002D3235362D4543420000000043414D454C
:10BD20004C4C49412D3139322D4543420000000031
:10BD300043414D454C4C49412D3132382D4543420C
:10BD4000000000004145532D3235362D43434D0050
:10BD50004145532D3139322D43434D004145532D3B
:10BD60003132382D43434D004145532D3235362D68
:10BD700047434D004145532D3139322D47434D0046
:10BD80004145532D3132382D47434D004145532D08
:10BD90003235362D435452004145532D3139322D21
:10BDA000435452004145532D3132382D43545200F3
:10BDB0004145532D3235362D43464231323800004D
:10BDC0004145532D3139322D43464231323800003E
:10BDD0004145532D3132382D43464231323800002F
:10BDE0004145532D3235362D434243004145532DB5
:10BDF0003139322D434243004145532D3132382DE4
:10BE0000434243004145532D3235362D45434200D0
:10BE10004145532D3139322D454342004145532D83
:10BE20003132382D45434200202044455325632DAF
:10BE30004543422D25336420282573293A200000EC
:10BE4000202044455325632D4342432D2533642050
:10BE5000282573293A2000002D2D2D2D2D454E44E7
:10BE600020444820504152414D45544552532D2DB8
:10BE70002D2D2D002D2D2D2D2D424547494E204491
:10BE80004820504152414D45544552532D2D2D2DA2
:10BE90002D000000202044484D20706172616D65C6
:10BEA000746572206C6F61643A2000007365637082
:10BEB000333834723100000020204543502074652F
:10BEC00073742023312028636F6E7374616E742045
:10BED0006F705F636F756E742C2062617365207084
:10BEE0006F696E742047293A2000000030303030EE
:10BEF0003030303030303030303030303030303042
:10BF00003030303030303030303030303030303031
:10BF100030303030303030303030303100000000E0
:10BF20006661696C656420282575290A0000000097
:10BF300020204543502074657374202332202863E9
:10BF40006F6E7374616E74206F705F636F756E7463
:10BF50002C206F7468657220706F696E74293A20A6
:10BF60000000000046464646464646464646464689
:10BF7000464646464646464646464646393944457E
:10BF80004638333631343642433942314234443212
:10BF900032383330000000003545413646333839F9
:10BFA00041333842384243383145373637373533F5
:10BFB00042313541413535363945313738324533EF
:10BFC00030414245374432350000000034303030D3
:10BFD0003030303030303030303030303030303061
:10BFE0003030303030303030303030303030303051
:10BFF0003030303030303030303030300000000001
:10C0000037464646464646464646464646464646DF
:10C0100046464646464646464646464646464646C0
:10C0200046464646464646464646464646464646B0
:10C030000000000035353535353535353535353584
:10C0400035353535353535353535353535353535A0
:10C050003535353535353535353535353535353590
:10C060003535353500000000736563703235367242
:10C0700031000000736563703232347231000000A9
:10C080007365637031393272310000002020414500
:10C09000532D47434D2D2533642023256420282527
:10C0A00073293A200000000020204145532D4743CA
:10C0B0004D2D253364202325642073706C69742012
:10C0C000282573293A2000002020484D41435F4431
:10C0D00052424720285052203D2054727565292035
:10C0E0003A2000002020484D41435F4452424720FF
:10C0F000285052203D2046616C736529203A20006B
:10C100004D44350020204D44352074657374202340
:10C1100025643A20000000002A864886F70D0101B8
:10C120000400000025642E25640000002E25640014
:10C13000551D1300550403002A864886F70D01019A
:10C14000010000002A8648CE3D0201002A8648CE22
:10C150003D030101000000002A864886F70D020514
:10C16000000000002A864886F70D02070000000044
:10C170002B06010505070301000000002B0E03023A
:10C180001A0000002B0E0302070000002A864886D2
:10C19000F70D010C01030000706265576974685364
:10C1A0004841416E64332D4B6579547269706C65FA
:10C1B0004445532D434243005042452077697468FB
:10C1C000205348413120616E6420332D4B65792026
:10C1D00033444553000000002A864886F70D010CC1
:10C1E0000104000070626557697468534841416EEC
:10C1F00064322D4B6579547269706C654445532DDA
:10C2000043424300504245207769746820534841B7
:10C210003120616E6420322D4B65792033444553C3
:10C2200000000000686D6163534841310000000068
:10C23000484D41432D5348412D3100002A86488600
:10C24000F70D020800000000686D61635348413239
:10C2500032340000484D41432D5348412D32323491
:10C26000000000002A864886F70D02090000000041
:10C27000686D61635348413235360000484D414393
:10C280002D5348412D323536000000002A8648865D
:10C29000F70D020A00000000686D616353484133E6
:10C2A00038340000484D41432D5348412D33383434
:10C2B000000000002A864886F70D020B00000000EF
:10C2C000686D61635348413531320000484D414348
:10C2D0002D5348412D3531320000000069642D6D29
:10C2E0006435000069642D73686131005348412D45
:10C2F000310000006086480165030402040000006C
:10C3000069642D7368613232340000005348412D56
:10C3100032323400608648016503040201000000E7
:10C3200069642D7368613235360000005348412D31
:10C3300032353600608648016503040202000000C1
:10C3400069642D7368613338340000005348412D0F
:10C35000333834006086480165030402030000009E
:10C3600069642D7368613531320000005348412DF6
:10C370003531320064657343424300002A864886A3
:10C38000F70D0307000000006465732D65646533D5
:10C390002D636263000000002A8648CE3D0301073A
:10C3A00000000000727361456E6372797074696F8A
:10C3B0006E0000005253410069642D656350756240
:10C3C0006C69634B6579000047656E65726963202F
:10C3D0004543206B657900002B8104010C000000AF
:10C3E00069642D65634448004543206B6579206688
:10C3F0006F722045434448006D6435576974685234
:10C400005341456E6372797074696F6E000000006D
:10C410005253412077697468204D44350000000074
:10C420002A864886F70D0101050000007368612D1A
:10C430003157697468525341456E637279707469FB
:10C440006F6E000052534120776974682053484151
:10C45000310000002A864886F70D01010E00000019
:10C4600073686132323457697468525341456E6360
:10C4700072797074696F6E005253412077697468E5
:10C48000205348412D323234000000002A8648866D
:10C49000F70D01010B0000007368613235365769F2
:10C4A0007468525341456E6372797074696F6E009F
:10C4B0005253412077697468205348412D323536F4
:10C4C000000000002A864886F70D01010C000000DC
:10C4D00073686133383457697468525341456E63E9
:10C4E00072797074696F6E00525341207769746875
:10C4F000205348412D333834000000002A864886F6
:10C50000F70D01010D000000736861353132576984
:10C510007468525341456E6372797074696F6E002E
:10C520005253412077697468205348412D35313288
:10C53000000000002B0E03021D0000002A8648CEDA
:10C540003D04010065636473612D776974682D5340
:10C550004841310045434453412077697468205372
:10C56000484131002A8648CE3D0403010000000006
:10C5700065636473612D776974682D534841323265
:10C5800034000000454344534120776974682053C8
:10C5900048413232340000002A8648CE3D0403026E
:10C5A0000000000065636473612D776974682D5322
:10C5B00048413235360000004543445341207769F5
:10C5C0007468205348413235360000002A8648CE30
:10C5D0003D0403030000000065636473612D776907
:10C5E00074682D53484133383400000045434453A8
:10C5F0004120776974682053484133383400000083
:10C600002A8648CE3D04030400000000656364737D
:10C61000612D776974682D5348413531320000002F
:10C62000454344534120776974682053484135316C
:10C63000320000002A864886F70D01010A0000003A
:10C640005253415353412D505353000069642D6B95
:10C65000702D736572766572417574680000000014
:10C66000544C5320576562205365727665722041A1
:10C67000757468656E7469636174696F6E0000003B
:10C680002B060105050703020000000069642D6BFD
:10C69000702D636C69656E744175746800000000EC
:10C6A000544C532057656220436C69656E74204179
:10C6B000757468656E7469636174696F6E000000FB
:10C6C0002B060105050703030000000069642D6BBC
:10C6D000702D636F64655369676E696E6700000053
:10C6E000436F6465205369676E696E6700000000E0
:10C6F0002B060105050703040000000069642D6B8B
:10C70000702D656D61696C50726F74656374696FCB
:10C710006E000000452D6D61696C2050726F74656C
:10C720006374696F6E0000002B060105050703089E
:10C730000000000069642D6B702D74696D65537481
:10C74000616D70696E67000054696D652053746196
:10C750006D70696E670000002B060105050703096F
:10C760000000000069642D6B702D4F4353505369D6
:10C77000676E696E670000004F435350205369672E
:10C780006E696E670000000069642D63652D62614B
:10C79000736963436F6E73747261696E74730000C2
:10C7A000426173696320436F6E73747261696E7462
:10C7B00073000000551D0F0069642D63652D6B65C6
:10C7C00079557361676500004B6579205573616722
:10C7D00065000000551D250069642D63652D657891
:10C7E000744B657955736167650000004578746521
:10C7F0006E646564204B6579205573616765000040
:10C80000551D110069642D63652D7375626A65633A
:10C8100074416C744E616D65000000005375626A6E
:10C8200065637420416C74204E616D6500000000EA
:10C830006086480186F842010100000069642D6E9F
:10C84000657473636170652D636572747479706566
:10C85000000000004E65747363617065204365726B
:10C8600074696669636174652054797065000000BD
:10C8700069642D61742D636F6D6D6F6E4E616D65B2
:10C8800000000000436F6D6D6F6E204E616D65009E
:10C89000434E00005504060069642D61742D636FDA
:10C8A000756E7472794E616D65000000436F756E30
:10C8B00074727900430000005504070069642D611B
:10C8C000742D6C6F63616C69747900004C6F6361E7
:10C8D0006C697479000000004C00000055040800E9
:10C8E00069642D61742D737461746500537461748F
:10C8F000650000005354000055040A0069642D616E
:10C90000742D6F7267616E697A6174696F6E4E61C2
:10C910006D6500004F7267616E697A6174696F6E50
:10C92000000000004F00000055040B0069642D61F9
:10C93000742D6F7267616E697A6174696F6E616C74
:10C94000556E69744E616D65000000004F7267207E
:10C95000556E6974000000004F5500002A86488615
:10C96000F70D010901000000656D61696C416464A7
:10C970007265737300000000452D6D61696C206164
:10C9800064647265737300005504050069642D6169
:10C99000742D73657269616C4E756D62657200000D
:10C9A00053657269616C206E756D6265720000007E
:10C9B00073657269616C4E756D626572000000008E
:10C9C0005504100069642D61742D706F7374616C6F
:10C9D0004164647265737300506F7374616C20619D
:10C9E0006464726573730000706F7374616C41648A
:10C9F00064726573730000005504110069642D6151
:10CA0000742D706F7374616C436F64650000000077
:10CA1000506F7374616C20636F646500706F737422
:10CA2000616C436F646500005504040069642D6106
:10CA3000742D7375724E616D650000005375726ED2
:10CA4000616D6500534E000055042A0069642D6134
:10CA5000742D676976656E4E616D65004769766510
:10CA60006E206E616D650000474E000055042B007E
:10CA700069642D61742D696E697469616C7300005D
:10CA8000496E697469616C7300000000696E6974B5
:10CA900069616C730000000055042C0069642D610D
:10CAA000742D67656E65726174696F6E5175616C26
:10CAB000696669657200000047656E657261746938
:10CAC0006F6E207175616C696669657200000000A7
:10CAD00067656E65726174696F6E5175616C6966C8
:10CAE0006965720055040C0069642D61742D7469C8
:10CAF000746C65005469746C650000007469746C32
:10CB00006500000055042E0069642D61742D646E6B
:10CB10005175616C696669657200000044697374DF
:10CB2000696E67756973686564204E616D65207113
:10CB300075616C696669657200000000646E51750C
:10CB4000616C6966696572005504410069642D6114
:10CB5000742D70736575646F6E796D0050736575B3
:10CB6000646F6E796D00000070736575646F6E7927
:10CB70006D0000000992268993F22C6401190000CF
:10CB800069642D646F6D61696E436F6D706F6E6562
:10CB90006E740000446F6D61696E20636F6D706F1D
:10CBA0006E656E74000000004443000055042D00C3
:10CBB00069642D61742D756E697175654964656E62
:10CBC0007469666965720000556E69717565204902
:10CBD00064656E746966696572000000756E6971DE
:10CBE00075654964656E7469666965720000000068
:10CBF00050726F632D547970653A20342C454E4342
:10CC0000525950544544000044454B2D496E666FBF
:10CC10003A204445532D454445332D4342432C008F
:10CC200044454B2D496E666F3A204445532D43428F
:10CC3000432C000044454B2D496E666F3A20414518
:10CC4000532D000044454B2D496E666F3A204145F7
:10CC5000532D3132382D4342432C000044454B2D97
:10CC6000496E666F3A204145532D3139322D43428A
:10CC7000432C000044454B2D496E666F3A204145D8
:10CC8000532D3235362D4342432C0000696E7661B8
:10CC90006C696420504B00007273612E4E000000DE
:10CCA0007273612E4500000065636B65792E51003B
:10CCB0005253412D616C74004543445341000000C0
:10CCC00045435F4448000000454300002A864886EB
:10CCD000F70D01050C000000202050424B44463265
:10CCE00020285348413129202325643A20000000A0
:10CCF0002A8648CE3D0101002A864886F70D010CA0
:10CD0000010100002A864886F70D01050D0000008C
:10CD10002D2D2D2D2D454E4420525341205052494A
:10CD200056415445204B45592D2D2D2D2D000000E9
:10CD30002D2D2D2D2D424547494E20525341205037
:10CD4000524956415445204B45592D2D2D2D2D002E
:10CD50002D2D2D2D2D454E44204543205052495612
:10CD6000415445204B45592D2D2D2D2D00000000FF
:10CD70002D2D2D2D2D424547494E20454320505203
:10CD80004956415445204B45592D2D2D2D2D000040
:10CD90002D2D2D2D2D454E442050524956415445A0
:10CDA000204B45592D2D2D2D2D0000002D2D2D2DE5
:10CDB0002D424547494E2050524956415445204B3B
:10CDC00045592D2D2D2D2D002D2D2D2D2D454E442C
:10CDD00020454E43525950544544205052495641E3
:10CDE0005445204B45592D2D2D2D2D002D2D2D2D0C
:10CDF0002D424547494E20454E43525950544544D3
:10CE00002050524956415445204B45592D2D2D2D2A
:10CE10002D0000002D2D2D2D2D454E442052534127
:10CE2000205055424C4943204B45592D2D2D2D2D39
:10CE3000000000002D2D2D2D2D424547494E20523A
:10CE40005341205055424C4943204B45592D2D2DDF
:10CE50002D2D00002D2D2D2D2D454E4420505542B9
:10CE60004C4943204B45592D2D2D2D2D0000000000
:10CE70002D2D2D2D2D424547494E205055424C49D0
:10CE800043204B45592D2D2D2D2D0000393239329F
:10CE9000373538343533303633443830334444361C
:10CEA00030334435453737374437383838454431DF
:10CEB00044354246333537383631393046413246CB
:10CEC0003233454243303834384145414444413996
:10CED00032434136433344383042333243344431B1
:10CEE00030394245304633364436414537313330A8
:10CEF000423943454437414344463534434643373A
:10CF00003535354143313445454241423933413865
:10CF10003938313346424633433446383036364466
:10CF20003244383030463743333841383141453365
:10CF30003139343239313734303346463439343686
:10CF40004230413833443344334530354545353735
:10CF5000433646354635363036464235443442430C
:10CF60003643443334454530383031413545393422
:10CF7000424237374230373530373233334130422F
:10CF800043374241433846393046373900000000C4
:10CF900043333644304542374643443238353232E3
:10CFA000334346423541414241354244413344389E
:10CFB00032433031434144313945413438344138CA
:10CFC00037454134333737363337453735353030E9
:10CFD0004643423230303543354337444436454387
:10CFE00034414330323343444132383544373936A3
:10CFF0004333443945373545314546433432343877
:10D00000384242344631443133414333304135377D
:10D01000000000004330303044463531413743375B
:10D020003741453844374337333730433146463547
:10D030003542363945323131433242394535444241
:10D040003145443042463631443044393839393636
:10D05000323046343931304534313638333837455B
:10D060003343333041413145303043333339413735
:10D070003935303838343532444439364139413520
:10D0800045413544394443413638444136333630DE
:10D0900033324146000000003234424636313835E2
:10D0A00034363837383646444433303330383344F6
:10D0B00032354536344546433636434134373242BD
:10D0C00043343444323533313032463842344139D6
:10D0D00044334246413735303931333836433030C6
:10D0E00037373933374645333346413332353244A7
:10D0F00032383835353833374145314234383441A8
:10D100003841394134354637454538433043363365
:10D110003446393945384344444637394335434525
:10D120003037454537324337463132333134323187
:10D130003938313634323334434142423732344362
:10D14000463738423831373342394638383046432B
:10D15000383633323234303741463146454446441E
:10D1600044453242454236373443413135463345F2
:10D170003831413135323145303731353133413154
:10D1800045383542354446413033314632314543E6
:10D1900041453931413334440000000031303030F2
:10D1A000310000002020525341206B6579207661C8
:10D1B0006C69646174696F6E3A200000706173730A
:10D1C00065640A2020504B43532331206465637209
:10D1D000797074696F6E203A20000000706173737B
:10D1E00065640A2020504B4353233120656E6372DF
:10D1F000797074696F6E203A200000002020504B37
:10D20000435323312064617461207369676E202069
:10D210003A2000007061737365640A2020504B430C
:10D22000532331207369672E207665726966793AD7
:10D230002000000020205348412D31207465737474
:10D24000202325643A2000004275666665722061DD
:10D250006C6C6F636174696F6E206661696C656484
:10D260000000000020205348412D25642074657380
:10D2700074202325643A2000544C532D45434448E0
:10D28000452D45434453412D574954482D4145535D
:10D290002D3132382D4342432D53484100000000C8
:10D2A000756E6B6E6F776E00544C532D454344483A
:10D2B000452D45434453412D574954482D4145532D
:10D2C0002D3235362D4342432D5348410000000096
:10D2D000544C532D45434448452D45434453412D1B
:10D2E000574954482D4145532D3132382D4342433F
:10D2F0002D53484132353600544C532D4543444854
:10D30000452D45434453412D574954482D414553DC
:10D310002D3132382D47434D2D534841323536009B
:10D32000544C532D45434448452D45434453412DCA
:10D33000574954482D4145532D3235362D434243EC
:10D340002D53484133383400544C532D4543444801
:10D35000452D45434453412D574954482D4145538C
:10D360002D3235362D47434D2D5348413338340047
:10D37000544C532D45434448452D45434453412D7A
:10D38000574954482D4145532D3235362D43434D91
:10D3900000000000544C532D45434448452D45435F
:10D3A0004453412D574954482D4145532D3235366C
:10D3B0002D43434D2D380000544C532D45434448D4
:10D3C000452D45434453412D574954482D4145531C
:10D3D0002D3132382D43434D00000000544C532D65
:10D3E00045434448452D45434453412D57495448EE
:10D3F0002D4145532D3132382D43434D2D380000FA
:10D40000544C532D45434448452D45434453412DE9
:10D41000574954482D43414D454C4C49412D3132DB
:10D42000382D4342432D5348413235360000000029
:10D43000544C532D45434448452D45434453412DB9
:10D44000574954482D43414D454C4C49412D3235A7
:10D45000362D4342432D53484133383400000000F9
:10D46000544C532D45434448452D45434453412D89
:10D47000574954482D43414D454C4C49412D31327B
:10D48000382D47434D2D53484132353600000000BA
:10D49000544C532D45434448452D45434453412D59
:10D4A000574954482D43414D454C4C49412D323547
:10D4B000362D47434D2D534841333834000000008A
:10D4C000544C532D45434448452D45434453412D29
:10D4D000574954482D334445532D4544452D434227
:10D4E000432D534841000000544C532D45434448BC
:10D4F000452D5253412D574954482D4145532D3107
:10D5000032382D4342432D5348410000544C532D93
:10D5100045434448452D5253412D574954482D41C8
:10D5200045532D3235362D4342432D53484100009B
:10D53000544C532D45434448452D5253412D574992
:10D5400054482D4145532D3132382D4342432D53FC
:10D550004841323536000000544C532D4543444871
:10D56000452D5253412D574954482D4145532D3196
:10D5700032382D47434D2D53484132353600000097
:10D58000544C532D45434448452D5253412D574942
:10D5900054482D4145532D3235362D4342432D53AA
:10D5A0004841333834000000544C532D454344481F
:10D5B000452D5253412D574954482D4145532D3245
:10D5C00035362D47434D2D53484133383400000044
:10D5D000544C532D45434448452D5253412D5749F2
:10D5E00054482D43414D454C4C49412D3132382D45
:10D5F0004342432D5348413235360000544C532D9D
:10D6000045434448452D5253412D574954482D43D5
:10D61000414D454C4C49412D3235362D4342432D29
:10D620005348413338340000544C532D454344484B
:10D63000452D5253412D574954482D43414D454C9A
:10D640004C49412D3132382D47434D2D53484132FD
:10D6500035360000544C532D45434448452D525314
:10D66000412D574954482D43414D454C4C49412D7E
:10D670003235362D47434D2D534841333834000061
:10D68000544C532D45434448452D5253412D574941
:10D6900054482D334445532D4544452D4342432D95
:10D6A00053484100544C532D4448452D5253412D6D
:10D6B000574954482D4145532D3235362D47434D5A
:10D6C0002D53484133383400544C532D4448452D94
:10D6D0005253412D574954482D4145532D3132382D
:10D6E0002D47434D2D53484132353600544C532D70
:10D6F0004448452D5253412D574954482D414553D7
:10D700002D3132382D4342432D53484132353600B6
:10D71000544C532D4448452D5253412D574954489C
:10D720002D4145532D3235362D4342432D5348412B
:10D7300032353600544C532D4448452D5253412D1B
:10D74000574954482D4145532D3132382D434243DA
:10D750002D53484100000000544C532D4448452DA2
:10D760005253412D574954482D4145532D3235369A
:10D770002D4342432D53484100000000544C532D8B
:10D780004448452D5253412D574954482D41455346
:10D790002D3235362D43434D00000000544C532D9F
:10D7A0004448452D5253412D574954482D41455326
:10D7B0002D3235362D43434D2D380000544C532D1A
:10D7C0004448452D5253412D574954482D41455306
:10D7D0002D3132382D43434D00000000544C532D61
:10D7E0004448452D5253412D574954482D414553E6
:10D7F0002D3132382D43434D2D380000544C532DDC
:10D800004448452D5253412D574954482D43414DCD
:10D81000454C4C49412D3132382D4342432D53481C
:10D820004132353600000000544C532D4448452DFC
:10D830005253412D574954482D43414D454C4C4975
:10D84000412D3235362D4342432D53484132353632
:10D8500000000000544C532D4448452D5253412D97
:10D86000574954482D43414D454C4C49412D313287
:10D87000382D4342432D534841000000544C532D52
:10D880004448452D5253412D574954482D43414D4D
:10D89000454C4C49412D3235362D4342432D53489A
:10D8A00041000000544C532D4448452D5253412D06
:10D8B000574954482D43414D454C4C49412D313237
:10D8C000382D47434D2D5348413235360000000076
:10D8D000544C532D4448452D5253412D57495448DB
:10D8E0002D43414D454C4C49412D3235362D474352
:10D8F0004D2D53484133383400000000544C532D13
:10D900004448452D5253412D574954482D334445E1
:10D91000532D4544452D4342432D534841000000BB
:10D92000544C532D5253412D574954482D41455382
:10D930002D3235362D47434D2D5348413338340071
:10D94000544C532D5253412D574954482D41455362
:10D950002D3132382D47434D2D5348413235360055
:10D96000544C532D5253412D574954482D41455342
:10D970002D3132382D4342432D5348413235360044
:10D98000544C532D5253412D574954482D41455322
:10D990002D3235362D4342432D5348413235360022
:10D9A000544C532D5253412D574954482D41455302
:10D9B0002D3132382D4342432D53484100000000A1
:10D9C000544C532D5253412D574954482D414553E2
:10D9D0002D3235362D4342432D534841000000007F
:10D9E000544C532D5253412D574954482D414553C2
:10D9F0002D3235362D43434D00000000544C532D3D
:10DA00005253412D574954482D4145532D323536F7
:10DA10002D43434D2D380000544C532D5253412D6E
:10DA2000574954482D4145532D3132382D43434DEC
:10DA300000000000544C532D5253412D5749544877
:10DA40002D4145532D3132382D43434D2D380000A3
:10DA5000544C532D5253412D574954482D43414D59
:10DA6000454C4C49412D3132382D4342432D5348CA
:10DA70004132353600000000544C532D5253412D95
:10DA8000574954482D43414D454C4C49412D323561
:10DA9000362D4342432D53484132353600000000B5
:10DAA000544C532D5253412D574954482D43414D09
:10DAB000454C4C49412D3132382D4342432D53487A
:10DAC00041000000544C532D5253412D57495448A6
:10DAD0002D43414D454C4C49412D3235362D434265
:10DAE000432D534841000000544C532D5253412DB7
:10DAF000574954482D43414D454C4C49412D3132F5
:10DB0000382D47434D2D5348413235360000000033
:10DB1000544C532D5253412D574954482D43414D98
:10DB2000454C4C49412D3235362D47434D2D5348F8
:10DB30004133383400000000544C532D5253412DD2
:10DB4000574954482D334445532D4544452D4342B0
:10DB5000432D534841000000544C532D4543444845
:10DB60002D5253412D574954482D4145532D3132A3
:10DB7000382D4342432D534841000000544C532D4F
:10DB8000454344482D5253412D574954482D414552
:10DB9000532D3235362D4342432D5348410000006A
:10DBA000544C532D454344482D5253412D5749540D
:10DBB000482D4145532D3132382D4342432D534892
:10DBC0004132353600000000544C532D4543444843
:10DBD0002D5253412D574954482D4145532D313233
:10DBE000382D47434D2D5348413235360000000053
:10DBF000544C532D454344482D5253412D574954BD
:10DC0000482D4145532D3235362D4342432D53483F
:10DC10004133383400000000544C532D45434448F0
:10DC20002D5253412D574954482D4145532D3235DE
:10DC3000362D47434D2D5348413338340000000002
:10DC4000544C532D454344482D5253412D5749546C
:10DC5000482D43414D454C4C49412D3132382D43DF
:10DC600042432D534841323536000000544C532D69
:10DC7000454344482D5253412D574954482D434163
:10DC80004D454C4C49412D3235362D4342432D53A1
:10DC90004841333834000000544C532D4543444828
:10DCA0002D5253412D574954482D43414D454C4C1D
:10DCB00049412D3132382D47434D2D53484132359E
:10DCC00036000000544C532D454344482D525341D7
:10DCD0002D574954482D43414D454C4C49412D3217
:10DCE00035362D47434D2D5348413338340000001D
:10DCF000544C532D454344482D5253412D574954BC
:10DD0000482D334445532D4544452D4342432D531F
:10DD100048410000544C532D454344482D4543444D
:10DD200053412D574954482D4145532D3132382DFB
:10DD30004342432D53484100544C532D45434448DE
:10DD40002D45434453412D574954482D4145532DAA
:10DD50003235362D4342432D53484100544C532D08
:10DD6000454344482D45434453412D574954482D7C
:10DD70004145532D3132382D4342432D53484132D2
:10DD800035360000544C532D454344482D454344FB
:10DD900053412D574954482D4145532D3132382D8B
:10DDA00047434D2D5348413235360000544C532DD6
:10DDB000454344482D45434453412D574954482D2C
:10DDC0004145532D3235362D4342432D534841337F
:10DDD00038340000544C532D454344482D454344AA
:10DDE00053412D574954482D4145532D3235362D39
:10DDF00047434D2D5348413338340000544C532D84
:10DE0000454344482D45434453412D574954482DDB
:10DE100043414D454C4C49412D3132382D4342430D
:10DE20002D53484132353600544C532D4543444818
:10DE30002D45434453412D574954482D43414D45A9
:10DE40004C4C49412D3235362D4342432D534841E8
:10DE500033383400544C532D454344482D454344F6
:10DE600053412D574954482D43414D454C4C494150
:10DE70002D3132382D47434D2D5348413235360030
:10DE8000544C532D454344482D45434453412D574D
:10DE90004954482D43414D454C4C49412D3235366E
:10DEA0002D47434D2D53484133383400544C532DA6
:10DEB000454344482D45434453412D574954482D2B
:10DEC000334445532D4544452D4342432D5348414A
:10DED00000000000544C532D50534B2D57495448CB
:10DEE0002D4145532D3132382D47434D2D53484157
:10DEF00032353600544C532D50534B2D574954480E
:10DF00002D4145532D3235362D47434D2D53484134
:10DF100033383400544C532D50534B2D57495448EB
:10DF20002D4145532D3132382D4342432D53484125
:10DF300032353600544C532D50534B2D57495448CD
:10DF40002D4145532D3235362D4342432D53484103
:10DF500033383400544C532D50534B2D57495448AB
:10DF60002D4145532D3132382D4342432D534841E5
:10DF700000000000544C532D50534B2D574954482A
:10DF80002D4145532D3235362D4342432D534841C3
:10DF900000000000544C532D50534B2D574954480A
:10DFA0002D4145532D3235362D43434D00000000A1
:10DFB000544C532D50534B2D574954482D414553E4
:10DFC0002D3235362D43434D2D380000544C532D02
:10DFD00050534B2D574954482D4145532D3132381C
:10DFE0002D43434D00000000544C532D50534B2DF6
:10DFF000574954482D4145532D3132382D43434D17
:10E000002D380000544C532D50534B2D5749544834
:10E010002D43414D454C4C49412D3132382D434221
:10E02000432D53484132353600000000544C532DE7
:10E0300050534B2D574954482D43414D454C4C4965
:10E04000412D3235362D4342432D53484133383428
:10E0500000000000544C532D50534B2D5749544849
:10E060002D43414D454C4C49412D3132382D4743CC
:10E070004D2D53484132353600000000544C532D8D
:10E0800050534B2D574954482D43414D454C4C4915
:10E09000412D3235362D47434D2D534841333834C9
:10E0A00000000000544C532D50534B2D57495448F9
:10E0B0002D334445532D4544452D4342432D53486C
:10E0C00041000000544C532D4448452D50534B2DD6
:10E0D000574954482D4145532D3132382D47434D32
:10E0E0002D53484132353600544C532D4448452D6C
:10E0F00050534B2D574954482D4145532D323536F9
:10E100002D47434D2D53484133383400544C532D43
:10E110004448452D50534B2D574954482D414553A4
:10E120002D3132382D4342432D534841323536008C
:10E13000544C532D4448452D50534B2D574954486A
:10E140002D4145532D3235362D4342432D53484101
:10E1500033383400544C532D4448452D50534B2DE7
:10E16000574954482D4145532D3132382D434243B0
:10E170002D53484100000000544C532D4448452D78
:10E1800050534B2D574954482D4145532D32353668
:10E190002D4342432D53484100000000544C532D61
:10E1A0004448452D50534B2D574954482D41455314
:10E1B0002D3235362D43434D00000000544C532D75
:10E1C0004448452D50534B2D574954482D414553F4
:10E1D0002D3235362D43434D2D380000544C532DF0
:10E1E0004448452D50534B2D574954482D414553D4
:10E1F0002D3132382D43434D00000000544C532D37
:10E200004448452D50534B2D574954482D414553B3
:10E210002D3132382D43434D2D380000544C532DB1
:10E220004448452D50534B2D574954482D43414D9B
:10E23000454C4C49412D3132382D4342432D5348F2
:10E240004132353600000000544C532D4448452DD2
:10E2500050534B2D574954482D43414D454C4C4943
:10E26000412D3235362D4342432D53484133383406
:10E2700000000000544C532D4448452D50534B2D65
:10E28000574954482D43414D454C4C49412D31325D
:10E29000382D47434D2D534841323536000000009C
:10E2A000544C532D4448452D50534B2D57495448F9
:10E2B0002D43414D454C4C49412D3235362D474378
:10E2C0004D2D53484133383400000000544C532D39
:10E2D0004448452D50534B2D574954482D33444500
:10E2E000532D4544452D4342432D534841000000E2
:10E2F000544C532D45434448452D50534B2D5749BD
:10E3000054482D4145532D3132382D4342432D532E
:10E310004841323536000000544C532D45434448A3
:10E32000452D50534B2D574954482D4145532D32BF
:10E3300035362D4342432D534841333834000000D5
:10E34000544C532D45434448452D50534B2D57496C
:10E3500054482D4145532D3132382D4342432D53DE
:10E3600048410000544C532D45434448452D5053DB
:10E370004B2D574954482D4145532D3235362D43A9
:10E3800042432D5348410000544C532D45434448CB
:10E39000452D50534B2D574954482D43414D454C25
:10E3A0004C49412D3132382D4342432D534841329F
:10E3B00035360000544C532D45434448452D5053A9
:10E3C0004B2D574954482D43414D454C4C49412D07
:10E3D0003235362D4342432D534841333834000003
:10E3E000544C532D45434448452D50534B2D5749CC
:10E3F00054482D334445532D4544452D4342432D28
:10E4000053484100544C532D5253412D50534B2DE2
:10E41000574954482D4145532D3132382D47434DEE
:10E420002D53484132353600544C532D5253412D13
:10E4300050534B2D574954482D4145532D323536B5
:10E440002D47434D2D53484133383400544C532D00
:10E450005253412D50534B2D574954482D4145534C
:10E460002D3132382D4342432D5348413235360049
:10E47000544C532D5253412D50534B2D5749544812
:10E480002D4145532D3235362D4342432D534841BE
:10E4900033383400544C532D5253412D50534B2D8F
:10E4A000574954482D4145532D3132382D4342436D
:10E4B0002D53484100000000544C532D5253412D20
:10E4C00050534B2D574954482D4145532D32353625
:10E4D0002D4342432D53484100000000544C532D1E
:10E4E0005253412D50534B2D574954482D43414DC4
:10E4F000454C4C49412D3132382D4342432D534830
:10E500004132353600000000544C532D5253412DFA
:10E5100050534B2D574954482D43414D454C4C4980
:10E52000412D3235362D4342432D53484133383443
:10E5300000000000544C532D5253412D50534B2D8D
:10E54000574954482D43414D454C4C49412D31329A
:10E55000382D47434D2D53484132353600000000D9
:10E56000544C532D5253412D50534B2D5749544821
:10E570002D43414D454C4C49412D3235362D4743B5
:10E580004D2D53484133383400000000544C532D76
:10E590005253412D50534B2D574954482D33444528
:10E5A000532D4544452D4342432D5348410000001F
:10E5B000636C69656E742066696E69736865640072
:10E5C0007365727665722066696E6973686564004A
:10E5D00044544C5376312E300000000044544C53C8
:10E5E00076312E3200000000756E6B6E6F776E20F4
:10E5F0002844544C53290000657874656E64656442
:10E60000206D6173746572207365637265740000B8
:10E610006D617374657220736563726574000000C8
:10E620006B657920657870616E73696F6E000000AC
:10E6300053534C76332E3000544C5376312E3000E9
:10E64000544C5376312E3100544C5376312E3200D7
:10E65000202B20002C20000025733D003F3F3D0073
:10E6600025303258257300002E2E2E2E000000007B
:10E670002020582E353039206365727469666963CD
:10E68000617465206C6F61643A200000706173737F
:10E6900065640A2020582E353039207369676E6111
:10E6A00074757265207665726966793A200000009B
:10E6B0002A864886F70D0101080000003F3F3F0011
:10E6C000202825732C204D4746312D25732C2030D2
:10E6D00078253032582900002573206B6579207326
:10E6E000697A6500747275650000000066616C737C
:10E6F000650000000A436572746966696361746548
:10E7000020697320756E696E697469616C697365DF
:10E7100064210A002573636572742E207665727316
:10E72000696F6E20202020203A2025640A00000016
:10E73000257373657269616C206E756D62657220F8
:10E74000202020203A2000000A2573697373756524
:10E7500072206E616D65202020202020203A20004C
:10E760000A25737375626A656374206E616D652036
:10E7700020202020203A20000A25736973737565D4
:10E780006420206F6E20202020202020203A202589
:10E790003034642D253032642D253032642025300C
:10E7A00032643A253032643A253032640000000089
:10E7B0000A257365787069726573206F6E2020205A
:10E7C00020202020203A20253034642D253032644A
:10E7D0002D2530326420253032643A253032643AB7
:10E7E00025303264000000000A25737369676E6586
:10E7F00064207573696E672020202020203A200055
:10E800000A2573252D3138733A20256420626974F6
:10E81000730000000A2573626173696320636F6E81
:10E8200073747261696E7473203A2043413D25739D
:10E83000000000002C206D61785F706174686C6569
:10E840006E3D2564000000000A25737375626A65D9
:10E85000637420616C74206E616D6520203A200025
:10E860000A2573636572742E2074797065202020E8
:10E8700020202020203A2000257353534C20436C45
:10E8800069656E7400000000257353534C20536576
:10E8900072766572000000002573456D61696C0039
:10E8A00025734F626A656374205369676E696E678A
:10E8B0000000000025735265736572766564000080
:10E8C000257353534C204341000000002573456DD0
:10E8D00061696C204341000025734F626A6563746F
:10E8E000205369676E696E67204341000A25736B88
:10E8F0006579207573616765202020202020202005
:10E90000203A200025734469676974616C2053695B
:10E91000676E61747572650025734E6F6E20526567
:10E92000707564696174696F6E00000025734B65D2
:10E930007920456E6369706865726D656E7400005C
:10E9400025734461746120456E6369706865726DFA
:10E95000656E740025734B65792041677265656D3E
:10E96000656E740025734B6579204365727420537E
:10E9700069676E00257343524C205369676E00002F
:10E980002573456E636970686572204F6E6C7900FF
:10E9900025734465636970686572204F6E6C7900F9
:10E9A0000A2573657874206B6579207573616765D6
:10E9B00020202020203A200025732573000000002D
:10E9C0005468652063657274696669636174652063
:10E9D00076616C6964697479206861732065787008
:10E9E0006972656400000000257325730A00000049
:10E9F0002573556E6B6E6F776E20726561736F6EE7
:10EA00002028746869732073686F756C64206E6F5A
:10EA1000742068617070656E290A00002D2D2D2DFF
:10EA20002D424547494E20434552544946494341AA
:10EA300054452D2D2D2D2D002D2D2D2D2D454E44A4
:10EA40002043455254494649434154452D2D2D2DCF
:10EA50002D000000546865206365727469666963FF
:10EA600061746520686173206265656E20726576E9
:10EA70006F6B656420286973206F6E20612043529C
:10EA80004C29000054686520636572746966696387
:10EA900061746520436F6D6D6F6E204E616D6520F2
:10EAA00028434E2920646F6573206E6F74206D615A
:10EAB000746368207769746820746865206578706D
:10EAC000656374656420434E00000000546865204F
:10EAD0006365727469666963617465206973206E29
:10EAE0006F7420636F72726563746C7920736967E9
:10EAF0006E65642062792074686520747275737421
:10EB000065642043410000005468652043524C2056
:10EB10006973206E6F7420636F72726563746C79B1
:10EB2000207369676E65642062792074686520745B
:10EB30007275737465642043410000005468652059
:10EB400043524C20697320657870697265640000D7
:10EB500043657274696669636174652077617320C7
:10EB60006D697373696E6700436572746966696382
:10EB700061746520766572696669636174696F6E38
:10EB80002077617320736B6970706564000000000A
:10EB90004F7468657220726561736F6E20286361BF
:10EBA0006E206265207573656420627920766572D7
:10EBB0006966792063616C6C6261636B2900000097
:10EBC0005468652063657274696669636174652061
:10EBD00076616C69646974792073746172747320EE
:10EBE000696E207468652066757475726500000032
:10EBF0005468652043524C2069732066726F6D2003
:10EC00007468652066757475726500005573616778
:10EC10006520646F6573206E6F74206D6174636826
:10EC200020746865206B6579557361676520657828
:10EC300074656E73696F6E00557361676520646FEC
:10EC40006573206E6F74206D6174636820746865ED
:10EC500020657874656E6465644B6579557361678A
:10EC60006520657874656E73696F6E0055736167B2
:10EC70006520646F6573206E6F74206D61746368C6
:10EC800020746865206E73436572745479706520D2
:10EC9000657874656E73696F6E0000005468652056
:10ECA0006365727469666963617465206973207352
:10ECB00069676E6564207769746820616E20756E7F
:10ECC00061636365707461626C6520686173682E4E
:10ECD00000000000546865206365727469666963AA
:10ECE000617465206973207369676E656420776954
:10ECF000746820616E20756E616363657074616213
:10ED00006C6520504B20616C67202865672052534A
:10ED100041207673204543445341292E00000000D2
:10ED200054686520636572746966696361746520FF
:10ED30006973207369676E65642077697468206100
:10ED40006E20756E61636365707461626C65206BC3
:10ED50006579202865672062616420637572766535
:10ED60002C2052534120746F6F2073686F72742986
:10ED70002E0000005468652043524C2069732073B4
:10ED800069676E6564207769746820616E20756EAE
:10ED900061636365707461626C6520686173682E7D
:10EDA000000000005468652043524C2069732073B2
:10EDB00069676E6564207769746820616E20756E7E
:10EDC00061636365707461626C6520504B20616C97
:10EDD00067202865672052534120767320454344BD
:10EDE0005341292E000000005468652043524C20F6
:10EDF0006973207369676E65642077697468206140
:10EE00006E20756E61636365707461626C65206B02
:10EE10006579202865672062616420637572766574
:10EE20002C2052534120746F6F2073686F727429C5
:10EE30002E0000006173696E00000000706F7700A3
:10EE40007371727400000000504F53495800000065
:10EE5000494E4600696E66004E414E006E616E007E
:10EE60003031323334353637383961626364656640
:10EE700000000000286E756C6C29000030313233C0
:10EE80003435363738396162636465666768696A44
:10EE90006B6C6D6E6F707172737475767778797A4A
:10EEA00000000000496E66696E6974790000000018
:10EEB0004E614E000001000084640020120000003A
:10EEC00000060000F8F702600A00000000020000DF
:10EED000ACF702604B0000000007000060F7026022
:10EEE0004B000000000300005CF70260000000001F
:10EEF0000103090444F70260000000000203090452
:10EF00002CF7026000000000030309049067002052
:10EF100000000000000000000000000000000000F1
:10EF200030303030303030303030303030303030E1
:10EF300030303030303030303030303030303030D1
:10EF40000000000000208C4000000000145600204B
:10EF50007C560020E4560020000000000000000065
:10EF600000000000000000000000000000000000A1
:10EF70000000000000000000000000000000000091
:10EF80000000000000000000000000000000000081
:10EF90000000000000000000000000000000000071
:10EFA0000000000000000000000000000000000061
:10EFB0000000000000000000000000000000000051
:10EFC0000000000000000000000000000000000041
:10EFD0000000000000000000000000000000000031
:10EFE0000000000000000000000000000000000021
:10EFF00001000000000000000E33CDAB34126DE6BE
:10F00000ECDE05000B000000000000000000000026
:10F0100000000000000000000000000000000000F0
:10F0200000000000000000000000000000000000E0
:10F0300000000000000000000000000000000000D0
:10F0400000000000000000000000000000000000C0
:10F0500000000000000000000000000000000000B0
:10F0600000000000000000000000000000000000A0
:10F070000000000000000000000000000000000090
:10F080000000000000000000000000000000000080
:10F090000000000000000000000000000000000070
:10F0A0000000000000000000000000000000000060
:10F0B0000000000000000000000000000000000050
:10F0C0000000000000000000000000000000000040
:10F0D0000000000000000000000000000000000030
:10F0E0000000000000000000000000000000000020
:10F0F0000000000000000000000000000000000010
:10F1000000000000000000000000000000000000FF
:10F1100000000000000000000000000000000000EF
:10F1200000000000000000000000000000000000DF
:10F1300000000000000000000000000000000000CF
:10F1400000000000000000000000000000000000BF
:10F1500000000000000000000000000000000000AF
:10F16000000000000000000000000000000000009F
:10F17000000000000000000000000000000000008F
:10F18000000000000000000000000000000000007F
:10F19000000000000000000000000000000000006F
:10F1A000000000000000000000000000000000005F
:10F1B000000000000000000000000000000000004F
:10F1C000000000000000000000000000000000003F
:10F1D000000000000000000000000000000000002F
:10F1E000000000000000000000000000000000001F
:10F1F000000000000000000000000000000000000F
:10F2000000000000000000000000000000000000FE
:10F2100000000000000000000000000000000000EE
:10F2200000000000000000000000000000000000DE
:10F2300000000000000000000000000000000000CE
:10F2400000000000000000000000000000000000BE
:10F2500000000000000000000000000000000000AE
:10F26000000000000000000000000000000000009E
:10F27000000000000000000000000000000000008E
:10F28000000000000000000000000000000000007E
:10F29000000000000000000000000000000000006E
:10F2A000000000000000000000000000000000005E
:10F2B000000000000000000000000000000000004E
:10F2C000000000000000000000000000000000003E
:10F2D000000000000000000000000000000000002E
:10F2E000000000000000000000000000000000001E
:10F2F000000000000000000000000000000000000E
:10F3000000000000000000000000000000000000FD
:10F3100000000000000000000000000000000000ED
:10F3200000000000000000000000000000000000DD
:10F3300000000000000000000000000000000000CD
:10F3400000000000000000000000000000000000BD
:10F3500000000000000000000000000000000000AD
:10F36000000000000000000000000000000000009D
:10F3700000000000B8220000B90800000029DE07E4
:10F38000007B9A1780817EFA0800000000000000D0
:10F3900000CC000080817EFD08000000000000001D
:10F3A00000CC00005006002000000000E803000030
:10F3B000000000002C06002000000000E803000010
:10F3C00000000000000019404C5D0020000000001B
:10F3D000D8A40020D8A300200000000000000000F6
:10F3E000280000004000000028000000400000004D
:10F3F000000000000000000000000000000000000D
:10F4000000000000000000000000000000000000FC
:10F41000000000002C06002000000000E8030000AF
:10F420000000000000801840E85C002000000000A0
:10F4300000A5002018A4002000000000000000002B
:10F4400028000000400000002800000040000000EC
:10F4500000000000000000000000000000000000AC
:10F46000000000000000000000000000000000009C
:10F47000000000002C06002000000000E80300004F
:10F480000000000000001A40145E00200000000090
:10F4900028A5002058A40020000000000000000063
:10F4A000280000004000000028000000400000008C
:10F4B000000000000000000000000000000000004C
:10F4C000000000000000000000000000000000003C
:10F4D000000000002C06002000000000E8030000EF
:10F4E0000000000000C01940B05D002000000000D6
:10F4F00050A5002098A4002000000000000000009B
:10F50000280000004000000028000000400000002B
:10F5100000000000000000000000000000000000EB
:10F5200000000000000000000000000000000000DB
:10F5300000000000B45800209457002054580020C8
:10F540007806002000000000E80300000000000032
:10F5500000003F40D8F602600000000000000000FC
:10F56000000000000000000000000000000000009B
:10F57000000000000000000000000000000000008B
:10F58000000000000000000000000000000000007B
:10F59000000000000000000000000000000000006B
:10F5A000000000000000000000000000000000005B
:10F5B000000000000000000000000000000000004B
:10F5C000000000000000000000000000000000003B
:10F5D000000000000000000000000000000000002B
:10F5E000000000000000000000000000000000001B
:10F5F000000000000000000000000000000000000B
:10F6000000000000000000000000000000000000FA
:10F6100000000000000000000000000000000000EA
:10F6200000000000000000000000000000000000DA
:10F6300000000000000000000000000000000000CA
:10F6400000000000000000000000000000000000BA
:10F6500000000000000000000000000000000000AA
:10F66000000000000000000000000000000000009A
:10F67000000000000000000000000000000000008A
:10F680007806002000000000E803000000000000F1
:10F6900000803F4088F6026000000000000000008B
:10F6A000000000000000000000000000000000005A
:10F6B000000000000000000000000000000000004A
:10F6C000000000000000000000000000000000003A
:10F6D000000000000000000000000000000000002A
:10F6E000000000000000000000000000000000001A
:10F6F000000000000000000000000000000000000A
:10F7000000000000000000000000000000000000F9
:10F7100000000000000000000000000000000000E9
:10F7200000000000000000000000000000000000D9
:10F7300000000000000000000000000000000000C9
:10F7400000000000000000000000000000000000B9
:10F7500000000000000000000000000000000000A9
:10F760000000000000000000000000000000000099
:10F770000000000000000000000000000000000089
:10F780000000000000000000000000000000000079
:10F790000000000000000000000000000000000069
:10F7A0000000000000000000000000000000000059
:10F7B0000000000000000000000000000000000049
:10F7C0007806002000000000E803000000000000B0
:10F7D00000C03F4038F6026000000000000000005A
:10F7E0000000000000000000000000000000000019
:10F7F0000000000000000000000000000000000009
:10F8000000000000000000000000000000000000F8
:10F8100000000000000000000000000000000000E8
:10F8200000000000000000000000000000000000D8
:10F8300000000000000000000000000000000000C8
:10F8400000000000000000000000000000000000B8
:10F8500000000000000000000000000000000000A8
:10F860000000000000000000000000000000000098
:10F870000000000000000000000000000000000088
:10F880000000000000000000000000000000000078
:10F890000000000000000000000000000000000068
:10F8A0000000000000000000000000000000000058
:10F8B0000000000000000000000000000000000048
:10F8C0000000000000000000000000000000000038
:10F8D0000000000000000000000000000000000028
:10F8E0000000000000000000000000000000000018
:10F8F0000000000000000000000000000000000008
:10F9000000000000800000000215000071EC000003
:10F910006908010029F7026068C00F40000000304C
:10F920000F000000020000002C851F4001000000B5
:10F93000FF000000FF0000000000000000000000C9
:10F940000E0000000200000030851F400100000092
:10F95000FF000000FF0000000000000000000000A9
:10F960001302400026001800780000000117000074
:10F9700065EC00006508010028F702606CC00F40CC
:10F9800000000003070000000200000040851F4047
:10F9900002000000FF000000FF0000000000000067
:10F9A00000000000080000000200000044851F4025
:10F9B00002000000FF000000FF0000000000000047
:10F9C00000000000FF004000260018007A00000040
:10F9D000061A000089EC0000710801002BF7026094
:10F9E0007CC00F400000000C1C0000000200000062
:10F9F00058851F4001000000FF000000FF000000CC
:10FA000000000000000000001D00000002000000D7
:10FA10005C851F4001000000FF000000FF000000A7
:10FA20000000000000000000FF0040002600180059
:10FA30007D000000041B00007DEC00006D0801004B
:10FA40002AF7026080C00F4000C0000015000000CF
:10FA50000200000060851F40010000002E00000031
:10FA60000200000060851F4000000000140000003C
:10FA70000200000064851F40010000002F0000000C
:10FA80000200000064851F40000000002B024000BF
:10FA9000260018007E00000000000000800000002A
:10FAA000FFFFFFFF80302020430000000000000027
:10FAB0000000000000000000000000000000000046
:10FAC00000000000000000004300000000000000F3
:10FAD0000000000000000000000000000000000026
:10FAE00000000000000000004300000000000000D3
:10FAF0000000000000000000000000000000000006
:10FB000000000000000000004300000000000000B2
:10FB100000000000000000000000000000000000E5
:10FB20000000000000000000430000000000000092
:10FB300000000000000000000000000000000000C5
:10FB40000000000000000000430000000000000072
:10FB500000000000000000000000000000000000A5
:10FB60000000000000000000430000000000000052
:10FB70000000000000000000000000000000000085
:10FB80000000000000000000DD7D0100C93D010013
:10FB900000000000C808002010520020342500207A
:10FBA0003425002034250020342500203425002071
:10FBB0003425002034250020342500203425002061
:10FBC000FFFFFFFFFFFFFFFFFFFFFFFFFFFF000043
:10FBD00001004153434949000000000000000000BB
:10FBE0000000000000000000000000000000000015
:10FBF000000041534349490000000000000000009C
:10FC000000000000000000000000000000000000F4
:10FC1000000000000000000000000000F45F002071
:10FC2000F45F0020FC5F0020FC5F002004600020E7
:10FC3000046000200C6000200C6000201460002094
:10FC4000146000201C6000201C6000202460002044
:10FC5000246000202C6000202C60002034600020F4
:10FC6000346000203C6000203C60002044600020A4
:10FC7000446000204C6000204C6000205460002054
:10FC8000546000205C6000205C6000206460002004
:10FC9000646000206C6000206C60002074600020B4
:10FCA000746000207C6000207C6000208460002064
:10FCB000846000208C6000208C6000209460002014
:10FCC000946000209C6000209C600020A4600020C4
:10FCD000A4600020AC600020AC600020B460002074
:10FCE000B4600020BC600020BC600020C460002024
:10FCF000C4600020CC600020CC600020D4600020D4
:10FD0000D4600020DC600020DC600020E460002083
:10FD1000E4600020EC600020EC600020F460002033
:10FD2000F4600020FC600020FC60002004610020E2
:10FD3000046100200C6100200C610020146100208F
:10FD4000146100201C6100201C610020246100203F
:10FD5000246100202C6100202C61002034610020EF
:10FD6000346100203C6100203C610020446100209F
:10FD7000446100204C6100204C610020546100204F
:10FD8000546100205C6100205C61002064610020FF
:10FD9000646100206C6100206C61002074610020AF
:10FDA000746100207C6100207C610020846100205F
:10FDB000846100208C6100208C610020946100200F
:10FDC000946100209C6100209C610020A4610020BF
:10FDD000A4610020AC610020AC610020B46100206F
:10FDE000B4610020BC610020BC610020C46100201F
:10FDF000C4610020CC610020CC610020D4610020CF
:10FE0000D4610020DC610020DC610020E46100207E
:10FE1000E4610020EC610020EC610020F46100202E
:10FE2000F4610020FC610020FC61002004620020DD
:10FE3000046200200C6200200C620020146200208A
:10FE4000146200201C6200201C620020246200203A
:10FE5000246200202C6200202C62002034620020EA
:10FE6000346200203C6200203C620020446200209A
:10FE7000446200204C6200204C620020546200204A
:10FE8000546200205C6200205C62002064620020FA
:10FE9000646200206C6200206C62002074620020AA
:10FEA000746200207C6200207C620020846200205A
:10FEB000846200208C6200208C620020946200200A
:10FEC000946200209C6200209C620020A4620020BA
:10FED000A4620020AC620020AC620020B46200206A
:10FEE000B4620020BC620020BC620020C46200201A
:10FEF000C4620020CC620020CC620020D4620020CA
:10FF0000D4620020DC620020DC620020E462002079
:10FF1000E4620020EC620020EC620020F462002029
:10FF2000F4620020FC620020FC62002004630020D8
:10FF3000046300200C6300200C6300201463002085
:10FF4000146300201C6300201C6300202463002035
:10FF5000246300202C6300202C63002034630020E5
:10FF6000346300203C6300203C6300204463002095
:10FF7000446300204C6300204C6300205463002045
:10FF8000546300205C6300205C63002064630020F5
:10FF9000646300206C6300206C63002074630020A5
:10FFA000746300207C6300207C6300208463002055
:10FFB000846300208C6300208C6300209463002005
:10FFC000946300209C6300209C630020A4630020B5
:10FFD000A4630020AC630020AC630020B463002065
:10FFE000B4630020BC630020BC630020C463002015
:10FFF000C4630020CC630020CC630020D4630020C5
:02000004600595
:10000000D4630020DC630020DC630020E463002074
:10001000E4630020EC630020EC630020FFFFFFFF9F
:100020000000020028530020B562013C00000000DF
:1000300000000000000000000000000000000000C0
:1000400000000000000000000000000000000000B0
:1000500000000000000000000000000000000000A0
:100060000000000000000000000000000000000090
:1000700021414F47A017002019000000C0120000C6
:1000800080250000004B00000096000000E1000009
:1000900000C20100008403000008070000100E00E9
:1000A0001900000012010002EF020140C016830493
:1000B0008002010203010000657468300000000046
:1000C000DC05000058650020740D002000000000D1
:1000D0000000000000000000000000000000000020
:1000E0000000000000000000000000000000000010
:1000F0000000000000000000000000000000000000
:1001000000000000000000000000000000000000EF
:1001100000000000010306333A3B00000104000028
:1001200000802D4000802D40820000000000000073
:1001300000000000000000000000000000000000BF
:1001400000000000000000000000000000000000AF
:10015000C06A002000000000010000000100000053
:100160000000000000000000FD8100000000000011
:1001700000000000000000000065002000000000FA
:1001800000000000216400000D650000A165000072
:10019000915D00008D5D0000000000000000000087
:1001A000000000000000000000000000000000004F
:1001B000000000000000000000000000000000003F
:1001C000000000000000000000000000000000002F
:1001D000000000000000000000000000000000001F
:1001E000000000000000000000000000000000000F
:1001F00000000000000000000000000000000000FF
:1002000000000000000000000000000000000000EE
:1002100000000000000000000000000000000000DE
:1002200000000000000000000000000000000000CE
:1002300000000000000000000000000000000000BE
:1002400000000000000000000000000000000000AE
:10025000000000000000000000000000000000009E
:10026000000000000000000000000000000000008E
:10027000000000000000000000000000000000007E
:10028000000000000000000000000000000000006E
:10029000000000000000000001000300000000005A
:1002A0000000000071A400008DA400000000000008
:1002B00000000000C40D002000000000010001004B
:1002C00006000000FDBC0000C5D8000085CC000081
:1002D00085BC000089D40000F00D00200000000063
:1002E000010002001100000000000000C1DC00005D
:1002F000DDDC0000C1DE0000000000001C0E00205C
:1003000080817E7E050000000000470080817979B1
:10031000050000000000470002040000000000008B
:1003200000005600007800000097026038750260F7
:10033000213F0100C0A805000100000001020300E8
:1003400000000000000000000000000000000000AD
:10035000000000000F27000000140000080000004B
:100360000700000006000000050000000400000077
:10037000000000002BC000002CC0000000000000A6
:100380000304000006000000070000000000000059
:100390000000000101000000000005000000000056
:1003A000280A0000093C00000000F0410000803FE6
:1003B0000C0300000000000000000000000000002E
:1003C00000000000000000C0010D0DFF0101080148
:1003D00003012416010000000000000000000000DE
:1003E000000000000000000000000000000000000D
:1003F00000000000000000000000000000000000FD
:1004000000000000000000000000000000000000EC
:1004100000000000000000000000000000000000DC
:1004200000000000000000000000000000000000CC
:1004300000000000000000000000000000000000BC
:1004400000000000000000000000000000000000AC
:10045000000000000000000000000000000000009C
:10046000000000000000000000000000000000008C
:10047000000000000000000000000000000000007C
:10048000000000000000000000000000000000006C
:10049000000000000000000000000000000000005C
:1004A000000000000000000000000000000000004C
:1004B000000000000000000000000000000000003C
:1004C000000000000000000000000000000000002C
:1004D000000000000000000000000000000000001C
:1004E000000000000000000000000000000000000C
:1004F00000000000000000000000000000000000FC
:1005000000000000000000000000000000000000EB
:1005100000000000000000000000000000000000DB
:1005200000000000000000000000000000000000CB
:1005300000000000000000000000000000000000BB
:1005400000000000000000000000000000000000AB
:10055000000000000000000000000000000000009B
:10056000000000000000000000000000000000008B
:10057000000000000000000000000000000000007B
:10058000000000000000000000000000000000006B
:10059000000000000000000000000000000000005B
:1005A000000000000000000000000000000000004B
:1005B000000000000000000000000000000000003B
:1005C000000000000000000000000000000000002B
:1005D000000000000000000000000000000000001B
:1005E000000000000000000000000000000000000B
:1005F00000000000000000000000000000000000FB
:1006000000000000000000000000000000000000EA
:1006100000000000000000000000000000000000DA
:1006200000000000000000000000000000000000CA
:1006300000000000000000000000000000000000BA
:1006400000000000000000000000000000000000AA
:10065000000000000000000000000000000000009A
:10066000000000000000000000000000000000008A
:10067000000000000000000000000000000000007A
:10068000000000000000000000000000000000006A
:10069000000000000000000000000000000000005A
:1006A000000000000000000000000000000000004A
:1006B000000000000000000000000000000000003A
:1006C000000000000000000000000000000000002A
:1006D000000000000000000000000000000000001A
:1006E000000000000000000000000000000000000A
:1006F00000000000000000000000000000000000FA
:1007000000000000000000000000000000000000E9
:1007100000000000000000000000000000000000D9
:1007200000000000000000000000000000000000C9
:1007300000000000000000000000000000000000B9
:1007400000000000000000000000000000000000A9
:100750000000000000000000000000000000000099
:100760000000000000000000000000000000000089
:100770000000000000000000000000000000000079
:100780000000000000000000000000000000000069
:100790000000000000000000000000000000000059
:1007A0000000000000000000000000000000000049
:1007B0000000000000000000000000000000000039
:1007C0000000000000000000000000000000000029
:1007D0000000000000000000000000000000000019
:1007E0000000000000000000000000000000000009
:1007F00000000000000000000000000000000000F9
:1008000000000000000000000000000000000000E8
:1008100000000000000000000000000000000000D8
:1008200000000000000000000000000000000000C8
:1008300000000000000000000000000000000000B8
:1008400000000000000000000000000000000000A8
:100850000000000000000000000000000000000098
:100860000000000000000000000000000000000088
:100870000000000000000000000000000000000078
:100880000000000000000000000000000000000068
:100890000000000000000000000000000000000058
:1008A0000000000000000000000000000000000048
:1008B0000000000000000000000000000000000038
:1008C0000000000000000000000000000000000028
:1008D0000000000000000000000000000000000018
:1008E0000000000000000000000000000000000008
:1008F00000000000000000000000000000000000F8
:1009000000000000000000000000000000000000E7
:1009100000000000000000000000000000000000D7
:1009200000000000000000000000000000000000C7
:1009300000000000000000000000000000000000B7
:1009400000000000000000000000000000000000A7
:100950000000000000000000000000000000000097
:100960000000000000000000000000000000000087
:100970000000000000000000000000000000000077
:100980000000000000000000000000000000000067
:100990000000000000000000000000000000000057
:1009A0000000000000000000000000000000000047
:1009B0000000000000000000000000000000000037
:1009C0000000000000000000000000000000000027
:1009D0000000000000000000000000000000000017
:1009E0000000000000000000000000000000000007
:1009F00000000000000000000000000000000000F7
:100A000000000000000000000000000000000000E6
:100A100000000000000000000000000000000000D6
:100A200000000000000000000000000000000000C6
:100A300000000000000000000000000000000000B6
:100A400000000000000000000000000000000000A6
:100A50000000000000000000000000000000000096
:100A60000000000000000000000000000000000086
:100A70000000000000000000000000000000000076
:100A80000000000000000000000000000000000066
:100A90000000000000000000000000000000000056
:100AA0000000000000000000000000000000000046
:100AB0000000000000000000000000000000000036
:100AC0000000000000000000000000000000000026
:100AD0000000000000000000000000000000000016
:100AE0000000000000000000000000000000000006
:100AF00000000000000000000000000000000000F6
:100B000000000000000000000000000000000000E5
:100B100000000000000000000000000000000000D5
:100B200000000000000000000000000000000000C5
:100B300000000000000000000000000000000000B5
:100B400000000000000000000000000000000000A5
:100B50000000000000000000000000000000000095
:100B60000000000000000000000000000000000085
:100B70000000000000000000000000000000000075
:100B80000000000000000000000000000000000065
:100B90000000000000000000000000000000000055
:100BA0000000000000000000000000000000000045
:100BB0000000000000000000000000000000000035
:100BC0000000000000000000000000000000000025
:100BD0000000000000000000000000000000000015
:100BE0000000000000000000000000000000000005
:100BF00000000000000000000000000000000000F5
:100C000000000000000000000000000000000000E4
:100C100000000000000000000000000000000000D4
:100C200000000000000000000000000000000000C4
:100C300000000000000000000000000000000000B4
:100C400000000000000000000000000000000000A4
:100C50000000000000000000000000000000000094
:100C60000000000000000000000000000000000084
:100C70000000000000000000000000000000000074
:100C80000000000000000000000000000000000064
:100C90000000000000000000000000000000000054
:100CA0000000000000000000000000000000000044
:100CB0000000000000000000000000000000000034
:100CC0000000000000000000000000000000000024
:100CD0000000000000000000000000000000000014
:100CE0000000000000000000000000000000000004
:100CF00000000000000000000000000000000000F4
:100D000000000000000000000000000000000000E3
:100D100000000000000000000000000000000000D3
:100D200000000000000000000000000000000000C3
:100D300000000000000000000000000000000000B3
:100D400000000000000000000000000000000000A3
:100D50000000000000000000000000000000000093
:100D60000000000000000000000000000000000083
:100D70000000000000000000000000000000000073
:100D80000000000000000000000000000000000063
:100D90000000000000000000000000000000000053
:100DA0000000000000000000000000000000000043
:100DB0000000000000000000000000000000000033
:100DC0000000000000000000000000000000000023
:100DD0000000000000000000000000000000000013
:100DE0000000000000000000000000000000000003
:100DF00000000000000000000000000000000000F3
:100E000000000000000000000000000000000000E2
:100E100000000000000000000000000000000000D2
:100E200000000000000000000000000000000000C2
:100E300000000000000000000000000000000000B2
:100E400000000000000000000000000000000000A2
:100E50000000000000000000000000000000000092
:100E60000000000000000000000000000000000082
:100E70000000000000000000000000000000000072
:100E80000000000000000000000000000000000062
:100E90000000000000000000000000000000000052
:100EA0000000000000000000000000000000000042
:100EB0000000000000000000000000000000000032
:100EC0000000000000000000000000000000000022
:100ED0000000000000000000000000000000000012
:100EE0000000000000000000000000000000000002
:100EF00000000000000000000000000000000000F2
:100F000000000000000000000000000000000000E1
:100F100000000000000000000000000000000000D1
:100F200000000000000000000000000000000000C1
:100F300000000000000000000000000000000000B1
:100F400000000000000000000000000000000000A1
:100F50000000000000000000000000000000000091
:100F60000000000000000000000000000000000081
:100F70000000000000000000000000000000000071
:100F80000000000000000000000000000000000061
:100F90000000000000000000000000000000000051
:100FA0000000000000000000000000000000000041
:100FB0000000000000000000000000000000000031
:100FC0000000000000000000000000000000000021
:100FD0000000000000000000000000000000000011
:100FE0000000000000000000000000000000000001
:100FF00000000000000000000000000000000000F1
:1010000000000000000000000000000000000000E0
:1010100000000000000000000000000000000000D0
:1010200000000000000000000000000000000000C0
:1010300000000000000000000000000000000000B0
:1010400000000000000000000000000000000000A0
:101050000000000000000000000000000000000090
:101060000000000000000000000000000000000080
:101070000000000000000000000000000000000070
:101080000000000000000000000000000000000060
:101090000000000000000000000000000000000050
:1010A0000000000000000000000000000000000040
:1010B0000000000000000000000000000000000030
:1010C0000000000000000000000000000000000020
:1010D0000000000000000000000000000000000010
:1010E0000000000000000000000000000000000000
:1010F00000000000000000000000000000000000F0
:1011000000000000000000000000000000000000DF
:1011100000000000000000000000000000000000CF
:1011200000000000000000000000000000000000BF
:1011300000000000000000000000000000000000AF
:10114000000000000000000000000000000000009F
:10115000000000000000000000000000000000008F
:10116000000000000000000000000000000000007F
:10117000000000000000000000000000000000006F
:10118000000000000000000000000000000000005F
:10119000000000000000000000000000000000004F
:1011A000000000000000000000000000000000003F
:1011B000000000000000000000000000000000002F
:1011C000000000000000000000000000000000001F
:1011D000000000000000000000000000000000000F
:1011E00000000000000000000000000000000000FF
:1011F00000000000000000000000000000000000EF
:1012000000000000000000000000000000000000DE
:1012100000000000000000000000000000000000CE
:1012200000000000000000000000000000000000BE
:1012300000000000000000000000000000000000AE
:10124000000000000000000000000000000000009E
:10125000000000000000000000000000000000008E
:10126000000000000000000000000000000000007E
:10127000000000000000000000000000000000006E
:10128000000000000000000000000000000000005E
:10129000000000000000000000000000000000004E
:1012A000000000000000000000000000000000003E
:1012B000000000000000000000000000000000002E
:1012C000000000000000000000000000000000001E
:1012D000000000000000000000000000000000000E
:1012E00000000000000000000000000000000000FE
:1012F00000000000000000000000000000000000EE
:1013000000000000000000000000000000000000DD
:1013100000000000000000000000000000000000CD
:1013200000000000000000000000000000000000BD
:1013300000000000000000000000000000000000AD
:10134000000000000000000000000000000000009D
:10135000000000000000000000000000000000008D
:10136000000000000000000000000000000000007D
:10137000000000000000000000000000000000006D
:10138000000000000000000000000000000000005D
:10139000000000000000000000000000000000004D
:1013A000000000000000000000000000000000003D
:1013B000000000000000000000000000000000002D
:1013C000000000000000000000000000000000001D
:1013D000000000000000000000000000000000000D
:1013E00000000000000000000000000000000000FD
:1013F00000000000000000000000000000000000ED
:1014000000000000000000000000000000000000DC
:1014100000000000000000000000000000000000CC
:1014200000000000000000000000000000000000BC
:1014300000000000000000000000000000000000AC
:10144000000000000000000000000000000000009C
:10145000000000000000000000000000000000008C
:10146000000000000000000000000000000000007C
:10147000000000000000000000000000000000006C
:10148000000000000000000000000000000000005C
:10149000000000000000000000000000000000004C
:1014A000000000000000000000000000000000003C
:1014B000000000000000000000000000000000002C
:1014C000000000000000000000000000000000001C
:1014D000000000000000000000000000000000000C
:1014E00000000000000000000000000000000000FC
:1014F00000000000000000000000000000000000EC
:1015000000000000000000000000000000000000DB
:1015100000000000000000000000000000000000CB
:1015200000000000000000000000000000000000BB
:1015300000000000000000000000000000000000AB
:10154000000000000000000000000000000000009B
:10155000000000000000000000000000000000008B
:10156000000000000000000000000000000000007B
:10157000000000000000000000000000000000006B
:10158000000000000000000000000000000000005B
:10159000000000000000000000000000000000004B
:1015A000000000000000000000000000000000003B
:1015B000000000000000000000000000000000002B
:1015C000000000000000000000000000000000001B
:1015D000000000000000000000000000000000000B
:1015E00000000000000000000000000000000000FB
:1015F00000000000000000000000000000000000EB
:1016000000000000000000000000000000000000DA
:1016100000000000000000000000000000000000CA
:1016200000000000000000000000000000000000BA
:1016300000000000000000000000000000000000AA
:10164000000000000000000000000000000000009A
:10165000000000000000000000000000000000008A
:10166000000000000000000000000000000000007A
:10167000000000000000000000000000000000006A
:10168000000000000000000000000000000000005A
:10169000000000000000000000000000000000004A
:1016A000000000000000000000000000000000003A
:1016B000000000000000000000000000000000002A
:1016C000000000000000000000000000000000001A
:1016D000000000000000000000000000000000000A
:1016E00000000000000000000000000000000000FA
:1016F00000000000000000000000000000000000EA
:1017000000000000000000000000000000000000D9
:1017100000000000000000000000000000000000C9
:1017200000000000000000000000000000000000B9
:1017300000000000000000000000000000000000A9
:101740000000000000000000000000000000000099
:101750000000000000000000000000000000000089
:101760000000000000000000000000000000000079
:101770000000000000000000000000000000000069
:101780000000000000000000000000000000000059
:101790000000000000000000000000000000000049
:1017A0000000000000000000000000000000000039
:1017B0000000000000000000000000000000000029
:1017C0000000000000000000000000000000000019
:1017D0000000000000000000000000000000000009
:1017E00000000000000000000000000000000000F9
:1017F00000000000000000000000000000000000E9
:1018000000000000000000000000000000000000D8
:1018100000000000000000000000000000000000C8
:1018200000000000000000000000000000000000B8
:1018300000000000000000000000000000000000A8
:101840000000000000000000000000000000000098
:101850000000000000000000000000000000000088
:101860000000000000000000000000000000000078
:101870000000000000000000000000000000000068
:101880000000000000000000000000000000000058
:101890000000000000000000000000000000000048
:1018A0000000000000000000000000000000000038
:1018B0000000000000000000000000000000000028
:1018C0000000000000000000000000000000000018
:1018D0000000000000000000000000000000000008
:1018E00000000000000000000000000000000000F8
:1018F00000000000000000000000000000000000E8
:1019000000000000000000000000000000000000D7
:1019100000000000000000000000000000000000C7
:1019200000000000000000000000000000000000B7
:1019300000000000000000000000000000000000A7
:101940000000000000000000000000000000000097
:101950000000000000000000000000000000000087
:101960000000000000000000000000000000000077
:101970000000000000000000000000000000000067
:101980000000000000000000000000000000000057
:101990000000000000000000000000000000000047
:1019A0000000000000000000000000000000000037
:1019B0000000000000000000000000000000000027
:1019C0000000000000000000000000000000000017
:1019D0000000000000000000000000000000000007
:1019E00000000000000000000000000000000000F7
:1019F00000000000000000000000000000000000E7
:101A000000000000000000000000000000000000D6
:101A100000000000000000000000000000000000C6
:101A200000000000000000000000000000000000B6
:101A300000000000000000000000000000000000A6
:101A40000000000000000000000000000000000096
:101A50000000000000000000000000000000000086
:101A60000000000000000000000000000000000076
:101A70000000000000000000000000000000000066
:101A80000000000000000000000000000000000056
:101A90000000000000000000000000000000000046
:101AA0000000000000000000000000000000000036
:101AB0000000000000000000000000000000000026
:101AC0000000000000000000000000000000000016
:101AD0000000000000000000000000000000000006
:101AE00000000000000000000000000000000000F6
:101AF00000000000000000000000000000000000E6
:101B000000000000000000000000000000000000D5
:101B100000000000000000000000000000000000C5
:101B200000000000000000000000000000000000B5
:101B300000000000000000000000000000000000A5
:101B40000000000000000000000000000000000095
:101B50000000000000000000000000000000000085
:101B60000000000000000000000000000000000075
:101B70000000000000000000000000000000000065
:101B80000000000000000000000000000000000055
:101B90000000000000000000000000000000000045
:101BA0000000000000000000000000000000000035
:101BB0000000000000000000000000000000000025
:101BC0000000000000000000000000000000000015
:101BD0000000000000000000000000000000000005
:101BE00000000000000000000000000000000000F5
:101BF00000000000000000000000000000000000E5
:101C000000000000000000000000000000000000D4
:101C100000000000000000000000000000000000C4
:101C200000000000000000000000000000000000B4
:101C300000000000000000000000000000000000A4
:101C40000000000000000000000000000000000094
:101C50000000000000000000000000000000000084
:101C60000000000000000000000000000000000074
:101C70000000000000000000000000000000000064
:101C80000000000000000000000000000000000054
:101C90000000000000000000000000000000000044
:101CA0000000000000000000000000000000000034
:101CB0000000000000000000000000000000000024
:101CC0000000000000000000000000000000000014
:101CD0000000000000000000000000000000000004
:101CE00000000000000000000000000000000000F4
:101CF00000000000000000000000000000000000E4
:101D000000000000000000000000000000000000D3
:101D100000000000000000000000000000000000C3
:101D200000000000000000000000000000000000B3
:101D300000000000000000000000000000000000A3
:101D40000000000000000000000000000000000093
:101D50000000000000000000000000000000000083
:101D60000000000000000000000000000000000073
:101D70000000000000000000000000000000000063
:101D80000000000000000000000000000000000053
:101D90000000000000000000000000000000000043
:101DA0000000000000000000000000000000000033
:101DB0000000000000000000000000000000000023
:101DC0000000000000000000000000000000000013
:101DD0000000000000000000000000000000000003
:101DE00000000000000000000000000000000000F3
:101DF00000000000000000000000000000000000E3
:101E000000000000000000000000000000000000D2
:101E100000000000000000000000000000000000C2
:101E200000000000000000000000000000000000B2
:101E300000000000000000000000000000000000A2
:101E40000000000000000000000000000000000092
:101E50000000000000000000000000000000000082
:101E60000000000000000000000000000000000072
:101E70000000000000000000000000000000000062
:101E80000000000000000000000000000000000052
:101E90000000000000000000000000000000000042
:101EA0000000000000000000000000000000000032
:101EB0000000000000000000000000000000000022
:101EC0000000000000000000000000000000000012
:101ED0000000000000000000000000000000000002
:101EE00000000000000000000000000000000000F2
:101EF00000000000000000000000000000000000E2
:101F000000000000000000000000000000000000D1
:101F100000000000000000000000000000000000C1
:101F200000000000000000000000000000000000B1
:101F300000000000000000000000000000000000A1
:101F40000000000000000000000000000000000091
:101F50000000000000000000000000000000000081
:101F60000000000000000000000000000000000071
:101F70000000000000000000000000000000000061
:101F80000000000000000000000000000000000051
:101F90000000000000000000000000000000000041
:101FA0000000000000000000000000000000000031
:101FB0000000000000000000000000000000000021
:101FC0000000000000000000000000000000000011
:101FD0000000000000000000000000000000000001
:101FE00000000000000000000000000000000000F1
:101FF00000000000000000000000000000000000E1
:1020000000000000000000000000000000000000D0
:1020100000000000000000000000000000000000C0
:1020200000000000000000000000000000000000B0
:1020300000000000000000000000000000000000A0
:102040000000000000000000000000000000000090
:102050000000000000000000000000000000000080
:102060000000000000000000000000000000000070
:102070000000000000000000000000000000000060
:102080000000000000000000000000000000000050
:102090000000000000000000000000000000000040
:1020A0000000000000000000000000000000000030
:1020B0000000000000000000000000000000000020
:1020C0000000000000000000000000000000000010
:1020D0000000000000000000000000000000000000
:1020E00000000000000000000000000000000000F0
:1020F00000000000000000000000000000000000E0
:1021000000000000000000000000000000000000CF
:1021100000000000000000000000000000000000BF
:1021200000000000000000000000000000000000AF
:10213000000000000000000000000000000000009F
:10214000000000000000000000000000000000008F
:10215000000000000000000000000000000000007F
:10216000000000000000000000000000000000006F
:10217000000000000000000000000000000000005F
:10218000000000000000000000000000000000004F
:10219000000000000000000000000000000000003F
:1021A000000000000000000000000000000000002F
:1021B000000000000000000000000000000000001F
:1021C000000000000000000000000000000000000F
:1021D00000000000000000000000000000000000FF
:1021E00000000000000000000000000000000000EF
:1021F00000000000000000000000000000000000DF
:1022000000000000000000000000000000000000CE
:1022100000000000000000000000000000000000BE
:1022200000000000000000000000000000000000AE
:10223000000000000000000000000000000000009E
:10224000000000000000000000000000000000008E
:10225000000000000000000000000000000000007E
:10226000000000000000000000000000000000006E
:10227000000000000000000000000000000000005E
:10228000000000000000000000000000000000004E
:10229000000000000000000000000000000000003E
:1022A000000000000000000000000000000000002E
:1022B000000000000000000000000000000000001E
:1022C000000000000000000000000000000000000E
:1022D00000000000000000000000000000000000FE
:1022E00000000000000000000000000000000000EE
:1022F00000000000000000000000000000000000DE
:1023000000000000000000000000000000000000CD
:1023100000000000000000000000000000000000BD
:1023200000000000000000000000000000000000AD
:10233000000000000000000000000000000000009D
:10234000000000000000000000000000000000008D
:10235000000000000000000000000000000000007D
:10236000000000000000000000000000000000006D
:10237000000000000000000000000000000000005D
:10238000000000000000000000000000000000004D
:10239000000000000000000000000000000000003D
:1023A000000000000000000000000000000000002D
:1023B000000000000000000000000000000000001D
:1023C000000000000000000000000000000000000D
:1023D00000000000000000000000000000000000FD
:1023E00000000000000000000000000000000000ED
:1023F00000000000000000000000000000000000DD
:1024000000000000000000000000000000000000CC
:1024100000000000000000000000000000000000BC
:1024200000000000000000000000000000000000AC
:10243000000000000000000000000000000000009C
:10244000000000000000000000000000000000008C
:10245000000000000000000000000000000000007C
:10246000000000000000000000000000000000006C
:10247000000000000000000000000000000000005C
:10248000000000000000000000000000000000004C
:10249000000000000000000000000000000000003C
:1024A000000000000000000000000000000000002C
:1024B000000000000000000000000000000000001C
:1024C000000000000000000000000000000000000C
:1024D00000000000000000000000000000000000FC
:1024E00000000000000000000000000000000000EC
:1024F00000000000000000000000000000000000DC
:1025000000000000000000000000000000000000CB
:1025100000000000000000000000000000000000BB
:1025200000000000000000000000000000000000AB
:10253000000000000000000000000000000000009B
:10254000000000000000000000000000000000008B
:10255000000000000000000000000000000000007B
:10256000000000000000000000000000000000006B
:10257000000000000000000000000000000000005B
:10258000000000000000000000000000000000004B
:10259000000000000000000000000000000000003B
:1025A000000000000000000000000000000000002B
:1025B000000000000000000000000000000000001B
:1025C000000000000000000000000000000000000B
:1025D00000000000000000000000000000000000FB
:1025E00000000000000000000000000000000000EB
:1025F00000000000000000000000000000000000DB
:1026000000000000000000000000000000000000CA
:1026100000000000000000000000000000000000BA
:1026200000000000000000000000000000000000AA
:10263000000000000000000000000000000000009A
:10264000000000000000000000000000000000008A
:10265000000000000000000000000000000000007A
:10266000000000000000000000000000000000006A
:10267000000000000000000000000000000000005A
:10268000000000000000000000000000000000004A
:10269000000000000000000000000000000000003A
:1026A000000000000000000000000000000000002A
:1026B000000000000000000000000000000000001A
:1026C000000000000000000000000000000000000A
:1026D00000000000000000000000000000000000FA
:1026E00000000000000000000000000000000000EA
:1026F00000000000000000000000000000000000DA
:1027000000000000000000000000000000000000C9
:1027100000000000000000000000000000000000B9
:1027200000000000000000000000000000000000A9
:102730000000000000000000000000000000000099
:102740000000000000000000000000000000000089
:102750000000000000000000000000000000000079
:102760000000000000000000000000000000000069
:102770000000000000000000000000000000000059
:102780000000000000000000000000000000000049
:102790000000000000000000000000000000000039
:1027A0000000000000000000000000000000000029
:1027B0000000000000000000000000000000000019
:1027C0000000000000000000000000000000000009
:1027D00000000000000000000000000000000000F9
:1027E00000000000000000000000000000000000E9
:1027F00000000000000000000000000000000000D9
:1028000000000000000000000000000000000000C8
:1028100000000000000000000000000000000000B8
:1028200000000000000000000000000000000000A8
:102830000000000000000000000000000000000098
:102840000000000000000000000000000000000088
:102850000000000000000000000000000000000078
:102860000000000000000000000000000000000068
:102870000000000000000000000000000000000058
:102880000000000000000000000000000000000048
:102890000000000000000000000000000000000038
:1028A0000000000000000000000000000000000028
:1028B0000000000000000000000000000000000018
:1028C0000000000000000000000000000000000008
:1028D00000000000000000000000000000000000F8
:1028E00000000000000000000000000000000000E8
:1028F00000000000000000000000000000000000D8
:1029000000000000000000000000000000000000C7
:1029100000000000000000000000000000000000B7
:1029200000000000000000000000000000000000A7
:102930000000000000000000000000000000000097
:102940000000000000000000000000000000000087
:102950000000000000000000000000000000000077
:102960000000000000000000000000000000000067
:102970000000000000000000000000000000000057
:102980000000000000000000000000000000000047
:102990000000000000000000000000000000000037
:1029A0000000000000000000000000000000000027
:1029B0000000000000000000000000000000000017
:1029C0000000000000000000000000000000000007
:1029D00000000000000000000000000000000000F7
:1029E00000000000000000000000000000000000E7
:1029F00000000000000000000000000000000000D7
:102A000000000000000000000000000000000000C6
:102A100000000000000000000000000000000000B6
:102A200000000000000000000000000000000000A6
:102A30000000000000000000000000000000000096
:102A40000000000000000000000000000000000086
:102A50000000000000000000000000000000000076
:102A60000000000000000000000000000000000066
:102A70000000000000000000000000000000000056
:102A80000000000000000000000000000000000046
:102A90000000000000000000000000000000000036
:102AA0000000000000000000000000000000000026
:102AB0000000000000000000000000000000000016
:102AC0000000000000000000000000000000000006
:102AD00000000000000000000000000000000000F6
:102AE00000000000000000000000000000000000E6
:102AF00000000000000000000000000000000000D6
:102B000000000000000000000000000000000000C5
:102B100000000000000000000000000000000000B5
:102B200000000000000000000000000000000000A5
:102B30000000000000000000000000000000000095
:102B40000000000000000000000000000000000085
:102B50000000000000000000000000000000000075
:102B60000000000000000000000000000000000065
:102B70000000000000000000000000000000000055
:102B80000000000000000000000000000000000045
:102B90000000000000000000000000000000000035
:102BA0000000000000000000000000000000000025
:102BB0000000000000000000000000000000000015
:102BC0000000000000000000000000000000000005
:102BD00000000000000000000000000000000000F5
:102BE00000000000000000000000000000000000E5
:102BF00000000000000000000000000000000000D5
:102C000000000000000000000000000000000000C4
:102C100000000000000000000000000000000000B4
:102C200000000000000000000000000000000000A4
:102C30000000000000000000000000000000000094
:102C40000000000000000000000000000000000084
:102C50000000000000000000000000000000000074
:102C60000000000000000000000000000000000064
:102C70000000000000000000000000000000000054
:102C80000000000000000000000000000000000044
:102C90000000000000000000000000000000000034
:102CA0000000000000000000000000000000000024
:102CB0000000000000000000000000000000000014
:102CC0000000000000000000000000000000000004
:102CD00000000000000000000000000000000000F4
:102CE00000000000000000000000000000000000E4
:0C2CF000000000000000000000000000D8
:102CFC00FFFFFFFFFFFFFFFFFFFFFFFFFFFFFFFFD8
:102D0C00FFFFFFFFFFFFFFFFFFFFFFFFFFFFFFFFC7
:102D1C00FFFFFFFFFFFFFFFFFFFFFFFFFFFFFFFFB7
:102D2C00FFFFFFFFFFFFFFFFFFFFFFFFFFFFFFFFA7
:102D3C00FFFFFFFFFFFFFFFFFFFFFFFFFFFFFFFF97
:102D4C00FFFFFFFFFFFFFFFFFFFFFFFFFFFFFFFF87
:102D5C00FFFFFFFFFFFFFFFFFFFFFFFFFFFFFFFF77
:102D6C00FFFFFFFFFFFFFFFFFFFFFFFFFFFFFFFF67
:102D7C00FFFFFFFFFFFFFFFFFFFFFFFFFFFFFFFF57
:102D8C00FFFFFFFFFFFFFFFFFFFFFFFFFFFFFFFF47
:102D9C00FFFFFFFFFFFFFFFFFFFFFFFFFFFFFFFF37
:102DAC00FFFFFFFFFFFFFFFFFFFFFFFFFFFFFFFF27
:102DBC00FFFFFFFFFFFFFFFFFFFFFFFFFFFFFFFF17
:102DCC00FFFFFFFFFFFFFFFFFFFFFFFFFFFFFFFF07
:102DDC00FFFFFFFFFFFFFFFFFFFFFFFFFFFFFFFFF7
:102DEC00FFFFFFFFFFFFFFFFFFFFFFFFFFFFFFFFE7
:102DFC00FFFFFFFFFFFFFFFFFFFFFFFFFFFFFFFFD7
:102E0C00FFFFFFFFFFFFFFFFFFFFFFFFFFFFFFFFC6
:102E1C00FFFFFFFFFFFFFFFFFFFFFFFFFFFFFFFFB6
:102E2C00FFFFFFFFFFFFFFFFFFFFFFFFFFFFFFFFA6
:102E3C00FFFFFFFFFFFFFFFFFFFFFFFFFFFFFFFF96
:102E4C00FFFFFFFFFFFFFFFFFFFFFFFFFFFFFFFF86
:102E5C00FFFFFFFFFFFFFFFFFFFFFFFFFFFFFFFF76
:102E6C00FFFFFFFFFFFFFFFFFFFFFFFFFFFFFFFF66
:102E7C00FFFFFFFFFFFFFFFFFFFFFFFFFFFFFFFF56
:102E8C00FFFFFFFFFFFFFFFFFFFFFFFFFFFFFFFF46
:102E9C00FFFFFFFFFFFFFFFFFFFFFFFFFFFFFFFF36
:102EAC00FFFFFFFFFFFFFFFFFFFFFFFFFFFFFFFF26
:102EBC00FFFFFFFFFFFFFFFFFFFFFFFFFFFFFFFF16
:102ECC00FFFFFFFFFFFFFFFFFFFFFFFFFFFFFFFF06
:102EDC00FFFFFFFFFFFFFFFFFFFFFFFFFFFFFFFFF6
:102EEC00FFFFFFFFFFFFFFFFFFFFFFFFFFFFFFFFE6
:102EFC00FFFFFFFFFFFFFFFFFFFFFFFFFFFFFFFFD6
:102F0C00FFFFFFFFFFFFFFFFFFFFFFFFFFFFFFFFC5
:102F1C00FFFFFFFFFFFFFFFFFFFFFFFFFFFFFFFFB5
:102F2C00FFFFFFFFFFFFFFFFFFFFFFFFFFFFFFFFA5
:102F3C00FFFFFFFFFFFFFFFFFFFFFFFFFFFFFFFF95
:102F4C00FFFFFFFFFFFFFFFFFFFFFFFFFFFFFFFF85
:102F5C00FFFFFFFFFFFFFFFFFFFFFFFFFFFFFFFF75
:102F6C00FFFFFFFFFFFFFFFFFFFFFFFFFFFFFFFF65
:102F7C00FFFFFFFFFFFFFFFFFFFFFFFFFFFFFFFF55
:102F8C00FFFFFFFFFFFFFFFFFFFFFFFFFFFFFFFF45
:102F9C00FFFFFFFFFFFFFFFFFFFFFFFFFFFFFFFF35
:102FAC00FFFFFFFFFFFFFFFFFFFFFFFFFFFFFFFF25
:102FBC00FFFFFFFFFFFFFFFFFFFFFFFFFFFFFFFF15
:102FCC00FFFFFFFFFFFFFFFFFFFFFFFFFFFFFFFF05
:102FDC00FFFFFFFFFFFFFFFFFFFFFFFFFFFFFFFFF5
:102FEC00FFFFFFFFFFFFFFFFFFFFFFFFFFFFFFFFE5
:102FFC00FFFFFFFF000000000000000000000000C9
:10300C0000000000000000000000000000000000B4
:10301C0000000000000000000000000000000000A4
:10302C000000000000000000000000000000000094
:10303C000000000000000000000000000000000084
:10304C000000000000000000000000000000000074
:10305C000000000000000000000000000000000064
:10306C000000000000000000000000000000000054
:10307C000000000000000000000000000000000044
:10308C000000000000000000000000000000000034
:10309C000000000000000000000000000000000024
:1030AC000000000000000000000000000000000014
:1030BC000000000000000000000000000000000004
:1030CC0000000000000000000000000000000000F4
:1030DC0000000000000000000000000000000000E4
:1030EC0000000000000000000000000000000000D4
:1030FC0000000000000000000000000000000000C4
:10310C0000000000000000000000000000000000B3
:10311C0000000000000000000000000000000000A3
:10312C000000000000000000000000000000000093
:10313C000000000000000000000000000000000083
:10314C000000000000000000000000000000000073
:10315C000000000000000000000000000000000063
:10316C000000000000000000000000000000000053
:10317C000000000000000000000000000000000043
:10318C000000000000000000000000000000000033
:10319C000000000000000000000000000000000023
:1031AC000000000000000000000000000000000013
:1031BC000000000000000000000000000000000003
:1031CC0000000000000000000000000000000000F3
:1031DC0000000000000000000000000000000000E3
:1031EC0000000000000000000000000000000000D3
:1031FC0000000000000000000000000000000000C3
:10320C0000000000000000000000000000000000B2
:10321C0000000000000000000000000000000000A2
:10322C000000000000000000000000000000000092
:10323C000000000000000000000000000000000082
:10324C000000000000000000000000000000000072
:10325C000000000000000000000000000000000062
:10326C000000000000000000000000000000000052
:10327C000000000000000000000000000000000042
:10328C000000000000000000000000000000000032
:10329C000000000000000000000000000000000022
:1032AC000000000000000000000000000000000012
:1032BC000000000000000000000000000000000002
:1032CC0000000000000000000000000000000000F2
:1032DC0000000000000000000000000000000000E2
:1032EC0000000000000000000000000000000000D2
:1032FC0000000000000000000000000000000000C2
:10330C0000000000000000000000000000000000B1
:10331C0000000000000000000000000000000000A1
:10332C000000000000000000000000000000000091
:10333C000000000000000000000000000000000081
:10334C000000000000000000000000000000000071
:10335C000000000000000000000000000000000061
:10336C000000000000000000000000000000000051
:10337C000000000000000000000000000000000041
:10338C000000000000000000000000000000000031
:10339C000000000000000000000000000000000021
:1033AC000000000000000000000000000000000011
:1033BC000000000000000000000000000000000001
:1033CC0000000000000000000000000000000000F1
:1033DC0000000000000000000000000000000000E1
:1033EC0000000000000000000000000000000000D1
:1033FC0000000000000000000000000000000000C1
:10340C0000000000000000000000000000000000B0
:10341C0000000000000000000000000000000000A0
:10342C000000000000000000000000000000000090
:10343C000000000000000000000000000000000080
:10344C000000000000000000000000000000000070
:10345C000000000000000000000000000000000060
:10346C000000000000000000000000000000000050
:10347C000000000000000000000000000000000040
:10348C000000000000000000000000000000000030
:10349C000000000000000000000000000000000020
:1034AC000000000000000000000000000000000010
:1034BC000000000000000000000000000000000000
:1034CC0000000000000000000000000000000000F0
:1034DC0000000000000000000000000000000000E0
:1034EC0000000000000000000000000000000000D0
:1034FC0000000000000000000000000000000000C0
:10350C0000000000000000000000000000000000AF
:10351C00000000000000000000000000000000009F
:10352C00000000000000000000000000000000008F
:10353C00000000000000000000000000000000007F
:10354C00000000000000000000000000000000006F
:10355C00000000000000000000000000000000005F
:10356C00000000000000000000000000000000004F
:10357C00000000000000000000000000000000003F
:10358C00000000000000000000000000000000002F
:10359C00000000000000000000000000000000001F
:1035AC00000000000000000000000000000000000F
:1035BC0000000000000000000000000000000000FF
:1035CC0000000000000000000000000000000000EF
:1035DC0000000000000000000000000000000000DF
:1035EC0000000000000000000000000000000000CF
:1035FC0000000000000000000000000000000000BF
:10360C0000000000000000000000000000000000AE
:10361C00000000000000000000000000000000009E
:10362C00000000000000000000000000000000008E
:10363C00000000000000000000000000000000007E
:10364C00000000000000000000000000000000006E
:10365C00000000000000000000000000000000005E
:10366C00000000000000000000000000000000004E
:10367C00000000000000000000000000000000003E
:10368C00000000000000000000000000000000002E
:10369C00000000000000000000000000000000001E
:1036AC00000000000000000000000000000000000E
:1036BC0000000000000000000000000000000000FE
:1036CC0000000000000000000000000000000000EE
:1036DC0000000000000000000000000000000000DE
:1036EC0000000000000000000000000000000000CE
:1036FC0000000000000000000000000000000000BE
:10370C0000000000000000000000000000000000AD
:10371C00000000000000000000000000000000009D
:10372C00000000000000000000000000000000008D
:10373C00000000000000000000000000000000007D
:10374C00000000000000000000000000000000006D
:10375C00000000000000000000000000000000005D
:10376C00000000000000000000000000000000004D
:10377C00000000000000000000000000000000003D
:10378C00000000000000000000000000000000002D
:10379C00000000000000000000000000000000001D
:1037AC00000000000000000000000000000000000D
:1037BC0000000000000000000000000000000000FD
:1037CC0000000000000000000000000000000000ED
:1037DC0000000000000000000000000000000000DD
:1037EC0000000000000000000000000000000000CD
:1037FC0000000000000000000000000000000000BD
:10380C0000000000000000000000000000000000AC
:10381C00000000000000000000000000000000009C
:10382C00000000000000000000000000000000008C
:10383C00000000000000000000000000000000007C
:10384C00000000000000000000000000000000006C
:10385C00000000000000000000000000000000005C
:10386C00000000000000000000000000000000004C
:10387C00000000000000000000000000000000003C
:10388C00000000000000000000000000000000002C
:10389C00000000000000000000000000000000001C
:1038AC00000000000000000000000000000000000C
:1038BC0000000000000000000000000000000000FC
:1038CC0000000000000000000000000000000000EC
:1038DC0000000000000000000000000000000000DC
:1038EC0000000000000000000000000000000000CC
:1038FC0000000000000000000000000000000000BC
:10390C0000000000000000000000000000000000AB
:10391C00000000000000000000000000000000009B
:10392C00000000000000000000000000000000008B
:10393C00000000000000000000000000000000007B
:10394C00000000000000000000000000000000006B
:10395C00000000000000000000000000000000005B
:10396C00000000000000000000000000000000004B
:10397C00000000000000000000000000000000003B
:10398C00000000000000000000000000000000002B
:10399C00000000000000000000000000000000001B
:1039AC00000000000000000000000000000000000B
:1039BC0000000000000000000000000000000000FB
:1039CC0000000000000000000000000000000000EB
:1039DC0000000000000000000000000000000000DB
:1039EC0000000000000000000000000000000000CB
:1039FC0000000000000000000000000000000000BB
:103A0C0000000000000000000000000000000000AA
:103A1C00000000000000000000000000000000009A
:103A2C00000000000000000000000000000000008A
:103A3C00000000000000000000000000000000007A
:103A4C00000000000000000000000000000000006A
:103A5C00000000000000000000000000000000005A
:103A6C00000000000000000000000000000000004A
:103A7C00000000000000000000000000000000003A
:103A8C00000000000000000000000000000000002A
:103A9C00000000000000000000000000000000001A
:103AAC00000000000000000000000000000000000A
:103ABC0000000000000000000000000000000000FA
:103ACC0000000000000000000000000000000000EA
:103ADC0000000000000000000000000000000000DA
:103AEC0000000000000000000000000000000000CA
:103AFC0000000000000000000000000000000000BA
:103B0C0000000000000000000000000000000000A9
:103B1C000000000000000000000000000000000099
:103B2C000000000000000000000000000000000089
:103B3C000000000000000000000000000000000079
:103B4C000000000000000000000000000000000069
:103B5C000000000000000000000000000000000059
:103B6C000000000000000000000000000000000049
:103B7C000000000000000000000000000000000039
:103B8C000000000000000000000000000000000029
:103B9C000000000000000000000000000000000019
:103BAC000000000000000000000000000000000009
:103BBC0000000000000000000000000000000000F9
:103BCC0000000000000000000000000000000000E9
:103BDC0000000000000000000000000000000000D9
:103BEC0000000000000000000000000000000000C9
:043BFC0000000000C5
:040000056000100087
:00000001FF
